
===========================================================================
report_checks -path_delay max (Setup)
============================================================================
======================= max_ff_n40C_1v95 Corner ===================================

Startpoint: uio_in[1] (input port clocked by clk)
Endpoint: _1621_ (rising edge-triggered flip-flop clocked by clk)
Path Group: clk
Path Type: max

Fanout         Cap        Slew       Delay        Time   Description
---------------------------------------------------------------------------------------------
                                  0.000000    0.000000   clock clk (rise edge)
                                  0.000000    0.000000   clock network delay (propagated)
                                  4.000000    4.000000 v input external delay
     1    0.003895    0.006334    0.003305    4.003305 v uio_in[1] (in)
                                                         uio_in[1] (net)
                      0.006341    0.000000    4.003305 v input11/A (sky130_fd_sc_hd__clkdlybuf4s25_1)
     8    0.027271    0.142057    0.240224    4.243529 v input11/X (sky130_fd_sc_hd__clkdlybuf4s25_1)
                                                         net11 (net)
                      0.142116    0.002677    4.246205 v _0797_/A (sky130_fd_sc_hd__nor2_2)
     3    0.010324    0.101147    0.141884    4.388089 ^ _0797_/Y (sky130_fd_sc_hd__nor2_2)
                                                         _0070_ (net)
                      0.101147    0.000350    4.388439 ^ _0802_/C (sky130_fd_sc_hd__and3_2)
     1    0.008669    0.047348    0.128722    4.517161 ^ _0802_/X (sky130_fd_sc_hd__and3_2)
                                                         _0073_ (net)
                      0.047358    0.000656    4.517818 ^ fanout28/A (sky130_fd_sc_hd__clkdlybuf4s25_1)
    10    0.052442    0.392891    0.412261    4.930079 ^ fanout28/X (sky130_fd_sc_hd__clkdlybuf4s25_1)
                                                         net28 (net)
                      0.393090    0.007362    4.937441 ^ fanout27/A (sky130_fd_sc_hd__clkdlybuf4s25_1)
    10    0.046664    0.350856    0.414503    5.351944 ^ fanout27/X (sky130_fd_sc_hd__clkdlybuf4s25_1)
                                                         net27 (net)
                      0.350992    0.005746    5.357690 ^ fanout26/A (sky130_fd_sc_hd__clkdlybuf4s25_1)
    10    0.042415    0.319720    0.393369    5.751059 ^ fanout26/X (sky130_fd_sc_hd__clkdlybuf4s25_1)
                                                         net26 (net)
                      0.319854    0.003057    5.754116 ^ _1473_/B1_N (sky130_fd_sc_hd__a21bo_2)
     1    0.004222    0.028329    0.120646    5.874761 v _1473_/X (sky130_fd_sc_hd__a21bo_2)
                                                         _0718_ (net)
                      0.028329    0.000180    5.874942 v fanout16/A (sky130_fd_sc_hd__clkdlybuf4s25_1)
     5    0.027836    0.144342    0.250861    6.125803 v fanout16/X (sky130_fd_sc_hd__clkdlybuf4s25_1)
                                                         net16 (net)
                      0.144344    0.000795    6.126597 v fanout14/A (sky130_fd_sc_hd__clkdlybuf4s25_1)
    10    0.044432    0.225589    0.351922    6.478520 v fanout14/X (sky130_fd_sc_hd__clkdlybuf4s25_1)
                                                         net14 (net)
                      0.225631    0.002960    6.481480 v _1555_/B1 (sky130_fd_sc_hd__a21o_2)
     1    0.003628    0.026129    0.153658    6.635138 v _1555_/X (sky130_fd_sc_hd__a21o_2)
                                                         _0779_ (net)
                      0.026129    0.000245    6.635383 v _1556_/C1 (sky130_fd_sc_hd__o211a_2)
     1    0.003213    0.031407    0.069108    6.704491 v _1556_/X (sky130_fd_sc_hd__o211a_2)
                                                         _0049_ (net)
                      0.031407    0.000198    6.704689 v _1621_/D (sky130_fd_sc_hd__dfxtp_2)
                                              6.704689   data arrival time

                                 20.000000   20.000000   clock clk (rise edge)
                                  0.000000   20.000000   clock source latency
     1    0.021630    0.077149    0.053266   20.053267 ^ clk (in)
                                                         clk (net)
                      0.077182    0.000000   20.053267 ^ clkbuf_0_clk/A (sky130_fd_sc_hd__clkbuf_16)
     8    0.086925    0.079538    0.132564   20.185831 ^ clkbuf_0_clk/X (sky130_fd_sc_hd__clkbuf_16)
                                                         clknet_0_clk (net)
                      0.080196    0.005763   20.191593 ^ clkbuf_3_0__f_clk/A (sky130_fd_sc_hd__clkbuf_16)
     8    0.025603    0.035500    0.101174   20.292767 ^ clkbuf_3_0__f_clk/X (sky130_fd_sc_hd__clkbuf_16)
                                                         clknet_3_0__leaf_clk (net)
                      0.035816    0.002323   20.295090 ^ _1621_/CLK (sky130_fd_sc_hd__dfxtp_2)
                                 -0.250000   20.045092   clock uncertainty
                                  0.000000   20.045092   clock reconvergence pessimism
                                 -0.070645   19.974445   library setup time
                                             19.974445   data required time
---------------------------------------------------------------------------------------------
                                             19.974445   data required time
                                             -6.704689   data arrival time
---------------------------------------------------------------------------------------------
                                             13.269757   slack (MET)


Startpoint: uio_in[1] (input port clocked by clk)
Endpoint: _1619_ (rising edge-triggered flip-flop clocked by clk)
Path Group: clk
Path Type: max

Fanout         Cap        Slew       Delay        Time   Description
---------------------------------------------------------------------------------------------
                                  0.000000    0.000000   clock clk (rise edge)
                                  0.000000    0.000000   clock network delay (propagated)
                                  4.000000    4.000000 v input external delay
     1    0.003895    0.006334    0.003305    4.003305 v uio_in[1] (in)
                                                         uio_in[1] (net)
                      0.006341    0.000000    4.003305 v input11/A (sky130_fd_sc_hd__clkdlybuf4s25_1)
     8    0.027271    0.142057    0.240224    4.243529 v input11/X (sky130_fd_sc_hd__clkdlybuf4s25_1)
                                                         net11 (net)
                      0.142116    0.002677    4.246205 v _0797_/A (sky130_fd_sc_hd__nor2_2)
     3    0.010324    0.101147    0.141884    4.388089 ^ _0797_/Y (sky130_fd_sc_hd__nor2_2)
                                                         _0070_ (net)
                      0.101147    0.000350    4.388439 ^ _0802_/C (sky130_fd_sc_hd__and3_2)
     1    0.008669    0.047348    0.128722    4.517161 ^ _0802_/X (sky130_fd_sc_hd__and3_2)
                                                         _0073_ (net)
                      0.047358    0.000656    4.517818 ^ fanout28/A (sky130_fd_sc_hd__clkdlybuf4s25_1)
    10    0.052442    0.392891    0.412261    4.930079 ^ fanout28/X (sky130_fd_sc_hd__clkdlybuf4s25_1)
                                                         net28 (net)
                      0.393090    0.007362    4.937441 ^ fanout27/A (sky130_fd_sc_hd__clkdlybuf4s25_1)
    10    0.046664    0.350856    0.414503    5.351944 ^ fanout27/X (sky130_fd_sc_hd__clkdlybuf4s25_1)
                                                         net27 (net)
                      0.350992    0.005746    5.357690 ^ fanout26/A (sky130_fd_sc_hd__clkdlybuf4s25_1)
    10    0.042415    0.319720    0.393369    5.751059 ^ fanout26/X (sky130_fd_sc_hd__clkdlybuf4s25_1)
                                                         net26 (net)
                      0.319854    0.003057    5.754116 ^ _1473_/B1_N (sky130_fd_sc_hd__a21bo_2)
     1    0.004222    0.028329    0.120646    5.874761 v _1473_/X (sky130_fd_sc_hd__a21bo_2)
                                                         _0718_ (net)
                      0.028329    0.000180    5.874942 v fanout16/A (sky130_fd_sc_hd__clkdlybuf4s25_1)
     5    0.027836    0.144342    0.250861    6.125803 v fanout16/X (sky130_fd_sc_hd__clkdlybuf4s25_1)
                                                         net16 (net)
                      0.144344    0.000795    6.126597 v fanout14/A (sky130_fd_sc_hd__clkdlybuf4s25_1)
    10    0.044432    0.225589    0.351922    6.478520 v fanout14/X (sky130_fd_sc_hd__clkdlybuf4s25_1)
                                                         net14 (net)
                      0.225643    0.003307    6.481826 v _1548_/B1 (sky130_fd_sc_hd__a21o_2)
     1    0.004069    0.027193    0.154987    6.636814 v _1548_/X (sky130_fd_sc_hd__a21o_2)
                                                         _0774_ (net)
                      0.027193    0.000263    6.637076 v _1549_/C1 (sky130_fd_sc_hd__o211a_2)
     1    0.002262    0.029478    0.067191    6.704267 v _1549_/X (sky130_fd_sc_hd__o211a_2)
                                                         _0047_ (net)
                      0.029479    0.000162    6.704429 v _1619_/D (sky130_fd_sc_hd__dfxtp_2)
                                              6.704429   data arrival time

                                 20.000000   20.000000   clock clk (rise edge)
                                  0.000000   20.000000   clock source latency
     1    0.021630    0.077149    0.053266   20.053267 ^ clk (in)
                                                         clk (net)
                      0.077182    0.000000   20.053267 ^ clkbuf_0_clk/A (sky130_fd_sc_hd__clkbuf_16)
     8    0.086925    0.079538    0.132564   20.185831 ^ clkbuf_0_clk/X (sky130_fd_sc_hd__clkbuf_16)
                                                         clknet_0_clk (net)
                      0.080196    0.005763   20.191593 ^ clkbuf_3_0__f_clk/A (sky130_fd_sc_hd__clkbuf_16)
     8    0.025603    0.035500    0.101174   20.292767 ^ clkbuf_3_0__f_clk/X (sky130_fd_sc_hd__clkbuf_16)
                                                         clknet_3_0__leaf_clk (net)
                      0.035820    0.002343   20.295111 ^ _1619_/CLK (sky130_fd_sc_hd__dfxtp_2)
                                 -0.250000   20.045111   clock uncertainty
                                  0.000000   20.045111   clock reconvergence pessimism
                                 -0.069956   19.975155   library setup time
                                             19.975155   data required time
---------------------------------------------------------------------------------------------
                                             19.975155   data required time
                                             -6.704429   data arrival time
---------------------------------------------------------------------------------------------
                                             13.270725   slack (MET)


Startpoint: uio_in[1] (input port clocked by clk)
Endpoint: _1622_ (rising edge-triggered flip-flop clocked by clk)
Path Group: clk
Path Type: max

Fanout         Cap        Slew       Delay        Time   Description
---------------------------------------------------------------------------------------------
                                  0.000000    0.000000   clock clk (rise edge)
                                  0.000000    0.000000   clock network delay (propagated)
                                  4.000000    4.000000 v input external delay
     1    0.003895    0.006334    0.003305    4.003305 v uio_in[1] (in)
                                                         uio_in[1] (net)
                      0.006341    0.000000    4.003305 v input11/A (sky130_fd_sc_hd__clkdlybuf4s25_1)
     8    0.027271    0.142057    0.240224    4.243529 v input11/X (sky130_fd_sc_hd__clkdlybuf4s25_1)
                                                         net11 (net)
                      0.142116    0.002677    4.246205 v _0797_/A (sky130_fd_sc_hd__nor2_2)
     3    0.010324    0.101147    0.141884    4.388089 ^ _0797_/Y (sky130_fd_sc_hd__nor2_2)
                                                         _0070_ (net)
                      0.101147    0.000350    4.388439 ^ _0802_/C (sky130_fd_sc_hd__and3_2)
     1    0.008669    0.047348    0.128722    4.517161 ^ _0802_/X (sky130_fd_sc_hd__and3_2)
                                                         _0073_ (net)
                      0.047358    0.000656    4.517818 ^ fanout28/A (sky130_fd_sc_hd__clkdlybuf4s25_1)
    10    0.052442    0.392891    0.412261    4.930079 ^ fanout28/X (sky130_fd_sc_hd__clkdlybuf4s25_1)
                                                         net28 (net)
                      0.393090    0.007362    4.937441 ^ fanout27/A (sky130_fd_sc_hd__clkdlybuf4s25_1)
    10    0.046664    0.350856    0.414503    5.351944 ^ fanout27/X (sky130_fd_sc_hd__clkdlybuf4s25_1)
                                                         net27 (net)
                      0.350992    0.005746    5.357690 ^ fanout26/A (sky130_fd_sc_hd__clkdlybuf4s25_1)
    10    0.042415    0.319720    0.393369    5.751059 ^ fanout26/X (sky130_fd_sc_hd__clkdlybuf4s25_1)
                                                         net26 (net)
                      0.319854    0.003057    5.754116 ^ _1473_/B1_N (sky130_fd_sc_hd__a21bo_2)
     1    0.004222    0.028329    0.120646    5.874761 v _1473_/X (sky130_fd_sc_hd__a21bo_2)
                                                         _0718_ (net)
                      0.028329    0.000180    5.874942 v fanout16/A (sky130_fd_sc_hd__clkdlybuf4s25_1)
     5    0.027836    0.144342    0.250861    6.125803 v fanout16/X (sky130_fd_sc_hd__clkdlybuf4s25_1)
                                                         net16 (net)
                      0.144344    0.000795    6.126597 v fanout14/A (sky130_fd_sc_hd__clkdlybuf4s25_1)
    10    0.044432    0.225589    0.351922    6.478520 v fanout14/X (sky130_fd_sc_hd__clkdlybuf4s25_1)
                                                         net14 (net)
                      0.225621    0.002643    6.481163 v _1558_/B1 (sky130_fd_sc_hd__a31o_2)
     1    0.004101    0.030597    0.153249    6.634412 v _1558_/X (sky130_fd_sc_hd__a31o_2)
                                                         _0781_ (net)
                      0.030597    0.000266    6.634677 v _1559_/C1 (sky130_fd_sc_hd__o211a_2)
     1    0.002154    0.029251    0.068322    6.702999 v _1559_/X (sky130_fd_sc_hd__o211a_2)
                                                         _0050_ (net)
                      0.029251    0.000102    6.703101 v _1622_/D (sky130_fd_sc_hd__dfxtp_2)
                                              6.703101   data arrival time

                                 20.000000   20.000000   clock clk (rise edge)
                                  0.000000   20.000000   clock source latency
     1    0.021630    0.077149    0.053266   20.053267 ^ clk (in)
                                                         clk (net)
                      0.077182    0.000000   20.053267 ^ clkbuf_0_clk/A (sky130_fd_sc_hd__clkbuf_16)
     8    0.086925    0.079538    0.132564   20.185831 ^ clkbuf_0_clk/X (sky130_fd_sc_hd__clkbuf_16)
                                                         clknet_0_clk (net)
                      0.080196    0.005763   20.191593 ^ clkbuf_3_0__f_clk/A (sky130_fd_sc_hd__clkbuf_16)
     8    0.025603    0.035500    0.101174   20.292767 ^ clkbuf_3_0__f_clk/X (sky130_fd_sc_hd__clkbuf_16)
                                                         clknet_3_0__leaf_clk (net)
                      0.035666    0.001409   20.294176 ^ _1622_/CLK (sky130_fd_sc_hd__dfxtp_2)
                                 -0.250000   20.044176   clock uncertainty
                                  0.000000   20.044176   clock reconvergence pessimism
                                 -0.069890   19.974287   library setup time
                                             19.974287   data required time
---------------------------------------------------------------------------------------------
                                             19.974287   data required time
                                             -6.703101   data arrival time
---------------------------------------------------------------------------------------------
                                             13.271187   slack (MET)


Startpoint: uio_in[1] (input port clocked by clk)
Endpoint: _1610_ (rising edge-triggered flip-flop clocked by clk)
Path Group: clk
Path Type: max

Fanout         Cap        Slew       Delay        Time   Description
---------------------------------------------------------------------------------------------
                                  0.000000    0.000000   clock clk (rise edge)
                                  0.000000    0.000000   clock network delay (propagated)
                                  4.000000    4.000000 v input external delay
     1    0.003895    0.006334    0.003305    4.003305 v uio_in[1] (in)
                                                         uio_in[1] (net)
                      0.006341    0.000000    4.003305 v input11/A (sky130_fd_sc_hd__clkdlybuf4s25_1)
     8    0.027271    0.142057    0.240224    4.243529 v input11/X (sky130_fd_sc_hd__clkdlybuf4s25_1)
                                                         net11 (net)
                      0.142116    0.002677    4.246205 v _0797_/A (sky130_fd_sc_hd__nor2_2)
     3    0.010324    0.101147    0.141884    4.388089 ^ _0797_/Y (sky130_fd_sc_hd__nor2_2)
                                                         _0070_ (net)
                      0.101147    0.000350    4.388439 ^ _0802_/C (sky130_fd_sc_hd__and3_2)
     1    0.008669    0.047348    0.128722    4.517161 ^ _0802_/X (sky130_fd_sc_hd__and3_2)
                                                         _0073_ (net)
                      0.047358    0.000656    4.517818 ^ fanout28/A (sky130_fd_sc_hd__clkdlybuf4s25_1)
    10    0.052442    0.392891    0.412261    4.930079 ^ fanout28/X (sky130_fd_sc_hd__clkdlybuf4s25_1)
                                                         net28 (net)
                      0.393090    0.007362    4.937441 ^ fanout27/A (sky130_fd_sc_hd__clkdlybuf4s25_1)
    10    0.046664    0.350856    0.414503    5.351944 ^ fanout27/X (sky130_fd_sc_hd__clkdlybuf4s25_1)
                                                         net27 (net)
                      0.350992    0.005746    5.357690 ^ fanout26/A (sky130_fd_sc_hd__clkdlybuf4s25_1)
    10    0.042415    0.319720    0.393369    5.751059 ^ fanout26/X (sky130_fd_sc_hd__clkdlybuf4s25_1)
                                                         net26 (net)
                      0.319854    0.003057    5.754116 ^ _1473_/B1_N (sky130_fd_sc_hd__a21bo_2)
     1    0.004222    0.028329    0.120646    5.874761 v _1473_/X (sky130_fd_sc_hd__a21bo_2)
                                                         _0718_ (net)
                      0.028329    0.000180    5.874942 v fanout16/A (sky130_fd_sc_hd__clkdlybuf4s25_1)
     5    0.027836    0.144342    0.250861    6.125803 v fanout16/X (sky130_fd_sc_hd__clkdlybuf4s25_1)
                                                         net16 (net)
                      0.144344    0.000795    6.126597 v fanout14/A (sky130_fd_sc_hd__clkdlybuf4s25_1)
    10    0.044432    0.225589    0.351922    6.478520 v fanout14/X (sky130_fd_sc_hd__clkdlybuf4s25_1)
                                                         net14 (net)
                      0.225650    0.003489    6.482009 v _1510_/B1 (sky130_fd_sc_hd__a21o_2)
     1    0.003412    0.025695    0.153026    6.635035 v _1510_/X (sky130_fd_sc_hd__a21o_2)
                                                         _0745_ (net)
                      0.025695    0.000227    6.635262 v _1511_/C1 (sky130_fd_sc_hd__o211a_2)
     1    0.002413    0.029930    0.066952    6.702214 v _1511_/X (sky130_fd_sc_hd__o211a_2)
                                                         _0038_ (net)
                      0.029930    0.000175    6.702388 v _1610_/D (sky130_fd_sc_hd__dfxtp_2)
                                              6.702388   data arrival time

                                 20.000000   20.000000   clock clk (rise edge)
                                  0.000000   20.000000   clock source latency
     1    0.021630    0.077149    0.053266   20.053267 ^ clk (in)
                                                         clk (net)
                      0.077182    0.000000   20.053267 ^ clkbuf_0_clk/A (sky130_fd_sc_hd__clkbuf_16)
     8    0.086925    0.079538    0.132564   20.185831 ^ clkbuf_0_clk/X (sky130_fd_sc_hd__clkbuf_16)
                                                         clknet_0_clk (net)
                      0.080188    0.005725   20.191555 ^ clkbuf_3_1__f_clk/A (sky130_fd_sc_hd__clkbuf_16)
     8    0.025158    0.035203    0.101172   20.292728 ^ clkbuf_3_1__f_clk/X (sky130_fd_sc_hd__clkbuf_16)
                                                         clknet_3_1__leaf_clk (net)
                      0.035253    0.001112   20.293840 ^ _1610_/CLK (sky130_fd_sc_hd__dfxtp_2)
                                 -0.250000   20.043840   clock uncertainty
                                  0.000000   20.043840   clock reconvergence pessimism
                                 -0.070172   19.973669   library setup time
                                             19.973669   data required time
---------------------------------------------------------------------------------------------
                                             19.973669   data required time
                                             -6.702388   data arrival time
---------------------------------------------------------------------------------------------
                                             13.271281   slack (MET)


Startpoint: uio_in[1] (input port clocked by clk)
Endpoint: _1615_ (rising edge-triggered flip-flop clocked by clk)
Path Group: clk
Path Type: max

Fanout         Cap        Slew       Delay        Time   Description
---------------------------------------------------------------------------------------------
                                  0.000000    0.000000   clock clk (rise edge)
                                  0.000000    0.000000   clock network delay (propagated)
                                  4.000000    4.000000 v input external delay
     1    0.003895    0.006334    0.003305    4.003305 v uio_in[1] (in)
                                                         uio_in[1] (net)
                      0.006341    0.000000    4.003305 v input11/A (sky130_fd_sc_hd__clkdlybuf4s25_1)
     8    0.027271    0.142057    0.240224    4.243529 v input11/X (sky130_fd_sc_hd__clkdlybuf4s25_1)
                                                         net11 (net)
                      0.142116    0.002677    4.246205 v _0797_/A (sky130_fd_sc_hd__nor2_2)
     3    0.010324    0.101147    0.141884    4.388089 ^ _0797_/Y (sky130_fd_sc_hd__nor2_2)
                                                         _0070_ (net)
                      0.101147    0.000350    4.388439 ^ _0802_/C (sky130_fd_sc_hd__and3_2)
     1    0.008669    0.047348    0.128722    4.517161 ^ _0802_/X (sky130_fd_sc_hd__and3_2)
                                                         _0073_ (net)
                      0.047358    0.000656    4.517818 ^ fanout28/A (sky130_fd_sc_hd__clkdlybuf4s25_1)
    10    0.052442    0.392891    0.412261    4.930079 ^ fanout28/X (sky130_fd_sc_hd__clkdlybuf4s25_1)
                                                         net28 (net)
                      0.393090    0.007362    4.937441 ^ fanout27/A (sky130_fd_sc_hd__clkdlybuf4s25_1)
    10    0.046664    0.350856    0.414503    5.351944 ^ fanout27/X (sky130_fd_sc_hd__clkdlybuf4s25_1)
                                                         net27 (net)
                      0.350992    0.005746    5.357690 ^ fanout26/A (sky130_fd_sc_hd__clkdlybuf4s25_1)
    10    0.042415    0.319720    0.393369    5.751059 ^ fanout26/X (sky130_fd_sc_hd__clkdlybuf4s25_1)
                                                         net26 (net)
                      0.319854    0.003057    5.754116 ^ _1473_/B1_N (sky130_fd_sc_hd__a21bo_2)
     1    0.004222    0.028329    0.120646    5.874761 v _1473_/X (sky130_fd_sc_hd__a21bo_2)
                                                         _0718_ (net)
                      0.028329    0.000180    5.874942 v fanout16/A (sky130_fd_sc_hd__clkdlybuf4s25_1)
     5    0.027836    0.144342    0.250861    6.125803 v fanout16/X (sky130_fd_sc_hd__clkdlybuf4s25_1)
                                                         net16 (net)
                      0.144344    0.000795    6.126597 v fanout14/A (sky130_fd_sc_hd__clkdlybuf4s25_1)
    10    0.044432    0.225589    0.351922    6.478520 v fanout14/X (sky130_fd_sc_hd__clkdlybuf4s25_1)
                                                         net14 (net)
                      0.225654    0.003575    6.482095 v _1532_/B1 (sky130_fd_sc_hd__a21o_2)
     1    0.002989    0.024861    0.151755    6.633849 v _1532_/X (sky130_fd_sc_hd__a21o_2)
                                                         _0762_ (net)
                      0.024861    0.000221    6.634070 v _1533_/C1 (sky130_fd_sc_hd__o211a_2)
     1    0.002318    0.029967    0.066384    6.700455 v _1533_/X (sky130_fd_sc_hd__o211a_2)
                                                         _0043_ (net)
                      0.029967    0.000159    6.700613 v _1615_/D (sky130_fd_sc_hd__dfxtp_2)
                                              6.700613   data arrival time

                                 20.000000   20.000000   clock clk (rise edge)
                                  0.000000   20.000000   clock source latency
     1    0.021630    0.077149    0.053266   20.053267 ^ clk (in)
                                                         clk (net)
                      0.077182    0.000000   20.053267 ^ clkbuf_0_clk/A (sky130_fd_sc_hd__clkbuf_16)
     8    0.086925    0.079538    0.132564   20.185831 ^ clkbuf_0_clk/X (sky130_fd_sc_hd__clkbuf_16)
                                                         clknet_0_clk (net)
                      0.080188    0.005725   20.191555 ^ clkbuf_3_1__f_clk/A (sky130_fd_sc_hd__clkbuf_16)
     8    0.025158    0.035203    0.101172   20.292728 ^ clkbuf_3_1__f_clk/X (sky130_fd_sc_hd__clkbuf_16)
                                                         clknet_3_1__leaf_clk (net)
                      0.035265    0.001229   20.293957 ^ _1615_/CLK (sky130_fd_sc_hd__dfxtp_2)
                                 -0.250000   20.043959   clock uncertainty
                                  0.000000   20.043959   clock reconvergence pessimism
                                 -0.070184   19.973774   library setup time
                                             19.973774   data required time
---------------------------------------------------------------------------------------------
                                             19.973774   data required time
                                             -6.700613   data arrival time
---------------------------------------------------------------------------------------------
                                             13.273161   slack (MET)


Startpoint: uio_in[1] (input port clocked by clk)
Endpoint: _1620_ (rising edge-triggered flip-flop clocked by clk)
Path Group: clk
Path Type: max

Fanout         Cap        Slew       Delay        Time   Description
---------------------------------------------------------------------------------------------
                                  0.000000    0.000000   clock clk (rise edge)
                                  0.000000    0.000000   clock network delay (propagated)
                                  4.000000    4.000000 v input external delay
     1    0.003895    0.006334    0.003305    4.003305 v uio_in[1] (in)
                                                         uio_in[1] (net)
                      0.006341    0.000000    4.003305 v input11/A (sky130_fd_sc_hd__clkdlybuf4s25_1)
     8    0.027271    0.142057    0.240224    4.243529 v input11/X (sky130_fd_sc_hd__clkdlybuf4s25_1)
                                                         net11 (net)
                      0.142116    0.002677    4.246205 v _0797_/A (sky130_fd_sc_hd__nor2_2)
     3    0.010324    0.101147    0.141884    4.388089 ^ _0797_/Y (sky130_fd_sc_hd__nor2_2)
                                                         _0070_ (net)
                      0.101147    0.000350    4.388439 ^ _0802_/C (sky130_fd_sc_hd__and3_2)
     1    0.008669    0.047348    0.128722    4.517161 ^ _0802_/X (sky130_fd_sc_hd__and3_2)
                                                         _0073_ (net)
                      0.047358    0.000656    4.517818 ^ fanout28/A (sky130_fd_sc_hd__clkdlybuf4s25_1)
    10    0.052442    0.392891    0.412261    4.930079 ^ fanout28/X (sky130_fd_sc_hd__clkdlybuf4s25_1)
                                                         net28 (net)
                      0.393090    0.007362    4.937441 ^ fanout27/A (sky130_fd_sc_hd__clkdlybuf4s25_1)
    10    0.046664    0.350856    0.414503    5.351944 ^ fanout27/X (sky130_fd_sc_hd__clkdlybuf4s25_1)
                                                         net27 (net)
                      0.350992    0.005746    5.357690 ^ fanout26/A (sky130_fd_sc_hd__clkdlybuf4s25_1)
    10    0.042415    0.319720    0.393369    5.751059 ^ fanout26/X (sky130_fd_sc_hd__clkdlybuf4s25_1)
                                                         net26 (net)
                      0.319854    0.003057    5.754116 ^ _1473_/B1_N (sky130_fd_sc_hd__a21bo_2)
     1    0.004222    0.028329    0.120646    5.874761 v _1473_/X (sky130_fd_sc_hd__a21bo_2)
                                                         _0718_ (net)
                      0.028329    0.000180    5.874942 v fanout16/A (sky130_fd_sc_hd__clkdlybuf4s25_1)
     5    0.027836    0.144342    0.250861    6.125803 v fanout16/X (sky130_fd_sc_hd__clkdlybuf4s25_1)
                                                         net16 (net)
                      0.144344    0.000795    6.126597 v fanout14/A (sky130_fd_sc_hd__clkdlybuf4s25_1)
    10    0.044432    0.225589    0.351922    6.478520 v fanout14/X (sky130_fd_sc_hd__clkdlybuf4s25_1)
                                                         net14 (net)
                      0.225632    0.003001    6.481520 v _1551_/B1 (sky130_fd_sc_hd__a31o_2)
     1    0.002951    0.027888    0.149817    6.631337 v _1551_/X (sky130_fd_sc_hd__a31o_2)
                                                         _0776_ (net)
                      0.027888    0.000213    6.631550 v _1552_/C1 (sky130_fd_sc_hd__o211a_2)
     1    0.003033    0.031045    0.069378    6.700928 v _1552_/X (sky130_fd_sc_hd__o211a_2)
                                                         _0048_ (net)
                      0.031045    0.000189    6.701117 v _1620_/D (sky130_fd_sc_hd__dfxtp_2)
                                              6.701117   data arrival time

                                 20.000000   20.000000   clock clk (rise edge)
                                  0.000000   20.000000   clock source latency
     1    0.021630    0.077149    0.053266   20.053267 ^ clk (in)
                                                         clk (net)
                      0.077182    0.000000   20.053267 ^ clkbuf_0_clk/A (sky130_fd_sc_hd__clkbuf_16)
     8    0.086925    0.079538    0.132564   20.185831 ^ clkbuf_0_clk/X (sky130_fd_sc_hd__clkbuf_16)
                                                         clknet_0_clk (net)
                      0.080196    0.005763   20.191593 ^ clkbuf_3_0__f_clk/A (sky130_fd_sc_hd__clkbuf_16)
     8    0.025603    0.035500    0.101174   20.292767 ^ clkbuf_3_0__f_clk/X (sky130_fd_sc_hd__clkbuf_16)
                                                         clknet_3_0__leaf_clk (net)
                      0.035822    0.002352   20.295118 ^ _1620_/CLK (sky130_fd_sc_hd__dfxtp_2)
                                 -0.250000   20.045120   clock uncertainty
                                  0.000000   20.045120   clock reconvergence pessimism
                                 -0.070515   19.974606   library setup time
                                             19.974606   data required time
---------------------------------------------------------------------------------------------
                                             19.974606   data required time
                                             -6.701117   data arrival time
---------------------------------------------------------------------------------------------
                                             13.273488   slack (MET)


Startpoint: uio_in[1] (input port clocked by clk)
Endpoint: _1612_ (rising edge-triggered flip-flop clocked by clk)
Path Group: clk
Path Type: max

Fanout         Cap        Slew       Delay        Time   Description
---------------------------------------------------------------------------------------------
                                  0.000000    0.000000   clock clk (rise edge)
                                  0.000000    0.000000   clock network delay (propagated)
                                  4.000000    4.000000 v input external delay
     1    0.003895    0.006334    0.003305    4.003305 v uio_in[1] (in)
                                                         uio_in[1] (net)
                      0.006341    0.000000    4.003305 v input11/A (sky130_fd_sc_hd__clkdlybuf4s25_1)
     8    0.027271    0.142057    0.240224    4.243529 v input11/X (sky130_fd_sc_hd__clkdlybuf4s25_1)
                                                         net11 (net)
                      0.142116    0.002677    4.246205 v _0797_/A (sky130_fd_sc_hd__nor2_2)
     3    0.010324    0.101147    0.141884    4.388089 ^ _0797_/Y (sky130_fd_sc_hd__nor2_2)
                                                         _0070_ (net)
                      0.101147    0.000350    4.388439 ^ _0802_/C (sky130_fd_sc_hd__and3_2)
     1    0.008669    0.047348    0.128722    4.517161 ^ _0802_/X (sky130_fd_sc_hd__and3_2)
                                                         _0073_ (net)
                      0.047358    0.000656    4.517818 ^ fanout28/A (sky130_fd_sc_hd__clkdlybuf4s25_1)
    10    0.052442    0.392891    0.412261    4.930079 ^ fanout28/X (sky130_fd_sc_hd__clkdlybuf4s25_1)
                                                         net28 (net)
                      0.393090    0.007362    4.937441 ^ fanout27/A (sky130_fd_sc_hd__clkdlybuf4s25_1)
    10    0.046664    0.350856    0.414503    5.351944 ^ fanout27/X (sky130_fd_sc_hd__clkdlybuf4s25_1)
                                                         net27 (net)
                      0.350992    0.005746    5.357690 ^ fanout26/A (sky130_fd_sc_hd__clkdlybuf4s25_1)
    10    0.042415    0.319720    0.393369    5.751059 ^ fanout26/X (sky130_fd_sc_hd__clkdlybuf4s25_1)
                                                         net26 (net)
                      0.319854    0.003057    5.754116 ^ _1473_/B1_N (sky130_fd_sc_hd__a21bo_2)
     1    0.004222    0.028329    0.120646    5.874761 v _1473_/X (sky130_fd_sc_hd__a21bo_2)
                                                         _0718_ (net)
                      0.028329    0.000180    5.874942 v fanout16/A (sky130_fd_sc_hd__clkdlybuf4s25_1)
     5    0.027836    0.144342    0.250861    6.125803 v fanout16/X (sky130_fd_sc_hd__clkdlybuf4s25_1)
                                                         net16 (net)
                      0.144344    0.000795    6.126597 v fanout14/A (sky130_fd_sc_hd__clkdlybuf4s25_1)
    10    0.044432    0.225589    0.351922    6.478520 v fanout14/X (sky130_fd_sc_hd__clkdlybuf4s25_1)
                                                         net14 (net)
                      0.225648    0.003427    6.481947 v _1520_/B1 (sky130_fd_sc_hd__a21o_2)
     1    0.002608    0.024110    0.150638    6.632585 v _1520_/X (sky130_fd_sc_hd__a21o_2)
                                                         _0753_ (net)
                      0.024110    0.000121    6.632706 v _1521_/C1 (sky130_fd_sc_hd__o211a_2)
     1    0.002594    0.030299    0.066758    6.699464 v _1521_/X (sky130_fd_sc_hd__o211a_2)
                                                         _0040_ (net)
                      0.030299    0.000178    6.699642 v _1612_/D (sky130_fd_sc_hd__dfxtp_2)
                                              6.699642   data arrival time

                                 20.000000   20.000000   clock clk (rise edge)
                                  0.000000   20.000000   clock source latency
     1    0.021630    0.077149    0.053266   20.053267 ^ clk (in)
                                                         clk (net)
                      0.077182    0.000000   20.053267 ^ clkbuf_0_clk/A (sky130_fd_sc_hd__clkbuf_16)
     8    0.086925    0.079538    0.132564   20.185831 ^ clkbuf_0_clk/X (sky130_fd_sc_hd__clkbuf_16)
                                                         clknet_0_clk (net)
                      0.080188    0.005725   20.191555 ^ clkbuf_3_1__f_clk/A (sky130_fd_sc_hd__clkbuf_16)
     8    0.025158    0.035203    0.101172   20.292728 ^ clkbuf_3_1__f_clk/X (sky130_fd_sc_hd__clkbuf_16)
                                                         clknet_3_1__leaf_clk (net)
                      0.035255    0.001132   20.293859 ^ _1612_/CLK (sky130_fd_sc_hd__dfxtp_2)
                                 -0.250000   20.043861   clock uncertainty
                                  0.000000   20.043861   clock reconvergence pessimism
                                 -0.070303   19.973558   library setup time
                                             19.973558   data required time
---------------------------------------------------------------------------------------------
                                             19.973558   data required time
                                             -6.699642   data arrival time
---------------------------------------------------------------------------------------------
                                             13.273915   slack (MET)


Startpoint: uio_in[1] (input port clocked by clk)
Endpoint: _1618_ (rising edge-triggered flip-flop clocked by clk)
Path Group: clk
Path Type: max

Fanout         Cap        Slew       Delay        Time   Description
---------------------------------------------------------------------------------------------
                                  0.000000    0.000000   clock clk (rise edge)
                                  0.000000    0.000000   clock network delay (propagated)
                                  4.000000    4.000000 v input external delay
     1    0.003895    0.006334    0.003305    4.003305 v uio_in[1] (in)
                                                         uio_in[1] (net)
                      0.006341    0.000000    4.003305 v input11/A (sky130_fd_sc_hd__clkdlybuf4s25_1)
     8    0.027271    0.142057    0.240224    4.243529 v input11/X (sky130_fd_sc_hd__clkdlybuf4s25_1)
                                                         net11 (net)
                      0.142116    0.002677    4.246205 v _0797_/A (sky130_fd_sc_hd__nor2_2)
     3    0.010324    0.101147    0.141884    4.388089 ^ _0797_/Y (sky130_fd_sc_hd__nor2_2)
                                                         _0070_ (net)
                      0.101147    0.000350    4.388439 ^ _0802_/C (sky130_fd_sc_hd__and3_2)
     1    0.008669    0.047348    0.128722    4.517161 ^ _0802_/X (sky130_fd_sc_hd__and3_2)
                                                         _0073_ (net)
                      0.047358    0.000656    4.517818 ^ fanout28/A (sky130_fd_sc_hd__clkdlybuf4s25_1)
    10    0.052442    0.392891    0.412261    4.930079 ^ fanout28/X (sky130_fd_sc_hd__clkdlybuf4s25_1)
                                                         net28 (net)
                      0.393090    0.007362    4.937441 ^ fanout27/A (sky130_fd_sc_hd__clkdlybuf4s25_1)
    10    0.046664    0.350856    0.414503    5.351944 ^ fanout27/X (sky130_fd_sc_hd__clkdlybuf4s25_1)
                                                         net27 (net)
                      0.350992    0.005746    5.357690 ^ fanout26/A (sky130_fd_sc_hd__clkdlybuf4s25_1)
    10    0.042415    0.319720    0.393369    5.751059 ^ fanout26/X (sky130_fd_sc_hd__clkdlybuf4s25_1)
                                                         net26 (net)
                      0.319854    0.003057    5.754116 ^ _1473_/B1_N (sky130_fd_sc_hd__a21bo_2)
     1    0.004222    0.028329    0.120646    5.874761 v _1473_/X (sky130_fd_sc_hd__a21bo_2)
                                                         _0718_ (net)
                      0.028329    0.000180    5.874942 v fanout16/A (sky130_fd_sc_hd__clkdlybuf4s25_1)
     5    0.027836    0.144342    0.250861    6.125803 v fanout16/X (sky130_fd_sc_hd__clkdlybuf4s25_1)
                                                         net16 (net)
                      0.144344    0.000795    6.126597 v fanout14/A (sky130_fd_sc_hd__clkdlybuf4s25_1)
    10    0.044432    0.225589    0.351922    6.478520 v fanout14/X (sky130_fd_sc_hd__clkdlybuf4s25_1)
                                                         net14 (net)
                      0.225644    0.003339    6.481859 v _1544_/B1 (sky130_fd_sc_hd__a31o_2)
     1    0.003110    0.028213    0.150288    6.632147 v _1544_/X (sky130_fd_sc_hd__a31o_2)
                                                         _0771_ (net)
                      0.028213    0.000229    6.632376 v _1545_/C1 (sky130_fd_sc_hd__o211a_2)
     1    0.002503    0.029974    0.068197    6.700572 v _1545_/X (sky130_fd_sc_hd__o211a_2)
                                                         _0046_ (net)
                      0.029974    0.000179    6.700752 v _1618_/D (sky130_fd_sc_hd__dfxtp_2)
                                              6.700752   data arrival time

                                 20.000000   20.000000   clock clk (rise edge)
                                  0.000000   20.000000   clock source latency
     1    0.021630    0.077149    0.053266   20.053267 ^ clk (in)
                                                         clk (net)
                      0.077182    0.000000   20.053267 ^ clkbuf_0_clk/A (sky130_fd_sc_hd__clkbuf_16)
     8    0.086925    0.079538    0.132564   20.185831 ^ clkbuf_0_clk/X (sky130_fd_sc_hd__clkbuf_16)
                                                         clknet_0_clk (net)
                      0.080196    0.005763   20.191593 ^ clkbuf_3_0__f_clk/A (sky130_fd_sc_hd__clkbuf_16)
     8    0.025603    0.035500    0.101174   20.292767 ^ clkbuf_3_0__f_clk/X (sky130_fd_sc_hd__clkbuf_16)
                                                         clknet_3_0__leaf_clk (net)
                      0.035817    0.002327   20.295094 ^ _1618_/CLK (sky130_fd_sc_hd__dfxtp_2)
                                 -0.250000   20.045095   clock uncertainty
                                  0.000000   20.045095   clock reconvergence pessimism
                                 -0.070133   19.974962   library setup time
                                             19.974962   data required time
---------------------------------------------------------------------------------------------
                                             19.974962   data required time
                                             -6.700752   data arrival time
---------------------------------------------------------------------------------------------
                                             13.274211   slack (MET)


Startpoint: uio_in[1] (input port clocked by clk)
Endpoint: _1604_ (rising edge-triggered flip-flop clocked by clk)
Path Group: clk
Path Type: max

Fanout         Cap        Slew       Delay        Time   Description
---------------------------------------------------------------------------------------------
                                  0.000000    0.000000   clock clk (rise edge)
                                  0.000000    0.000000   clock network delay (propagated)
                                  4.000000    4.000000 v input external delay
     1    0.003895    0.006334    0.003305    4.003305 v uio_in[1] (in)
                                                         uio_in[1] (net)
                      0.006341    0.000000    4.003305 v input11/A (sky130_fd_sc_hd__clkdlybuf4s25_1)
     8    0.027271    0.142057    0.240224    4.243529 v input11/X (sky130_fd_sc_hd__clkdlybuf4s25_1)
                                                         net11 (net)
                      0.142116    0.002677    4.246205 v _0797_/A (sky130_fd_sc_hd__nor2_2)
     3    0.010324    0.101147    0.141884    4.388089 ^ _0797_/Y (sky130_fd_sc_hd__nor2_2)
                                                         _0070_ (net)
                      0.101147    0.000350    4.388439 ^ _0802_/C (sky130_fd_sc_hd__and3_2)
     1    0.008669    0.047348    0.128722    4.517161 ^ _0802_/X (sky130_fd_sc_hd__and3_2)
                                                         _0073_ (net)
                      0.047358    0.000656    4.517818 ^ fanout28/A (sky130_fd_sc_hd__clkdlybuf4s25_1)
    10    0.052442    0.392891    0.412261    4.930079 ^ fanout28/X (sky130_fd_sc_hd__clkdlybuf4s25_1)
                                                         net28 (net)
                      0.393090    0.007362    4.937441 ^ fanout27/A (sky130_fd_sc_hd__clkdlybuf4s25_1)
    10    0.046664    0.350856    0.414503    5.351944 ^ fanout27/X (sky130_fd_sc_hd__clkdlybuf4s25_1)
                                                         net27 (net)
                      0.350992    0.005746    5.357690 ^ fanout26/A (sky130_fd_sc_hd__clkdlybuf4s25_1)
    10    0.042415    0.319720    0.393369    5.751059 ^ fanout26/X (sky130_fd_sc_hd__clkdlybuf4s25_1)
                                                         net26 (net)
                      0.319854    0.003057    5.754116 ^ _1473_/B1_N (sky130_fd_sc_hd__a21bo_2)
     1    0.004222    0.028329    0.120646    5.874761 v _1473_/X (sky130_fd_sc_hd__a21bo_2)
                                                         _0718_ (net)
                      0.028329    0.000180    5.874942 v fanout16/A (sky130_fd_sc_hd__clkdlybuf4s25_1)
     5    0.027836    0.144342    0.250861    6.125803 v fanout16/X (sky130_fd_sc_hd__clkdlybuf4s25_1)
                                                         net16 (net)
                      0.144361    0.001665    6.127468 v fanout15/A (sky130_fd_sc_hd__clkdlybuf4s25_1)
    10    0.042797    0.217485    0.346495    6.473963 v fanout15/X (sky130_fd_sc_hd__clkdlybuf4s25_1)
                                                         net15 (net)
                      0.217563    0.003828    6.477791 v _1488_/B1 (sky130_fd_sc_hd__a31o_2)
     1    0.004150    0.030732    0.150668    6.628460 v _1488_/X (sky130_fd_sc_hd__a31o_2)
                                                         _0729_ (net)
                      0.030732    0.000279    6.628738 v _1489_/C1 (sky130_fd_sc_hd__o211a_2)
     1    0.002240    0.029802    0.068588    6.697327 v _1489_/X (sky130_fd_sc_hd__o211a_2)
                                                         _0032_ (net)
                      0.029802    0.000106    6.697433 v _1604_/D (sky130_fd_sc_hd__dfxtp_2)
                                              6.697433   data arrival time

                                 20.000000   20.000000   clock clk (rise edge)
                                  0.000000   20.000000   clock source latency
     1    0.021630    0.077149    0.053266   20.053267 ^ clk (in)
                                                         clk (net)
                      0.077182    0.000000   20.053267 ^ clkbuf_0_clk/A (sky130_fd_sc_hd__clkbuf_16)
     8    0.086925    0.079538    0.132564   20.185831 ^ clkbuf_0_clk/X (sky130_fd_sc_hd__clkbuf_16)
                                                         clknet_0_clk (net)
                      0.080212    0.005830   20.191660 ^ clkbuf_3_2__f_clk/A (sky130_fd_sc_hd__clkbuf_16)
     8    0.026340    0.036005    0.101654   20.293314 ^ clkbuf_3_2__f_clk/X (sky130_fd_sc_hd__clkbuf_16)
                                                         clknet_3_2__leaf_clk (net)
                      0.036145    0.001117   20.294432 ^ _1604_/CLK (sky130_fd_sc_hd__dfxtp_2)
                                 -0.250000   20.044432   clock uncertainty
                                  0.000000   20.044432   clock reconvergence pessimism
                                 -0.070040   19.974392   library setup time
                                             19.974392   data required time
---------------------------------------------------------------------------------------------
                                             19.974392   data required time
                                             -6.697433   data arrival time
---------------------------------------------------------------------------------------------
                                             13.276960   slack (MET)


Startpoint: uio_in[1] (input port clocked by clk)
Endpoint: _1613_ (rising edge-triggered flip-flop clocked by clk)
Path Group: clk
Path Type: max

Fanout         Cap        Slew       Delay        Time   Description
---------------------------------------------------------------------------------------------
                                  0.000000    0.000000   clock clk (rise edge)
                                  0.000000    0.000000   clock network delay (propagated)
                                  4.000000    4.000000 v input external delay
     1    0.003895    0.006334    0.003305    4.003305 v uio_in[1] (in)
                                                         uio_in[1] (net)
                      0.006341    0.000000    4.003305 v input11/A (sky130_fd_sc_hd__clkdlybuf4s25_1)
     8    0.027271    0.142057    0.240224    4.243529 v input11/X (sky130_fd_sc_hd__clkdlybuf4s25_1)
                                                         net11 (net)
                      0.142116    0.002677    4.246205 v _0797_/A (sky130_fd_sc_hd__nor2_2)
     3    0.010324    0.101147    0.141884    4.388089 ^ _0797_/Y (sky130_fd_sc_hd__nor2_2)
                                                         _0070_ (net)
                      0.101147    0.000350    4.388439 ^ _0802_/C (sky130_fd_sc_hd__and3_2)
     1    0.008669    0.047348    0.128722    4.517161 ^ _0802_/X (sky130_fd_sc_hd__and3_2)
                                                         _0073_ (net)
                      0.047358    0.000656    4.517818 ^ fanout28/A (sky130_fd_sc_hd__clkdlybuf4s25_1)
    10    0.052442    0.392891    0.412261    4.930079 ^ fanout28/X (sky130_fd_sc_hd__clkdlybuf4s25_1)
                                                         net28 (net)
                      0.393090    0.007362    4.937441 ^ fanout27/A (sky130_fd_sc_hd__clkdlybuf4s25_1)
    10    0.046664    0.350856    0.414503    5.351944 ^ fanout27/X (sky130_fd_sc_hd__clkdlybuf4s25_1)
                                                         net27 (net)
                      0.350992    0.005746    5.357690 ^ fanout26/A (sky130_fd_sc_hd__clkdlybuf4s25_1)
    10    0.042415    0.319720    0.393369    5.751059 ^ fanout26/X (sky130_fd_sc_hd__clkdlybuf4s25_1)
                                                         net26 (net)
                      0.319854    0.003057    5.754116 ^ _1473_/B1_N (sky130_fd_sc_hd__a21bo_2)
     1    0.004222    0.028329    0.120646    5.874761 v _1473_/X (sky130_fd_sc_hd__a21bo_2)
                                                         _0718_ (net)
                      0.028329    0.000180    5.874942 v fanout16/A (sky130_fd_sc_hd__clkdlybuf4s25_1)
     5    0.027836    0.144342    0.250861    6.125803 v fanout16/X (sky130_fd_sc_hd__clkdlybuf4s25_1)
                                                         net16 (net)
                      0.144344    0.000795    6.126597 v fanout14/A (sky130_fd_sc_hd__clkdlybuf4s25_1)
    10    0.044432    0.225589    0.351922    6.478520 v fanout14/X (sky130_fd_sc_hd__clkdlybuf4s25_1)
                                                         net14 (net)
                      0.225661    0.003754    6.482274 v _1524_/B1 (sky130_fd_sc_hd__a21o_2)
     1    0.003441    0.025761    0.153117    6.635391 v _1524_/X (sky130_fd_sc_hd__a21o_2)
                                                         _0756_ (net)
                      0.025761    0.000226    6.635617 v _1525_/C1 (sky130_fd_sc_hd__o211a_2)
     1    0.002105    0.029290    0.066236    6.701853 v _1525_/X (sky130_fd_sc_hd__o211a_2)
                                                         _0041_ (net)
                      0.029290    0.000097    6.701950 v _1613_/D (sky130_fd_sc_hd__dfxtp_2)
                                              6.701950   data arrival time

                                 20.000000   20.000000   clock clk (rise edge)
                                  0.000000   20.000000   clock source latency
     1    0.021630    0.077149    0.053266   20.053267 ^ clk (in)
                                                         clk (net)
                      0.077182    0.000000   20.053267 ^ clkbuf_0_clk/A (sky130_fd_sc_hd__clkbuf_16)
     8    0.086925    0.079538    0.132564   20.185831 ^ clkbuf_0_clk/X (sky130_fd_sc_hd__clkbuf_16)
                                                         clknet_0_clk (net)
                      0.079938    0.004530   20.190361 ^ clkbuf_3_4__f_clk/A (sky130_fd_sc_hd__clkbuf_16)
     8    0.034907    0.041737    0.106869   20.297230 ^ clkbuf_3_4__f_clk/X (sky130_fd_sc_hd__clkbuf_16)
                                                         clknet_3_4__leaf_clk (net)
                      0.041930    0.001902   20.299131 ^ _1613_/CLK (sky130_fd_sc_hd__dfxtp_2)
                                 -0.250000   20.049133   clock uncertainty
                                  0.000000   20.049133   clock reconvergence pessimism
                                 -0.069301   19.979832   library setup time
                                             19.979832   data required time
---------------------------------------------------------------------------------------------
                                             19.979832   data required time
                                             -6.701950   data arrival time
---------------------------------------------------------------------------------------------
                                             13.277883   slack (MET)


Startpoint: uio_in[1] (input port clocked by clk)
Endpoint: _1601_ (rising edge-triggered flip-flop clocked by clk)
Path Group: clk
Path Type: max

Fanout         Cap        Slew       Delay        Time   Description
---------------------------------------------------------------------------------------------
                                  0.000000    0.000000   clock clk (rise edge)
                                  0.000000    0.000000   clock network delay (propagated)
                                  4.000000    4.000000 v input external delay
     1    0.003895    0.006334    0.003305    4.003305 v uio_in[1] (in)
                                                         uio_in[1] (net)
                      0.006341    0.000000    4.003305 v input11/A (sky130_fd_sc_hd__clkdlybuf4s25_1)
     8    0.027271    0.142057    0.240224    4.243529 v input11/X (sky130_fd_sc_hd__clkdlybuf4s25_1)
                                                         net11 (net)
                      0.142116    0.002677    4.246205 v _0797_/A (sky130_fd_sc_hd__nor2_2)
     3    0.010324    0.101147    0.141884    4.388089 ^ _0797_/Y (sky130_fd_sc_hd__nor2_2)
                                                         _0070_ (net)
                      0.101147    0.000350    4.388439 ^ _0802_/C (sky130_fd_sc_hd__and3_2)
     1    0.008669    0.047348    0.128722    4.517161 ^ _0802_/X (sky130_fd_sc_hd__and3_2)
                                                         _0073_ (net)
                      0.047358    0.000656    4.517818 ^ fanout28/A (sky130_fd_sc_hd__clkdlybuf4s25_1)
    10    0.052442    0.392891    0.412261    4.930079 ^ fanout28/X (sky130_fd_sc_hd__clkdlybuf4s25_1)
                                                         net28 (net)
                      0.393090    0.007362    4.937441 ^ fanout27/A (sky130_fd_sc_hd__clkdlybuf4s25_1)
    10    0.046664    0.350856    0.414503    5.351944 ^ fanout27/X (sky130_fd_sc_hd__clkdlybuf4s25_1)
                                                         net27 (net)
                      0.350992    0.005746    5.357690 ^ fanout26/A (sky130_fd_sc_hd__clkdlybuf4s25_1)
    10    0.042415    0.319720    0.393369    5.751059 ^ fanout26/X (sky130_fd_sc_hd__clkdlybuf4s25_1)
                                                         net26 (net)
                      0.319854    0.003057    5.754116 ^ _1473_/B1_N (sky130_fd_sc_hd__a21bo_2)
     1    0.004222    0.028329    0.120646    5.874761 v _1473_/X (sky130_fd_sc_hd__a21bo_2)
                                                         _0718_ (net)
                      0.028329    0.000180    5.874942 v fanout16/A (sky130_fd_sc_hd__clkdlybuf4s25_1)
     5    0.027836    0.144342    0.250861    6.125803 v fanout16/X (sky130_fd_sc_hd__clkdlybuf4s25_1)
                                                         net16 (net)
                      0.144361    0.001665    6.127468 v fanout15/A (sky130_fd_sc_hd__clkdlybuf4s25_1)
    10    0.042797    0.217485    0.346495    6.473963 v fanout15/X (sky130_fd_sc_hd__clkdlybuf4s25_1)
                                                         net15 (net)
                      0.217496    0.001699    6.475662 v _1479_/B1 (sky130_fd_sc_hd__a21o_2)
     1    0.003265    0.025430    0.149840    6.625502 v _1479_/X (sky130_fd_sc_hd__a21o_2)
                                                         _0723_ (net)
                      0.025430    0.000245    6.625747 v _1480_/C1 (sky130_fd_sc_hd__o211a_2)
     1    0.003077    0.031127    0.068508    6.694255 v _1480_/X (sky130_fd_sc_hd__o211a_2)
                                                         _0029_ (net)
                      0.031127    0.000125    6.694380 v _1601_/D (sky130_fd_sc_hd__dfxtp_2)
                                              6.694380   data arrival time

                                 20.000000   20.000000   clock clk (rise edge)
                                  0.000000   20.000000   clock source latency
     1    0.021630    0.077149    0.053266   20.053267 ^ clk (in)
                                                         clk (net)
                      0.077182    0.000000   20.053267 ^ clkbuf_0_clk/A (sky130_fd_sc_hd__clkbuf_16)
     8    0.086925    0.079538    0.132564   20.185831 ^ clkbuf_0_clk/X (sky130_fd_sc_hd__clkbuf_16)
                                                         clknet_0_clk (net)
                      0.080196    0.005763   20.191593 ^ clkbuf_3_0__f_clk/A (sky130_fd_sc_hd__clkbuf_16)
     8    0.025603    0.035500    0.101174   20.292767 ^ clkbuf_3_0__f_clk/X (sky130_fd_sc_hd__clkbuf_16)
                                                         clknet_3_0__leaf_clk (net)
                      0.035635    0.001167   20.293934 ^ _1601_/CLK (sky130_fd_sc_hd__dfxtp_2)
                                 -0.250000   20.043936   clock uncertainty
                                  0.000000   20.043936   clock reconvergence pessimism
                                 -0.070562   19.973373   library setup time
                                             19.973373   data required time
---------------------------------------------------------------------------------------------
                                             19.973373   data required time
                                             -6.694380   data arrival time
---------------------------------------------------------------------------------------------
                                             13.278993   slack (MET)


Startpoint: uio_in[1] (input port clocked by clk)
Endpoint: _1614_ (rising edge-triggered flip-flop clocked by clk)
Path Group: clk
Path Type: max

Fanout         Cap        Slew       Delay        Time   Description
---------------------------------------------------------------------------------------------
                                  0.000000    0.000000   clock clk (rise edge)
                                  0.000000    0.000000   clock network delay (propagated)
                                  4.000000    4.000000 v input external delay
     1    0.003895    0.006334    0.003305    4.003305 v uio_in[1] (in)
                                                         uio_in[1] (net)
                      0.006341    0.000000    4.003305 v input11/A (sky130_fd_sc_hd__clkdlybuf4s25_1)
     8    0.027271    0.142057    0.240224    4.243529 v input11/X (sky130_fd_sc_hd__clkdlybuf4s25_1)
                                                         net11 (net)
                      0.142116    0.002677    4.246205 v _0797_/A (sky130_fd_sc_hd__nor2_2)
     3    0.010324    0.101147    0.141884    4.388089 ^ _0797_/Y (sky130_fd_sc_hd__nor2_2)
                                                         _0070_ (net)
                      0.101147    0.000350    4.388439 ^ _0802_/C (sky130_fd_sc_hd__and3_2)
     1    0.008669    0.047348    0.128722    4.517161 ^ _0802_/X (sky130_fd_sc_hd__and3_2)
                                                         _0073_ (net)
                      0.047358    0.000656    4.517818 ^ fanout28/A (sky130_fd_sc_hd__clkdlybuf4s25_1)
    10    0.052442    0.392891    0.412261    4.930079 ^ fanout28/X (sky130_fd_sc_hd__clkdlybuf4s25_1)
                                                         net28 (net)
                      0.393090    0.007362    4.937441 ^ fanout27/A (sky130_fd_sc_hd__clkdlybuf4s25_1)
    10    0.046664    0.350856    0.414503    5.351944 ^ fanout27/X (sky130_fd_sc_hd__clkdlybuf4s25_1)
                                                         net27 (net)
                      0.350992    0.005746    5.357690 ^ fanout26/A (sky130_fd_sc_hd__clkdlybuf4s25_1)
    10    0.042415    0.319720    0.393369    5.751059 ^ fanout26/X (sky130_fd_sc_hd__clkdlybuf4s25_1)
                                                         net26 (net)
                      0.319854    0.003057    5.754116 ^ _1473_/B1_N (sky130_fd_sc_hd__a21bo_2)
     1    0.004222    0.028329    0.120646    5.874761 v _1473_/X (sky130_fd_sc_hd__a21bo_2)
                                                         _0718_ (net)
                      0.028329    0.000180    5.874942 v fanout16/A (sky130_fd_sc_hd__clkdlybuf4s25_1)
     5    0.027836    0.144342    0.250861    6.125803 v fanout16/X (sky130_fd_sc_hd__clkdlybuf4s25_1)
                                                         net16 (net)
                      0.144344    0.000795    6.126597 v fanout14/A (sky130_fd_sc_hd__clkdlybuf4s25_1)
    10    0.044432    0.225589    0.351922    6.478520 v fanout14/X (sky130_fd_sc_hd__clkdlybuf4s25_1)
                                                         net14 (net)
                      0.225656    0.003620    6.482140 v _1528_/B1 (sky130_fd_sc_hd__a21o_2)
     1    0.002897    0.024670    0.151487    6.633627 v _1528_/X (sky130_fd_sc_hd__a21o_2)
                                                         _0759_ (net)
                      0.024670    0.000202    6.633829 v _1529_/C1 (sky130_fd_sc_hd__o211a_2)
     1    0.002396    0.029893    0.066500    6.700328 v _1529_/X (sky130_fd_sc_hd__o211a_2)
                                                         _0042_ (net)
                      0.029893    0.000162    6.700490 v _1614_/D (sky130_fd_sc_hd__dfxtp_2)
                                              6.700490   data arrival time

                                 20.000000   20.000000   clock clk (rise edge)
                                  0.000000   20.000000   clock source latency
     1    0.021630    0.077149    0.053266   20.053267 ^ clk (in)
                                                         clk (net)
                      0.077182    0.000000   20.053267 ^ clkbuf_0_clk/A (sky130_fd_sc_hd__clkbuf_16)
     8    0.086925    0.079538    0.132564   20.185831 ^ clkbuf_0_clk/X (sky130_fd_sc_hd__clkbuf_16)
                                                         clknet_0_clk (net)
                      0.079938    0.004530   20.190361 ^ clkbuf_3_4__f_clk/A (sky130_fd_sc_hd__clkbuf_16)
     8    0.034907    0.041737    0.106869   20.297230 ^ clkbuf_3_4__f_clk/X (sky130_fd_sc_hd__clkbuf_16)
                                                         clknet_3_4__leaf_clk (net)
                      0.041939    0.001968   20.299198 ^ _1614_/CLK (sky130_fd_sc_hd__dfxtp_2)
                                 -0.250000   20.049198   clock uncertainty
                                  0.000000   20.049198   clock reconvergence pessimism
                                 -0.069515   19.979683   library setup time
                                             19.979683   data required time
---------------------------------------------------------------------------------------------
                                             19.979683   data required time
                                             -6.700490   data arrival time
---------------------------------------------------------------------------------------------
                                             13.279192   slack (MET)


Startpoint: uio_in[1] (input port clocked by clk)
Endpoint: _1609_ (rising edge-triggered flip-flop clocked by clk)
Path Group: clk
Path Type: max

Fanout         Cap        Slew       Delay        Time   Description
---------------------------------------------------------------------------------------------
                                  0.000000    0.000000   clock clk (rise edge)
                                  0.000000    0.000000   clock network delay (propagated)
                                  4.000000    4.000000 v input external delay
     1    0.003895    0.006334    0.003305    4.003305 v uio_in[1] (in)
                                                         uio_in[1] (net)
                      0.006341    0.000000    4.003305 v input11/A (sky130_fd_sc_hd__clkdlybuf4s25_1)
     8    0.027271    0.142057    0.240224    4.243529 v input11/X (sky130_fd_sc_hd__clkdlybuf4s25_1)
                                                         net11 (net)
                      0.142116    0.002677    4.246205 v _0797_/A (sky130_fd_sc_hd__nor2_2)
     3    0.010324    0.101147    0.141884    4.388089 ^ _0797_/Y (sky130_fd_sc_hd__nor2_2)
                                                         _0070_ (net)
                      0.101147    0.000350    4.388439 ^ _0802_/C (sky130_fd_sc_hd__and3_2)
     1    0.008669    0.047348    0.128722    4.517161 ^ _0802_/X (sky130_fd_sc_hd__and3_2)
                                                         _0073_ (net)
                      0.047358    0.000656    4.517818 ^ fanout28/A (sky130_fd_sc_hd__clkdlybuf4s25_1)
    10    0.052442    0.392891    0.412261    4.930079 ^ fanout28/X (sky130_fd_sc_hd__clkdlybuf4s25_1)
                                                         net28 (net)
                      0.393090    0.007362    4.937441 ^ fanout27/A (sky130_fd_sc_hd__clkdlybuf4s25_1)
    10    0.046664    0.350856    0.414503    5.351944 ^ fanout27/X (sky130_fd_sc_hd__clkdlybuf4s25_1)
                                                         net27 (net)
                      0.350992    0.005746    5.357690 ^ fanout26/A (sky130_fd_sc_hd__clkdlybuf4s25_1)
    10    0.042415    0.319720    0.393369    5.751059 ^ fanout26/X (sky130_fd_sc_hd__clkdlybuf4s25_1)
                                                         net26 (net)
                      0.319854    0.003057    5.754116 ^ _1473_/B1_N (sky130_fd_sc_hd__a21bo_2)
     1    0.004222    0.028329    0.120646    5.874761 v _1473_/X (sky130_fd_sc_hd__a21bo_2)
                                                         _0718_ (net)
                      0.028329    0.000180    5.874942 v fanout16/A (sky130_fd_sc_hd__clkdlybuf4s25_1)
     5    0.027836    0.144342    0.250861    6.125803 v fanout16/X (sky130_fd_sc_hd__clkdlybuf4s25_1)
                                                         net16 (net)
                      0.144361    0.001665    6.127468 v fanout15/A (sky130_fd_sc_hd__clkdlybuf4s25_1)
    10    0.042797    0.217485    0.346495    6.473963 v fanout15/X (sky130_fd_sc_hd__clkdlybuf4s25_1)
                                                         net15 (net)
                      0.217495    0.001612    6.475574 v _1506_/B1 (sky130_fd_sc_hd__a31o_2)
     1    0.003869    0.029985    0.149812    6.625386 v _1506_/X (sky130_fd_sc_hd__a31o_2)
                                                         _0742_ (net)
                      0.029985    0.000271    6.625658 v _1507_/C1 (sky130_fd_sc_hd__o211a_2)
     1    0.002387    0.029875    0.068634    6.694291 v _1507_/X (sky130_fd_sc_hd__o211a_2)
                                                         _0037_ (net)
                      0.029875    0.000166    6.694457 v _1609_/D (sky130_fd_sc_hd__dfxtp_2)
                                              6.694457   data arrival time

                                 20.000000   20.000000   clock clk (rise edge)
                                  0.000000   20.000000   clock source latency
     1    0.021630    0.077149    0.053266   20.053267 ^ clk (in)
                                                         clk (net)
                      0.077182    0.000000   20.053267 ^ clkbuf_0_clk/A (sky130_fd_sc_hd__clkbuf_16)
     8    0.086925    0.079538    0.132564   20.185831 ^ clkbuf_0_clk/X (sky130_fd_sc_hd__clkbuf_16)
                                                         clknet_0_clk (net)
                      0.080188    0.005725   20.191555 ^ clkbuf_3_1__f_clk/A (sky130_fd_sc_hd__clkbuf_16)
     8    0.025158    0.035203    0.101172   20.292728 ^ clkbuf_3_1__f_clk/X (sky130_fd_sc_hd__clkbuf_16)
                                                         clknet_3_1__leaf_clk (net)
                      0.035262    0.001201   20.293928 ^ _1609_/CLK (sky130_fd_sc_hd__dfxtp_2)
                                 -0.250000   20.043930   clock uncertainty
                                  0.000000   20.043930   clock reconvergence pessimism
                                 -0.070151   19.973778   library setup time
                                             19.973778   data required time
---------------------------------------------------------------------------------------------
                                             19.973778   data required time
                                             -6.694457   data arrival time
---------------------------------------------------------------------------------------------
                                             13.279321   slack (MET)


Startpoint: uio_in[1] (input port clocked by clk)
Endpoint: _1608_ (rising edge-triggered flip-flop clocked by clk)
Path Group: clk
Path Type: max

Fanout         Cap        Slew       Delay        Time   Description
---------------------------------------------------------------------------------------------
                                  0.000000    0.000000   clock clk (rise edge)
                                  0.000000    0.000000   clock network delay (propagated)
                                  4.000000    4.000000 v input external delay
     1    0.003895    0.006334    0.003305    4.003305 v uio_in[1] (in)
                                                         uio_in[1] (net)
                      0.006341    0.000000    4.003305 v input11/A (sky130_fd_sc_hd__clkdlybuf4s25_1)
     8    0.027271    0.142057    0.240224    4.243529 v input11/X (sky130_fd_sc_hd__clkdlybuf4s25_1)
                                                         net11 (net)
                      0.142116    0.002677    4.246205 v _0797_/A (sky130_fd_sc_hd__nor2_2)
     3    0.010324    0.101147    0.141884    4.388089 ^ _0797_/Y (sky130_fd_sc_hd__nor2_2)
                                                         _0070_ (net)
                      0.101147    0.000350    4.388439 ^ _0802_/C (sky130_fd_sc_hd__and3_2)
     1    0.008669    0.047348    0.128722    4.517161 ^ _0802_/X (sky130_fd_sc_hd__and3_2)
                                                         _0073_ (net)
                      0.047358    0.000656    4.517818 ^ fanout28/A (sky130_fd_sc_hd__clkdlybuf4s25_1)
    10    0.052442    0.392891    0.412261    4.930079 ^ fanout28/X (sky130_fd_sc_hd__clkdlybuf4s25_1)
                                                         net28 (net)
                      0.393090    0.007362    4.937441 ^ fanout27/A (sky130_fd_sc_hd__clkdlybuf4s25_1)
    10    0.046664    0.350856    0.414503    5.351944 ^ fanout27/X (sky130_fd_sc_hd__clkdlybuf4s25_1)
                                                         net27 (net)
                      0.350992    0.005746    5.357690 ^ fanout26/A (sky130_fd_sc_hd__clkdlybuf4s25_1)
    10    0.042415    0.319720    0.393369    5.751059 ^ fanout26/X (sky130_fd_sc_hd__clkdlybuf4s25_1)
                                                         net26 (net)
                      0.319854    0.003057    5.754116 ^ _1473_/B1_N (sky130_fd_sc_hd__a21bo_2)
     1    0.004222    0.028329    0.120646    5.874761 v _1473_/X (sky130_fd_sc_hd__a21bo_2)
                                                         _0718_ (net)
                      0.028329    0.000180    5.874942 v fanout16/A (sky130_fd_sc_hd__clkdlybuf4s25_1)
     5    0.027836    0.144342    0.250861    6.125803 v fanout16/X (sky130_fd_sc_hd__clkdlybuf4s25_1)
                                                         net16 (net)
                      0.144361    0.001665    6.127468 v fanout15/A (sky130_fd_sc_hd__clkdlybuf4s25_1)
    10    0.042797    0.217485    0.346495    6.473963 v fanout15/X (sky130_fd_sc_hd__clkdlybuf4s25_1)
                                                         net15 (net)
                      0.217503    0.002025    6.475988 v _1502_/B1 (sky130_fd_sc_hd__a21o_2)
     1    0.002656    0.024222    0.148067    6.624056 v _1502_/X (sky130_fd_sc_hd__a21o_2)
                                                         _0739_ (net)
                      0.024222    0.000124    6.624180 v _1503_/C1 (sky130_fd_sc_hd__o211a_2)
     1    0.003462    0.031947    0.068943    6.693123 v _1503_/X (sky130_fd_sc_hd__o211a_2)
                                                         _0036_ (net)
                      0.031947    0.000215    6.693338 v _1608_/D (sky130_fd_sc_hd__dfxtp_2)
                                              6.693338   data arrival time

                                 20.000000   20.000000   clock clk (rise edge)
                                  0.000000   20.000000   clock source latency
     1    0.021630    0.077149    0.053266   20.053267 ^ clk (in)
                                                         clk (net)
                      0.077182    0.000000   20.053267 ^ clkbuf_0_clk/A (sky130_fd_sc_hd__clkbuf_16)
     8    0.086925    0.079538    0.132564   20.185831 ^ clkbuf_0_clk/X (sky130_fd_sc_hd__clkbuf_16)
                                                         clknet_0_clk (net)
                      0.080188    0.005725   20.191555 ^ clkbuf_3_1__f_clk/A (sky130_fd_sc_hd__clkbuf_16)
     8    0.025158    0.035203    0.101172   20.292728 ^ clkbuf_3_1__f_clk/X (sky130_fd_sc_hd__clkbuf_16)
                                                         clknet_3_1__leaf_clk (net)
                      0.035281    0.001375   20.294104 ^ _1608_/CLK (sky130_fd_sc_hd__dfxtp_2)
                                 -0.250000   20.044104   clock uncertainty
                                  0.000000   20.044104   clock reconvergence pessimism
                                 -0.070889   19.973215   library setup time
                                             19.973215   data required time
---------------------------------------------------------------------------------------------
                                             19.973215   data required time
                                             -6.693338   data arrival time
---------------------------------------------------------------------------------------------
                                             13.279877   slack (MET)


Startpoint: uio_in[1] (input port clocked by clk)
Endpoint: _1605_ (rising edge-triggered flip-flop clocked by clk)
Path Group: clk
Path Type: max

Fanout         Cap        Slew       Delay        Time   Description
---------------------------------------------------------------------------------------------
                                  0.000000    0.000000   clock clk (rise edge)
                                  0.000000    0.000000   clock network delay (propagated)
                                  4.000000    4.000000 v input external delay
     1    0.003895    0.006334    0.003305    4.003305 v uio_in[1] (in)
                                                         uio_in[1] (net)
                      0.006341    0.000000    4.003305 v input11/A (sky130_fd_sc_hd__clkdlybuf4s25_1)
     8    0.027271    0.142057    0.240224    4.243529 v input11/X (sky130_fd_sc_hd__clkdlybuf4s25_1)
                                                         net11 (net)
                      0.142116    0.002677    4.246205 v _0797_/A (sky130_fd_sc_hd__nor2_2)
     3    0.010324    0.101147    0.141884    4.388089 ^ _0797_/Y (sky130_fd_sc_hd__nor2_2)
                                                         _0070_ (net)
                      0.101147    0.000350    4.388439 ^ _0802_/C (sky130_fd_sc_hd__and3_2)
     1    0.008669    0.047348    0.128722    4.517161 ^ _0802_/X (sky130_fd_sc_hd__and3_2)
                                                         _0073_ (net)
                      0.047358    0.000656    4.517818 ^ fanout28/A (sky130_fd_sc_hd__clkdlybuf4s25_1)
    10    0.052442    0.392891    0.412261    4.930079 ^ fanout28/X (sky130_fd_sc_hd__clkdlybuf4s25_1)
                                                         net28 (net)
                      0.393090    0.007362    4.937441 ^ fanout27/A (sky130_fd_sc_hd__clkdlybuf4s25_1)
    10    0.046664    0.350856    0.414503    5.351944 ^ fanout27/X (sky130_fd_sc_hd__clkdlybuf4s25_1)
                                                         net27 (net)
                      0.350992    0.005746    5.357690 ^ fanout26/A (sky130_fd_sc_hd__clkdlybuf4s25_1)
    10    0.042415    0.319720    0.393369    5.751059 ^ fanout26/X (sky130_fd_sc_hd__clkdlybuf4s25_1)
                                                         net26 (net)
                      0.319854    0.003057    5.754116 ^ _1473_/B1_N (sky130_fd_sc_hd__a21bo_2)
     1    0.004222    0.028329    0.120646    5.874761 v _1473_/X (sky130_fd_sc_hd__a21bo_2)
                                                         _0718_ (net)
                      0.028329    0.000180    5.874942 v fanout16/A (sky130_fd_sc_hd__clkdlybuf4s25_1)
     5    0.027836    0.144342    0.250861    6.125803 v fanout16/X (sky130_fd_sc_hd__clkdlybuf4s25_1)
                                                         net16 (net)
                      0.144361    0.001665    6.127468 v fanout15/A (sky130_fd_sc_hd__clkdlybuf4s25_1)
    10    0.042797    0.217485    0.346495    6.473963 v fanout15/X (sky130_fd_sc_hd__clkdlybuf4s25_1)
                                                         net15 (net)
                      0.217549    0.003514    6.477477 v _1492_/B1 (sky130_fd_sc_hd__a21o_2)
     1    0.004440    0.028149    0.153335    6.630811 v _1492_/X (sky130_fd_sc_hd__a21o_2)
                                                         _0732_ (net)
                      0.028149    0.000330    6.631141 v _1493_/C1 (sky130_fd_sc_hd__o211a_2)
     1    0.002556    0.030453    0.068302    6.699442 v _1493_/X (sky130_fd_sc_hd__o211a_2)
                                                         _0033_ (net)
                      0.030453    0.000183    6.699625 v _1605_/D (sky130_fd_sc_hd__dfxtp_2)
                                              6.699625   data arrival time

                                 20.000000   20.000000   clock clk (rise edge)
                                  0.000000   20.000000   clock source latency
     1    0.021630    0.077149    0.053266   20.053267 ^ clk (in)
                                                         clk (net)
                      0.077182    0.000000   20.053267 ^ clkbuf_0_clk/A (sky130_fd_sc_hd__clkbuf_16)
     8    0.086925    0.079538    0.132564   20.185831 ^ clkbuf_0_clk/X (sky130_fd_sc_hd__clkbuf_16)
                                                         clknet_0_clk (net)
                      0.080240    0.005947   20.191778 ^ clkbuf_3_3__f_clk/A (sky130_fd_sc_hd__clkbuf_16)
     8    0.033105    0.040577    0.106152   20.297930 ^ clkbuf_3_3__f_clk/X (sky130_fd_sc_hd__clkbuf_16)
                                                         clknet_3_3__leaf_clk (net)
                      0.040691    0.001563   20.299492 ^ _1605_/CLK (sky130_fd_sc_hd__dfxtp_2)
                                 -0.250000   20.049494   clock uncertainty
                                  0.000000   20.049494   clock reconvergence pessimism
                                 -0.069835   19.979658   library setup time
                                             19.979658   data required time
---------------------------------------------------------------------------------------------
                                             19.979658   data required time
                                             -6.699625   data arrival time
---------------------------------------------------------------------------------------------
                                             13.280032   slack (MET)


Startpoint: uio_in[1] (input port clocked by clk)
Endpoint: _1600_ (rising edge-triggered flip-flop clocked by clk)
Path Group: clk
Path Type: max

Fanout         Cap        Slew       Delay        Time   Description
---------------------------------------------------------------------------------------------
                                  0.000000    0.000000   clock clk (rise edge)
                                  0.000000    0.000000   clock network delay (propagated)
                                  4.000000    4.000000 v input external delay
     1    0.003895    0.006334    0.003305    4.003305 v uio_in[1] (in)
                                                         uio_in[1] (net)
                      0.006341    0.000000    4.003305 v input11/A (sky130_fd_sc_hd__clkdlybuf4s25_1)
     8    0.027271    0.142057    0.240224    4.243529 v input11/X (sky130_fd_sc_hd__clkdlybuf4s25_1)
                                                         net11 (net)
                      0.142116    0.002677    4.246205 v _0797_/A (sky130_fd_sc_hd__nor2_2)
     3    0.010324    0.101147    0.141884    4.388089 ^ _0797_/Y (sky130_fd_sc_hd__nor2_2)
                                                         _0070_ (net)
                      0.101147    0.000350    4.388439 ^ _0802_/C (sky130_fd_sc_hd__and3_2)
     1    0.008669    0.047348    0.128722    4.517161 ^ _0802_/X (sky130_fd_sc_hd__and3_2)
                                                         _0073_ (net)
                      0.047358    0.000656    4.517818 ^ fanout28/A (sky130_fd_sc_hd__clkdlybuf4s25_1)
    10    0.052442    0.392891    0.412261    4.930079 ^ fanout28/X (sky130_fd_sc_hd__clkdlybuf4s25_1)
                                                         net28 (net)
                      0.393090    0.007362    4.937441 ^ fanout27/A (sky130_fd_sc_hd__clkdlybuf4s25_1)
    10    0.046664    0.350856    0.414503    5.351944 ^ fanout27/X (sky130_fd_sc_hd__clkdlybuf4s25_1)
                                                         net27 (net)
                      0.350992    0.005746    5.357690 ^ fanout26/A (sky130_fd_sc_hd__clkdlybuf4s25_1)
    10    0.042415    0.319720    0.393369    5.751059 ^ fanout26/X (sky130_fd_sc_hd__clkdlybuf4s25_1)
                                                         net26 (net)
                      0.319854    0.003057    5.754116 ^ _1473_/B1_N (sky130_fd_sc_hd__a21bo_2)
     1    0.004222    0.028329    0.120646    5.874761 v _1473_/X (sky130_fd_sc_hd__a21bo_2)
                                                         _0718_ (net)
                      0.028329    0.000180    5.874942 v fanout16/A (sky130_fd_sc_hd__clkdlybuf4s25_1)
     5    0.027836    0.144342    0.250861    6.125803 v fanout16/X (sky130_fd_sc_hd__clkdlybuf4s25_1)
                                                         net16 (net)
                      0.144361    0.001665    6.127468 v fanout15/A (sky130_fd_sc_hd__clkdlybuf4s25_1)
    10    0.042797    0.217485    0.346495    6.473963 v fanout15/X (sky130_fd_sc_hd__clkdlybuf4s25_1)
                                                         net15 (net)
                      0.217491    0.001358    6.475321 v _1475_/B1 (sky130_fd_sc_hd__a31o_2)
     1    0.003729    0.029621    0.149389    6.624710 v _1475_/X (sky130_fd_sc_hd__a31o_2)
                                                         _0720_ (net)
                      0.029621    0.000267    6.624977 v _1476_/C1 (sky130_fd_sc_hd__o211a_2)
     1    0.002178    0.029306    0.067973    6.692949 v _1476_/X (sky130_fd_sc_hd__o211a_2)
                                                         _0028_ (net)
                      0.029306    0.000156    6.693106 v _1600_/D (sky130_fd_sc_hd__dfxtp_2)
                                              6.693106   data arrival time

                                 20.000000   20.000000   clock clk (rise edge)
                                  0.000000   20.000000   clock source latency
     1    0.021630    0.077149    0.053266   20.053267 ^ clk (in)
                                                         clk (net)
                      0.077182    0.000000   20.053267 ^ clkbuf_0_clk/A (sky130_fd_sc_hd__clkbuf_16)
     8    0.086925    0.079538    0.132564   20.185831 ^ clkbuf_0_clk/X (sky130_fd_sc_hd__clkbuf_16)
                                                         clknet_0_clk (net)
                      0.080196    0.005763   20.191593 ^ clkbuf_3_0__f_clk/A (sky130_fd_sc_hd__clkbuf_16)
     8    0.025603    0.035500    0.101174   20.292767 ^ clkbuf_3_0__f_clk/X (sky130_fd_sc_hd__clkbuf_16)
                                                         clknet_3_0__leaf_clk (net)
                      0.035634    0.001162   20.293928 ^ _1600_/CLK (sky130_fd_sc_hd__dfxtp_2)
                                 -0.250000   20.043930   clock uncertainty
                                  0.000000   20.043930   clock reconvergence pessimism
                                 -0.069912   19.974018   library setup time
                                             19.974018   data required time
---------------------------------------------------------------------------------------------
                                             19.974018   data required time
                                             -6.693106   data arrival time
---------------------------------------------------------------------------------------------
                                             13.280911   slack (MET)


Startpoint: uio_in[1] (input port clocked by clk)
Endpoint: _1603_ (rising edge-triggered flip-flop clocked by clk)
Path Group: clk
Path Type: max

Fanout         Cap        Slew       Delay        Time   Description
---------------------------------------------------------------------------------------------
                                  0.000000    0.000000   clock clk (rise edge)
                                  0.000000    0.000000   clock network delay (propagated)
                                  4.000000    4.000000 v input external delay
     1    0.003895    0.006334    0.003305    4.003305 v uio_in[1] (in)
                                                         uio_in[1] (net)
                      0.006341    0.000000    4.003305 v input11/A (sky130_fd_sc_hd__clkdlybuf4s25_1)
     8    0.027271    0.142057    0.240224    4.243529 v input11/X (sky130_fd_sc_hd__clkdlybuf4s25_1)
                                                         net11 (net)
                      0.142116    0.002677    4.246205 v _0797_/A (sky130_fd_sc_hd__nor2_2)
     3    0.010324    0.101147    0.141884    4.388089 ^ _0797_/Y (sky130_fd_sc_hd__nor2_2)
                                                         _0070_ (net)
                      0.101147    0.000350    4.388439 ^ _0802_/C (sky130_fd_sc_hd__and3_2)
     1    0.008669    0.047348    0.128722    4.517161 ^ _0802_/X (sky130_fd_sc_hd__and3_2)
                                                         _0073_ (net)
                      0.047358    0.000656    4.517818 ^ fanout28/A (sky130_fd_sc_hd__clkdlybuf4s25_1)
    10    0.052442    0.392891    0.412261    4.930079 ^ fanout28/X (sky130_fd_sc_hd__clkdlybuf4s25_1)
                                                         net28 (net)
                      0.393090    0.007362    4.937441 ^ fanout27/A (sky130_fd_sc_hd__clkdlybuf4s25_1)
    10    0.046664    0.350856    0.414503    5.351944 ^ fanout27/X (sky130_fd_sc_hd__clkdlybuf4s25_1)
                                                         net27 (net)
                      0.350992    0.005746    5.357690 ^ fanout26/A (sky130_fd_sc_hd__clkdlybuf4s25_1)
    10    0.042415    0.319720    0.393369    5.751059 ^ fanout26/X (sky130_fd_sc_hd__clkdlybuf4s25_1)
                                                         net26 (net)
                      0.319854    0.003057    5.754116 ^ _1473_/B1_N (sky130_fd_sc_hd__a21bo_2)
     1    0.004222    0.028329    0.120646    5.874761 v _1473_/X (sky130_fd_sc_hd__a21bo_2)
                                                         _0718_ (net)
                      0.028329    0.000180    5.874942 v fanout16/A (sky130_fd_sc_hd__clkdlybuf4s25_1)
     5    0.027836    0.144342    0.250861    6.125803 v fanout16/X (sky130_fd_sc_hd__clkdlybuf4s25_1)
                                                         net16 (net)
                      0.144361    0.001665    6.127468 v fanout15/A (sky130_fd_sc_hd__clkdlybuf4s25_1)
    10    0.042797    0.217485    0.346495    6.473963 v fanout15/X (sky130_fd_sc_hd__clkdlybuf4s25_1)
                                                         net15 (net)
                      0.217568    0.003933    6.477896 v _1485_/B1 (sky130_fd_sc_hd__a31o_2)
     1    0.002429    0.026803    0.145596    6.623492 v _1485_/X (sky130_fd_sc_hd__a31o_2)
                                                         _0727_ (net)
                      0.026803    0.000112    6.623604 v _1486_/C1 (sky130_fd_sc_hd__o211a_2)
     1    0.002657    0.030657    0.068009    6.691613 v _1486_/X (sky130_fd_sc_hd__o211a_2)
                                                         _0031_ (net)
                      0.030657    0.000179    6.691792 v _1603_/D (sky130_fd_sc_hd__dfxtp_2)
                                              6.691792   data arrival time

                                 20.000000   20.000000   clock clk (rise edge)
                                  0.000000   20.000000   clock source latency
     1    0.021630    0.077149    0.053266   20.053267 ^ clk (in)
                                                         clk (net)
                      0.077182    0.000000   20.053267 ^ clkbuf_0_clk/A (sky130_fd_sc_hd__clkbuf_16)
     8    0.086925    0.079538    0.132564   20.185831 ^ clkbuf_0_clk/X (sky130_fd_sc_hd__clkbuf_16)
                                                         clknet_0_clk (net)
                      0.080212    0.005830   20.191660 ^ clkbuf_3_2__f_clk/A (sky130_fd_sc_hd__clkbuf_16)
     8    0.026340    0.036005    0.101654   20.293314 ^ clkbuf_3_2__f_clk/X (sky130_fd_sc_hd__clkbuf_16)
                                                         clknet_3_2__leaf_clk (net)
                      0.036109    0.000774   20.294088 ^ _1603_/CLK (sky130_fd_sc_hd__dfxtp_2)
                                 -0.250000   20.044090   clock uncertainty
                                  0.000000   20.044090   clock reconvergence pessimism
                                 -0.070349   19.973740   library setup time
                                             19.973740   data required time
---------------------------------------------------------------------------------------------
                                             19.973740   data required time
                                             -6.691792   data arrival time
---------------------------------------------------------------------------------------------
                                             13.281948   slack (MET)


Startpoint: uio_in[1] (input port clocked by clk)
Endpoint: _1607_ (rising edge-triggered flip-flop clocked by clk)
Path Group: clk
Path Type: max

Fanout         Cap        Slew       Delay        Time   Description
---------------------------------------------------------------------------------------------
                                  0.000000    0.000000   clock clk (rise edge)
                                  0.000000    0.000000   clock network delay (propagated)
                                  4.000000    4.000000 v input external delay
     1    0.003895    0.006334    0.003305    4.003305 v uio_in[1] (in)
                                                         uio_in[1] (net)
                      0.006341    0.000000    4.003305 v input11/A (sky130_fd_sc_hd__clkdlybuf4s25_1)
     8    0.027271    0.142057    0.240224    4.243529 v input11/X (sky130_fd_sc_hd__clkdlybuf4s25_1)
                                                         net11 (net)
                      0.142116    0.002677    4.246205 v _0797_/A (sky130_fd_sc_hd__nor2_2)
     3    0.010324    0.101147    0.141884    4.388089 ^ _0797_/Y (sky130_fd_sc_hd__nor2_2)
                                                         _0070_ (net)
                      0.101147    0.000350    4.388439 ^ _0802_/C (sky130_fd_sc_hd__and3_2)
     1    0.008669    0.047348    0.128722    4.517161 ^ _0802_/X (sky130_fd_sc_hd__and3_2)
                                                         _0073_ (net)
                      0.047358    0.000656    4.517818 ^ fanout28/A (sky130_fd_sc_hd__clkdlybuf4s25_1)
    10    0.052442    0.392891    0.412261    4.930079 ^ fanout28/X (sky130_fd_sc_hd__clkdlybuf4s25_1)
                                                         net28 (net)
                      0.393090    0.007362    4.937441 ^ fanout27/A (sky130_fd_sc_hd__clkdlybuf4s25_1)
    10    0.046664    0.350856    0.414503    5.351944 ^ fanout27/X (sky130_fd_sc_hd__clkdlybuf4s25_1)
                                                         net27 (net)
                      0.350992    0.005746    5.357690 ^ fanout26/A (sky130_fd_sc_hd__clkdlybuf4s25_1)
    10    0.042415    0.319720    0.393369    5.751059 ^ fanout26/X (sky130_fd_sc_hd__clkdlybuf4s25_1)
                                                         net26 (net)
                      0.319854    0.003057    5.754116 ^ _1473_/B1_N (sky130_fd_sc_hd__a21bo_2)
     1    0.004222    0.028329    0.120646    5.874761 v _1473_/X (sky130_fd_sc_hd__a21bo_2)
                                                         _0718_ (net)
                      0.028329    0.000180    5.874942 v fanout16/A (sky130_fd_sc_hd__clkdlybuf4s25_1)
     5    0.027836    0.144342    0.250861    6.125803 v fanout16/X (sky130_fd_sc_hd__clkdlybuf4s25_1)
                                                         net16 (net)
                      0.144361    0.001665    6.127468 v fanout15/A (sky130_fd_sc_hd__clkdlybuf4s25_1)
    10    0.042797    0.217485    0.346495    6.473963 v fanout15/X (sky130_fd_sc_hd__clkdlybuf4s25_1)
                                                         net15 (net)
                      0.217530    0.002994    6.476957 v _1498_/B1 (sky130_fd_sc_hd__a21o_2)
     1    0.003156    0.025206    0.149545    6.626502 v _1498_/X (sky130_fd_sc_hd__a21o_2)
                                                         _0736_ (net)
                      0.025206    0.000214    6.626716 v _1499_/C1 (sky130_fd_sc_hd__o211a_2)
     1    0.002702    0.030750    0.067463    6.694179 v _1499_/X (sky130_fd_sc_hd__o211a_2)
                                                         _0035_ (net)
                      0.030750    0.000190    6.694369 v _1607_/D (sky130_fd_sc_hd__dfxtp_2)
                                              6.694369   data arrival time

                                 20.000000   20.000000   clock clk (rise edge)
                                  0.000000   20.000000   clock source latency
     1    0.021630    0.077149    0.053266   20.053267 ^ clk (in)
                                                         clk (net)
                      0.077182    0.000000   20.053267 ^ clkbuf_0_clk/A (sky130_fd_sc_hd__clkbuf_16)
     8    0.086925    0.079538    0.132564   20.185831 ^ clkbuf_0_clk/X (sky130_fd_sc_hd__clkbuf_16)
                                                         clknet_0_clk (net)
                      0.079938    0.004530   20.190361 ^ clkbuf_3_4__f_clk/A (sky130_fd_sc_hd__clkbuf_16)
     8    0.034907    0.041737    0.106869   20.297230 ^ clkbuf_3_4__f_clk/X (sky130_fd_sc_hd__clkbuf_16)
                                                         clknet_3_4__leaf_clk (net)
                      0.041942    0.001990   20.299219 ^ _1607_/CLK (sky130_fd_sc_hd__dfxtp_2)
                                 -0.250000   20.049219   clock uncertainty
                                  0.000000   20.049219   clock reconvergence pessimism
                                 -0.069821   19.979399   library setup time
                                             19.979399   data required time
---------------------------------------------------------------------------------------------
                                             19.979399   data required time
                                             -6.694369   data arrival time
---------------------------------------------------------------------------------------------
                                             13.285028   slack (MET)


Startpoint: uio_in[1] (input port clocked by clk)
Endpoint: _1606_ (rising edge-triggered flip-flop clocked by clk)
Path Group: clk
Path Type: max

Fanout         Cap        Slew       Delay        Time   Description
---------------------------------------------------------------------------------------------
                                  0.000000    0.000000   clock clk (rise edge)
                                  0.000000    0.000000   clock network delay (propagated)
                                  4.000000    4.000000 v input external delay
     1    0.003895    0.006334    0.003305    4.003305 v uio_in[1] (in)
                                                         uio_in[1] (net)
                      0.006341    0.000000    4.003305 v input11/A (sky130_fd_sc_hd__clkdlybuf4s25_1)
     8    0.027271    0.142057    0.240224    4.243529 v input11/X (sky130_fd_sc_hd__clkdlybuf4s25_1)
                                                         net11 (net)
                      0.142116    0.002677    4.246205 v _0797_/A (sky130_fd_sc_hd__nor2_2)
     3    0.010324    0.101147    0.141884    4.388089 ^ _0797_/Y (sky130_fd_sc_hd__nor2_2)
                                                         _0070_ (net)
                      0.101147    0.000350    4.388439 ^ _0802_/C (sky130_fd_sc_hd__and3_2)
     1    0.008669    0.047348    0.128722    4.517161 ^ _0802_/X (sky130_fd_sc_hd__and3_2)
                                                         _0073_ (net)
                      0.047358    0.000656    4.517818 ^ fanout28/A (sky130_fd_sc_hd__clkdlybuf4s25_1)
    10    0.052442    0.392891    0.412261    4.930079 ^ fanout28/X (sky130_fd_sc_hd__clkdlybuf4s25_1)
                                                         net28 (net)
                      0.393090    0.007362    4.937441 ^ fanout27/A (sky130_fd_sc_hd__clkdlybuf4s25_1)
    10    0.046664    0.350856    0.414503    5.351944 ^ fanout27/X (sky130_fd_sc_hd__clkdlybuf4s25_1)
                                                         net27 (net)
                      0.350992    0.005746    5.357690 ^ fanout26/A (sky130_fd_sc_hd__clkdlybuf4s25_1)
    10    0.042415    0.319720    0.393369    5.751059 ^ fanout26/X (sky130_fd_sc_hd__clkdlybuf4s25_1)
                                                         net26 (net)
                      0.319854    0.003057    5.754116 ^ _1473_/B1_N (sky130_fd_sc_hd__a21bo_2)
     1    0.004222    0.028329    0.120646    5.874761 v _1473_/X (sky130_fd_sc_hd__a21bo_2)
                                                         _0718_ (net)
                      0.028329    0.000180    5.874942 v fanout16/A (sky130_fd_sc_hd__clkdlybuf4s25_1)
     5    0.027836    0.144342    0.250861    6.125803 v fanout16/X (sky130_fd_sc_hd__clkdlybuf4s25_1)
                                                         net16 (net)
                      0.144361    0.001665    6.127468 v fanout15/A (sky130_fd_sc_hd__clkdlybuf4s25_1)
    10    0.042797    0.217485    0.346495    6.473963 v fanout15/X (sky130_fd_sc_hd__clkdlybuf4s25_1)
                                                         net15 (net)
                      0.217545    0.003401    6.477364 v _1495_/B1 (sky130_fd_sc_hd__a31o_2)
     1    0.003681    0.029496    0.149273    6.626637 v _1495_/X (sky130_fd_sc_hd__a31o_2)
                                                         _0734_ (net)
                      0.029496    0.000254    6.626891 v _1496_/C1 (sky130_fd_sc_hd__o211a_2)
     1    0.002229    0.029780    0.068058    6.694949 v _1496_/X (sky130_fd_sc_hd__o211a_2)
                                                         _0034_ (net)
                      0.029780    0.000104    6.695053 v _1606_/D (sky130_fd_sc_hd__dfxtp_2)
                                              6.695053   data arrival time

                                 20.000000   20.000000   clock clk (rise edge)
                                  0.000000   20.000000   clock source latency
     1    0.021630    0.077149    0.053266   20.053267 ^ clk (in)
                                                         clk (net)
                      0.077182    0.000000   20.053267 ^ clkbuf_0_clk/A (sky130_fd_sc_hd__clkbuf_16)
     8    0.086925    0.079538    0.132564   20.185831 ^ clkbuf_0_clk/X (sky130_fd_sc_hd__clkbuf_16)
                                                         clknet_0_clk (net)
                      0.079938    0.004530   20.190361 ^ clkbuf_3_4__f_clk/A (sky130_fd_sc_hd__clkbuf_16)
     8    0.034907    0.041737    0.106869   20.297230 ^ clkbuf_3_4__f_clk/X (sky130_fd_sc_hd__clkbuf_16)
                                                         clknet_3_4__leaf_clk (net)
                      0.042086    0.002872   20.300102 ^ _1606_/CLK (sky130_fd_sc_hd__dfxtp_2)
                                 -0.250000   20.050102   clock uncertainty
                                  0.000000   20.050102   clock reconvergence pessimism
                                 -0.069461   19.980642   library setup time
                                             19.980642   data required time
---------------------------------------------------------------------------------------------
                                             19.980642   data required time
                                             -6.695053   data arrival time
---------------------------------------------------------------------------------------------
                                             13.285589   slack (MET)


Startpoint: uio_in[1] (input port clocked by clk)
Endpoint: _1602_ (rising edge-triggered flip-flop clocked by clk)
Path Group: clk
Path Type: max

Fanout         Cap        Slew       Delay        Time   Description
---------------------------------------------------------------------------------------------
                                  0.000000    0.000000   clock clk (rise edge)
                                  0.000000    0.000000   clock network delay (propagated)
                                  4.000000    4.000000 v input external delay
     1    0.003895    0.006334    0.003305    4.003305 v uio_in[1] (in)
                                                         uio_in[1] (net)
                      0.006341    0.000000    4.003305 v input11/A (sky130_fd_sc_hd__clkdlybuf4s25_1)
     8    0.027271    0.142057    0.240224    4.243529 v input11/X (sky130_fd_sc_hd__clkdlybuf4s25_1)
                                                         net11 (net)
                      0.142116    0.002677    4.246205 v _0797_/A (sky130_fd_sc_hd__nor2_2)
     3    0.010324    0.101147    0.141884    4.388089 ^ _0797_/Y (sky130_fd_sc_hd__nor2_2)
                                                         _0070_ (net)
                      0.101147    0.000350    4.388439 ^ _0802_/C (sky130_fd_sc_hd__and3_2)
     1    0.008669    0.047348    0.128722    4.517161 ^ _0802_/X (sky130_fd_sc_hd__and3_2)
                                                         _0073_ (net)
                      0.047358    0.000656    4.517818 ^ fanout28/A (sky130_fd_sc_hd__clkdlybuf4s25_1)
    10    0.052442    0.392891    0.412261    4.930079 ^ fanout28/X (sky130_fd_sc_hd__clkdlybuf4s25_1)
                                                         net28 (net)
                      0.393090    0.007362    4.937441 ^ fanout27/A (sky130_fd_sc_hd__clkdlybuf4s25_1)
    10    0.046664    0.350856    0.414503    5.351944 ^ fanout27/X (sky130_fd_sc_hd__clkdlybuf4s25_1)
                                                         net27 (net)
                      0.350992    0.005746    5.357690 ^ fanout26/A (sky130_fd_sc_hd__clkdlybuf4s25_1)
    10    0.042415    0.319720    0.393369    5.751059 ^ fanout26/X (sky130_fd_sc_hd__clkdlybuf4s25_1)
                                                         net26 (net)
                      0.319854    0.003057    5.754116 ^ _1473_/B1_N (sky130_fd_sc_hd__a21bo_2)
     1    0.004222    0.028329    0.120646    5.874761 v _1473_/X (sky130_fd_sc_hd__a21bo_2)
                                                         _0718_ (net)
                      0.028329    0.000180    5.874942 v fanout16/A (sky130_fd_sc_hd__clkdlybuf4s25_1)
     5    0.027836    0.144342    0.250861    6.125803 v fanout16/X (sky130_fd_sc_hd__clkdlybuf4s25_1)
                                                         net16 (net)
                      0.144361    0.001665    6.127468 v fanout15/A (sky130_fd_sc_hd__clkdlybuf4s25_1)
    10    0.042797    0.217485    0.346495    6.473963 v fanout15/X (sky130_fd_sc_hd__clkdlybuf4s25_1)
                                                         net15 (net)
                      0.217495    0.001642    6.475605 v _1482_/B1 (sky130_fd_sc_hd__a31o_2)
     1    0.002422    0.026788    0.145552    6.621157 v _1482_/X (sky130_fd_sc_hd__a31o_2)
                                                         _0725_ (net)
                      0.026788    0.000112    6.621269 v _1483_/C1 (sky130_fd_sc_hd__o211a_2)
     1    0.002363    0.029824    0.067288    6.688556 v _1483_/X (sky130_fd_sc_hd__o211a_2)
                                                         _0030_ (net)
                      0.029824    0.000114    6.688670 v _1602_/D (sky130_fd_sc_hd__dfxtp_2)
                                              6.688670   data arrival time

                                 20.000000   20.000000   clock clk (rise edge)
                                  0.000000   20.000000   clock source latency
     1    0.021630    0.077149    0.053266   20.053267 ^ clk (in)
                                                         clk (net)
                      0.077182    0.000000   20.053267 ^ clkbuf_0_clk/A (sky130_fd_sc_hd__clkbuf_16)
     8    0.086925    0.079538    0.132564   20.185831 ^ clkbuf_0_clk/X (sky130_fd_sc_hd__clkbuf_16)
                                                         clknet_0_clk (net)
                      0.080240    0.005947   20.191778 ^ clkbuf_3_3__f_clk/A (sky130_fd_sc_hd__clkbuf_16)
     8    0.033105    0.040577    0.106152   20.297930 ^ clkbuf_3_3__f_clk/X (sky130_fd_sc_hd__clkbuf_16)
                                                         clknet_3_3__leaf_clk (net)
                      0.040700    0.001643   20.299572 ^ _1602_/CLK (sky130_fd_sc_hd__dfxtp_2)
                                 -0.250000   20.049574   clock uncertainty
                                  0.000000   20.049574   clock reconvergence pessimism
                                 -0.069610   19.979963   library setup time
                                             19.979963   data required time
---------------------------------------------------------------------------------------------
                                             19.979963   data required time
                                             -6.688670   data arrival time
---------------------------------------------------------------------------------------------
                                             13.291293   slack (MET)


Startpoint: uio_in[1] (input port clocked by clk)
Endpoint: _1616_ (rising edge-triggered flip-flop clocked by clk)
Path Group: clk
Path Type: max

Fanout         Cap        Slew       Delay        Time   Description
---------------------------------------------------------------------------------------------
                                  0.000000    0.000000   clock clk (rise edge)
                                  0.000000    0.000000   clock network delay (propagated)
                                  4.000000    4.000000 v input external delay
     1    0.003895    0.006334    0.003305    4.003305 v uio_in[1] (in)
                                                         uio_in[1] (net)
                      0.006341    0.000000    4.003305 v input11/A (sky130_fd_sc_hd__clkdlybuf4s25_1)
     8    0.027271    0.142057    0.240224    4.243529 v input11/X (sky130_fd_sc_hd__clkdlybuf4s25_1)
                                                         net11 (net)
                      0.142116    0.002677    4.246205 v _0797_/A (sky130_fd_sc_hd__nor2_2)
     3    0.010324    0.101147    0.141884    4.388089 ^ _0797_/Y (sky130_fd_sc_hd__nor2_2)
                                                         _0070_ (net)
                      0.101147    0.000350    4.388439 ^ _0802_/C (sky130_fd_sc_hd__and3_2)
     1    0.008669    0.047348    0.128722    4.517161 ^ _0802_/X (sky130_fd_sc_hd__and3_2)
                                                         _0073_ (net)
                      0.047358    0.000656    4.517818 ^ fanout28/A (sky130_fd_sc_hd__clkdlybuf4s25_1)
    10    0.052442    0.392891    0.412261    4.930079 ^ fanout28/X (sky130_fd_sc_hd__clkdlybuf4s25_1)
                                                         net28 (net)
                      0.393090    0.007362    4.937441 ^ fanout27/A (sky130_fd_sc_hd__clkdlybuf4s25_1)
    10    0.046664    0.350856    0.414503    5.351944 ^ fanout27/X (sky130_fd_sc_hd__clkdlybuf4s25_1)
                                                         net27 (net)
                      0.350992    0.005746    5.357690 ^ fanout26/A (sky130_fd_sc_hd__clkdlybuf4s25_1)
    10    0.042415    0.319720    0.393369    5.751059 ^ fanout26/X (sky130_fd_sc_hd__clkdlybuf4s25_1)
                                                         net26 (net)
                      0.319854    0.003057    5.754116 ^ _1473_/B1_N (sky130_fd_sc_hd__a21bo_2)
     1    0.004222    0.028329    0.120646    5.874761 v _1473_/X (sky130_fd_sc_hd__a21bo_2)
                                                         _0718_ (net)
                      0.028329    0.000180    5.874942 v fanout16/A (sky130_fd_sc_hd__clkdlybuf4s25_1)
     5    0.027836    0.144342    0.250861    6.125803 v fanout16/X (sky130_fd_sc_hd__clkdlybuf4s25_1)
                                                         net16 (net)
                      0.144399    0.002669    6.128471 v _1535_/B1 (sky130_fd_sc_hd__a31o_2)
     1    0.004325    0.031209    0.126411    6.254882 v _1535_/X (sky130_fd_sc_hd__a31o_2)
                                                         _0764_ (net)
                      0.031209    0.000351    6.255233 v _1536_/C1 (sky130_fd_sc_hd__o211a_2)
     1    0.002902    0.031154    0.070397    6.325630 v _1536_/X (sky130_fd_sc_hd__o211a_2)
                                                         _0044_ (net)
                      0.031154    0.000195    6.325825 v _1616_/D (sky130_fd_sc_hd__dfxtp_2)
                                              6.325825   data arrival time

                                 20.000000   20.000000   clock clk (rise edge)
                                  0.000000   20.000000   clock source latency
     1    0.021630    0.077149    0.053266   20.053267 ^ clk (in)
                                                         clk (net)
                      0.077182    0.000000   20.053267 ^ clkbuf_0_clk/A (sky130_fd_sc_hd__clkbuf_16)
     8    0.086925    0.079538    0.132564   20.185831 ^ clkbuf_0_clk/X (sky130_fd_sc_hd__clkbuf_16)
                                                         clknet_0_clk (net)
                      0.080188    0.005725   20.191555 ^ clkbuf_3_1__f_clk/A (sky130_fd_sc_hd__clkbuf_16)
     8    0.025158    0.035203    0.101172   20.292728 ^ clkbuf_3_1__f_clk/X (sky130_fd_sc_hd__clkbuf_16)
                                                         clknet_3_1__leaf_clk (net)
                      0.035264    0.001227   20.293955 ^ _1616_/CLK (sky130_fd_sc_hd__dfxtp_2)
                                 -0.250000   20.043957   clock uncertainty
                                  0.000000   20.043957   clock reconvergence pessimism
                                 -0.070608   19.973349   library setup time
                                             19.973349   data required time
---------------------------------------------------------------------------------------------
                                             19.973349   data required time
                                             -6.325825   data arrival time
---------------------------------------------------------------------------------------------
                                             13.647523   slack (MET)


Startpoint: uio_in[1] (input port clocked by clk)
Endpoint: _1617_ (rising edge-triggered flip-flop clocked by clk)
Path Group: clk
Path Type: max

Fanout         Cap        Slew       Delay        Time   Description
---------------------------------------------------------------------------------------------
                                  0.000000    0.000000   clock clk (rise edge)
                                  0.000000    0.000000   clock network delay (propagated)
                                  4.000000    4.000000 v input external delay
     1    0.003895    0.006334    0.003305    4.003305 v uio_in[1] (in)
                                                         uio_in[1] (net)
                      0.006341    0.000000    4.003305 v input11/A (sky130_fd_sc_hd__clkdlybuf4s25_1)
     8    0.027271    0.142057    0.240224    4.243529 v input11/X (sky130_fd_sc_hd__clkdlybuf4s25_1)
                                                         net11 (net)
                      0.142116    0.002677    4.246205 v _0797_/A (sky130_fd_sc_hd__nor2_2)
     3    0.010324    0.101147    0.141884    4.388089 ^ _0797_/Y (sky130_fd_sc_hd__nor2_2)
                                                         _0070_ (net)
                      0.101147    0.000350    4.388439 ^ _0802_/C (sky130_fd_sc_hd__and3_2)
     1    0.008669    0.047348    0.128722    4.517161 ^ _0802_/X (sky130_fd_sc_hd__and3_2)
                                                         _0073_ (net)
                      0.047358    0.000656    4.517818 ^ fanout28/A (sky130_fd_sc_hd__clkdlybuf4s25_1)
    10    0.052442    0.392891    0.412261    4.930079 ^ fanout28/X (sky130_fd_sc_hd__clkdlybuf4s25_1)
                                                         net28 (net)
                      0.393090    0.007362    4.937441 ^ fanout27/A (sky130_fd_sc_hd__clkdlybuf4s25_1)
    10    0.046664    0.350856    0.414503    5.351944 ^ fanout27/X (sky130_fd_sc_hd__clkdlybuf4s25_1)
                                                         net27 (net)
                      0.350992    0.005746    5.357690 ^ fanout26/A (sky130_fd_sc_hd__clkdlybuf4s25_1)
    10    0.042415    0.319720    0.393369    5.751059 ^ fanout26/X (sky130_fd_sc_hd__clkdlybuf4s25_1)
                                                         net26 (net)
                      0.319854    0.003057    5.754116 ^ _1473_/B1_N (sky130_fd_sc_hd__a21bo_2)
     1    0.004222    0.028329    0.120646    5.874761 v _1473_/X (sky130_fd_sc_hd__a21bo_2)
                                                         _0718_ (net)
                      0.028329    0.000180    5.874942 v fanout16/A (sky130_fd_sc_hd__clkdlybuf4s25_1)
     5    0.027836    0.144342    0.250861    6.125803 v fanout16/X (sky130_fd_sc_hd__clkdlybuf4s25_1)
                                                         net16 (net)
                      0.144396    0.002603    6.128406 v _1539_/B1 (sky130_fd_sc_hd__a31o_2)
     1    0.003069    0.028131    0.123007    6.251413 v _1539_/X (sky130_fd_sc_hd__a31o_2)
                                                         _0767_ (net)
                      0.028131    0.000222    6.251636 v _1540_/C1 (sky130_fd_sc_hd__o211a_2)
     1    0.002935    0.031221    0.069225    6.320861 v _1540_/X (sky130_fd_sc_hd__o211a_2)
                                                         _0045_ (net)
                      0.031221    0.000203    6.321064 v _1617_/D (sky130_fd_sc_hd__dfxtp_2)
                                              6.321064   data arrival time

                                 20.000000   20.000000   clock clk (rise edge)
                                  0.000000   20.000000   clock source latency
     1    0.021630    0.077149    0.053266   20.053267 ^ clk (in)
                                                         clk (net)
                      0.077182    0.000000   20.053267 ^ clkbuf_0_clk/A (sky130_fd_sc_hd__clkbuf_16)
     8    0.086925    0.079538    0.132564   20.185831 ^ clkbuf_0_clk/X (sky130_fd_sc_hd__clkbuf_16)
                                                         clknet_0_clk (net)
                      0.080188    0.005725   20.191555 ^ clkbuf_3_1__f_clk/A (sky130_fd_sc_hd__clkbuf_16)
     8    0.025158    0.035203    0.101172   20.292728 ^ clkbuf_3_1__f_clk/X (sky130_fd_sc_hd__clkbuf_16)
                                                         clknet_3_1__leaf_clk (net)
                      0.035264    0.001226   20.293953 ^ _1617_/CLK (sky130_fd_sc_hd__dfxtp_2)
                                 -0.250000   20.043955   clock uncertainty
                                  0.000000   20.043955   clock reconvergence pessimism
                                 -0.070632   19.973324   library setup time
                                             19.973324   data required time
---------------------------------------------------------------------------------------------
                                             19.973324   data required time
                                             -6.321064   data arrival time
---------------------------------------------------------------------------------------------
                                             13.652258   slack (MET)


Startpoint: uio_in[1] (input port clocked by clk)
Endpoint: _1611_ (rising edge-triggered flip-flop clocked by clk)
Path Group: clk
Path Type: max

Fanout         Cap        Slew       Delay        Time   Description
---------------------------------------------------------------------------------------------
                                  0.000000    0.000000   clock clk (rise edge)
                                  0.000000    0.000000   clock network delay (propagated)
                                  4.000000    4.000000 v input external delay
     1    0.003895    0.006334    0.003305    4.003305 v uio_in[1] (in)
                                                         uio_in[1] (net)
                      0.006341    0.000000    4.003305 v input11/A (sky130_fd_sc_hd__clkdlybuf4s25_1)
     8    0.027271    0.142057    0.240224    4.243529 v input11/X (sky130_fd_sc_hd__clkdlybuf4s25_1)
                                                         net11 (net)
                      0.142116    0.002677    4.246205 v _0797_/A (sky130_fd_sc_hd__nor2_2)
     3    0.010324    0.101147    0.141884    4.388089 ^ _0797_/Y (sky130_fd_sc_hd__nor2_2)
                                                         _0070_ (net)
                      0.101147    0.000350    4.388439 ^ _0802_/C (sky130_fd_sc_hd__and3_2)
     1    0.008669    0.047348    0.128722    4.517161 ^ _0802_/X (sky130_fd_sc_hd__and3_2)
                                                         _0073_ (net)
                      0.047358    0.000656    4.517818 ^ fanout28/A (sky130_fd_sc_hd__clkdlybuf4s25_1)
    10    0.052442    0.392891    0.412261    4.930079 ^ fanout28/X (sky130_fd_sc_hd__clkdlybuf4s25_1)
                                                         net28 (net)
                      0.393090    0.007362    4.937441 ^ fanout27/A (sky130_fd_sc_hd__clkdlybuf4s25_1)
    10    0.046664    0.350856    0.414503    5.351944 ^ fanout27/X (sky130_fd_sc_hd__clkdlybuf4s25_1)
                                                         net27 (net)
                      0.350992    0.005746    5.357690 ^ fanout26/A (sky130_fd_sc_hd__clkdlybuf4s25_1)
    10    0.042415    0.319720    0.393369    5.751059 ^ fanout26/X (sky130_fd_sc_hd__clkdlybuf4s25_1)
                                                         net26 (net)
                      0.319854    0.003057    5.754116 ^ _1473_/B1_N (sky130_fd_sc_hd__a21bo_2)
     1    0.004222    0.028329    0.120646    5.874761 v _1473_/X (sky130_fd_sc_hd__a21bo_2)
                                                         _0718_ (net)
                      0.028329    0.000180    5.874942 v fanout16/A (sky130_fd_sc_hd__clkdlybuf4s25_1)
     5    0.027836    0.144342    0.250861    6.125803 v fanout16/X (sky130_fd_sc_hd__clkdlybuf4s25_1)
                                                         net16 (net)
                      0.144381    0.002267    6.128070 v _1515_/B1 (sky130_fd_sc_hd__a31o_2)
     1    0.004042    0.030439    0.125679    6.253749 v _1515_/X (sky130_fd_sc_hd__a31o_2)
                                                         _0749_ (net)
                      0.030439    0.000258    6.254006 v _1516_/C1 (sky130_fd_sc_hd__o211a_2)
     1    0.002619    0.030351    0.069383    6.323389 v _1516_/X (sky130_fd_sc_hd__o211a_2)
                                                         _0039_ (net)
                      0.030351    0.000190    6.323579 v _1611_/D (sky130_fd_sc_hd__dfxtp_2)
                                              6.323579   data arrival time

                                 20.000000   20.000000   clock clk (rise edge)
                                  0.000000   20.000000   clock source latency
     1    0.021630    0.077149    0.053266   20.053267 ^ clk (in)
                                                         clk (net)
                      0.077182    0.000000   20.053267 ^ clkbuf_0_clk/A (sky130_fd_sc_hd__clkbuf_16)
     8    0.086925    0.079538    0.132564   20.185831 ^ clkbuf_0_clk/X (sky130_fd_sc_hd__clkbuf_16)
                                                         clknet_0_clk (net)
                      0.079938    0.004530   20.190361 ^ clkbuf_3_4__f_clk/A (sky130_fd_sc_hd__clkbuf_16)
     8    0.034907    0.041737    0.106869   20.297230 ^ clkbuf_3_4__f_clk/X (sky130_fd_sc_hd__clkbuf_16)
                                                         clknet_3_4__leaf_clk (net)
                      0.041923    0.001853   20.299082 ^ _1611_/CLK (sky130_fd_sc_hd__dfxtp_2)
                                 -0.250000   20.049084   clock uncertainty
                                  0.000000   20.049084   clock reconvergence pessimism
                                 -0.069680   19.979403   library setup time
                                             19.979403   data required time
---------------------------------------------------------------------------------------------
                                             19.979403   data required time
                                             -6.323579   data arrival time
---------------------------------------------------------------------------------------------
                                             13.655824   slack (MET)


Startpoint: uio_in[1] (input port clocked by clk)
Endpoint: _1575_ (rising edge-triggered flip-flop clocked by clk)
Path Group: clk
Path Type: max

Fanout         Cap        Slew       Delay        Time   Description
---------------------------------------------------------------------------------------------
                                  0.000000    0.000000   clock clk (rise edge)
                                  0.000000    0.000000   clock network delay (propagated)
                                  4.000000    4.000000 v input external delay
     1    0.003895    0.006334    0.003305    4.003305 v uio_in[1] (in)
                                                         uio_in[1] (net)
                      0.006341    0.000000    4.003305 v input11/A (sky130_fd_sc_hd__clkdlybuf4s25_1)
     8    0.027271    0.142057    0.240224    4.243529 v input11/X (sky130_fd_sc_hd__clkdlybuf4s25_1)
                                                         net11 (net)
                      0.142116    0.002677    4.246205 v _0797_/A (sky130_fd_sc_hd__nor2_2)
     3    0.010324    0.101147    0.141884    4.388089 ^ _0797_/Y (sky130_fd_sc_hd__nor2_2)
                                                         _0070_ (net)
                      0.101147    0.000350    4.388439 ^ _0802_/C (sky130_fd_sc_hd__and3_2)
     1    0.008669    0.047348    0.128722    4.517161 ^ _0802_/X (sky130_fd_sc_hd__and3_2)
                                                         _0073_ (net)
                      0.047358    0.000656    4.517818 ^ fanout28/A (sky130_fd_sc_hd__clkdlybuf4s25_1)
    10    0.052442    0.392891    0.412261    4.930079 ^ fanout28/X (sky130_fd_sc_hd__clkdlybuf4s25_1)
                                                         net28 (net)
                      0.393090    0.007362    4.937441 ^ fanout27/A (sky130_fd_sc_hd__clkdlybuf4s25_1)
    10    0.046664    0.350856    0.414503    5.351944 ^ fanout27/X (sky130_fd_sc_hd__clkdlybuf4s25_1)
                                                         net27 (net)
                      0.350992    0.005746    5.357690 ^ fanout26/A (sky130_fd_sc_hd__clkdlybuf4s25_1)
    10    0.042415    0.319720    0.393369    5.751059 ^ fanout26/X (sky130_fd_sc_hd__clkdlybuf4s25_1)
                                                         net26 (net)
                      0.319832    0.002140    5.753199 ^ _1410_/A1 (sky130_fd_sc_hd__a21o_2)
     1    0.003529    0.028023    0.092843    5.846041 ^ _1410_/X (sky130_fd_sc_hd__a21o_2)
                                                         _0680_ (net)
                      0.028023    0.000214    5.846255 ^ _1411_/B (sky130_fd_sc_hd__and2_2)
     1    0.002144    0.030426    0.075335    5.921590 ^ _1411_/X (sky130_fd_sc_hd__and2_2)
                                                         _0003_ (net)
                      0.030426    0.000097    5.921687 ^ _1575_/D (sky130_fd_sc_hd__dfxtp_2)
                                              5.921687   data arrival time

                                 20.000000   20.000000   clock clk (rise edge)
                                  0.000000   20.000000   clock source latency
     1    0.021630    0.077149    0.053266   20.053267 ^ clk (in)
                                                         clk (net)
                      0.077182    0.000000   20.053267 ^ clkbuf_0_clk/A (sky130_fd_sc_hd__clkbuf_16)
     8    0.086925    0.079538    0.132564   20.185831 ^ clkbuf_0_clk/X (sky130_fd_sc_hd__clkbuf_16)
                                                         clknet_0_clk (net)
                      0.080188    0.005725   20.191555 ^ clkbuf_3_1__f_clk/A (sky130_fd_sc_hd__clkbuf_16)
     8    0.025158    0.035203    0.101172   20.292728 ^ clkbuf_3_1__f_clk/X (sky130_fd_sc_hd__clkbuf_16)
                                                         clknet_3_1__leaf_clk (net)
                      0.035276    0.001329   20.294056 ^ _1575_/CLK (sky130_fd_sc_hd__dfxtp_2)
                                 -0.250000   20.044058   clock uncertainty
                                  0.000000   20.044058   clock reconvergence pessimism
                                 -0.031273   20.012785   library setup time
                                             20.012785   data required time
---------------------------------------------------------------------------------------------
                                             20.012785   data required time
                                             -5.921687   data arrival time
---------------------------------------------------------------------------------------------
                                             14.091098   slack (MET)


Startpoint: uio_in[1] (input port clocked by clk)
Endpoint: _1623_ (rising edge-triggered flip-flop clocked by clk)
Path Group: clk
Path Type: max

Fanout         Cap        Slew       Delay        Time   Description
---------------------------------------------------------------------------------------------
                                  0.000000    0.000000   clock clk (rise edge)
                                  0.000000    0.000000   clock network delay (propagated)
                                  4.000000    4.000000 v input external delay
     1    0.003895    0.006334    0.003305    4.003305 v uio_in[1] (in)
                                                         uio_in[1] (net)
                      0.006341    0.000000    4.003305 v input11/A (sky130_fd_sc_hd__clkdlybuf4s25_1)
     8    0.027271    0.142057    0.240224    4.243529 v input11/X (sky130_fd_sc_hd__clkdlybuf4s25_1)
                                                         net11 (net)
                      0.142116    0.002677    4.246205 v _0797_/A (sky130_fd_sc_hd__nor2_2)
     3    0.010324    0.101147    0.141884    4.388089 ^ _0797_/Y (sky130_fd_sc_hd__nor2_2)
                                                         _0070_ (net)
                      0.101147    0.000350    4.388439 ^ _0802_/C (sky130_fd_sc_hd__and3_2)
     1    0.008669    0.047348    0.128722    4.517161 ^ _0802_/X (sky130_fd_sc_hd__and3_2)
                                                         _0073_ (net)
                      0.047358    0.000656    4.517818 ^ fanout28/A (sky130_fd_sc_hd__clkdlybuf4s25_1)
    10    0.052442    0.392891    0.412261    4.930079 ^ fanout28/X (sky130_fd_sc_hd__clkdlybuf4s25_1)
                                                         net28 (net)
                      0.393090    0.007362    4.937441 ^ fanout27/A (sky130_fd_sc_hd__clkdlybuf4s25_1)
    10    0.046664    0.350856    0.414503    5.351944 ^ fanout27/X (sky130_fd_sc_hd__clkdlybuf4s25_1)
                                                         net27 (net)
                      0.350992    0.005746    5.357690 ^ fanout26/A (sky130_fd_sc_hd__clkdlybuf4s25_1)
    10    0.042415    0.319720    0.393369    5.751059 ^ fanout26/X (sky130_fd_sc_hd__clkdlybuf4s25_1)
                                                         net26 (net)
                      0.319836    0.002320    5.753379 ^ _1560_/A (sky130_fd_sc_hd__nand2_2)
     1    0.003013    0.054982    0.012780    5.766159 v _1560_/Y (sky130_fd_sc_hd__nand2_2)
                                                         _0782_ (net)
                      0.054982    0.000209    5.766367 v _1561_/C1 (sky130_fd_sc_hd__o211a_2)
     1    0.003923    0.033235    0.082556    5.848923 v _1561_/X (sky130_fd_sc_hd__o211a_2)
                                                         _0051_ (net)
                      0.033235    0.000246    5.849169 v _1623_/D (sky130_fd_sc_hd__dfxtp_2)
                                              5.849169   data arrival time

                                 20.000000   20.000000   clock clk (rise edge)
                                  0.000000   20.000000   clock source latency
     1    0.021630    0.077149    0.053266   20.053267 ^ clk (in)
                                                         clk (net)
                      0.077182    0.000000   20.053267 ^ clkbuf_0_clk/A (sky130_fd_sc_hd__clkbuf_16)
     8    0.086925    0.079538    0.132564   20.185831 ^ clkbuf_0_clk/X (sky130_fd_sc_hd__clkbuf_16)
                                                         clknet_0_clk (net)
                      0.080196    0.005763   20.191593 ^ clkbuf_3_0__f_clk/A (sky130_fd_sc_hd__clkbuf_16)
     8    0.025603    0.035500    0.101174   20.292767 ^ clkbuf_3_0__f_clk/X (sky130_fd_sc_hd__clkbuf_16)
                                                         clknet_3_0__leaf_clk (net)
                      0.035745    0.001922   20.294689 ^ _1623_/CLK (sky130_fd_sc_hd__dfxtp_2)
                                 -0.250000   20.044689   clock uncertainty
                                  0.000000   20.044689   clock reconvergence pessimism
                                 -0.071305   19.973385   library setup time
                                             19.973385   data required time
---------------------------------------------------------------------------------------------
                                             19.973385   data required time
                                             -5.849169   data arrival time
---------------------------------------------------------------------------------------------
                                             14.124217   slack (MET)


Startpoint: uio_in[2] (input port clocked by clk)
Endpoint: _1587_ (rising edge-triggered flip-flop clocked by clk)
Path Group: clk
Path Type: max

Fanout         Cap        Slew       Delay        Time   Description
---------------------------------------------------------------------------------------------
                                  0.000000    0.000000   clock clk (rise edge)
                                  0.000000    0.000000   clock network delay (propagated)
                                  4.000000    4.000000 v input external delay
     1    0.003567    0.005839    0.003012    4.003012 v uio_in[2] (in)
                                                         uio_in[2] (net)
                      0.005849    0.000000    4.003012 v input12/A (sky130_fd_sc_hd__clkdlybuf4s25_1)
     5    0.015511    0.085626    0.197541    4.200553 v input12/X (sky130_fd_sc_hd__clkdlybuf4s25_1)
                                                         net12 (net)
                      0.085638    0.001028    4.201581 v _0805_/B (sky130_fd_sc_hd__or3_2)
     2    0.008043    0.062261    0.285119    4.486700 v _0805_/X (sky130_fd_sc_hd__or3_2)
                                                         _0075_ (net)
                      0.062261    0.000417    4.487116 v _1438_/B (sky130_fd_sc_hd__or3b_2)
     9    0.034221    0.116062    0.338722    4.825838 v _1438_/X (sky130_fd_sc_hd__or3b_2)
                                                         _0699_ (net)
                      0.116257    0.004185    4.830023 v _1445_/B (sky130_fd_sc_hd__or2_2)
     1    0.005800    0.043061    0.194903    5.024926 v _1445_/X (sky130_fd_sc_hd__or2_2)
                                                         _0703_ (net)
                      0.043061    0.000328    5.025254 v _1446_/B1 (sky130_fd_sc_hd__o211a_2)
     1    0.003855    0.032943    0.088172    5.113426 v _1446_/X (sky130_fd_sc_hd__o211a_2)
                                                         _0015_ (net)
                      0.032943    0.000277    5.113702 v _1587_/D (sky130_fd_sc_hd__dfxtp_2)
                                              5.113702   data arrival time

                                 20.000000   20.000000   clock clk (rise edge)
                                  0.000000   20.000000   clock source latency
     1    0.021630    0.077149    0.053266   20.053267 ^ clk (in)
                                                         clk (net)
                      0.077182    0.000000   20.053267 ^ clkbuf_0_clk/A (sky130_fd_sc_hd__clkbuf_16)
     8    0.086925    0.079538    0.132564   20.185831 ^ clkbuf_0_clk/X (sky130_fd_sc_hd__clkbuf_16)
                                                         clknet_0_clk (net)
                      0.080376    0.006484   20.192314 ^ clkbuf_3_6__f_clk/A (sky130_fd_sc_hd__clkbuf_16)
     8    0.026148    0.035921    0.101505   20.293819 ^ clkbuf_3_6__f_clk/X (sky130_fd_sc_hd__clkbuf_16)
                                                         clknet_3_6__leaf_clk (net)
                      0.036240    0.002412   20.296230 ^ _1587_/CLK (sky130_fd_sc_hd__dfxtp_2)
                                 -0.250000   20.046232   clock uncertainty
                                  0.000000   20.046232   clock reconvergence pessimism
                                 -0.071153   19.975080   library setup time
                                             19.975080   data required time
---------------------------------------------------------------------------------------------
                                             19.975080   data required time
                                             -5.113702   data arrival time
---------------------------------------------------------------------------------------------
                                             14.861378   slack (MET)


Startpoint: uio_in[2] (input port clocked by clk)
Endpoint: _1586_ (rising edge-triggered flip-flop clocked by clk)
Path Group: clk
Path Type: max

Fanout         Cap        Slew       Delay        Time   Description
---------------------------------------------------------------------------------------------
                                  0.000000    0.000000   clock clk (rise edge)
                                  0.000000    0.000000   clock network delay (propagated)
                                  4.000000    4.000000 v input external delay
     1    0.003567    0.005839    0.003012    4.003012 v uio_in[2] (in)
                                                         uio_in[2] (net)
                      0.005849    0.000000    4.003012 v input12/A (sky130_fd_sc_hd__clkdlybuf4s25_1)
     5    0.015511    0.085626    0.197541    4.200553 v input12/X (sky130_fd_sc_hd__clkdlybuf4s25_1)
                                                         net12 (net)
                      0.085638    0.001028    4.201581 v _0805_/B (sky130_fd_sc_hd__or3_2)
     2    0.008043    0.062261    0.285119    4.486700 v _0805_/X (sky130_fd_sc_hd__or3_2)
                                                         _0075_ (net)
                      0.062261    0.000417    4.487116 v _1438_/B (sky130_fd_sc_hd__or3b_2)
     9    0.034221    0.116062    0.338722    4.825838 v _1438_/X (sky130_fd_sc_hd__or3b_2)
                                                         _0699_ (net)
                      0.116158    0.003034    4.828872 v _1443_/B (sky130_fd_sc_hd__or2_2)
     1    0.006115    0.043618    0.195685    5.024558 v _1443_/X (sky130_fd_sc_hd__or2_2)
                                                         _0702_ (net)
                      0.043618    0.000436    5.024993 v _1444_/B1 (sky130_fd_sc_hd__o211a_2)
     1    0.002200    0.029228    0.083991    5.108984 v _1444_/X (sky130_fd_sc_hd__o211a_2)
                                                         _0014_ (net)
                      0.029228    0.000102    5.109085 v _1586_/D (sky130_fd_sc_hd__dfxtp_2)
                                              5.109085   data arrival time

                                 20.000000   20.000000   clock clk (rise edge)
                                  0.000000   20.000000   clock source latency
     1    0.021630    0.077149    0.053266   20.053267 ^ clk (in)
                                                         clk (net)
                      0.077182    0.000000   20.053267 ^ clkbuf_0_clk/A (sky130_fd_sc_hd__clkbuf_16)
     8    0.086925    0.079538    0.132564   20.185831 ^ clkbuf_0_clk/X (sky130_fd_sc_hd__clkbuf_16)
                                                         clknet_0_clk (net)
                      0.080376    0.006484   20.192314 ^ clkbuf_3_6__f_clk/A (sky130_fd_sc_hd__clkbuf_16)
     8    0.026148    0.035921    0.101505   20.293819 ^ clkbuf_3_6__f_clk/X (sky130_fd_sc_hd__clkbuf_16)
                                                         clknet_3_6__leaf_clk (net)
                      0.036249    0.002460   20.296280 ^ _1586_/CLK (sky130_fd_sc_hd__dfxtp_2)
                                 -0.250000   20.046280   clock uncertainty
                                  0.000000   20.046280   clock reconvergence pessimism
                                 -0.069825   19.976456   library setup time
                                             19.976456   data required time
---------------------------------------------------------------------------------------------
                                             19.976456   data required time
                                             -5.109085   data arrival time
---------------------------------------------------------------------------------------------
                                             14.867370   slack (MET)


Startpoint: uio_in[2] (input port clocked by clk)
Endpoint: _1585_ (rising edge-triggered flip-flop clocked by clk)
Path Group: clk
Path Type: max

Fanout         Cap        Slew       Delay        Time   Description
---------------------------------------------------------------------------------------------
                                  0.000000    0.000000   clock clk (rise edge)
                                  0.000000    0.000000   clock network delay (propagated)
                                  4.000000    4.000000 v input external delay
     1    0.003567    0.005839    0.003012    4.003012 v uio_in[2] (in)
                                                         uio_in[2] (net)
                      0.005849    0.000000    4.003012 v input12/A (sky130_fd_sc_hd__clkdlybuf4s25_1)
     5    0.015511    0.085626    0.197541    4.200553 v input12/X (sky130_fd_sc_hd__clkdlybuf4s25_1)
                                                         net12 (net)
                      0.085638    0.001028    4.201581 v _0805_/B (sky130_fd_sc_hd__or3_2)
     2    0.008043    0.062261    0.285119    4.486700 v _0805_/X (sky130_fd_sc_hd__or3_2)
                                                         _0075_ (net)
                      0.062261    0.000417    4.487116 v _1438_/B (sky130_fd_sc_hd__or3b_2)
     9    0.034221    0.116062    0.338722    4.825838 v _1438_/X (sky130_fd_sc_hd__or3b_2)
                                                         _0699_ (net)
                      0.116214    0.003737    4.829575 v _1441_/B (sky130_fd_sc_hd__or2_2)
     1    0.006288    0.043924    0.196170    5.025745 v _1441_/X (sky130_fd_sc_hd__or2_2)
                                                         _0701_ (net)
                      0.043924    0.000465    5.026209 v _1442_/B1 (sky130_fd_sc_hd__o211a_2)
     1    0.002230    0.028709    0.084197    5.110406 v _1442_/X (sky130_fd_sc_hd__o211a_2)
                                                         _0013_ (net)
                      0.028709    0.000104    5.110510 v _1585_/D (sky130_fd_sc_hd__dfxtp_2)
                                              5.110510   data arrival time

                                 20.000000   20.000000   clock clk (rise edge)
                                  0.000000   20.000000   clock source latency
     1    0.021630    0.077149    0.053266   20.053267 ^ clk (in)
                                                         clk (net)
                      0.077182    0.000000   20.053267 ^ clkbuf_0_clk/A (sky130_fd_sc_hd__clkbuf_16)
     8    0.086925    0.079538    0.132564   20.185831 ^ clkbuf_0_clk/X (sky130_fd_sc_hd__clkbuf_16)
                                                         clknet_0_clk (net)
                      0.080380    0.006501   20.192331 ^ clkbuf_3_7__f_clk/A (sky130_fd_sc_hd__clkbuf_16)
     8    0.029496    0.038427    0.103370   20.295702 ^ clkbuf_3_7__f_clk/X (sky130_fd_sc_hd__clkbuf_16)
                                                         clknet_3_7__leaf_clk (net)
                      0.038863    0.003137   20.298840 ^ _1585_/CLK (sky130_fd_sc_hd__dfxtp_2)
                                 -0.250000   20.048840   clock uncertainty
                                  0.000000   20.048840   clock reconvergence pessimism
                                 -0.069389   19.979452   library setup time
                                             19.979452   data required time
---------------------------------------------------------------------------------------------
                                             19.979452   data required time
                                             -5.110510   data arrival time
---------------------------------------------------------------------------------------------
                                             14.868942   slack (MET)


Startpoint: uio_in[2] (input port clocked by clk)
Endpoint: _1589_ (rising edge-triggered flip-flop clocked by clk)
Path Group: clk
Path Type: max

Fanout         Cap        Slew       Delay        Time   Description
---------------------------------------------------------------------------------------------
                                  0.000000    0.000000   clock clk (rise edge)
                                  0.000000    0.000000   clock network delay (propagated)
                                  4.000000    4.000000 v input external delay
     1    0.003567    0.005839    0.003012    4.003012 v uio_in[2] (in)
                                                         uio_in[2] (net)
                      0.005849    0.000000    4.003012 v input12/A (sky130_fd_sc_hd__clkdlybuf4s25_1)
     5    0.015511    0.085626    0.197541    4.200553 v input12/X (sky130_fd_sc_hd__clkdlybuf4s25_1)
                                                         net12 (net)
                      0.085638    0.001028    4.201581 v _0805_/B (sky130_fd_sc_hd__or3_2)
     2    0.008043    0.062261    0.285119    4.486700 v _0805_/X (sky130_fd_sc_hd__or3_2)
                                                         _0075_ (net)
                      0.062261    0.000417    4.487116 v _1438_/B (sky130_fd_sc_hd__or3b_2)
     9    0.034221    0.116062    0.338722    4.825838 v _1438_/X (sky130_fd_sc_hd__or3b_2)
                                                         _0699_ (net)
                      0.116243    0.004043    4.829881 v _1449_/B (sky130_fd_sc_hd__or2_2)
     1    0.003195    0.037180    0.186339    5.016220 v _1449_/X (sky130_fd_sc_hd__or2_2)
                                                         _0705_ (net)
                      0.037180    0.000213    5.016433 v _1450_/B1 (sky130_fd_sc_hd__o211a_2)
     1    0.002855    0.030030    0.083088    5.099521 v _1450_/X (sky130_fd_sc_hd__o211a_2)
                                                         _0017_ (net)
                      0.030030    0.000184    5.099704 v _1589_/D (sky130_fd_sc_hd__dfxtp_2)
                                              5.099704   data arrival time

                                 20.000000   20.000000   clock clk (rise edge)
                                  0.000000   20.000000   clock source latency
     1    0.021630    0.077149    0.053266   20.053267 ^ clk (in)
                                                         clk (net)
                      0.077182    0.000000   20.053267 ^ clkbuf_0_clk/A (sky130_fd_sc_hd__clkbuf_16)
     8    0.086925    0.079538    0.132564   20.185831 ^ clkbuf_0_clk/X (sky130_fd_sc_hd__clkbuf_16)
                                                         clknet_0_clk (net)
                      0.080376    0.006484   20.192314 ^ clkbuf_3_6__f_clk/A (sky130_fd_sc_hd__clkbuf_16)
     8    0.026148    0.035921    0.101505   20.293819 ^ clkbuf_3_6__f_clk/X (sky130_fd_sc_hd__clkbuf_16)
                                                         clknet_3_6__leaf_clk (net)
                      0.036257    0.002496   20.296314 ^ _1589_/CLK (sky130_fd_sc_hd__dfxtp_2)
                                 -0.250000   20.046316   clock uncertainty
                                  0.000000   20.046316   clock reconvergence pessimism
                                 -0.070111   19.976204   library setup time
                                             19.976204   data required time
---------------------------------------------------------------------------------------------
                                             19.976204   data required time
                                             -5.099704   data arrival time
---------------------------------------------------------------------------------------------
                                             14.876500   slack (MET)


Startpoint: uio_in[2] (input port clocked by clk)
Endpoint: _1588_ (rising edge-triggered flip-flop clocked by clk)
Path Group: clk
Path Type: max

Fanout         Cap        Slew       Delay        Time   Description
---------------------------------------------------------------------------------------------
                                  0.000000    0.000000   clock clk (rise edge)
                                  0.000000    0.000000   clock network delay (propagated)
                                  4.000000    4.000000 v input external delay
     1    0.003567    0.005839    0.003012    4.003012 v uio_in[2] (in)
                                                         uio_in[2] (net)
                      0.005849    0.000000    4.003012 v input12/A (sky130_fd_sc_hd__clkdlybuf4s25_1)
     5    0.015511    0.085626    0.197541    4.200553 v input12/X (sky130_fd_sc_hd__clkdlybuf4s25_1)
                                                         net12 (net)
                      0.085638    0.001028    4.201581 v _0805_/B (sky130_fd_sc_hd__or3_2)
     2    0.008043    0.062261    0.285119    4.486700 v _0805_/X (sky130_fd_sc_hd__or3_2)
                                                         _0075_ (net)
                      0.062261    0.000417    4.487116 v _1438_/B (sky130_fd_sc_hd__or3b_2)
     9    0.034221    0.116062    0.338722    4.825838 v _1438_/X (sky130_fd_sc_hd__or3b_2)
                                                         _0699_ (net)
                      0.116209    0.003681    4.829519 v _1447_/B (sky130_fd_sc_hd__or2_2)
     1    0.003751    0.038530    0.188383    5.017902 v _1447_/X (sky130_fd_sc_hd__or2_2)
                                                         _0704_ (net)
                      0.038530    0.000268    5.018169 v _1448_/B1 (sky130_fd_sc_hd__o211a_2)
     1    0.002953    0.031032    0.083898    5.102067 v _1448_/X (sky130_fd_sc_hd__o211a_2)
                                                         _0016_ (net)
                      0.031032    0.000201    5.102269 v _1588_/D (sky130_fd_sc_hd__dfxtp_2)
                                              5.102269   data arrival time

                                 20.000000   20.000000   clock clk (rise edge)
                                  0.000000   20.000000   clock source latency
     1    0.021630    0.077149    0.053266   20.053267 ^ clk (in)
                                                         clk (net)
                      0.077182    0.000000   20.053267 ^ clkbuf_0_clk/A (sky130_fd_sc_hd__clkbuf_16)
     8    0.086925    0.079538    0.132564   20.185831 ^ clkbuf_0_clk/X (sky130_fd_sc_hd__clkbuf_16)
                                                         clknet_0_clk (net)
                      0.080380    0.006501   20.192331 ^ clkbuf_3_7__f_clk/A (sky130_fd_sc_hd__clkbuf_16)
     8    0.029496    0.038427    0.103370   20.295702 ^ clkbuf_3_7__f_clk/X (sky130_fd_sc_hd__clkbuf_16)
                                                         clknet_3_7__leaf_clk (net)
                      0.038937    0.003418   20.299120 ^ _1588_/CLK (sky130_fd_sc_hd__dfxtp_2)
                                 -0.250000   20.049120   clock uncertainty
                                  0.000000   20.049120   clock reconvergence pessimism
                                 -0.070211   19.978910   library setup time
                                             19.978910   data required time
---------------------------------------------------------------------------------------------
                                             19.978910   data required time
                                             -5.102269   data arrival time
---------------------------------------------------------------------------------------------
                                             14.876640   slack (MET)


Startpoint: uio_in[2] (input port clocked by clk)
Endpoint: _1584_ (rising edge-triggered flip-flop clocked by clk)
Path Group: clk
Path Type: max

Fanout         Cap        Slew       Delay        Time   Description
---------------------------------------------------------------------------------------------
                                  0.000000    0.000000   clock clk (rise edge)
                                  0.000000    0.000000   clock network delay (propagated)
                                  4.000000    4.000000 v input external delay
     1    0.003567    0.005839    0.003012    4.003012 v uio_in[2] (in)
                                                         uio_in[2] (net)
                      0.005849    0.000000    4.003012 v input12/A (sky130_fd_sc_hd__clkdlybuf4s25_1)
     5    0.015511    0.085626    0.197541    4.200553 v input12/X (sky130_fd_sc_hd__clkdlybuf4s25_1)
                                                         net12 (net)
                      0.085638    0.001028    4.201581 v _0805_/B (sky130_fd_sc_hd__or3_2)
     2    0.008043    0.062261    0.285119    4.486700 v _0805_/X (sky130_fd_sc_hd__or3_2)
                                                         _0075_ (net)
                      0.062261    0.000417    4.487116 v _1438_/B (sky130_fd_sc_hd__or3b_2)
     9    0.034221    0.116062    0.338722    4.825838 v _1438_/X (sky130_fd_sc_hd__or3b_2)
                                                         _0699_ (net)
                      0.116107    0.002164    4.828002 v _1439_/B (sky130_fd_sc_hd__or2_2)
     1    0.003955    0.039096    0.189117    5.017119 v _1439_/X (sky130_fd_sc_hd__or2_2)
                                                         _0700_ (net)
                      0.039096    0.000253    5.017372 v _1440_/B1 (sky130_fd_sc_hd__o211a_2)
     1    0.002294    0.028824    0.082368    5.099741 v _1440_/X (sky130_fd_sc_hd__o211a_2)
                                                         _0012_ (net)
                      0.028824    0.000165    5.099905 v _1584_/D (sky130_fd_sc_hd__dfxtp_2)
                                              5.099905   data arrival time

                                 20.000000   20.000000   clock clk (rise edge)
                                  0.000000   20.000000   clock source latency
     1    0.021630    0.077149    0.053266   20.053267 ^ clk (in)
                                                         clk (net)
                      0.077182    0.000000   20.053267 ^ clkbuf_0_clk/A (sky130_fd_sc_hd__clkbuf_16)
     8    0.086925    0.079538    0.132564   20.185831 ^ clkbuf_0_clk/X (sky130_fd_sc_hd__clkbuf_16)
                                                         clknet_0_clk (net)
                      0.080201    0.005784   20.191614 ^ clkbuf_3_5__f_clk/A (sky130_fd_sc_hd__clkbuf_16)
     8    0.031284    0.039493    0.105432   20.297047 ^ clkbuf_3_5__f_clk/X (sky130_fd_sc_hd__clkbuf_16)
                                                         clknet_3_5__leaf_clk (net)
                      0.039502    0.001089   20.298136 ^ _1584_/CLK (sky130_fd_sc_hd__dfxtp_2)
                                 -0.250000   20.048136   clock uncertainty
                                  0.000000   20.048136   clock reconvergence pessimism
                                 -0.069368   19.978767   library setup time
                                             19.978767   data required time
---------------------------------------------------------------------------------------------
                                             19.978767   data required time
                                             -5.099905   data arrival time
---------------------------------------------------------------------------------------------
                                             14.878862   slack (MET)


Startpoint: uio_in[2] (input port clocked by clk)
Endpoint: _1591_ (rising edge-triggered flip-flop clocked by clk)
Path Group: clk
Path Type: max

Fanout         Cap        Slew       Delay        Time   Description
---------------------------------------------------------------------------------------------
                                  0.000000    0.000000   clock clk (rise edge)
                                  0.000000    0.000000   clock network delay (propagated)
                                  4.000000    4.000000 v input external delay
     1    0.003567    0.005839    0.003012    4.003012 v uio_in[2] (in)
                                                         uio_in[2] (net)
                      0.005849    0.000000    4.003012 v input12/A (sky130_fd_sc_hd__clkdlybuf4s25_1)
     5    0.015511    0.085626    0.197541    4.200553 v input12/X (sky130_fd_sc_hd__clkdlybuf4s25_1)
                                                         net12 (net)
                      0.085638    0.001028    4.201581 v _0805_/B (sky130_fd_sc_hd__or3_2)
     2    0.008043    0.062261    0.285119    4.486700 v _0805_/X (sky130_fd_sc_hd__or3_2)
                                                         _0075_ (net)
                      0.062261    0.000417    4.487116 v _1438_/B (sky130_fd_sc_hd__or3b_2)
     9    0.034221    0.116062    0.338722    4.825838 v _1438_/X (sky130_fd_sc_hd__or3b_2)
                                                         _0699_ (net)
                      0.116122    0.002454    4.828291 v _1453_/B (sky130_fd_sc_hd__or2_2)
     1    0.003080    0.036912    0.185865    5.014156 v _1453_/X (sky130_fd_sc_hd__or2_2)
                                                         _0707_ (net)
                      0.036912    0.000209    5.014365 v _1454_/B1 (sky130_fd_sc_hd__o211a_2)
     1    0.002493    0.029374    0.082009    5.096373 v _1454_/X (sky130_fd_sc_hd__o211a_2)
                                                         _0019_ (net)
                      0.029374    0.000167    5.096540 v _1591_/D (sky130_fd_sc_hd__dfxtp_2)
                                              5.096540   data arrival time

                                 20.000000   20.000000   clock clk (rise edge)
                                  0.000000   20.000000   clock source latency
     1    0.021630    0.077149    0.053266   20.053267 ^ clk (in)
                                                         clk (net)
                      0.077182    0.000000   20.053267 ^ clkbuf_0_clk/A (sky130_fd_sc_hd__clkbuf_16)
     8    0.086925    0.079538    0.132564   20.185831 ^ clkbuf_0_clk/X (sky130_fd_sc_hd__clkbuf_16)
                                                         clknet_0_clk (net)
                      0.080201    0.005784   20.191614 ^ clkbuf_3_5__f_clk/A (sky130_fd_sc_hd__clkbuf_16)
     8    0.031284    0.039493    0.105432   20.297047 ^ clkbuf_3_5__f_clk/X (sky130_fd_sc_hd__clkbuf_16)
                                                         clknet_3_5__leaf_clk (net)
                      0.039504    0.001167   20.298214 ^ _1591_/CLK (sky130_fd_sc_hd__dfxtp_2)
                                 -0.250000   20.048214   clock uncertainty
                                  0.000000   20.048214   clock reconvergence pessimism
                                 -0.069564   19.978651   library setup time
                                             19.978651   data required time
---------------------------------------------------------------------------------------------
                                             19.978651   data required time
                                             -5.096540   data arrival time
---------------------------------------------------------------------------------------------
                                             14.882111   slack (MET)


Startpoint: uio_in[1] (input port clocked by clk)
Endpoint: _1574_ (rising edge-triggered flip-flop clocked by clk)
Path Group: clk
Path Type: max

Fanout         Cap        Slew       Delay        Time   Description
---------------------------------------------------------------------------------------------
                                  0.000000    0.000000   clock clk (rise edge)
                                  0.000000    0.000000   clock network delay (propagated)
                                  4.000000    4.000000 ^ input external delay
     1    0.004121    0.018648    0.010770    4.010770 ^ uio_in[1] (in)
                                                         uio_in[1] (net)
                      0.018651    0.000000    4.010770 ^ input11/A (sky130_fd_sc_hd__clkdlybuf4s25_1)
     8    0.028631    0.218393    0.284890    4.295660 ^ input11/X (sky130_fd_sc_hd__clkdlybuf4s25_1)
                                                         net11 (net)
                      0.218515    0.002837    4.298497 ^ _0797_/A (sky130_fd_sc_hd__nor2_2)
     3    0.009529    0.056416    0.041469    4.339966 v _0797_/Y (sky130_fd_sc_hd__nor2_2)
                                                         _0070_ (net)
                      0.056416    0.000323    4.340289 v _0802_/C (sky130_fd_sc_hd__and3_2)
     1    0.008443    0.037664    0.149976    4.490265 v _0802_/X (sky130_fd_sc_hd__and3_2)
                                                         _0073_ (net)
                      0.037677    0.000633    4.490898 v fanout28/A (sky130_fd_sc_hd__clkdlybuf4s25_1)
    10    0.049479    0.249966    0.331007    4.821905 v fanout28/X (sky130_fd_sc_hd__clkdlybuf4s25_1)
                                                         net28 (net)
                      0.249979    0.002054    4.823960 v _0803_/B (sky130_fd_sc_hd__and2_2)
     1    0.002083    0.028574    0.199818    5.023777 v _0803_/X (sky130_fd_sc_hd__and2_2)
                                                         _0002_ (net)
                      0.028575    0.000096    5.023873 v _1574_/D (sky130_fd_sc_hd__dfxtp_2)
                                              5.023873   data arrival time

                                 20.000000   20.000000   clock clk (rise edge)
                                  0.000000   20.000000   clock source latency
     1    0.021630    0.077149    0.053266   20.053267 ^ clk (in)
                                                         clk (net)
                      0.077182    0.000000   20.053267 ^ clkbuf_0_clk/A (sky130_fd_sc_hd__clkbuf_16)
     8    0.086925    0.079538    0.132564   20.185831 ^ clkbuf_0_clk/X (sky130_fd_sc_hd__clkbuf_16)
                                                         clknet_0_clk (net)
                      0.080240    0.005947   20.191778 ^ clkbuf_3_3__f_clk/A (sky130_fd_sc_hd__clkbuf_16)
     8    0.033105    0.040577    0.106152   20.297930 ^ clkbuf_3_3__f_clk/X (sky130_fd_sc_hd__clkbuf_16)
                                                         clknet_3_3__leaf_clk (net)
                      0.040763    0.002149   20.300079 ^ _1574_/CLK (sky130_fd_sc_hd__dfxtp_2)
                                 -0.250000   20.050079   clock uncertainty
                                  0.000000   20.050079   clock reconvergence pessimism
                                 -0.069158   19.980923   library setup time
                                             19.980923   data required time
---------------------------------------------------------------------------------------------
                                             19.980923   data required time
                                             -5.023873   data arrival time
---------------------------------------------------------------------------------------------
                                             14.957049   slack (MET)


Startpoint: uio_in[2] (input port clocked by clk)
Endpoint: _1590_ (rising edge-triggered flip-flop clocked by clk)
Path Group: clk
Path Type: max

Fanout         Cap        Slew       Delay        Time   Description
---------------------------------------------------------------------------------------------
                                  0.000000    0.000000   clock clk (rise edge)
                                  0.000000    0.000000   clock network delay (propagated)
                                  4.000000    4.000000 v input external delay
     1    0.003567    0.005839    0.003012    4.003012 v uio_in[2] (in)
                                                         uio_in[2] (net)
                      0.005849    0.000000    4.003012 v input12/A (sky130_fd_sc_hd__clkdlybuf4s25_1)
     5    0.015511    0.085626    0.197541    4.200553 v input12/X (sky130_fd_sc_hd__clkdlybuf4s25_1)
                                                         net12 (net)
                      0.085638    0.001028    4.201581 v _0805_/B (sky130_fd_sc_hd__or3_2)
     2    0.008043    0.062261    0.285119    4.486700 v _0805_/X (sky130_fd_sc_hd__or3_2)
                                                         _0075_ (net)
                      0.062261    0.000417    4.487116 v _1438_/B (sky130_fd_sc_hd__or3b_2)
     9    0.034221    0.116062    0.338722    4.825838 v _1438_/X (sky130_fd_sc_hd__or3b_2)
                                                         _0699_ (net)
                      0.116207    0.003649    4.829487 v _1452_/A2 (sky130_fd_sc_hd__o211a_2)
     1    0.002407    0.029138    0.171861    5.001348 v _1452_/X (sky130_fd_sc_hd__o211a_2)
                                                         _0018_ (net)
                      0.029138    0.000104    5.001452 v _1590_/D (sky130_fd_sc_hd__dfxtp_2)
                                              5.001452   data arrival time

                                 20.000000   20.000000   clock clk (rise edge)
                                  0.000000   20.000000   clock source latency
     1    0.021630    0.077149    0.053266   20.053267 ^ clk (in)
                                                         clk (net)
                      0.077182    0.000000   20.053267 ^ clkbuf_0_clk/A (sky130_fd_sc_hd__clkbuf_16)
     8    0.086925    0.079538    0.132564   20.185831 ^ clkbuf_0_clk/X (sky130_fd_sc_hd__clkbuf_16)
                                                         clknet_0_clk (net)
                      0.080380    0.006501   20.192331 ^ clkbuf_3_7__f_clk/A (sky130_fd_sc_hd__clkbuf_16)
     8    0.029496    0.038427    0.103370   20.295702 ^ clkbuf_3_7__f_clk/X (sky130_fd_sc_hd__clkbuf_16)
                                                         clknet_3_7__leaf_clk (net)
                      0.038968    0.003531   20.299232 ^ _1590_/CLK (sky130_fd_sc_hd__dfxtp_2)
                                 -0.250000   20.049234   clock uncertainty
                                  0.000000   20.049234   clock reconvergence pessimism
                                 -0.069532   19.979702   library setup time
                                             19.979702   data required time
---------------------------------------------------------------------------------------------
                                             19.979702   data required time
                                             -5.001452   data arrival time
---------------------------------------------------------------------------------------------
                                             14.978251   slack (MET)


Startpoint: _1574_ (rising edge-triggered flip-flop clocked by clk)
Endpoint: uio_out[4] (output port clocked by clk)
Path Group: clk
Path Type: max

Fanout         Cap        Slew       Delay        Time   Description
---------------------------------------------------------------------------------------------
                                  0.000000    0.000000   clock clk (rise edge)
                                  0.000000    0.000000   clock source latency
     1    0.021630    0.077149    0.053265    0.053265 ^ clk (in)
                                                         clk (net)
                      0.077182    0.000000    0.053265 ^ clkbuf_0_clk/A (sky130_fd_sc_hd__clkbuf_16)
     8    0.086925    0.079538    0.132564    0.185829 ^ clkbuf_0_clk/X (sky130_fd_sc_hd__clkbuf_16)
                                                         clknet_0_clk (net)
                      0.080240    0.005948    0.191777 ^ clkbuf_3_3__f_clk/A (sky130_fd_sc_hd__clkbuf_16)
     8    0.033105    0.040577    0.106153    0.297930 ^ clkbuf_3_3__f_clk/X (sky130_fd_sc_hd__clkbuf_16)
                                                         clknet_3_3__leaf_clk (net)
                      0.040763    0.002149    0.300079 ^ _1574_/CLK (sky130_fd_sc_hd__dfxtp_2)
     3    0.014487    0.060515    0.221411    0.521490 ^ _1574_/Q (sky130_fd_sc_hd__dfxtp_2)
                                                         busy (net)
                      0.060516    0.000414    0.521904 ^ _1651_/A (sky130_fd_sc_hd__buf_2)
     1    0.035571    0.132913    0.147910    0.669814 ^ _1651_/X (sky130_fd_sc_hd__buf_2)
                                                         uio_out[4] (net)
                      0.132956    0.001991    0.671805 ^ uio_out[4] (out)
                                              0.671805   data arrival time

                                 20.000000   20.000000   clock clk (rise edge)
                                  0.000000   20.000000   clock network delay (propagated)
                                 -0.250000   19.750002   clock uncertainty
                                  0.000000   19.750002   clock reconvergence pessimism
                                 -4.000000   15.750001   output external delay
                                             15.750001   data required time
---------------------------------------------------------------------------------------------
                                             15.750001   data required time
                                             -0.671805   data arrival time
---------------------------------------------------------------------------------------------
                                             15.078196   slack (MET)


Startpoint: _1575_ (rising edge-triggered flip-flop clocked by clk)
Endpoint: uio_out[5] (output port clocked by clk)
Path Group: clk
Path Type: max

Fanout         Cap        Slew       Delay        Time   Description
---------------------------------------------------------------------------------------------
                                  0.000000    0.000000   clock clk (rise edge)
                                  0.000000    0.000000   clock source latency
     1    0.021630    0.077149    0.053265    0.053265 ^ clk (in)
                                                         clk (net)
                      0.077182    0.000000    0.053265 ^ clkbuf_0_clk/A (sky130_fd_sc_hd__clkbuf_16)
     8    0.086925    0.079538    0.132564    0.185829 ^ clkbuf_0_clk/X (sky130_fd_sc_hd__clkbuf_16)
                                                         clknet_0_clk (net)
                      0.080188    0.005727    0.191556 ^ clkbuf_3_1__f_clk/A (sky130_fd_sc_hd__clkbuf_16)
     8    0.025158    0.035203    0.101172    0.292727 ^ clkbuf_3_1__f_clk/X (sky130_fd_sc_hd__clkbuf_16)
                                                         clknet_3_1__leaf_clk (net)
                      0.035276    0.001329    0.294056 ^ _1575_/CLK (sky130_fd_sc_hd__dfxtp_2)
     2    0.014078    0.059132    0.218794    0.512850 ^ _1575_/Q (sky130_fd_sc_hd__dfxtp_2)
                                                         ovf (net)
                      0.059151    0.001011    0.513861 ^ _1652_/A (sky130_fd_sc_hd__buf_2)
     1    0.034772    0.130082    0.145599    0.659460 ^ _1652_/X (sky130_fd_sc_hd__buf_2)
                                                         uio_out[5] (net)
                      0.130129    0.002037    0.661497 ^ uio_out[5] (out)
                                              0.661497   data arrival time

                                 20.000000   20.000000   clock clk (rise edge)
                                  0.000000   20.000000   clock network delay (propagated)
                                 -0.250000   19.750002   clock uncertainty
                                  0.000000   19.750002   clock reconvergence pessimism
                                 -4.000000   15.750001   output external delay
                                             15.750001   data required time
---------------------------------------------------------------------------------------------
                                             15.750001   data required time
                                             -0.661497   data arrival time
---------------------------------------------------------------------------------------------
                                             15.088503   slack (MET)


Startpoint: _1580_ (rising edge-triggered flip-flop clocked by clk)
Endpoint: uo_out[4] (output port clocked by clk)
Path Group: clk
Path Type: max

Fanout         Cap        Slew       Delay        Time   Description
---------------------------------------------------------------------------------------------
                                  0.000000    0.000000   clock clk (rise edge)
                                  0.000000    0.000000   clock source latency
     1    0.021630    0.077149    0.053265    0.053265 ^ clk (in)
                                                         clk (net)
                      0.077182    0.000000    0.053265 ^ clkbuf_0_clk/A (sky130_fd_sc_hd__clkbuf_16)
     8    0.086925    0.079538    0.132564    0.185829 ^ clkbuf_0_clk/X (sky130_fd_sc_hd__clkbuf_16)
                                                         clknet_0_clk (net)
                      0.080240    0.005948    0.191777 ^ clkbuf_3_3__f_clk/A (sky130_fd_sc_hd__clkbuf_16)
     8    0.033105    0.040577    0.106153    0.297930 ^ clkbuf_3_3__f_clk/X (sky130_fd_sc_hd__clkbuf_16)
                                                         clknet_3_3__leaf_clk (net)
                      0.040796    0.002381    0.300310 ^ _1580_/CLK (sky130_fd_sc_hd__dfxtp_2)
     1    0.037800    0.145575    0.279993    0.580303 ^ _1580_/Q (sky130_fd_sc_hd__dfxtp_2)
                                                         uo_out[4] (net)
                      0.145633    0.002713    0.583017 ^ uo_out[4] (out)
                                              0.583017   data arrival time

                                 20.000000   20.000000   clock clk (rise edge)
                                  0.000000   20.000000   clock network delay (propagated)
                                 -0.250000   19.750002   clock uncertainty
                                  0.000000   19.750002   clock reconvergence pessimism
                                 -4.000000   15.750001   output external delay
                                             15.750001   data required time
---------------------------------------------------------------------------------------------
                                             15.750001   data required time
                                             -0.583017   data arrival time
---------------------------------------------------------------------------------------------
                                             15.166985   slack (MET)


Startpoint: uio_in[2] (input port clocked by clk)
Endpoint: _1592_ (rising edge-triggered flip-flop clocked by clk)
Path Group: clk
Path Type: max

Fanout         Cap        Slew       Delay        Time   Description
---------------------------------------------------------------------------------------------
                                  0.000000    0.000000   clock clk (rise edge)
                                  0.000000    0.000000   clock network delay (propagated)
                                  4.000000    4.000000 ^ input external delay
     1    0.003793    0.017489    0.009905    4.009904 ^ uio_in[2] (in)
                                                         uio_in[2] (net)
                      0.017491    0.000000    4.009904 ^ input12/A (sky130_fd_sc_hd__clkdlybuf4s25_1)
     5    0.016229    0.127834    0.222418    4.232323 ^ input12/X (sky130_fd_sc_hd__clkdlybuf4s25_1)
                                                         net12 (net)
                      0.127840    0.001025    4.233347 ^ _0804_/A_N (sky130_fd_sc_hd__and2b_2)
     3    0.009624    0.037887    0.154052    4.387399 v _0804_/X (sky130_fd_sc_hd__and2b_2)
                                                         _0074_ (net)
                      0.037892    0.000450    4.387849 v _1455_/C (sky130_fd_sc_hd__and3_2)
     8    0.021670    0.057385    0.167146    4.554995 v _1455_/X (sky130_fd_sc_hd__and3_2)
                                                         _0708_ (net)
                      0.057400    0.000965    4.555960 v _1457_/B (sky130_fd_sc_hd__or2_2)
     1    0.004213    0.039625    0.168430    4.724390 v _1457_/X (sky130_fd_sc_hd__or2_2)
                                                         _0710_ (net)
                      0.039625    0.000318    4.724708 v _1458_/B1 (sky130_fd_sc_hd__o211a_2)
     1    0.002952    0.030412    0.084351    4.809059 v _1458_/X (sky130_fd_sc_hd__o211a_2)
                                                         _0020_ (net)
                      0.030412    0.000194    4.809253 v _1592_/D (sky130_fd_sc_hd__dfxtp_2)
                                              4.809253   data arrival time

                                 20.000000   20.000000   clock clk (rise edge)
                                  0.000000   20.000000   clock source latency
     1    0.021630    0.077149    0.053266   20.053267 ^ clk (in)
                                                         clk (net)
                      0.077182    0.000000   20.053267 ^ clkbuf_0_clk/A (sky130_fd_sc_hd__clkbuf_16)
     8    0.086925    0.079538    0.132564   20.185831 ^ clkbuf_0_clk/X (sky130_fd_sc_hd__clkbuf_16)
                                                         clknet_0_clk (net)
                      0.080201    0.005784   20.191614 ^ clkbuf_3_5__f_clk/A (sky130_fd_sc_hd__clkbuf_16)
     8    0.031284    0.039493    0.105432   20.297047 ^ clkbuf_3_5__f_clk/X (sky130_fd_sc_hd__clkbuf_16)
                                                         clknet_3_5__leaf_clk (net)
                      0.039500    0.000940   20.297987 ^ _1592_/CLK (sky130_fd_sc_hd__dfxtp_2)
                                 -0.250000   20.047987   clock uncertainty
                                  0.000000   20.047987   clock reconvergence pessimism
                                 -0.069935   19.978052   library setup time
                                             19.978052   data required time
---------------------------------------------------------------------------------------------
                                             19.978052   data required time
                                             -4.809253   data arrival time
---------------------------------------------------------------------------------------------
                                             15.168798   slack (MET)


Startpoint: uio_in[2] (input port clocked by clk)
Endpoint: _1597_ (rising edge-triggered flip-flop clocked by clk)
Path Group: clk
Path Type: max

Fanout         Cap        Slew       Delay        Time   Description
---------------------------------------------------------------------------------------------
                                  0.000000    0.000000   clock clk (rise edge)
                                  0.000000    0.000000   clock network delay (propagated)
                                  4.000000    4.000000 ^ input external delay
     1    0.003793    0.017489    0.009905    4.009904 ^ uio_in[2] (in)
                                                         uio_in[2] (net)
                      0.017491    0.000000    4.009904 ^ input12/A (sky130_fd_sc_hd__clkdlybuf4s25_1)
     5    0.016229    0.127834    0.222418    4.232323 ^ input12/X (sky130_fd_sc_hd__clkdlybuf4s25_1)
                                                         net12 (net)
                      0.127840    0.001025    4.233347 ^ _0804_/A_N (sky130_fd_sc_hd__and2b_2)
     3    0.009624    0.037887    0.154052    4.387399 v _0804_/X (sky130_fd_sc_hd__and2b_2)
                                                         _0074_ (net)
                      0.037892    0.000450    4.387849 v _1455_/C (sky130_fd_sc_hd__and3_2)
     8    0.021670    0.057385    0.167146    4.554995 v _1455_/X (sky130_fd_sc_hd__and3_2)
                                                         _0708_ (net)
                      0.057513    0.002342    4.557337 v _1467_/B (sky130_fd_sc_hd__or2_2)
     1    0.002575    0.036370    0.162342    4.719679 v _1467_/X (sky130_fd_sc_hd__or2_2)
                                                         _0715_ (net)
                      0.036370    0.000119    4.719799 v _1468_/B1 (sky130_fd_sc_hd__o211a_2)
     1    0.003698    0.032053    0.085000    4.804799 v _1468_/X (sky130_fd_sc_hd__o211a_2)
                                                         _0025_ (net)
                      0.032053    0.000234    4.805033 v _1597_/D (sky130_fd_sc_hd__dfxtp_2)
                                              4.805033   data arrival time

                                 20.000000   20.000000   clock clk (rise edge)
                                  0.000000   20.000000   clock source latency
     1    0.021630    0.077149    0.053266   20.053267 ^ clk (in)
                                                         clk (net)
                      0.077182    0.000000   20.053267 ^ clkbuf_0_clk/A (sky130_fd_sc_hd__clkbuf_16)
     8    0.086925    0.079538    0.132564   20.185831 ^ clkbuf_0_clk/X (sky130_fd_sc_hd__clkbuf_16)
                                                         clknet_0_clk (net)
                      0.080376    0.006484   20.192314 ^ clkbuf_3_6__f_clk/A (sky130_fd_sc_hd__clkbuf_16)
     8    0.026148    0.035921    0.101505   20.293819 ^ clkbuf_3_6__f_clk/X (sky130_fd_sc_hd__clkbuf_16)
                                                         clknet_3_6__leaf_clk (net)
                      0.036258    0.002505   20.296324 ^ _1597_/CLK (sky130_fd_sc_hd__dfxtp_2)
                                 -0.250000   20.046324   clock uncertainty
                                  0.000000   20.046324   clock reconvergence pessimism
                                 -0.070833   19.975491   library setup time
                                             19.975491   data required time
---------------------------------------------------------------------------------------------
                                             19.975491   data required time
                                             -4.805033   data arrival time
---------------------------------------------------------------------------------------------
                                             15.170457   slack (MET)


Startpoint: _1578_ (rising edge-triggered flip-flop clocked by clk)
Endpoint: uo_out[2] (output port clocked by clk)
Path Group: clk
Path Type: max

Fanout         Cap        Slew       Delay        Time   Description
---------------------------------------------------------------------------------------------
                                  0.000000    0.000000   clock clk (rise edge)
                                  0.000000    0.000000   clock source latency
     1    0.021630    0.077149    0.053265    0.053265 ^ clk (in)
                                                         clk (net)
                      0.077182    0.000000    0.053265 ^ clkbuf_0_clk/A (sky130_fd_sc_hd__clkbuf_16)
     8    0.086925    0.079538    0.132564    0.185829 ^ clkbuf_0_clk/X (sky130_fd_sc_hd__clkbuf_16)
                                                         clknet_0_clk (net)
                      0.079938    0.004530    0.190359 ^ clkbuf_3_4__f_clk/A (sky130_fd_sc_hd__clkbuf_16)
     8    0.034907    0.041737    0.106870    0.297229 ^ clkbuf_3_4__f_clk/X (sky130_fd_sc_hd__clkbuf_16)
                                                         clknet_3_4__leaf_clk (net)
                      0.042192    0.003412    0.300642 ^ _1578_/CLK (sky130_fd_sc_hd__dfxtp_2)
     1    0.036133    0.139507    0.276555    0.577197 ^ _1578_/Q (sky130_fd_sc_hd__dfxtp_2)
                                                         uo_out[2] (net)
                      0.139538    0.002020    0.579216 ^ uo_out[2] (out)
                                              0.579216   data arrival time

                                 20.000000   20.000000   clock clk (rise edge)
                                  0.000000   20.000000   clock network delay (propagated)
                                 -0.250000   19.750002   clock uncertainty
                                  0.000000   19.750002   clock reconvergence pessimism
                                 -4.000000   15.750001   output external delay
                                             15.750001   data required time
---------------------------------------------------------------------------------------------
                                             15.750001   data required time
                                             -0.579216   data arrival time
---------------------------------------------------------------------------------------------
                                             15.170784   slack (MET)


Startpoint: uio_in[2] (input port clocked by clk)
Endpoint: _1598_ (rising edge-triggered flip-flop clocked by clk)
Path Group: clk
Path Type: max

Fanout         Cap        Slew       Delay        Time   Description
---------------------------------------------------------------------------------------------
                                  0.000000    0.000000   clock clk (rise edge)
                                  0.000000    0.000000   clock network delay (propagated)
                                  4.000000    4.000000 ^ input external delay
     1    0.003793    0.017489    0.009905    4.009904 ^ uio_in[2] (in)
                                                         uio_in[2] (net)
                      0.017491    0.000000    4.009904 ^ input12/A (sky130_fd_sc_hd__clkdlybuf4s25_1)
     5    0.016229    0.127834    0.222418    4.232323 ^ input12/X (sky130_fd_sc_hd__clkdlybuf4s25_1)
                                                         net12 (net)
                      0.127840    0.001025    4.233347 ^ _0804_/A_N (sky130_fd_sc_hd__and2b_2)
     3    0.009624    0.037887    0.154052    4.387399 v _0804_/X (sky130_fd_sc_hd__and2b_2)
                                                         _0074_ (net)
                      0.037892    0.000450    4.387849 v _1455_/C (sky130_fd_sc_hd__and3_2)
     8    0.021670    0.057385    0.167146    4.554995 v _1455_/X (sky130_fd_sc_hd__and3_2)
                                                         _0708_ (net)
                      0.057516    0.002370    4.557365 v _1469_/B (sky130_fd_sc_hd__or2_2)
     1    0.003052    0.037032    0.164126    4.721490 v _1469_/X (sky130_fd_sc_hd__or2_2)
                                                         _0716_ (net)
                      0.037032    0.000209    4.721700 v _1470_/B1 (sky130_fd_sc_hd__o211a_2)
     1    0.003713    0.032091    0.085320    4.807019 v _1470_/X (sky130_fd_sc_hd__o211a_2)
                                                         _0026_ (net)
                      0.032091    0.000234    4.807253 v _1598_/D (sky130_fd_sc_hd__dfxtp_2)
                                              4.807253   data arrival time

                                 20.000000   20.000000   clock clk (rise edge)
                                  0.000000   20.000000   clock source latency
     1    0.021630    0.077149    0.053266   20.053267 ^ clk (in)
                                                         clk (net)
                      0.077182    0.000000   20.053267 ^ clkbuf_0_clk/A (sky130_fd_sc_hd__clkbuf_16)
     8    0.086925    0.079538    0.132564   20.185831 ^ clkbuf_0_clk/X (sky130_fd_sc_hd__clkbuf_16)
                                                         clknet_0_clk (net)
                      0.080380    0.006501   20.192331 ^ clkbuf_3_7__f_clk/A (sky130_fd_sc_hd__clkbuf_16)
     8    0.029496    0.038427    0.103370   20.295702 ^ clkbuf_3_7__f_clk/X (sky130_fd_sc_hd__clkbuf_16)
                                                         clknet_3_7__leaf_clk (net)
                      0.038984    0.003588   20.299290 ^ _1598_/CLK (sky130_fd_sc_hd__dfxtp_2)
                                 -0.250000   20.049292   clock uncertainty
                                  0.000000   20.049292   clock reconvergence pessimism
                                 -0.070584   19.978706   library setup time
                                             19.978706   data required time
---------------------------------------------------------------------------------------------
                                             19.978706   data required time
                                             -4.807253   data arrival time
---------------------------------------------------------------------------------------------
                                             15.171453   slack (MET)


Startpoint: _1581_ (rising edge-triggered flip-flop clocked by clk)
Endpoint: uo_out[5] (output port clocked by clk)
Path Group: clk
Path Type: max

Fanout         Cap        Slew       Delay        Time   Description
---------------------------------------------------------------------------------------------
                                  0.000000    0.000000   clock clk (rise edge)
                                  0.000000    0.000000   clock source latency
     1    0.021630    0.077149    0.053265    0.053265 ^ clk (in)
                                                         clk (net)
                      0.077182    0.000000    0.053265 ^ clkbuf_0_clk/A (sky130_fd_sc_hd__clkbuf_16)
     8    0.086925    0.079538    0.132564    0.185829 ^ clkbuf_0_clk/X (sky130_fd_sc_hd__clkbuf_16)
                                                         clknet_0_clk (net)
                      0.079938    0.004530    0.190359 ^ clkbuf_3_4__f_clk/A (sky130_fd_sc_hd__clkbuf_16)
     8    0.034907    0.041737    0.106870    0.297229 ^ clkbuf_3_4__f_clk/X (sky130_fd_sc_hd__clkbuf_16)
                                                         clknet_3_4__leaf_clk (net)
                      0.042171    0.003313    0.300542 ^ _1581_/CLK (sky130_fd_sc_hd__dfxtp_2)
     1    0.035733    0.138041    0.275510    0.576051 ^ _1581_/Q (sky130_fd_sc_hd__dfxtp_2)
                                                         uo_out[5] (net)
                      0.138072    0.002018    0.578070 ^ uo_out[5] (out)
                                              0.578070   data arrival time

                                 20.000000   20.000000   clock clk (rise edge)
                                  0.000000   20.000000   clock network delay (propagated)
                                 -0.250000   19.750002   clock uncertainty
                                  0.000000   19.750002   clock reconvergence pessimism
                                 -4.000000   15.750001   output external delay
                                             15.750001   data required time
---------------------------------------------------------------------------------------------
                                             15.750001   data required time
                                             -0.578070   data arrival time
---------------------------------------------------------------------------------------------
                                             15.171931   slack (MET)


Startpoint: _1577_ (rising edge-triggered flip-flop clocked by clk)
Endpoint: uo_out[1] (output port clocked by clk)
Path Group: clk
Path Type: max

Fanout         Cap        Slew       Delay        Time   Description
---------------------------------------------------------------------------------------------
                                  0.000000    0.000000   clock clk (rise edge)
                                  0.000000    0.000000   clock source latency
     1    0.021630    0.077149    0.053265    0.053265 ^ clk (in)
                                                         clk (net)
                      0.077182    0.000000    0.053265 ^ clkbuf_0_clk/A (sky130_fd_sc_hd__clkbuf_16)
     8    0.086925    0.079538    0.132564    0.185829 ^ clkbuf_0_clk/X (sky130_fd_sc_hd__clkbuf_16)
                                                         clknet_0_clk (net)
                      0.079938    0.004530    0.190359 ^ clkbuf_3_4__f_clk/A (sky130_fd_sc_hd__clkbuf_16)
     8    0.034907    0.041737    0.106870    0.297229 ^ clkbuf_3_4__f_clk/X (sky130_fd_sc_hd__clkbuf_16)
                                                         clknet_3_4__leaf_clk (net)
                      0.042186    0.003382    0.300611 ^ _1577_/CLK (sky130_fd_sc_hd__dfxtp_2)
     1    0.035492    0.137154    0.274820    0.575431 ^ _1577_/Q (sky130_fd_sc_hd__dfxtp_2)
                                                         uo_out[1] (net)
                      0.137190    0.002130    0.577561 ^ uo_out[1] (out)
                                              0.577561   data arrival time

                                 20.000000   20.000000   clock clk (rise edge)
                                  0.000000   20.000000   clock network delay (propagated)
                                 -0.250000   19.750002   clock uncertainty
                                  0.000000   19.750002   clock reconvergence pessimism
                                 -4.000000   15.750001   output external delay
                                             15.750001   data required time
---------------------------------------------------------------------------------------------
                                             15.750001   data required time
                                             -0.577561   data arrival time
---------------------------------------------------------------------------------------------
                                             15.172440   slack (MET)


Startpoint: uio_in[2] (input port clocked by clk)
Endpoint: _1595_ (rising edge-triggered flip-flop clocked by clk)
Path Group: clk
Path Type: max

Fanout         Cap        Slew       Delay        Time   Description
---------------------------------------------------------------------------------------------
                                  0.000000    0.000000   clock clk (rise edge)
                                  0.000000    0.000000   clock network delay (propagated)
                                  4.000000    4.000000 ^ input external delay
     1    0.003793    0.017489    0.009905    4.009904 ^ uio_in[2] (in)
                                                         uio_in[2] (net)
                      0.017491    0.000000    4.009904 ^ input12/A (sky130_fd_sc_hd__clkdlybuf4s25_1)
     5    0.016229    0.127834    0.222418    4.232323 ^ input12/X (sky130_fd_sc_hd__clkdlybuf4s25_1)
                                                         net12 (net)
                      0.127840    0.001025    4.233347 ^ _0804_/A_N (sky130_fd_sc_hd__and2b_2)
     3    0.009624    0.037887    0.154052    4.387399 v _0804_/X (sky130_fd_sc_hd__and2b_2)
                                                         _0074_ (net)
                      0.037892    0.000450    4.387849 v _1455_/C (sky130_fd_sc_hd__and3_2)
     8    0.021670    0.057385    0.167146    4.554995 v _1455_/X (sky130_fd_sc_hd__and3_2)
                                                         _0708_ (net)
                      0.057470    0.001951    4.556946 v _1463_/B (sky130_fd_sc_hd__or2_2)
     1    0.002721    0.037206    0.162860    4.719807 v _1463_/X (sky130_fd_sc_hd__or2_2)
                                                         _0713_ (net)
                      0.037206    0.000195    4.720001 v _1464_/B1 (sky130_fd_sc_hd__o211a_2)
     1    0.002766    0.030033    0.082860    4.802861 v _1464_/X (sky130_fd_sc_hd__o211a_2)
                                                         _0023_ (net)
                      0.030033    0.000181    4.803041 v _1595_/D (sky130_fd_sc_hd__dfxtp_2)
                                              4.803041   data arrival time

                                 20.000000   20.000000   clock clk (rise edge)
                                  0.000000   20.000000   clock source latency
     1    0.021630    0.077149    0.053266   20.053267 ^ clk (in)
                                                         clk (net)
                      0.077182    0.000000   20.053267 ^ clkbuf_0_clk/A (sky130_fd_sc_hd__clkbuf_16)
     8    0.086925    0.079538    0.132564   20.185831 ^ clkbuf_0_clk/X (sky130_fd_sc_hd__clkbuf_16)
                                                         clknet_0_clk (net)
                      0.080376    0.006484   20.192314 ^ clkbuf_3_6__f_clk/A (sky130_fd_sc_hd__clkbuf_16)
     8    0.026148    0.035921    0.101505   20.293819 ^ clkbuf_3_6__f_clk/X (sky130_fd_sc_hd__clkbuf_16)
                                                         clknet_3_6__leaf_clk (net)
                      0.036140    0.001871   20.295689 ^ _1595_/CLK (sky130_fd_sc_hd__dfxtp_2)
                                 -0.250000   20.045691   clock uncertainty
                                  0.000000   20.045691   clock reconvergence pessimism
                                 -0.070123   19.975567   library setup time
                                             19.975567   data required time
---------------------------------------------------------------------------------------------
                                             19.975567   data required time
                                             -4.803041   data arrival time
---------------------------------------------------------------------------------------------
                                             15.172525   slack (MET)


Startpoint: _1582_ (rising edge-triggered flip-flop clocked by clk)
Endpoint: uo_out[6] (output port clocked by clk)
Path Group: clk
Path Type: max

Fanout         Cap        Slew       Delay        Time   Description
---------------------------------------------------------------------------------------------
                                  0.000000    0.000000   clock clk (rise edge)
                                  0.000000    0.000000   clock source latency
     1    0.021630    0.077149    0.053265    0.053265 ^ clk (in)
                                                         clk (net)
                      0.077182    0.000000    0.053265 ^ clkbuf_0_clk/A (sky130_fd_sc_hd__clkbuf_16)
     8    0.086925    0.079538    0.132564    0.185829 ^ clkbuf_0_clk/X (sky130_fd_sc_hd__clkbuf_16)
                                                         clknet_0_clk (net)
                      0.080240    0.005948    0.191777 ^ clkbuf_3_3__f_clk/A (sky130_fd_sc_hd__clkbuf_16)
     8    0.033105    0.040577    0.106153    0.297930 ^ clkbuf_3_3__f_clk/X (sky130_fd_sc_hd__clkbuf_16)
                                                         clknet_3_3__leaf_clk (net)
                      0.040804    0.002438    0.300367 ^ _1582_/CLK (sky130_fd_sc_hd__dfxtp_2)
     1    0.035592    0.137532    0.274754    0.575121 ^ _1582_/Q (sky130_fd_sc_hd__dfxtp_2)
                                                         uo_out[6] (net)
                      0.137563    0.002011    0.577132 ^ uo_out[6] (out)
                                              0.577132   data arrival time

                                 20.000000   20.000000   clock clk (rise edge)
                                  0.000000   20.000000   clock network delay (propagated)
                                 -0.250000   19.750002   clock uncertainty
                                  0.000000   19.750002   clock reconvergence pessimism
                                 -4.000000   15.750001   output external delay
                                             15.750001   data required time
---------------------------------------------------------------------------------------------
                                             15.750001   data required time
                                             -0.577132   data arrival time
---------------------------------------------------------------------------------------------
                                             15.172870   slack (MET)


Startpoint: uio_in[2] (input port clocked by clk)
Endpoint: _1599_ (rising edge-triggered flip-flop clocked by clk)
Path Group: clk
Path Type: max

Fanout         Cap        Slew       Delay        Time   Description
---------------------------------------------------------------------------------------------
                                  0.000000    0.000000   clock clk (rise edge)
                                  0.000000    0.000000   clock network delay (propagated)
                                  4.000000    4.000000 ^ input external delay
     1    0.003793    0.017489    0.009905    4.009904 ^ uio_in[2] (in)
                                                         uio_in[2] (net)
                      0.017491    0.000000    4.009904 ^ input12/A (sky130_fd_sc_hd__clkdlybuf4s25_1)
     5    0.016229    0.127834    0.222418    4.232323 ^ input12/X (sky130_fd_sc_hd__clkdlybuf4s25_1)
                                                         net12 (net)
                      0.127840    0.001025    4.233347 ^ _0804_/A_N (sky130_fd_sc_hd__and2b_2)
     3    0.009624    0.037887    0.154052    4.387399 v _0804_/X (sky130_fd_sc_hd__and2b_2)
                                                         _0074_ (net)
                      0.037892    0.000450    4.387849 v _1455_/C (sky130_fd_sc_hd__and3_2)
     8    0.021670    0.057385    0.167146    4.554995 v _1455_/X (sky130_fd_sc_hd__and3_2)
                                                         _0708_ (net)
                      0.057415    0.001264    4.556260 v _1471_/B (sky130_fd_sc_hd__or2_2)
     1    0.002826    0.036244    0.163239    4.719498 v _1471_/X (sky130_fd_sc_hd__or2_2)
                                                         _0717_ (net)
                      0.036244    0.000196    4.719695 v _1472_/B1 (sky130_fd_sc_hd__o211a_2)
     1    0.002616    0.029727    0.082061    4.801755 v _1472_/X (sky130_fd_sc_hd__o211a_2)
                                                         _0027_ (net)
                      0.029727    0.000172    4.801928 v _1599_/D (sky130_fd_sc_hd__dfxtp_2)
                                              4.801928   data arrival time

                                 20.000000   20.000000   clock clk (rise edge)
                                  0.000000   20.000000   clock source latency
     1    0.021630    0.077149    0.053266   20.053267 ^ clk (in)
                                                         clk (net)
                      0.077182    0.000000   20.053267 ^ clkbuf_0_clk/A (sky130_fd_sc_hd__clkbuf_16)
     8    0.086925    0.079538    0.132564   20.185831 ^ clkbuf_0_clk/X (sky130_fd_sc_hd__clkbuf_16)
                                                         clknet_0_clk (net)
                      0.080376    0.006484   20.192314 ^ clkbuf_3_6__f_clk/A (sky130_fd_sc_hd__clkbuf_16)
     8    0.026148    0.035921    0.101505   20.293819 ^ clkbuf_3_6__f_clk/X (sky130_fd_sc_hd__clkbuf_16)
                                                         clknet_3_6__leaf_clk (net)
                      0.036035    0.001144   20.294962 ^ _1599_/CLK (sky130_fd_sc_hd__dfxtp_2)
                                 -0.250000   20.044964   clock uncertainty
                                  0.000000   20.044964   clock reconvergence pessimism
                                 -0.070024   19.974939   library setup time
                                             19.974939   data required time
---------------------------------------------------------------------------------------------
                                             19.974939   data required time
                                             -4.801928   data arrival time
---------------------------------------------------------------------------------------------
                                             15.173012   slack (MET)


Startpoint: uio_in[2] (input port clocked by clk)
Endpoint: _1593_ (rising edge-triggered flip-flop clocked by clk)
Path Group: clk
Path Type: max

Fanout         Cap        Slew       Delay        Time   Description
---------------------------------------------------------------------------------------------
                                  0.000000    0.000000   clock clk (rise edge)
                                  0.000000    0.000000   clock network delay (propagated)
                                  4.000000    4.000000 ^ input external delay
     1    0.003793    0.017489    0.009905    4.009904 ^ uio_in[2] (in)
                                                         uio_in[2] (net)
                      0.017491    0.000000    4.009904 ^ input12/A (sky130_fd_sc_hd__clkdlybuf4s25_1)
     5    0.016229    0.127834    0.222418    4.232323 ^ input12/X (sky130_fd_sc_hd__clkdlybuf4s25_1)
                                                         net12 (net)
                      0.127840    0.001025    4.233347 ^ _0804_/A_N (sky130_fd_sc_hd__and2b_2)
     3    0.009624    0.037887    0.154052    4.387399 v _0804_/X (sky130_fd_sc_hd__and2b_2)
                                                         _0074_ (net)
                      0.037892    0.000450    4.387849 v _1455_/C (sky130_fd_sc_hd__and3_2)
     8    0.021670    0.057385    0.167146    4.554995 v _1455_/X (sky130_fd_sc_hd__and3_2)
                                                         _0708_ (net)
                      0.057437    0.001584    4.556579 v _1459_/B (sky130_fd_sc_hd__or2_2)
     1    0.002995    0.037522    0.163880    4.720459 v _1459_/X (sky130_fd_sc_hd__or2_2)
                                                         _0711_ (net)
                      0.037522    0.000210    4.720669 v _1460_/B1 (sky130_fd_sc_hd__o211a_2)
     1    0.002358    0.029201    0.081893    4.802563 v _1460_/X (sky130_fd_sc_hd__o211a_2)
                                                         _0021_ (net)
                      0.029201    0.000171    4.802733 v _1593_/D (sky130_fd_sc_hd__dfxtp_2)
                                              4.802733   data arrival time

                                 20.000000   20.000000   clock clk (rise edge)
                                  0.000000   20.000000   clock source latency
     1    0.021630    0.077149    0.053266   20.053267 ^ clk (in)
                                                         clk (net)
                      0.077182    0.000000   20.053267 ^ clkbuf_0_clk/A (sky130_fd_sc_hd__clkbuf_16)
     8    0.086925    0.079538    0.132564   20.185831 ^ clkbuf_0_clk/X (sky130_fd_sc_hd__clkbuf_16)
                                                         clknet_0_clk (net)
                      0.080376    0.006484   20.192314 ^ clkbuf_3_6__f_clk/A (sky130_fd_sc_hd__clkbuf_16)
     8    0.026148    0.035921    0.101505   20.293819 ^ clkbuf_3_6__f_clk/X (sky130_fd_sc_hd__clkbuf_16)
                                                         clknet_3_6__leaf_clk (net)
                      0.036129    0.001805   20.295624 ^ _1593_/CLK (sky130_fd_sc_hd__dfxtp_2)
                                 -0.250000   20.045624   clock uncertainty
                                  0.000000   20.045624   clock reconvergence pessimism
                                 -0.069827   19.975798   library setup time
                                             19.975798   data required time
---------------------------------------------------------------------------------------------
                                             19.975798   data required time
                                             -4.802733   data arrival time
---------------------------------------------------------------------------------------------
                                             15.173065   slack (MET)


Startpoint: uio_in[2] (input port clocked by clk)
Endpoint: _1594_ (rising edge-triggered flip-flop clocked by clk)
Path Group: clk
Path Type: max

Fanout         Cap        Slew       Delay        Time   Description
---------------------------------------------------------------------------------------------
                                  0.000000    0.000000   clock clk (rise edge)
                                  0.000000    0.000000   clock network delay (propagated)
                                  4.000000    4.000000 ^ input external delay
     1    0.003793    0.017489    0.009905    4.009904 ^ uio_in[2] (in)
                                                         uio_in[2] (net)
                      0.017491    0.000000    4.009904 ^ input12/A (sky130_fd_sc_hd__clkdlybuf4s25_1)
     5    0.016229    0.127834    0.222418    4.232323 ^ input12/X (sky130_fd_sc_hd__clkdlybuf4s25_1)
                                                         net12 (net)
                      0.127840    0.001025    4.233347 ^ _0804_/A_N (sky130_fd_sc_hd__and2b_2)
     3    0.009624    0.037887    0.154052    4.387399 v _0804_/X (sky130_fd_sc_hd__and2b_2)
                                                         _0074_ (net)
                      0.037892    0.000450    4.387849 v _1455_/C (sky130_fd_sc_hd__and3_2)
     8    0.021670    0.057385    0.167146    4.554995 v _1455_/X (sky130_fd_sc_hd__and3_2)
                                                         _0708_ (net)
                      0.057501    0.002243    4.557238 v _1461_/B (sky130_fd_sc_hd__or2_2)
     1    0.002977    0.036633    0.163833    4.721070 v _1461_/X (sky130_fd_sc_hd__or2_2)
                                                         _0712_ (net)
                      0.036633    0.000214    4.721285 v _1462_/B1 (sky130_fd_sc_hd__o211a_2)
     1    0.003028    0.030566    0.083323    4.804608 v _1462_/X (sky130_fd_sc_hd__o211a_2)
                                                         _0022_ (net)
                      0.030566    0.000195    4.804802 v _1594_/D (sky130_fd_sc_hd__dfxtp_2)
                                              4.804802   data arrival time

                                 20.000000   20.000000   clock clk (rise edge)
                                  0.000000   20.000000   clock source latency
     1    0.021630    0.077149    0.053266   20.053267 ^ clk (in)
                                                         clk (net)
                      0.077182    0.000000   20.053267 ^ clkbuf_0_clk/A (sky130_fd_sc_hd__clkbuf_16)
     8    0.086925    0.079538    0.132564   20.185831 ^ clkbuf_0_clk/X (sky130_fd_sc_hd__clkbuf_16)
                                                         clknet_0_clk (net)
                      0.080380    0.006501   20.192331 ^ clkbuf_3_7__f_clk/A (sky130_fd_sc_hd__clkbuf_16)
     8    0.029496    0.038427    0.103370   20.295702 ^ clkbuf_3_7__f_clk/X (sky130_fd_sc_hd__clkbuf_16)
                                                         clknet_3_7__leaf_clk (net)
                      0.038823    0.002977   20.298679 ^ _1594_/CLK (sky130_fd_sc_hd__dfxtp_2)
                                 -0.250000   20.048679   clock uncertainty
                                  0.000000   20.048679   clock reconvergence pessimism
                                 -0.070055   19.978624   library setup time
                                             19.978624   data required time
---------------------------------------------------------------------------------------------
                                             19.978624   data required time
                                             -4.804802   data arrival time
---------------------------------------------------------------------------------------------
                                             15.173821   slack (MET)


Startpoint: uio_in[2] (input port clocked by clk)
Endpoint: _1596_ (rising edge-triggered flip-flop clocked by clk)
Path Group: clk
Path Type: max

Fanout         Cap        Slew       Delay        Time   Description
---------------------------------------------------------------------------------------------
                                  0.000000    0.000000   clock clk (rise edge)
                                  0.000000    0.000000   clock network delay (propagated)
                                  4.000000    4.000000 ^ input external delay
     1    0.003793    0.017489    0.009905    4.009904 ^ uio_in[2] (in)
                                                         uio_in[2] (net)
                      0.017491    0.000000    4.009904 ^ input12/A (sky130_fd_sc_hd__clkdlybuf4s25_1)
     5    0.016229    0.127834    0.222418    4.232323 ^ input12/X (sky130_fd_sc_hd__clkdlybuf4s25_1)
                                                         net12 (net)
                      0.127840    0.001025    4.233347 ^ _0804_/A_N (sky130_fd_sc_hd__and2b_2)
     3    0.009624    0.037887    0.154052    4.387399 v _0804_/X (sky130_fd_sc_hd__and2b_2)
                                                         _0074_ (net)
                      0.037892    0.000450    4.387849 v _1455_/C (sky130_fd_sc_hd__and3_2)
     8    0.021670    0.057385    0.167146    4.554995 v _1455_/X (sky130_fd_sc_hd__and3_2)
                                                         _0708_ (net)
                      0.057512    0.002335    4.557331 v _1465_/B (sky130_fd_sc_hd__or2_2)
     1    0.003073    0.037555    0.164205    4.721536 v _1465_/X (sky130_fd_sc_hd__or2_2)
                                                         _0714_ (net)
                      0.037555    0.000209    4.721745 v _1466_/B1 (sky130_fd_sc_hd__o211a_2)
     1    0.002145    0.028759    0.081339    4.803084 v _1466_/X (sky130_fd_sc_hd__o211a_2)
                                                         _0024_ (net)
                      0.028759    0.000153    4.803237 v _1596_/D (sky130_fd_sc_hd__dfxtp_2)
                                              4.803237   data arrival time

                                 20.000000   20.000000   clock clk (rise edge)
                                  0.000000   20.000000   clock source latency
     1    0.021630    0.077149    0.053266   20.053267 ^ clk (in)
                                                         clk (net)
                      0.077182    0.000000   20.053267 ^ clkbuf_0_clk/A (sky130_fd_sc_hd__clkbuf_16)
     8    0.086925    0.079538    0.132564   20.185831 ^ clkbuf_0_clk/X (sky130_fd_sc_hd__clkbuf_16)
                                                         clknet_0_clk (net)
                      0.080380    0.006501   20.192331 ^ clkbuf_3_7__f_clk/A (sky130_fd_sc_hd__clkbuf_16)
     8    0.029496    0.038427    0.103370   20.295702 ^ clkbuf_3_7__f_clk/X (sky130_fd_sc_hd__clkbuf_16)
                                                         clknet_3_7__leaf_clk (net)
                      0.038618    0.002027   20.297728 ^ _1596_/CLK (sky130_fd_sc_hd__dfxtp_2)
                                 -0.250000   20.047729   clock uncertainty
                                  0.000000   20.047729   clock reconvergence pessimism
                                 -0.069430   19.978298   library setup time
                                             19.978298   data required time
---------------------------------------------------------------------------------------------
                                             19.978298   data required time
                                             -4.803237   data arrival time
---------------------------------------------------------------------------------------------
                                             15.175061   slack (MET)


Startpoint: _1576_ (rising edge-triggered flip-flop clocked by clk)
Endpoint: uo_out[0] (output port clocked by clk)
Path Group: clk
Path Type: max

Fanout         Cap        Slew       Delay        Time   Description
---------------------------------------------------------------------------------------------
                                  0.000000    0.000000   clock clk (rise edge)
                                  0.000000    0.000000   clock source latency
     1    0.021630    0.077149    0.053265    0.053265 ^ clk (in)
                                                         clk (net)
                      0.077182    0.000000    0.053265 ^ clkbuf_0_clk/A (sky130_fd_sc_hd__clkbuf_16)
     8    0.086925    0.079538    0.132564    0.185829 ^ clkbuf_0_clk/X (sky130_fd_sc_hd__clkbuf_16)
                                                         clknet_0_clk (net)
                      0.080201    0.005785    0.191614 ^ clkbuf_3_5__f_clk/A (sky130_fd_sc_hd__clkbuf_16)
     8    0.031284    0.039493    0.105431    0.297045 ^ clkbuf_3_5__f_clk/X (sky130_fd_sc_hd__clkbuf_16)
                                                         clknet_3_5__leaf_clk (net)
                      0.039509    0.001438    0.298483 ^ _1576_/CLK (sky130_fd_sc_hd__dfxtp_2)
     1    0.035587    0.137515    0.274338    0.572820 ^ _1576_/Q (sky130_fd_sc_hd__dfxtp_2)
                                                         uo_out[0] (net)
                      0.137547    0.002026    0.574846 ^ uo_out[0] (out)
                                              0.574846   data arrival time

                                 20.000000   20.000000   clock clk (rise edge)
                                  0.000000   20.000000   clock network delay (propagated)
                                 -0.250000   19.750002   clock uncertainty
                                  0.000000   19.750002   clock reconvergence pessimism
                                 -4.000000   15.750001   output external delay
                                             15.750001   data required time
---------------------------------------------------------------------------------------------
                                             15.750001   data required time
                                             -0.574846   data arrival time
---------------------------------------------------------------------------------------------
                                             15.175154   slack (MET)


Startpoint: _1583_ (rising edge-triggered flip-flop clocked by clk)
Endpoint: uo_out[7] (output port clocked by clk)
Path Group: clk
Path Type: max

Fanout         Cap        Slew       Delay        Time   Description
---------------------------------------------------------------------------------------------
                                  0.000000    0.000000   clock clk (rise edge)
                                  0.000000    0.000000   clock source latency
     1    0.021630    0.077149    0.053265    0.053265 ^ clk (in)
                                                         clk (net)
                      0.077182    0.000000    0.053265 ^ clkbuf_0_clk/A (sky130_fd_sc_hd__clkbuf_16)
     8    0.086925    0.079538    0.132564    0.185829 ^ clkbuf_0_clk/X (sky130_fd_sc_hd__clkbuf_16)
                                                         clknet_0_clk (net)
                      0.080201    0.005785    0.191614 ^ clkbuf_3_5__f_clk/A (sky130_fd_sc_hd__clkbuf_16)
     8    0.031284    0.039493    0.105431    0.297045 ^ clkbuf_3_5__f_clk/X (sky130_fd_sc_hd__clkbuf_16)
                                                         clknet_3_5__leaf_clk (net)
                      0.039509    0.001435    0.298480 ^ _1583_/CLK (sky130_fd_sc_hd__dfxtp_2)
     1    0.035448    0.137003    0.273922    0.572402 ^ _1583_/Q (sky130_fd_sc_hd__dfxtp_2)
                                                         uo_out[7] (net)
                      0.137037    0.002088    0.574491 ^ uo_out[7] (out)
                                              0.574491   data arrival time

                                 20.000000   20.000000   clock clk (rise edge)
                                  0.000000   20.000000   clock network delay (propagated)
                                 -0.250000   19.750002   clock uncertainty
                                  0.000000   19.750002   clock reconvergence pessimism
                                 -4.000000   15.750001   output external delay
                                             15.750001   data required time
---------------------------------------------------------------------------------------------
                                             15.750001   data required time
                                             -0.574491   data arrival time
---------------------------------------------------------------------------------------------
                                             15.175511   slack (MET)


Startpoint: _1579_ (rising edge-triggered flip-flop clocked by clk)
Endpoint: uo_out[3] (output port clocked by clk)
Path Group: clk
Path Type: max

Fanout         Cap        Slew       Delay        Time   Description
---------------------------------------------------------------------------------------------
                                  0.000000    0.000000   clock clk (rise edge)
                                  0.000000    0.000000   clock source latency
     1    0.021630    0.077149    0.053265    0.053265 ^ clk (in)
                                                         clk (net)
                      0.077182    0.000000    0.053265 ^ clkbuf_0_clk/A (sky130_fd_sc_hd__clkbuf_16)
     8    0.086925    0.079538    0.132564    0.185829 ^ clkbuf_0_clk/X (sky130_fd_sc_hd__clkbuf_16)
                                                         clknet_0_clk (net)
                      0.080201    0.005785    0.191614 ^ clkbuf_3_5__f_clk/A (sky130_fd_sc_hd__clkbuf_16)
     8    0.031284    0.039493    0.105431    0.297045 ^ clkbuf_3_5__f_clk/X (sky130_fd_sc_hd__clkbuf_16)
                                                         clknet_3_5__leaf_clk (net)
                      0.039509    0.001434    0.298479 ^ _1579_/CLK (sky130_fd_sc_hd__dfxtp_2)
     1    0.034790    0.134606    0.272364    0.570842 ^ _1579_/Q (sky130_fd_sc_hd__dfxtp_2)
                                                         uo_out[3] (net)
                      0.134635    0.001917    0.572759 ^ uo_out[3] (out)
                                              0.572759   data arrival time

                                 20.000000   20.000000   clock clk (rise edge)
                                  0.000000   20.000000   clock network delay (propagated)
                                 -0.250000   19.750002   clock uncertainty
                                  0.000000   19.750002   clock reconvergence pessimism
                                 -4.000000   15.750001   output external delay
                                             15.750001   data required time
---------------------------------------------------------------------------------------------
                                             15.750001   data required time
                                             -0.572759   data arrival time
---------------------------------------------------------------------------------------------
                                             15.177241   slack (MET)


Startpoint: uio_in[1] (input port clocked by clk)
Endpoint: _1633_ (rising edge-triggered flip-flop clocked by clk)
Path Group: clk
Path Type: max

Fanout         Cap        Slew       Delay        Time   Description
---------------------------------------------------------------------------------------------
                                  0.000000    0.000000   clock clk (rise edge)
                                  0.000000    0.000000   clock network delay (propagated)
                                  4.000000    4.000000 ^ input external delay
     1    0.004121    0.018648    0.010770    4.010770 ^ uio_in[1] (in)
                                                         uio_in[1] (net)
                      0.018651    0.000000    4.010770 ^ input11/A (sky130_fd_sc_hd__clkdlybuf4s25_1)
     8    0.028631    0.218393    0.284890    4.295660 ^ input11/X (sky130_fd_sc_hd__clkdlybuf4s25_1)
                                                         net11 (net)
                      0.218515    0.002837    4.298497 ^ _0797_/A (sky130_fd_sc_hd__nor2_2)
     3    0.009529    0.056416    0.041469    4.339966 v _0797_/Y (sky130_fd_sc_hd__nor2_2)
                                                         _0070_ (net)
                      0.056417    0.000413    4.340379 v _0800_/A2 (sky130_fd_sc_hd__o211a_2)
     1    0.003391    0.031142    0.152240    4.492619 v _0800_/X (sky130_fd_sc_hd__o211a_2)
                                                         _0072_ (net)
                      0.031142    0.000238    4.492857 v _0801_/B1 (sky130_fd_sc_hd__a41o_2)
     1    0.004678    0.032584    0.080257    4.573113 v _0801_/X (sky130_fd_sc_hd__a41o_2)
                                                         _0000_ (net)
                      0.032584    0.000337    4.573450 v _1633_/D (sky130_fd_sc_hd__dfxtp_2)
                                              4.573450   data arrival time

                                 20.000000   20.000000   clock clk (rise edge)
                                  0.000000   20.000000   clock source latency
     1    0.021630    0.077149    0.053266   20.053267 ^ clk (in)
                                                         clk (net)
                      0.077182    0.000000   20.053267 ^ clkbuf_0_clk/A (sky130_fd_sc_hd__clkbuf_16)
     8    0.086925    0.079538    0.132564   20.185831 ^ clkbuf_0_clk/X (sky130_fd_sc_hd__clkbuf_16)
                                                         clknet_0_clk (net)
                      0.080201    0.005784   20.191614 ^ clkbuf_3_5__f_clk/A (sky130_fd_sc_hd__clkbuf_16)
     8    0.031284    0.039493    0.105432   20.297047 ^ clkbuf_3_5__f_clk/X (sky130_fd_sc_hd__clkbuf_16)
                                                         clknet_3_5__leaf_clk (net)
                      0.039497    0.000714   20.297760 ^ _1633_/CLK (sky130_fd_sc_hd__dfxtp_2)
                                 -0.250000   20.047762   clock uncertainty
                                  0.000000   20.047762   clock reconvergence pessimism
                                 -0.070711   19.977051   library setup time
                                             19.977051   data required time
---------------------------------------------------------------------------------------------
                                             19.977051   data required time
                                             -4.573450   data arrival time
---------------------------------------------------------------------------------------------
                                             15.403601   slack (MET)


Startpoint: uio_in[1] (input port clocked by clk)
Endpoint: _1634_ (rising edge-triggered flip-flop clocked by clk)
Path Group: clk
Path Type: max

Fanout         Cap        Slew       Delay        Time   Description
---------------------------------------------------------------------------------------------
                                  0.000000    0.000000   clock clk (rise edge)
                                  0.000000    0.000000   clock network delay (propagated)
                                  4.000000    4.000000 ^ input external delay
     1    0.004121    0.018648    0.010770    4.010770 ^ uio_in[1] (in)
                                                         uio_in[1] (net)
                      0.018651    0.000000    4.010770 ^ input11/A (sky130_fd_sc_hd__clkdlybuf4s25_1)
     8    0.028631    0.218393    0.284890    4.295660 ^ input11/X (sky130_fd_sc_hd__clkdlybuf4s25_1)
                                                         net11 (net)
                      0.218515    0.002837    4.298497 ^ _0797_/A (sky130_fd_sc_hd__nor2_2)
     3    0.009529    0.056416    0.041469    4.339966 v _0797_/Y (sky130_fd_sc_hd__nor2_2)
                                                         _0070_ (net)
                      0.056417    0.000380    4.340346 v _0798_/A2 (sky130_fd_sc_hd__o211a_2)
     1    0.003678    0.031875    0.153278    4.493624 v _0798_/X (sky130_fd_sc_hd__o211a_2)
                                                         _0071_ (net)
                      0.031875    0.000284    4.493908 v _0799_/B1 (sky130_fd_sc_hd__a41o_2)
     1    0.002563    0.027643    0.075084    4.568992 v _0799_/X (sky130_fd_sc_hd__a41o_2)
                                                         _0001_ (net)
                      0.027643    0.000175    4.569168 v _1634_/D (sky130_fd_sc_hd__dfxtp_2)
                                              4.569168   data arrival time

                                 20.000000   20.000000   clock clk (rise edge)
                                  0.000000   20.000000   clock source latency
     1    0.021630    0.077149    0.053266   20.053267 ^ clk (in)
                                                         clk (net)
                      0.077182    0.000000   20.053267 ^ clkbuf_0_clk/A (sky130_fd_sc_hd__clkbuf_16)
     8    0.086925    0.079538    0.132564   20.185831 ^ clkbuf_0_clk/X (sky130_fd_sc_hd__clkbuf_16)
                                                         clknet_0_clk (net)
                      0.080201    0.005784   20.191614 ^ clkbuf_3_5__f_clk/A (sky130_fd_sc_hd__clkbuf_16)
     8    0.031284    0.039493    0.105432   20.297047 ^ clkbuf_3_5__f_clk/X (sky130_fd_sc_hd__clkbuf_16)
                                                         clknet_3_5__leaf_clk (net)
                      0.039498    0.000806   20.297853 ^ _1634_/CLK (sky130_fd_sc_hd__dfxtp_2)
                                 -0.250000   20.047853   clock uncertainty
                                  0.000000   20.047853   clock reconvergence pessimism
                                 -0.068947   19.978907   library setup time
                                             19.978907   data required time
---------------------------------------------------------------------------------------------
                                             19.978907   data required time
                                             -4.569168   data arrival time
---------------------------------------------------------------------------------------------
                                             15.409739   slack (MET)


Startpoint: uio_in[3] (input port clocked by clk)
Endpoint: _1624_ (rising edge-triggered flip-flop clocked by clk)
Path Group: clk
Path Type: max

Fanout         Cap        Slew       Delay        Time   Description
---------------------------------------------------------------------------------------------
                                  0.000000    0.000000   clock clk (rise edge)
                                  0.000000    0.000000   clock network delay (propagated)
                                  4.000000    4.000000 v input external delay
     1    0.002734    0.004613    0.002269    4.002269 v uio_in[3] (in)
                                                         uio_in[3] (net)
                      0.004623    0.000000    4.002269 v input13/A (sky130_fd_sc_hd__clkdlybuf4s25_1)
     1    0.002383    0.025414    0.144751    4.147020 v input13/X (sky130_fd_sc_hd__clkdlybuf4s25_1)
                                                         net13 (net)
                      0.025414    0.000144    4.147164 v _1562_/B (sky130_fd_sc_hd__and2_2)
     1    0.017388    0.049076    0.141176    4.288340 v _1562_/X (sky130_fd_sc_hd__and2_2)
                                                         _0052_ (net)
                      0.049198    0.002058    4.290399 v _1624_/D (sky130_fd_sc_hd__dfxtp_2)
                                              4.290399   data arrival time

                                 20.000000   20.000000   clock clk (rise edge)
                                  0.000000   20.000000   clock source latency
     1    0.021630    0.077149    0.053266   20.053267 ^ clk (in)
                                                         clk (net)
                      0.077182    0.000000   20.053267 ^ clkbuf_0_clk/A (sky130_fd_sc_hd__clkbuf_16)
     8    0.086925    0.079538    0.132564   20.185831 ^ clkbuf_0_clk/X (sky130_fd_sc_hd__clkbuf_16)
                                                         clknet_0_clk (net)
                      0.080240    0.005947   20.191778 ^ clkbuf_3_3__f_clk/A (sky130_fd_sc_hd__clkbuf_16)
     8    0.033105    0.040577    0.106152   20.297930 ^ clkbuf_3_3__f_clk/X (sky130_fd_sc_hd__clkbuf_16)
                                                         clknet_3_3__leaf_clk (net)
                      0.040795    0.002379   20.300308 ^ _1624_/CLK (sky130_fd_sc_hd__dfxtp_2)
                                 -0.250000   20.050308   clock uncertainty
                                  0.000000   20.050308   clock reconvergence pessimism
                                 -0.076517   19.973791   library setup time
                                             19.973791   data required time
---------------------------------------------------------------------------------------------
                                             19.973791   data required time
                                             -4.290399   data arrival time
---------------------------------------------------------------------------------------------
                                             15.683394   slack (MET)


Startpoint: rst_n (input port clocked by clk)
Endpoint: _1636_ (rising edge-triggered flip-flop clocked by clk)
Path Group: clk
Path Type: max

Fanout         Cap        Slew       Delay        Time   Description
---------------------------------------------------------------------------------------------
                                  0.000000    0.000000   clock clk (rise edge)
                                  0.000000    0.000000   clock network delay (propagated)
                                  4.000000    4.000000 v input external delay
     1    0.006177    0.010094    0.005680    4.005681 v rst_n (in)
                                                         rst_n (net)
                      0.010105    0.000000    4.005681 v input1/A (sky130_fd_sc_hd__clkdlybuf4s25_1)
     1    0.003962    0.032402    0.154365    4.160046 v input1/X (sky130_fd_sc_hd__clkdlybuf4s25_1)
                                                         net1 (net)
                      0.032421    0.000298    4.160344 v _1636_/D (sky130_fd_sc_hd__dfxtp_2)
                                              4.160344   data arrival time

                                 20.000000   20.000000   clock clk (rise edge)
                                  0.000000   20.000000   clock source latency
     1    0.021630    0.077149    0.053266   20.053267 ^ clk (in)
                                                         clk (net)
                      0.077182    0.000000   20.053267 ^ clkbuf_0_clk/A (sky130_fd_sc_hd__clkbuf_16)
     8    0.086925    0.079538    0.132564   20.185831 ^ clkbuf_0_clk/X (sky130_fd_sc_hd__clkbuf_16)
                                                         clknet_0_clk (net)
                      0.080380    0.006501   20.192331 ^ clkbuf_3_7__f_clk/A (sky130_fd_sc_hd__clkbuf_16)
     8    0.029496    0.038427    0.103370   20.295702 ^ clkbuf_3_7__f_clk/X (sky130_fd_sc_hd__clkbuf_16)
                                                         clknet_3_7__leaf_clk (net)
                      0.038937    0.003419   20.299122 ^ _1636_/CLK (sky130_fd_sc_hd__dfxtp_2)
                                 -0.250000   20.049122   clock uncertainty
                                  0.000000   20.049122   clock reconvergence pessimism
                                 -0.070707   19.978416   library setup time
                                             19.978416   data required time
---------------------------------------------------------------------------------------------
                                             19.978416   data required time
                                             -4.160344   data arrival time
---------------------------------------------------------------------------------------------
                                             15.818072   slack (MET)


Startpoint: _1635_ (rising edge-triggered flip-flop clocked by clk)
Endpoint: _1631_ (rising edge-triggered flip-flop clocked by clk)
Path Group: clk
Path Type: max

Fanout         Cap        Slew       Delay        Time   Description
---------------------------------------------------------------------------------------------
                                  0.000000    0.000000   clock clk (rise edge)
                                  0.000000    0.000000   clock source latency
     1    0.021630    0.077149    0.053265    0.053265 ^ clk (in)
                                                         clk (net)
                      0.077182    0.000000    0.053265 ^ clkbuf_0_clk/A (sky130_fd_sc_hd__clkbuf_16)
     8    0.086925    0.079538    0.132564    0.185829 ^ clkbuf_0_clk/X (sky130_fd_sc_hd__clkbuf_16)
                                                         clknet_0_clk (net)
                      0.080376    0.006485    0.192315 ^ clkbuf_3_6__f_clk/A (sky130_fd_sc_hd__clkbuf_16)
     8    0.026148    0.035921    0.101503    0.293817 ^ clkbuf_3_6__f_clk/X (sky130_fd_sc_hd__clkbuf_16)
                                                         clknet_3_6__leaf_clk (net)
                      0.036173    0.002063    0.295881 ^ _1635_/CLK (sky130_fd_sc_hd__dfxtp_2)
     1    0.004256    0.026074    0.192894    0.488775 ^ _1635_/Q (sky130_fd_sc_hd__dfxtp_2)
                                                         u_rst_sync.rst_ff2 (net)
                      0.026076    0.000315    0.489089 ^ fanout42/A (sky130_fd_sc_hd__clkdlybuf4s25_1)
    10    0.057669    0.432568    0.428765    0.917854 ^ fanout42/X (sky130_fd_sc_hd__clkdlybuf4s25_1)
                                                         net42 (net)
                      0.433044    0.011888    0.929742 ^ _0791_/A (sky130_fd_sc_hd__inv_2)
     9    0.044986    0.149314    0.117585    1.047327 v _0791_/Y (sky130_fd_sc_hd__inv_2)
                                                         _0064_ (net)
                      0.149331    0.001312    1.048639 v _1572_/C1 (sky130_fd_sc_hd__a2111oi_2)
     1    0.002064    0.170983    0.158264    1.206903 ^ _1572_/Y (sky130_fd_sc_hd__a2111oi_2)
                                                         _0058_ (net)
                      0.170983    0.000148    1.207050 ^ hold89/A (sky130_fd_sc_hd__dlygate4sd3_1)
     1    0.002849    0.037529    0.389998    1.597049 ^ hold89/X (sky130_fd_sc_hd__dlygate4sd3_1)
                                                         net89 (net)
                      0.037529    0.000194    1.597242 ^ _1631_/D (sky130_fd_sc_hd__dfxtp_2)
                                              1.597242   data arrival time

                                 20.000000   20.000000   clock clk (rise edge)
                                  0.000000   20.000000   clock source latency
     1    0.021630    0.077149    0.053266   20.053267 ^ clk (in)
                                                         clk (net)
                      0.077182    0.000000   20.053267 ^ clkbuf_0_clk/A (sky130_fd_sc_hd__clkbuf_16)
     8    0.086925    0.079538    0.132564   20.185831 ^ clkbuf_0_clk/X (sky130_fd_sc_hd__clkbuf_16)
                                                         clknet_0_clk (net)
                      0.080240    0.005947   20.191778 ^ clkbuf_3_3__f_clk/A (sky130_fd_sc_hd__clkbuf_16)
     8    0.033105    0.040577    0.106152   20.297930 ^ clkbuf_3_3__f_clk/X (sky130_fd_sc_hd__clkbuf_16)
                                                         clknet_3_3__leaf_clk (net)
                      0.040753    0.002071   20.300001 ^ _1631_/CLK (sky130_fd_sc_hd__dfxtp_2)
                                 -0.250000   20.050001   clock uncertainty
                                  0.000000   20.050001   clock reconvergence pessimism
                                 -0.031785   20.018217   library setup time
                                             20.018217   data required time
---------------------------------------------------------------------------------------------
                                             20.018217   data required time
                                             -1.597242   data arrival time
---------------------------------------------------------------------------------------------
                                             18.420975   slack (MET)


Startpoint: _1635_ (rising edge-triggered flip-flop clocked by clk)
Endpoint: _1629_ (rising edge-triggered flip-flop clocked by clk)
Path Group: clk
Path Type: max

Fanout         Cap        Slew       Delay        Time   Description
---------------------------------------------------------------------------------------------
                                  0.000000    0.000000   clock clk (rise edge)
                                  0.000000    0.000000   clock source latency
     1    0.021630    0.077149    0.053265    0.053265 ^ clk (in)
                                                         clk (net)
                      0.077182    0.000000    0.053265 ^ clkbuf_0_clk/A (sky130_fd_sc_hd__clkbuf_16)
     8    0.086925    0.079538    0.132564    0.185829 ^ clkbuf_0_clk/X (sky130_fd_sc_hd__clkbuf_16)
                                                         clknet_0_clk (net)
                      0.080376    0.006485    0.192315 ^ clkbuf_3_6__f_clk/A (sky130_fd_sc_hd__clkbuf_16)
     8    0.026148    0.035921    0.101503    0.293817 ^ clkbuf_3_6__f_clk/X (sky130_fd_sc_hd__clkbuf_16)
                                                         clknet_3_6__leaf_clk (net)
                      0.036173    0.002063    0.295881 ^ _1635_/CLK (sky130_fd_sc_hd__dfxtp_2)
     1    0.004030    0.018977    0.194999    0.490880 v _1635_/Q (sky130_fd_sc_hd__dfxtp_2)
                                                         u_rst_sync.rst_ff2 (net)
                      0.018984    0.000294    0.491175 v fanout42/A (sky130_fd_sc_hd__clkdlybuf4s25_1)
    10    0.056095    0.284057    0.343586    0.834760 v fanout42/X (sky130_fd_sc_hd__clkdlybuf4s25_1)
                                                         net42 (net)
                      0.284923    0.013036    0.847797 v _1567_/B1 (sky130_fd_sc_hd__o21a_2)
     1    0.002276    0.023354    0.158507    1.006303 v _1567_/X (sky130_fd_sc_hd__o21a_2)
                                                         _0056_ (net)
                      0.023354    0.000149    1.006452 v hold86/A (sky130_fd_sc_hd__dlygate4sd3_1)
     1    0.002180    0.035968    0.353242    1.359694 v hold86/X (sky130_fd_sc_hd__dlygate4sd3_1)
                                                         net86 (net)
                      0.035968    0.000151    1.359846 v _1629_/D (sky130_fd_sc_hd__dfxtp_2)
                                              1.359846   data arrival time

                                 20.000000   20.000000   clock clk (rise edge)
                                  0.000000   20.000000   clock source latency
     1    0.021630    0.077149    0.053266   20.053267 ^ clk (in)
                                                         clk (net)
                      0.077182    0.000000   20.053267 ^ clkbuf_0_clk/A (sky130_fd_sc_hd__clkbuf_16)
     8    0.086925    0.079538    0.132564   20.185831 ^ clkbuf_0_clk/X (sky130_fd_sc_hd__clkbuf_16)
                                                         clknet_0_clk (net)
                      0.080212    0.005830   20.191660 ^ clkbuf_3_2__f_clk/A (sky130_fd_sc_hd__clkbuf_16)
     8    0.026340    0.036005    0.101654   20.293314 ^ clkbuf_3_2__f_clk/X (sky130_fd_sc_hd__clkbuf_16)
                                                         clknet_3_2__leaf_clk (net)
                      0.036392    0.002611   20.295925 ^ _1629_/CLK (sky130_fd_sc_hd__dfxtp_2)
                                 -0.250000   20.045927   clock uncertainty
                                  0.000000   20.045927   clock reconvergence pessimism
                                 -0.072218   19.973709   library setup time
                                             19.973709   data required time
---------------------------------------------------------------------------------------------
                                             19.973709   data required time
                                             -1.359846   data arrival time
---------------------------------------------------------------------------------------------
                                             18.613863   slack (MET)


Startpoint: _1631_ (rising edge-triggered flip-flop clocked by clk)
Endpoint: _1630_ (rising edge-triggered flip-flop clocked by clk)
Path Group: clk
Path Type: max

Fanout         Cap        Slew       Delay        Time   Description
---------------------------------------------------------------------------------------------
                                  0.000000    0.000000   clock clk (rise edge)
                                  0.000000    0.000000   clock source latency
     1    0.021630    0.077149    0.053265    0.053265 ^ clk (in)
                                                         clk (net)
                      0.077182    0.000000    0.053265 ^ clkbuf_0_clk/A (sky130_fd_sc_hd__clkbuf_16)
     8    0.086925    0.079538    0.132564    0.185829 ^ clkbuf_0_clk/X (sky130_fd_sc_hd__clkbuf_16)
                                                         clknet_0_clk (net)
                      0.080240    0.005948    0.191777 ^ clkbuf_3_3__f_clk/A (sky130_fd_sc_hd__clkbuf_16)
     8    0.033105    0.040577    0.106153    0.297930 ^ clkbuf_3_3__f_clk/X (sky130_fd_sc_hd__clkbuf_16)
                                                         clknet_3_3__leaf_clk (net)
                      0.040753    0.002070    0.300000 ^ _1631_/CLK (sky130_fd_sc_hd__dfxtp_2)
     2    0.004544    0.026995    0.195233    0.495233 ^ _1631_/Q (sky130_fd_sc_hd__dfxtp_2)
                                                         u_sync.lock_cnt[1] (net)
                      0.026995    0.000164    0.495397 ^ hold88/A (sky130_fd_sc_hd__dlygate4sd3_1)
     1    0.005853    0.057855    0.387264    0.882660 ^ hold88/X (sky130_fd_sc_hd__dlygate4sd3_1)
                                                         net88 (net)
                      0.057855    0.000434    0.883095 ^ _0787_/A (sky130_fd_sc_hd__inv_2)
     2    0.008914    0.024117    0.026860    0.909954 v _0787_/Y (sky130_fd_sc_hd__inv_2)
                                                         _0060_ (net)
                      0.024122    0.000283    0.910237 v _1568_/A1 (sky130_fd_sc_hd__o21a_2)
     2    0.006980    0.031934    0.133843    1.044080 v _1568_/X (sky130_fd_sc_hd__o21a_2)
                                                         _0784_ (net)
                      0.031939    0.000386    1.044466 v _1570_/A2 (sky130_fd_sc_hd__o2111a_2)
     1    0.002946    0.029767    0.147959    1.192425 v _1570_/X (sky130_fd_sc_hd__o2111a_2)
                                                         _0057_ (net)
                      0.029767    0.000192    1.192616 v _1630_/D (sky130_fd_sc_hd__dfxtp_2)
                                              1.192616   data arrival time

                                 20.000000   20.000000   clock clk (rise edge)
                                  0.000000   20.000000   clock source latency
     1    0.021630    0.077149    0.053266   20.053267 ^ clk (in)
                                                         clk (net)
                      0.077182    0.000000   20.053267 ^ clkbuf_0_clk/A (sky130_fd_sc_hd__clkbuf_16)
     8    0.086925    0.079538    0.132564   20.185831 ^ clkbuf_0_clk/X (sky130_fd_sc_hd__clkbuf_16)
                                                         clknet_0_clk (net)
                      0.080212    0.005830   20.191660 ^ clkbuf_3_2__f_clk/A (sky130_fd_sc_hd__clkbuf_16)
     8    0.026340    0.036005    0.101654   20.293314 ^ clkbuf_3_2__f_clk/X (sky130_fd_sc_hd__clkbuf_16)
                                                         clknet_3_2__leaf_clk (net)
                      0.036252    0.001865   20.295179 ^ _1630_/CLK (sky130_fd_sc_hd__dfxtp_2)
                                 -0.250000   20.045179   clock uncertainty
                                  0.000000   20.045179   clock reconvergence pessimism
                                 -0.070017   19.975163   library setup time
                                             19.975163   data required time
---------------------------------------------------------------------------------------------
                                             19.975163   data required time
                                             -1.192616   data arrival time
---------------------------------------------------------------------------------------------
                                             18.782547   slack (MET)


Startpoint: _1631_ (rising edge-triggered flip-flop clocked by clk)
Endpoint: _1632_ (rising edge-triggered flip-flop clocked by clk)
Path Group: clk
Path Type: max

Fanout         Cap        Slew       Delay        Time   Description
---------------------------------------------------------------------------------------------
                                  0.000000    0.000000   clock clk (rise edge)
                                  0.000000    0.000000   clock source latency
     1    0.021630    0.077149    0.053265    0.053265 ^ clk (in)
                                                         clk (net)
                      0.077182    0.000000    0.053265 ^ clkbuf_0_clk/A (sky130_fd_sc_hd__clkbuf_16)
     8    0.086925    0.079538    0.132564    0.185829 ^ clkbuf_0_clk/X (sky130_fd_sc_hd__clkbuf_16)
                                                         clknet_0_clk (net)
                      0.080240    0.005948    0.191777 ^ clkbuf_3_3__f_clk/A (sky130_fd_sc_hd__clkbuf_16)
     8    0.033105    0.040577    0.106153    0.297930 ^ clkbuf_3_3__f_clk/X (sky130_fd_sc_hd__clkbuf_16)
                                                         clknet_3_3__leaf_clk (net)
                      0.040753    0.002070    0.300000 ^ _1631_/CLK (sky130_fd_sc_hd__dfxtp_2)
     2    0.004544    0.026995    0.195233    0.495233 ^ _1631_/Q (sky130_fd_sc_hd__dfxtp_2)
                                                         u_sync.lock_cnt[1] (net)
                      0.026995    0.000164    0.495397 ^ hold88/A (sky130_fd_sc_hd__dlygate4sd3_1)
     1    0.005853    0.057855    0.387264    0.882660 ^ hold88/X (sky130_fd_sc_hd__dlygate4sd3_1)
                                                         net88 (net)
                      0.057855    0.000434    0.883095 ^ _0787_/A (sky130_fd_sc_hd__inv_2)
     2    0.008914    0.024117    0.026860    0.909954 v _0787_/Y (sky130_fd_sc_hd__inv_2)
                                                         _0060_ (net)
                      0.024122    0.000283    0.910237 v _1568_/A1 (sky130_fd_sc_hd__o21a_2)
     2    0.006980    0.031934    0.133843    1.044080 v _1568_/X (sky130_fd_sc_hd__o21a_2)
                                                         _0784_ (net)
                      0.031942    0.000443    1.044523 v _1573_/A2 (sky130_fd_sc_hd__o21a_2)
     1    0.002338    0.023472    0.113008    1.157531 v _1573_/X (sky130_fd_sc_hd__o21a_2)
                                                         _0059_ (net)
                      0.023472    0.000168    1.157699 v _1632_/D (sky130_fd_sc_hd__dfxtp_2)
                                              1.157699   data arrival time

                                 20.000000   20.000000   clock clk (rise edge)
                                  0.000000   20.000000   clock source latency
     1    0.021630    0.077149    0.053266   20.053267 ^ clk (in)
                                                         clk (net)
                      0.077182    0.000000   20.053267 ^ clkbuf_0_clk/A (sky130_fd_sc_hd__clkbuf_16)
     8    0.086925    0.079538    0.132564   20.185831 ^ clkbuf_0_clk/X (sky130_fd_sc_hd__clkbuf_16)
                                                         clknet_0_clk (net)
                      0.080212    0.005830   20.191660 ^ clkbuf_3_2__f_clk/A (sky130_fd_sc_hd__clkbuf_16)
     8    0.026340    0.036005    0.101654   20.293314 ^ clkbuf_3_2__f_clk/X (sky130_fd_sc_hd__clkbuf_16)
                                                         clknet_3_2__leaf_clk (net)
                      0.036307    0.002181   20.295496 ^ _1632_/CLK (sky130_fd_sc_hd__dfxtp_2)
                                 -0.250000   20.045496   clock uncertainty
                                  0.000000   20.045496   clock reconvergence pessimism
                                 -0.067764   19.977732   library setup time
                                             19.977732   data required time
---------------------------------------------------------------------------------------------
                                             19.977732   data required time
                                             -1.157699   data arrival time
---------------------------------------------------------------------------------------------
                                             18.820032   slack (MET)


Startpoint: _1635_ (rising edge-triggered flip-flop clocked by clk)
Endpoint: _1576_ (rising edge-triggered flip-flop clocked by clk)
Path Group: clk
Path Type: max

Fanout         Cap        Slew       Delay        Time   Description
---------------------------------------------------------------------------------------------
                                  0.000000    0.000000   clock clk (rise edge)
                                  0.000000    0.000000   clock source latency
     1    0.021630    0.077149    0.053265    0.053265 ^ clk (in)
                                                         clk (net)
                      0.077182    0.000000    0.053265 ^ clkbuf_0_clk/A (sky130_fd_sc_hd__clkbuf_16)
     8    0.086925    0.079538    0.132564    0.185829 ^ clkbuf_0_clk/X (sky130_fd_sc_hd__clkbuf_16)
                                                         clknet_0_clk (net)
                      0.080376    0.006485    0.192315 ^ clkbuf_3_6__f_clk/A (sky130_fd_sc_hd__clkbuf_16)
     8    0.026148    0.035921    0.101503    0.293817 ^ clkbuf_3_6__f_clk/X (sky130_fd_sc_hd__clkbuf_16)
                                                         clknet_3_6__leaf_clk (net)
                      0.036173    0.002063    0.295881 ^ _1635_/CLK (sky130_fd_sc_hd__dfxtp_2)
     1    0.004256    0.026074    0.192894    0.488775 ^ _1635_/Q (sky130_fd_sc_hd__dfxtp_2)
                                                         u_rst_sync.rst_ff2 (net)
                      0.026076    0.000315    0.489089 ^ fanout42/A (sky130_fd_sc_hd__clkdlybuf4s25_1)
    10    0.057669    0.432568    0.428765    0.917854 ^ fanout42/X (sky130_fd_sc_hd__clkdlybuf4s25_1)
                                                         net42 (net)
                      0.433044    0.011888    0.929742 ^ _0791_/A (sky130_fd_sc_hd__inv_2)
     9    0.044986    0.149314    0.117585    1.047327 v _0791_/Y (sky130_fd_sc_hd__inv_2)
                                                         _0064_ (net)
                      0.149352    0.001945    1.049272 v _1415_/A (sky130_fd_sc_hd__nor2_2)
     1    0.006380    0.075586    0.121970    1.171241 ^ _1415_/Y (sky130_fd_sc_hd__nor2_2)
                                                         _0004_ (net)
                      0.075588    0.000345    1.171586 ^ _1576_/D (sky130_fd_sc_hd__dfxtp_2)
                                              1.171586   data arrival time

                                 20.000000   20.000000   clock clk (rise edge)
                                  0.000000   20.000000   clock source latency
     1    0.021630    0.077149    0.053266   20.053267 ^ clk (in)
                                                         clk (net)
                      0.077182    0.000000   20.053267 ^ clkbuf_0_clk/A (sky130_fd_sc_hd__clkbuf_16)
     8    0.086925    0.079538    0.132564   20.185831 ^ clkbuf_0_clk/X (sky130_fd_sc_hd__clkbuf_16)
                                                         clknet_0_clk (net)
                      0.080201    0.005784   20.191614 ^ clkbuf_3_5__f_clk/A (sky130_fd_sc_hd__clkbuf_16)
     8    0.031284    0.039493    0.105432   20.297047 ^ clkbuf_3_5__f_clk/X (sky130_fd_sc_hd__clkbuf_16)
                                                         clknet_3_5__leaf_clk (net)
                      0.039509    0.001437   20.298483 ^ _1576_/CLK (sky130_fd_sc_hd__dfxtp_2)
                                 -0.250000   20.048485   clock uncertainty
                                  0.000000   20.048485   clock reconvergence pessimism
                                 -0.035512   20.012972   library setup time
                                             20.012972   data required time
---------------------------------------------------------------------------------------------
                                             20.012972   data required time
                                             -1.171586   data arrival time
---------------------------------------------------------------------------------------------
                                             18.841387   slack (MET)


Startpoint: _1635_ (rising edge-triggered flip-flop clocked by clk)
Endpoint: _1579_ (rising edge-triggered flip-flop clocked by clk)
Path Group: clk
Path Type: max

Fanout         Cap        Slew       Delay        Time   Description
---------------------------------------------------------------------------------------------
                                  0.000000    0.000000   clock clk (rise edge)
                                  0.000000    0.000000   clock source latency
     1    0.021630    0.077149    0.053265    0.053265 ^ clk (in)
                                                         clk (net)
                      0.077182    0.000000    0.053265 ^ clkbuf_0_clk/A (sky130_fd_sc_hd__clkbuf_16)
     8    0.086925    0.079538    0.132564    0.185829 ^ clkbuf_0_clk/X (sky130_fd_sc_hd__clkbuf_16)
                                                         clknet_0_clk (net)
                      0.080376    0.006485    0.192315 ^ clkbuf_3_6__f_clk/A (sky130_fd_sc_hd__clkbuf_16)
     8    0.026148    0.035921    0.101503    0.293817 ^ clkbuf_3_6__f_clk/X (sky130_fd_sc_hd__clkbuf_16)
                                                         clknet_3_6__leaf_clk (net)
                      0.036173    0.002063    0.295881 ^ _1635_/CLK (sky130_fd_sc_hd__dfxtp_2)
     1    0.004256    0.026074    0.192894    0.488775 ^ _1635_/Q (sky130_fd_sc_hd__dfxtp_2)
                                                         u_rst_sync.rst_ff2 (net)
                      0.026076    0.000315    0.489089 ^ fanout42/A (sky130_fd_sc_hd__clkdlybuf4s25_1)
    10    0.057669    0.432568    0.428765    0.917854 ^ fanout42/X (sky130_fd_sc_hd__clkdlybuf4s25_1)
                                                         net42 (net)
                      0.433044    0.011888    0.929742 ^ _0791_/A (sky130_fd_sc_hd__inv_2)
     9    0.044986    0.149314    0.117585    1.047327 v _0791_/Y (sky130_fd_sc_hd__inv_2)
                                                         _0064_ (net)
                      0.149354    0.001993    1.049319 v _1424_/A (sky130_fd_sc_hd__nor2_2)
     1    0.004688    0.065043    0.112303    1.161623 ^ _1424_/Y (sky130_fd_sc_hd__nor2_2)
                                                         _0007_ (net)
                      0.065044    0.000348    1.161971 ^ _1579_/D (sky130_fd_sc_hd__dfxtp_2)
                                              1.161971   data arrival time

                                 20.000000   20.000000   clock clk (rise edge)
                                  0.000000   20.000000   clock source latency
     1    0.021630    0.077149    0.053266   20.053267 ^ clk (in)
                                                         clk (net)
                      0.077182    0.000000   20.053267 ^ clkbuf_0_clk/A (sky130_fd_sc_hd__clkbuf_16)
     8    0.086925    0.079538    0.132564   20.185831 ^ clkbuf_0_clk/X (sky130_fd_sc_hd__clkbuf_16)
                                                         clknet_0_clk (net)
                      0.080201    0.005784   20.191614 ^ clkbuf_3_5__f_clk/A (sky130_fd_sc_hd__clkbuf_16)
     8    0.031284    0.039493    0.105432   20.297047 ^ clkbuf_3_5__f_clk/X (sky130_fd_sc_hd__clkbuf_16)
                                                         clknet_3_5__leaf_clk (net)
                      0.039509    0.001434   20.298479 ^ _1579_/CLK (sky130_fd_sc_hd__dfxtp_2)
                                 -0.250000   20.048481   clock uncertainty
                                  0.000000   20.048481   clock reconvergence pessimism
                                 -0.034491   20.013988   library setup time
                                             20.013988   data required time
---------------------------------------------------------------------------------------------
                                             20.013988   data required time
                                             -1.161971   data arrival time
---------------------------------------------------------------------------------------------
                                             18.852018   slack (MET)


Startpoint: _1635_ (rising edge-triggered flip-flop clocked by clk)
Endpoint: _1577_ (rising edge-triggered flip-flop clocked by clk)
Path Group: clk
Path Type: max

Fanout         Cap        Slew       Delay        Time   Description
---------------------------------------------------------------------------------------------
                                  0.000000    0.000000   clock clk (rise edge)
                                  0.000000    0.000000   clock source latency
     1    0.021630    0.077149    0.053265    0.053265 ^ clk (in)
                                                         clk (net)
                      0.077182    0.000000    0.053265 ^ clkbuf_0_clk/A (sky130_fd_sc_hd__clkbuf_16)
     8    0.086925    0.079538    0.132564    0.185829 ^ clkbuf_0_clk/X (sky130_fd_sc_hd__clkbuf_16)
                                                         clknet_0_clk (net)
                      0.080376    0.006485    0.192315 ^ clkbuf_3_6__f_clk/A (sky130_fd_sc_hd__clkbuf_16)
     8    0.026148    0.035921    0.101503    0.293817 ^ clkbuf_3_6__f_clk/X (sky130_fd_sc_hd__clkbuf_16)
                                                         clknet_3_6__leaf_clk (net)
                      0.036173    0.002063    0.295881 ^ _1635_/CLK (sky130_fd_sc_hd__dfxtp_2)
     1    0.004256    0.026074    0.192894    0.488775 ^ _1635_/Q (sky130_fd_sc_hd__dfxtp_2)
                                                         u_rst_sync.rst_ff2 (net)
                      0.026076    0.000315    0.489089 ^ fanout42/A (sky130_fd_sc_hd__clkdlybuf4s25_1)
    10    0.057669    0.432568    0.428765    0.917854 ^ fanout42/X (sky130_fd_sc_hd__clkdlybuf4s25_1)
                                                         net42 (net)
                      0.433044    0.011888    0.929742 ^ _0791_/A (sky130_fd_sc_hd__inv_2)
     9    0.044986    0.149314    0.117585    1.047327 v _0791_/Y (sky130_fd_sc_hd__inv_2)
                                                         _0064_ (net)
                      0.149370    0.002360    1.049686 v _1418_/A (sky130_fd_sc_hd__nor2_2)
     1    0.004292    0.062597    0.110105    1.159791 ^ _1418_/Y (sky130_fd_sc_hd__nor2_2)
                                                         _0005_ (net)
                      0.062597    0.000174    1.159965 ^ _1577_/D (sky130_fd_sc_hd__dfxtp_2)
                                              1.159965   data arrival time

                                 20.000000   20.000000   clock clk (rise edge)
                                  0.000000   20.000000   clock source latency
     1    0.021630    0.077149    0.053266   20.053267 ^ clk (in)
                                                         clk (net)
                      0.077182    0.000000   20.053267 ^ clkbuf_0_clk/A (sky130_fd_sc_hd__clkbuf_16)
     8    0.086925    0.079538    0.132564   20.185831 ^ clkbuf_0_clk/X (sky130_fd_sc_hd__clkbuf_16)
                                                         clknet_0_clk (net)
                      0.079938    0.004530   20.190361 ^ clkbuf_3_4__f_clk/A (sky130_fd_sc_hd__clkbuf_16)
     8    0.034907    0.041737    0.106869   20.297230 ^ clkbuf_3_4__f_clk/X (sky130_fd_sc_hd__clkbuf_16)
                                                         clknet_3_4__leaf_clk (net)
                      0.042186    0.003382   20.300611 ^ _1577_/CLK (sky130_fd_sc_hd__dfxtp_2)
                                 -0.250000   20.050611   clock uncertainty
                                  0.000000   20.050611   clock reconvergence pessimism
                                 -0.034163   20.016449   library setup time
                                             20.016449   data required time
---------------------------------------------------------------------------------------------
                                             20.016449   data required time
                                             -1.159965   data arrival time
---------------------------------------------------------------------------------------------
                                             18.856485   slack (MET)


Startpoint: _1635_ (rising edge-triggered flip-flop clocked by clk)
Endpoint: _1578_ (rising edge-triggered flip-flop clocked by clk)
Path Group: clk
Path Type: max

Fanout         Cap        Slew       Delay        Time   Description
---------------------------------------------------------------------------------------------
                                  0.000000    0.000000   clock clk (rise edge)
                                  0.000000    0.000000   clock source latency
     1    0.021630    0.077149    0.053265    0.053265 ^ clk (in)
                                                         clk (net)
                      0.077182    0.000000    0.053265 ^ clkbuf_0_clk/A (sky130_fd_sc_hd__clkbuf_16)
     8    0.086925    0.079538    0.132564    0.185829 ^ clkbuf_0_clk/X (sky130_fd_sc_hd__clkbuf_16)
                                                         clknet_0_clk (net)
                      0.080376    0.006485    0.192315 ^ clkbuf_3_6__f_clk/A (sky130_fd_sc_hd__clkbuf_16)
     8    0.026148    0.035921    0.101503    0.293817 ^ clkbuf_3_6__f_clk/X (sky130_fd_sc_hd__clkbuf_16)
                                                         clknet_3_6__leaf_clk (net)
                      0.036173    0.002063    0.295881 ^ _1635_/CLK (sky130_fd_sc_hd__dfxtp_2)
     1    0.004030    0.018977    0.194999    0.490880 v _1635_/Q (sky130_fd_sc_hd__dfxtp_2)
                                                         u_rst_sync.rst_ff2 (net)
                      0.018984    0.000294    0.491175 v fanout42/A (sky130_fd_sc_hd__clkdlybuf4s25_1)
    10    0.056095    0.284057    0.343586    0.834760 v fanout42/X (sky130_fd_sc_hd__clkdlybuf4s25_1)
                                                         net42 (net)
                      0.284724    0.011497    0.846257 v _0791_/A (sky130_fd_sc_hd__inv_2)
     9    0.049142    0.185651    0.243402    1.089659 ^ _0791_/Y (sky130_fd_sc_hd__inv_2)
                                                         _0064_ (net)
                      0.185705    0.002554    1.092214 ^ _1421_/A (sky130_fd_sc_hd__nor2_2)
     1    0.003674    0.040431    0.024980    1.117194 v _1421_/Y (sky130_fd_sc_hd__nor2_2)
                                                         _0006_ (net)
                      0.040432    0.000261    1.117455 v _1578_/D (sky130_fd_sc_hd__dfxtp_2)
                                              1.117455   data arrival time

                                 20.000000   20.000000   clock clk (rise edge)
                                  0.000000   20.000000   clock source latency
     1    0.021630    0.077149    0.053266   20.053267 ^ clk (in)
                                                         clk (net)
                      0.077182    0.000000   20.053267 ^ clkbuf_0_clk/A (sky130_fd_sc_hd__clkbuf_16)
     8    0.086925    0.079538    0.132564   20.185831 ^ clkbuf_0_clk/X (sky130_fd_sc_hd__clkbuf_16)
                                                         clknet_0_clk (net)
                      0.079938    0.004530   20.190361 ^ clkbuf_3_4__f_clk/A (sky130_fd_sc_hd__clkbuf_16)
     8    0.034907    0.041737    0.106869   20.297230 ^ clkbuf_3_4__f_clk/X (sky130_fd_sc_hd__clkbuf_16)
                                                         clknet_3_4__leaf_clk (net)
                      0.042192    0.003412   20.300642 ^ _1578_/CLK (sky130_fd_sc_hd__dfxtp_2)
                                 -0.250000   20.050642   clock uncertainty
                                  0.000000   20.050642   clock reconvergence pessimism
                                 -0.073253   19.977388   library setup time
                                             19.977388   data required time
---------------------------------------------------------------------------------------------
                                             19.977388   data required time
                                             -1.117455   data arrival time
---------------------------------------------------------------------------------------------
                                             18.859934   slack (MET)


Startpoint: _1635_ (rising edge-triggered flip-flop clocked by clk)
Endpoint: _1583_ (rising edge-triggered flip-flop clocked by clk)
Path Group: clk
Path Type: max

Fanout         Cap        Slew       Delay        Time   Description
---------------------------------------------------------------------------------------------
                                  0.000000    0.000000   clock clk (rise edge)
                                  0.000000    0.000000   clock source latency
     1    0.021630    0.077149    0.053265    0.053265 ^ clk (in)
                                                         clk (net)
                      0.077182    0.000000    0.053265 ^ clkbuf_0_clk/A (sky130_fd_sc_hd__clkbuf_16)
     8    0.086925    0.079538    0.132564    0.185829 ^ clkbuf_0_clk/X (sky130_fd_sc_hd__clkbuf_16)
                                                         clknet_0_clk (net)
                      0.080376    0.006485    0.192315 ^ clkbuf_3_6__f_clk/A (sky130_fd_sc_hd__clkbuf_16)
     8    0.026148    0.035921    0.101503    0.293817 ^ clkbuf_3_6__f_clk/X (sky130_fd_sc_hd__clkbuf_16)
                                                         clknet_3_6__leaf_clk (net)
                      0.036173    0.002063    0.295881 ^ _1635_/CLK (sky130_fd_sc_hd__dfxtp_2)
     1    0.004030    0.018977    0.194999    0.490880 v _1635_/Q (sky130_fd_sc_hd__dfxtp_2)
                                                         u_rst_sync.rst_ff2 (net)
                      0.018984    0.000294    0.491175 v fanout42/A (sky130_fd_sc_hd__clkdlybuf4s25_1)
    10    0.056095    0.284057    0.343586    0.834760 v fanout42/X (sky130_fd_sc_hd__clkdlybuf4s25_1)
                                                         net42 (net)
                      0.284724    0.011497    0.846257 v _0791_/A (sky130_fd_sc_hd__inv_2)
     9    0.049142    0.185651    0.243402    1.089659 ^ _0791_/Y (sky130_fd_sc_hd__inv_2)
                                                         _0064_ (net)
                      0.185708    0.002626    1.092285 ^ _1436_/A (sky130_fd_sc_hd__nor2_2)
     1    0.002840    0.038220    0.022051    1.114335 v _1436_/Y (sky130_fd_sc_hd__nor2_2)
                                                         _0011_ (net)
                      0.038221    0.000187    1.114523 v _1583_/D (sky130_fd_sc_hd__dfxtp_2)
                                              1.114523   data arrival time

                                 20.000000   20.000000   clock clk (rise edge)
                                  0.000000   20.000000   clock source latency
     1    0.021630    0.077149    0.053266   20.053267 ^ clk (in)
                                                         clk (net)
                      0.077182    0.000000   20.053267 ^ clkbuf_0_clk/A (sky130_fd_sc_hd__clkbuf_16)
     8    0.086925    0.079538    0.132564   20.185831 ^ clkbuf_0_clk/X (sky130_fd_sc_hd__clkbuf_16)
                                                         clknet_0_clk (net)
                      0.080201    0.005784   20.191614 ^ clkbuf_3_5__f_clk/A (sky130_fd_sc_hd__clkbuf_16)
     8    0.031284    0.039493    0.105432   20.297047 ^ clkbuf_3_5__f_clk/X (sky130_fd_sc_hd__clkbuf_16)
                                                         clknet_3_5__leaf_clk (net)
                      0.039509    0.001435   20.298481 ^ _1583_/CLK (sky130_fd_sc_hd__dfxtp_2)
                                 -0.250000   20.048483   clock uncertainty
                                  0.000000   20.048483   clock reconvergence pessimism
                                 -0.072722   19.975760   library setup time
                                             19.975760   data required time
---------------------------------------------------------------------------------------------
                                             19.975760   data required time
                                             -1.114523   data arrival time
---------------------------------------------------------------------------------------------
                                             18.861237   slack (MET)


Startpoint: _1635_ (rising edge-triggered flip-flop clocked by clk)
Endpoint: _1581_ (rising edge-triggered flip-flop clocked by clk)
Path Group: clk
Path Type: max

Fanout         Cap        Slew       Delay        Time   Description
---------------------------------------------------------------------------------------------
                                  0.000000    0.000000   clock clk (rise edge)
                                  0.000000    0.000000   clock source latency
     1    0.021630    0.077149    0.053265    0.053265 ^ clk (in)
                                                         clk (net)
                      0.077182    0.000000    0.053265 ^ clkbuf_0_clk/A (sky130_fd_sc_hd__clkbuf_16)
     8    0.086925    0.079538    0.132564    0.185829 ^ clkbuf_0_clk/X (sky130_fd_sc_hd__clkbuf_16)
                                                         clknet_0_clk (net)
                      0.080376    0.006485    0.192315 ^ clkbuf_3_6__f_clk/A (sky130_fd_sc_hd__clkbuf_16)
     8    0.026148    0.035921    0.101503    0.293817 ^ clkbuf_3_6__f_clk/X (sky130_fd_sc_hd__clkbuf_16)
                                                         clknet_3_6__leaf_clk (net)
                      0.036173    0.002063    0.295881 ^ _1635_/CLK (sky130_fd_sc_hd__dfxtp_2)
     1    0.004030    0.018977    0.194999    0.490880 v _1635_/Q (sky130_fd_sc_hd__dfxtp_2)
                                                         u_rst_sync.rst_ff2 (net)
                      0.018984    0.000294    0.491175 v fanout42/A (sky130_fd_sc_hd__clkdlybuf4s25_1)
    10    0.056095    0.284057    0.343586    0.834760 v fanout42/X (sky130_fd_sc_hd__clkdlybuf4s25_1)
                                                         net42 (net)
                      0.284724    0.011497    0.846257 v _0791_/A (sky130_fd_sc_hd__inv_2)
     9    0.049142    0.185651    0.243402    1.089659 ^ _0791_/Y (sky130_fd_sc_hd__inv_2)
                                                         _0064_ (net)
                      0.185708    0.002619    1.092278 ^ _1430_/A (sky130_fd_sc_hd__nor2_2)
     1    0.003080    0.038850    0.022901    1.115179 v _1430_/Y (sky130_fd_sc_hd__nor2_2)
                                                         _0009_ (net)
                      0.038850    0.000197    1.115376 v _1581_/D (sky130_fd_sc_hd__dfxtp_2)
                                              1.115376   data arrival time

                                 20.000000   20.000000   clock clk (rise edge)
                                  0.000000   20.000000   clock source latency
     1    0.021630    0.077149    0.053266   20.053267 ^ clk (in)
                                                         clk (net)
                      0.077182    0.000000   20.053267 ^ clkbuf_0_clk/A (sky130_fd_sc_hd__clkbuf_16)
     8    0.086925    0.079538    0.132564   20.185831 ^ clkbuf_0_clk/X (sky130_fd_sc_hd__clkbuf_16)
                                                         clknet_0_clk (net)
                      0.079938    0.004530   20.190361 ^ clkbuf_3_4__f_clk/A (sky130_fd_sc_hd__clkbuf_16)
     8    0.034907    0.041737    0.106869   20.297230 ^ clkbuf_3_4__f_clk/X (sky130_fd_sc_hd__clkbuf_16)
                                                         clknet_3_4__leaf_clk (net)
                      0.042171    0.003313   20.300543 ^ _1581_/CLK (sky130_fd_sc_hd__dfxtp_2)
                                 -0.250000   20.050543   clock uncertainty
                                  0.000000   20.050543   clock reconvergence pessimism
                                 -0.072691   19.977854   library setup time
                                             19.977854   data required time
---------------------------------------------------------------------------------------------
                                             19.977854   data required time
                                             -1.115376   data arrival time
---------------------------------------------------------------------------------------------
                                             18.862476   slack (MET)


Startpoint: _1635_ (rising edge-triggered flip-flop clocked by clk)
Endpoint: _1580_ (rising edge-triggered flip-flop clocked by clk)
Path Group: clk
Path Type: max

Fanout         Cap        Slew       Delay        Time   Description
---------------------------------------------------------------------------------------------
                                  0.000000    0.000000   clock clk (rise edge)
                                  0.000000    0.000000   clock source latency
     1    0.021630    0.077149    0.053265    0.053265 ^ clk (in)
                                                         clk (net)
                      0.077182    0.000000    0.053265 ^ clkbuf_0_clk/A (sky130_fd_sc_hd__clkbuf_16)
     8    0.086925    0.079538    0.132564    0.185829 ^ clkbuf_0_clk/X (sky130_fd_sc_hd__clkbuf_16)
                                                         clknet_0_clk (net)
                      0.080376    0.006485    0.192315 ^ clkbuf_3_6__f_clk/A (sky130_fd_sc_hd__clkbuf_16)
     8    0.026148    0.035921    0.101503    0.293817 ^ clkbuf_3_6__f_clk/X (sky130_fd_sc_hd__clkbuf_16)
                                                         clknet_3_6__leaf_clk (net)
                      0.036173    0.002063    0.295881 ^ _1635_/CLK (sky130_fd_sc_hd__dfxtp_2)
     1    0.004030    0.018977    0.194999    0.490880 v _1635_/Q (sky130_fd_sc_hd__dfxtp_2)
                                                         u_rst_sync.rst_ff2 (net)
                      0.018984    0.000294    0.491175 v fanout42/A (sky130_fd_sc_hd__clkdlybuf4s25_1)
    10    0.056095    0.284057    0.343586    0.834760 v fanout42/X (sky130_fd_sc_hd__clkdlybuf4s25_1)
                                                         net42 (net)
                      0.284724    0.011497    0.846257 v _0791_/A (sky130_fd_sc_hd__inv_2)
     9    0.049142    0.185651    0.243402    1.089659 ^ _0791_/Y (sky130_fd_sc_hd__inv_2)
                                                         _0064_ (net)
                      0.185683    0.001954    1.091613 ^ _1427_/A (sky130_fd_sc_hd__nor2_2)
     1    0.003017    0.038681    0.022677    1.114290 v _1427_/Y (sky130_fd_sc_hd__nor2_2)
                                                         _0008_ (net)
                      0.038681    0.000197    1.114487 v _1580_/D (sky130_fd_sc_hd__dfxtp_2)
                                              1.114487   data arrival time

                                 20.000000   20.000000   clock clk (rise edge)
                                  0.000000   20.000000   clock source latency
     1    0.021630    0.077149    0.053266   20.053267 ^ clk (in)
                                                         clk (net)
                      0.077182    0.000000   20.053267 ^ clkbuf_0_clk/A (sky130_fd_sc_hd__clkbuf_16)
     8    0.086925    0.079538    0.132564   20.185831 ^ clkbuf_0_clk/X (sky130_fd_sc_hd__clkbuf_16)
                                                         clknet_0_clk (net)
                      0.080240    0.005947   20.191778 ^ clkbuf_3_3__f_clk/A (sky130_fd_sc_hd__clkbuf_16)
     8    0.033105    0.040577    0.106152   20.297930 ^ clkbuf_3_3__f_clk/X (sky130_fd_sc_hd__clkbuf_16)
                                                         clknet_3_3__leaf_clk (net)
                      0.040796    0.002382   20.300312 ^ _1580_/CLK (sky130_fd_sc_hd__dfxtp_2)
                                 -0.250000   20.050312   clock uncertainty
                                  0.000000   20.050312   clock reconvergence pessimism
                                 -0.072763   19.977549   library setup time
                                             19.977549   data required time
---------------------------------------------------------------------------------------------
                                             19.977549   data required time
                                             -1.114487   data arrival time
---------------------------------------------------------------------------------------------
                                             18.863062   slack (MET)


Startpoint: _1635_ (rising edge-triggered flip-flop clocked by clk)
Endpoint: _1582_ (rising edge-triggered flip-flop clocked by clk)
Path Group: clk
Path Type: max

Fanout         Cap        Slew       Delay        Time   Description
---------------------------------------------------------------------------------------------
                                  0.000000    0.000000   clock clk (rise edge)
                                  0.000000    0.000000   clock source latency
     1    0.021630    0.077149    0.053265    0.053265 ^ clk (in)
                                                         clk (net)
                      0.077182    0.000000    0.053265 ^ clkbuf_0_clk/A (sky130_fd_sc_hd__clkbuf_16)
     8    0.086925    0.079538    0.132564    0.185829 ^ clkbuf_0_clk/X (sky130_fd_sc_hd__clkbuf_16)
                                                         clknet_0_clk (net)
                      0.080376    0.006485    0.192315 ^ clkbuf_3_6__f_clk/A (sky130_fd_sc_hd__clkbuf_16)
     8    0.026148    0.035921    0.101503    0.293817 ^ clkbuf_3_6__f_clk/X (sky130_fd_sc_hd__clkbuf_16)
                                                         clknet_3_6__leaf_clk (net)
                      0.036173    0.002063    0.295881 ^ _1635_/CLK (sky130_fd_sc_hd__dfxtp_2)
     1    0.004030    0.018977    0.194999    0.490880 v _1635_/Q (sky130_fd_sc_hd__dfxtp_2)
                                                         u_rst_sync.rst_ff2 (net)
                      0.018984    0.000294    0.491175 v fanout42/A (sky130_fd_sc_hd__clkdlybuf4s25_1)
    10    0.056095    0.284057    0.343586    0.834760 v fanout42/X (sky130_fd_sc_hd__clkdlybuf4s25_1)
                                                         net42 (net)
                      0.284724    0.011497    0.846257 v _0791_/A (sky130_fd_sc_hd__inv_2)
     9    0.049142    0.185651    0.243402    1.089659 ^ _0791_/Y (sky130_fd_sc_hd__inv_2)
                                                         _0064_ (net)
                      0.185693    0.002256    1.091915 ^ _1433_/A (sky130_fd_sc_hd__nor2_2)
     1    0.002629    0.037677    0.021309    1.113224 v _1433_/Y (sky130_fd_sc_hd__nor2_2)
                                                         _0010_ (net)
                      0.037677    0.000176    1.113400 v _1582_/D (sky130_fd_sc_hd__dfxtp_2)
                                              1.113400   data arrival time

                                 20.000000   20.000000   clock clk (rise edge)
                                  0.000000   20.000000   clock source latency
     1    0.021630    0.077149    0.053266   20.053267 ^ clk (in)
                                                         clk (net)
                      0.077182    0.000000   20.053267 ^ clkbuf_0_clk/A (sky130_fd_sc_hd__clkbuf_16)
     8    0.086925    0.079538    0.132564   20.185831 ^ clkbuf_0_clk/X (sky130_fd_sc_hd__clkbuf_16)
                                                         clknet_0_clk (net)
                      0.080240    0.005947   20.191778 ^ clkbuf_3_3__f_clk/A (sky130_fd_sc_hd__clkbuf_16)
     8    0.033105    0.040577    0.106152   20.297930 ^ clkbuf_3_3__f_clk/X (sky130_fd_sc_hd__clkbuf_16)
                                                         clknet_3_3__leaf_clk (net)
                      0.040804    0.002439   20.300367 ^ _1582_/CLK (sky130_fd_sc_hd__dfxtp_2)
                                 -0.250000   20.050369   clock uncertainty
                                  0.000000   20.050369   clock reconvergence pessimism
                                 -0.072403   19.977966   library setup time
                                             19.977966   data required time
---------------------------------------------------------------------------------------------
                                             19.977966   data required time
                                             -1.113400   data arrival time
---------------------------------------------------------------------------------------------
                                             18.864565   slack (MET)


Startpoint: _1635_ (rising edge-triggered flip-flop clocked by clk)
Endpoint: _1626_ (rising edge-triggered flip-flop clocked by clk)
Path Group: clk
Path Type: max

Fanout         Cap        Slew       Delay        Time   Description
---------------------------------------------------------------------------------------------
                                  0.000000    0.000000   clock clk (rise edge)
                                  0.000000    0.000000   clock source latency
     1    0.021630    0.077149    0.053265    0.053265 ^ clk (in)
                                                         clk (net)
                      0.077182    0.000000    0.053265 ^ clkbuf_0_clk/A (sky130_fd_sc_hd__clkbuf_16)
     8    0.086925    0.079538    0.132564    0.185829 ^ clkbuf_0_clk/X (sky130_fd_sc_hd__clkbuf_16)
                                                         clknet_0_clk (net)
                      0.080376    0.006485    0.192315 ^ clkbuf_3_6__f_clk/A (sky130_fd_sc_hd__clkbuf_16)
     8    0.026148    0.035921    0.101503    0.293817 ^ clkbuf_3_6__f_clk/X (sky130_fd_sc_hd__clkbuf_16)
                                                         clknet_3_6__leaf_clk (net)
                      0.036173    0.002063    0.295881 ^ _1635_/CLK (sky130_fd_sc_hd__dfxtp_2)
     1    0.004030    0.018977    0.194999    0.490880 v _1635_/Q (sky130_fd_sc_hd__dfxtp_2)
                                                         u_rst_sync.rst_ff2 (net)
                      0.018984    0.000294    0.491175 v fanout42/A (sky130_fd_sc_hd__clkdlybuf4s25_1)
    10    0.056095    0.284057    0.343586    0.834760 v fanout42/X (sky130_fd_sc_hd__clkdlybuf4s25_1)
                                                         net42 (net)
                      0.284866    0.012622    0.847382 v _1564_/B (sky130_fd_sc_hd__and2_2)
     1    0.002711    0.030423    0.215736    1.063118 v _1564_/X (sky130_fd_sc_hd__and2_2)
                                                         _0054_ (net)
                      0.030423    0.000183    1.063301 v _1626_/D (sky130_fd_sc_hd__dfxtp_2)
                                              1.063301   data arrival time

                                 20.000000   20.000000   clock clk (rise edge)
                                  0.000000   20.000000   clock source latency
     1    0.021630    0.077149    0.053266   20.053267 ^ clk (in)
                                                         clk (net)
                      0.077182    0.000000   20.053267 ^ clkbuf_0_clk/A (sky130_fd_sc_hd__clkbuf_16)
     8    0.086925    0.079538    0.132564   20.185831 ^ clkbuf_0_clk/X (sky130_fd_sc_hd__clkbuf_16)
                                                         clknet_0_clk (net)
                      0.080212    0.005830   20.191660 ^ clkbuf_3_2__f_clk/A (sky130_fd_sc_hd__clkbuf_16)
     8    0.026340    0.036005    0.101654   20.293314 ^ clkbuf_3_2__f_clk/X (sky130_fd_sc_hd__clkbuf_16)
                                                         clknet_3_2__leaf_clk (net)
                      0.036359    0.002450   20.295763 ^ _1626_/CLK (sky130_fd_sc_hd__dfxtp_2)
                                 -0.250000   20.045765   clock uncertainty
                                  0.000000   20.045765   clock reconvergence pessimism
                                 -0.070241   19.975525   library setup time
                                             19.975525   data required time
---------------------------------------------------------------------------------------------
                                             19.975525   data required time
                                             -1.063301   data arrival time
---------------------------------------------------------------------------------------------
                                             18.912222   slack (MET)


Startpoint: _1635_ (rising edge-triggered flip-flop clocked by clk)
Endpoint: _1628_ (rising edge-triggered flip-flop clocked by clk)
Path Group: clk
Path Type: max

Fanout         Cap        Slew       Delay        Time   Description
---------------------------------------------------------------------------------------------
                                  0.000000    0.000000   clock clk (rise edge)
                                  0.000000    0.000000   clock source latency
     1    0.021630    0.077149    0.053265    0.053265 ^ clk (in)
                                                         clk (net)
                      0.077182    0.000000    0.053265 ^ clkbuf_0_clk/A (sky130_fd_sc_hd__clkbuf_16)
     8    0.086925    0.079538    0.132564    0.185829 ^ clkbuf_0_clk/X (sky130_fd_sc_hd__clkbuf_16)
                                                         clknet_0_clk (net)
                      0.080376    0.006485    0.192315 ^ clkbuf_3_6__f_clk/A (sky130_fd_sc_hd__clkbuf_16)
     8    0.026148    0.035921    0.101503    0.293817 ^ clkbuf_3_6__f_clk/X (sky130_fd_sc_hd__clkbuf_16)
                                                         clknet_3_6__leaf_clk (net)
                      0.036173    0.002063    0.295881 ^ _1635_/CLK (sky130_fd_sc_hd__dfxtp_2)
     1    0.004030    0.018977    0.194999    0.490880 v _1635_/Q (sky130_fd_sc_hd__dfxtp_2)
                                                         u_rst_sync.rst_ff2 (net)
                      0.018984    0.000294    0.491175 v fanout42/A (sky130_fd_sc_hd__clkdlybuf4s25_1)
    10    0.056095    0.284057    0.343586    0.834760 v fanout42/X (sky130_fd_sc_hd__clkdlybuf4s25_1)
                                                         net42 (net)
                      0.284882    0.012737    0.847498 v _1565_/A (sky130_fd_sc_hd__and2_2)
     1    0.002731    0.029757    0.197255    1.044752 v _1565_/X (sky130_fd_sc_hd__and2_2)
                                                         _0055_ (net)
                      0.029757    0.000198    1.044951 v _1628_/D (sky130_fd_sc_hd__dfxtp_2)
                                              1.044951   data arrival time

                                 20.000000   20.000000   clock clk (rise edge)
                                  0.000000   20.000000   clock source latency
     1    0.021630    0.077149    0.053266   20.053267 ^ clk (in)
                                                         clk (net)
                      0.077182    0.000000   20.053267 ^ clkbuf_0_clk/A (sky130_fd_sc_hd__clkbuf_16)
     8    0.086925    0.079538    0.132564   20.185831 ^ clkbuf_0_clk/X (sky130_fd_sc_hd__clkbuf_16)
                                                         clknet_0_clk (net)
                      0.080212    0.005830   20.191660 ^ clkbuf_3_2__f_clk/A (sky130_fd_sc_hd__clkbuf_16)
     8    0.026340    0.036005    0.101654   20.293314 ^ clkbuf_3_2__f_clk/X (sky130_fd_sc_hd__clkbuf_16)
                                                         clknet_3_2__leaf_clk (net)
                      0.036368    0.002498   20.295813 ^ _1628_/CLK (sky130_fd_sc_hd__dfxtp_2)
                                 -0.250000   20.045813   clock uncertainty
                                  0.000000   20.045813   clock reconvergence pessimism
                                 -0.070003   19.975809   library setup time
                                             19.975809   data required time
---------------------------------------------------------------------------------------------
                                             19.975809   data required time
                                             -1.044951   data arrival time
---------------------------------------------------------------------------------------------
                                             18.930859   slack (MET)


Startpoint: _1635_ (rising edge-triggered flip-flop clocked by clk)
Endpoint: _1625_ (rising edge-triggered flip-flop clocked by clk)
Path Group: clk
Path Type: max

Fanout         Cap        Slew       Delay        Time   Description
---------------------------------------------------------------------------------------------
                                  0.000000    0.000000   clock clk (rise edge)
                                  0.000000    0.000000   clock source latency
     1    0.021630    0.077149    0.053265    0.053265 ^ clk (in)
                                                         clk (net)
                      0.077182    0.000000    0.053265 ^ clkbuf_0_clk/A (sky130_fd_sc_hd__clkbuf_16)
     8    0.086925    0.079538    0.132564    0.185829 ^ clkbuf_0_clk/X (sky130_fd_sc_hd__clkbuf_16)
                                                         clknet_0_clk (net)
                      0.080376    0.006485    0.192315 ^ clkbuf_3_6__f_clk/A (sky130_fd_sc_hd__clkbuf_16)
     8    0.026148    0.035921    0.101503    0.293817 ^ clkbuf_3_6__f_clk/X (sky130_fd_sc_hd__clkbuf_16)
                                                         clknet_3_6__leaf_clk (net)
                      0.036173    0.002063    0.295881 ^ _1635_/CLK (sky130_fd_sc_hd__dfxtp_2)
     1    0.004030    0.018977    0.194999    0.490880 v _1635_/Q (sky130_fd_sc_hd__dfxtp_2)
                                                         u_rst_sync.rst_ff2 (net)
                      0.018984    0.000294    0.491175 v fanout42/A (sky130_fd_sc_hd__clkdlybuf4s25_1)
    10    0.056095    0.284057    0.343586    0.834760 v fanout42/X (sky130_fd_sc_hd__clkdlybuf4s25_1)
                                                         net42 (net)
                      0.284913    0.012970    0.847730 v _1563_/A (sky130_fd_sc_hd__and2_2)
     1    0.003299    0.030758    0.199090    1.046820 v _1563_/X (sky130_fd_sc_hd__and2_2)
                                                         _0053_ (net)
                      0.030758    0.000209    1.047029 v _1625_/D (sky130_fd_sc_hd__dfxtp_2)
                                              1.047029   data arrival time

                                 20.000000   20.000000   clock clk (rise edge)
                                  0.000000   20.000000   clock source latency
     1    0.021630    0.077149    0.053266   20.053267 ^ clk (in)
                                                         clk (net)
                      0.077182    0.000000   20.053267 ^ clkbuf_0_clk/A (sky130_fd_sc_hd__clkbuf_16)
     8    0.086925    0.079538    0.132564   20.185831 ^ clkbuf_0_clk/X (sky130_fd_sc_hd__clkbuf_16)
                                                         clknet_0_clk (net)
                      0.080240    0.005947   20.191778 ^ clkbuf_3_3__f_clk/A (sky130_fd_sc_hd__clkbuf_16)
     8    0.033105    0.040577    0.106152   20.297930 ^ clkbuf_3_3__f_clk/X (sky130_fd_sc_hd__clkbuf_16)
                                                         clknet_3_3__leaf_clk (net)
                      0.040808    0.002467   20.300396 ^ _1625_/CLK (sky130_fd_sc_hd__dfxtp_2)
                                 -0.250000   20.050398   clock uncertainty
                                  0.000000   20.050398   clock reconvergence pessimism
                                 -0.069933   19.980465   library setup time
                                             19.980465   data required time
---------------------------------------------------------------------------------------------
                                             19.980465   data required time
                                             -1.047029   data arrival time
---------------------------------------------------------------------------------------------
                                             18.933435   slack (MET)


Startpoint: _1635_ (rising edge-triggered flip-flop clocked by clk)
Endpoint: _1627_ (rising edge-triggered flip-flop clocked by clk)
Path Group: clk
Path Type: max

Fanout         Cap        Slew       Delay        Time   Description
---------------------------------------------------------------------------------------------
                                  0.000000    0.000000   clock clk (rise edge)
                                  0.000000    0.000000   clock source latency
     1    0.021630    0.077149    0.053265    0.053265 ^ clk (in)
                                                         clk (net)
                      0.077182    0.000000    0.053265 ^ clkbuf_0_clk/A (sky130_fd_sc_hd__clkbuf_16)
     8    0.086925    0.079538    0.132564    0.185829 ^ clkbuf_0_clk/X (sky130_fd_sc_hd__clkbuf_16)
                                                         clknet_0_clk (net)
                      0.080376    0.006485    0.192315 ^ clkbuf_3_6__f_clk/A (sky130_fd_sc_hd__clkbuf_16)
     8    0.026148    0.035921    0.101503    0.293817 ^ clkbuf_3_6__f_clk/X (sky130_fd_sc_hd__clkbuf_16)
                                                         clknet_3_6__leaf_clk (net)
                      0.036173    0.002063    0.295881 ^ _1635_/CLK (sky130_fd_sc_hd__dfxtp_2)
     1    0.004030    0.018977    0.194999    0.490880 v _1635_/Q (sky130_fd_sc_hd__dfxtp_2)
                                                         u_rst_sync.rst_ff2 (net)
                      0.018984    0.000294    0.491175 v fanout42/A (sky130_fd_sc_hd__clkdlybuf4s25_1)
    10    0.056095    0.284057    0.343586    0.834760 v fanout42/X (sky130_fd_sc_hd__clkdlybuf4s25_1)
                                                         net42 (net)
                      0.284908    0.012927    0.847688 v _1627_/D (sky130_fd_sc_hd__dfxtp_2)
                                              0.847688   data arrival time

                                 20.000000   20.000000   clock clk (rise edge)
                                  0.000000   20.000000   clock source latency
     1    0.021630    0.077149    0.053266   20.053267 ^ clk (in)
                                                         clk (net)
                      0.077182    0.000000   20.053267 ^ clkbuf_0_clk/A (sky130_fd_sc_hd__clkbuf_16)
     8    0.086925    0.079538    0.132564   20.185831 ^ clkbuf_0_clk/X (sky130_fd_sc_hd__clkbuf_16)
                                                         clknet_0_clk (net)
                      0.080212    0.005830   20.191660 ^ clkbuf_3_2__f_clk/A (sky130_fd_sc_hd__clkbuf_16)
     8    0.026340    0.036005    0.101654   20.293314 ^ clkbuf_3_2__f_clk/X (sky130_fd_sc_hd__clkbuf_16)
                                                         clknet_3_2__leaf_clk (net)
                      0.036392    0.002611   20.295925 ^ _1627_/CLK (sky130_fd_sc_hd__dfxtp_2)
                                 -0.250000   20.045927   clock uncertainty
                                  0.000000   20.045927   clock reconvergence pessimism
                                 -0.161108   19.884817   library setup time
                                             19.884817   data required time
---------------------------------------------------------------------------------------------
                                             19.884817   data required time
                                             -0.847688   data arrival time
---------------------------------------------------------------------------------------------
                                             19.037130   slack (MET)


Startpoint: _1636_ (rising edge-triggered flip-flop clocked by clk)
Endpoint: _1635_ (rising edge-triggered flip-flop clocked by clk)
Path Group: clk
Path Type: max

Fanout         Cap        Slew       Delay        Time   Description
---------------------------------------------------------------------------------------------
                                  0.000000    0.000000   clock clk (rise edge)
                                  0.000000    0.000000   clock source latency
     1    0.021630    0.077149    0.053265    0.053265 ^ clk (in)
                                                         clk (net)
                      0.077182    0.000000    0.053265 ^ clkbuf_0_clk/A (sky130_fd_sc_hd__clkbuf_16)
     8    0.086925    0.079538    0.132564    0.185829 ^ clkbuf_0_clk/X (sky130_fd_sc_hd__clkbuf_16)
                                                         clknet_0_clk (net)
                      0.080380    0.006502    0.192331 ^ clkbuf_3_7__f_clk/A (sky130_fd_sc_hd__clkbuf_16)
     8    0.029496    0.038427    0.103370    0.295701 ^ clkbuf_3_7__f_clk/X (sky130_fd_sc_hd__clkbuf_16)
                                                         clknet_3_7__leaf_clk (net)
                      0.038937    0.003419    0.299120 ^ _1636_/CLK (sky130_fd_sc_hd__dfxtp_2)
     1    0.001936    0.015587    0.190552    0.489673 v _1636_/Q (sky130_fd_sc_hd__dfxtp_2)
                                                         u_rst_sync.rst_ff1 (net)
                      0.015587    0.000136    0.489808 v hold82/A (sky130_fd_sc_hd__dlygate4sd3_1)
     1    0.002723    0.037731    0.354227    0.844035 v hold82/X (sky130_fd_sc_hd__dlygate4sd3_1)
                                                         net82 (net)
                      0.037731    0.000183    0.844218 v _1635_/D (sky130_fd_sc_hd__dfxtp_2)
                                              0.844218   data arrival time

                                 20.000000   20.000000   clock clk (rise edge)
                                  0.000000   20.000000   clock source latency
     1    0.021630    0.077149    0.053266   20.053267 ^ clk (in)
                                                         clk (net)
                      0.077182    0.000000   20.053267 ^ clkbuf_0_clk/A (sky130_fd_sc_hd__clkbuf_16)
     8    0.086925    0.079538    0.132564   20.185831 ^ clkbuf_0_clk/X (sky130_fd_sc_hd__clkbuf_16)
                                                         clknet_0_clk (net)
                      0.080376    0.006484   20.192314 ^ clkbuf_3_6__f_clk/A (sky130_fd_sc_hd__clkbuf_16)
     8    0.026148    0.035921    0.101505   20.293819 ^ clkbuf_3_6__f_clk/X (sky130_fd_sc_hd__clkbuf_16)
                                                         clknet_3_6__leaf_clk (net)
                      0.036173    0.002062   20.295881 ^ _1635_/CLK (sky130_fd_sc_hd__dfxtp_2)
                                 -0.250000   20.045881   clock uncertainty
                                  0.000000   20.045881   clock reconvergence pessimism
                                 -0.072869   19.973015   library setup time
                                             19.973015   data required time
---------------------------------------------------------------------------------------------
                                             19.973015   data required time
                                             -0.844218   data arrival time
---------------------------------------------------------------------------------------------
                                             19.128796   slack (MET)



