
===========================================================================
report_checks -path_delay min (Hold)
============================================================================
======================= max_ss_100C_1v60 Corner ===================================

Startpoint: _1630_ (rising edge-triggered flip-flop clocked by clk)
Endpoint: _1630_ (rising edge-triggered flip-flop clocked by clk)
Path Group: clk
Path Type: min

Fanout         Cap        Slew       Delay        Time   Description
---------------------------------------------------------------------------------------------
                                  0.000000    0.000000   clock clk (rise edge)
                                  0.000000    0.000000   clock source latency
     1    0.021561    0.160873    0.110352    0.110352 ^ clk (in)
                                                         clk (net)
                      0.160888    0.000000    0.110352 ^ clkbuf_0_clk/A (sky130_fd_sc_hd__clkbuf_16)
     8    0.086373    0.157612    0.339655    0.450006 ^ clkbuf_0_clk/X (sky130_fd_sc_hd__clkbuf_16)
                                                         clknet_0_clk (net)
                      0.158039    0.005824    0.455830 ^ clkbuf_3_2__f_clk/A (sky130_fd_sc_hd__clkbuf_16)
     8    0.024484    0.072988    0.267699    0.723529 ^ clkbuf_3_2__f_clk/X (sky130_fd_sc_hd__clkbuf_16)
                                                         clknet_3_2__leaf_clk (net)
                      0.073110    0.001735    0.725264 ^ _1630_/CLK (sky130_fd_sc_hd__dfxtp_2)
     4    0.013387    0.126942    0.703094    1.428357 ^ _1630_/Q (sky130_fd_sc_hd__dfxtp_2)
                                                         u_sync.lock_cnt[0] (net)
                      0.126942    0.000444    1.428801 ^ _1569_/A (sky130_fd_sc_hd__nand2_2)
     2    0.009432    0.100498    0.139915    1.568717 v _1569_/Y (sky130_fd_sc_hd__nand2_2)
                                                         _0785_ (net)
                      0.100499    0.000519    1.569235 v _1570_/B1 (sky130_fd_sc_hd__o2111a_2)
     1    0.002740    0.049073    0.283924    1.853160 v _1570_/X (sky130_fd_sc_hd__o2111a_2)
                                                         _0057_ (net)
                      0.049073    0.000175    1.853334 v _1630_/D (sky130_fd_sc_hd__dfxtp_2)
                                              1.853334   data arrival time

                                  0.000000    0.000000   clock clk (rise edge)
                                  0.000000    0.000000   clock source latency
     1    0.021561    0.160873    0.110352    0.110352 ^ clk (in)
                                                         clk (net)
                      0.160888    0.000000    0.110352 ^ clkbuf_0_clk/A (sky130_fd_sc_hd__clkbuf_16)
     8    0.086373    0.157612    0.339655    0.450006 ^ clkbuf_0_clk/X (sky130_fd_sc_hd__clkbuf_16)
                                                         clknet_0_clk (net)
                      0.158039    0.005824    0.455830 ^ clkbuf_3_2__f_clk/A (sky130_fd_sc_hd__clkbuf_16)
     8    0.024484    0.072988    0.267699    0.723529 ^ clkbuf_3_2__f_clk/X (sky130_fd_sc_hd__clkbuf_16)
                                                         clknet_3_2__leaf_clk (net)
                      0.073110    0.001735    0.725264 ^ _1630_/CLK (sky130_fd_sc_hd__dfxtp_2)
                                  0.250000    0.975264   clock uncertainty
                                  0.000000    0.975264   clock reconvergence pessimism
                                 -0.081723    0.893540   library hold time
                                              0.893540   data required time
---------------------------------------------------------------------------------------------
                                              0.893540   data required time
                                             -1.853334   data arrival time
---------------------------------------------------------------------------------------------
                                              0.959794   slack (MET)


Startpoint: _1601_ (rising edge-triggered flip-flop clocked by clk)
Endpoint: _1601_ (rising edge-triggered flip-flop clocked by clk)
Path Group: clk
Path Type: min

Fanout         Cap        Slew       Delay        Time   Description
---------------------------------------------------------------------------------------------
                                  0.000000    0.000000   clock clk (rise edge)
                                  0.000000    0.000000   clock source latency
     1    0.021561    0.160873    0.110352    0.110352 ^ clk (in)
                                                         clk (net)
                      0.160888    0.000000    0.110352 ^ clkbuf_0_clk/A (sky130_fd_sc_hd__clkbuf_16)
     8    0.086373    0.157612    0.339655    0.450006 ^ clkbuf_0_clk/X (sky130_fd_sc_hd__clkbuf_16)
                                                         clknet_0_clk (net)
                      0.158031    0.005755    0.455761 ^ clkbuf_3_0__f_clk/A (sky130_fd_sc_hd__clkbuf_16)
     8    0.023747    0.072077    0.266674    0.722435 ^ clkbuf_3_0__f_clk/X (sky130_fd_sc_hd__clkbuf_16)
                                                         clknet_3_0__leaf_clk (net)
                      0.072110    0.001080    0.723515 ^ _1601_/CLK (sky130_fd_sc_hd__dfxtp_2)
     4    0.022206    0.190954    0.753170    1.476685 ^ _1601_/Q (sky130_fd_sc_hd__dfxtp_2)
                                                         u_dp.acc_q[1] (net)
                      0.190954    0.000646    1.477332 ^ _1480_/A1 (sky130_fd_sc_hd__o211a_2)
     1    0.002831    0.078054    0.414808    1.892140 ^ _1480_/X (sky130_fd_sc_hd__o211a_2)
                                                         _0029_ (net)
                      0.078054    0.000112    1.892251 ^ _1601_/D (sky130_fd_sc_hd__dfxtp_2)
                                              1.892251   data arrival time

                                  0.000000    0.000000   clock clk (rise edge)
                                  0.000000    0.000000   clock source latency
     1    0.021561    0.160873    0.110352    0.110352 ^ clk (in)
                                                         clk (net)
                      0.160888    0.000000    0.110352 ^ clkbuf_0_clk/A (sky130_fd_sc_hd__clkbuf_16)
     8    0.086373    0.157612    0.339655    0.450006 ^ clkbuf_0_clk/X (sky130_fd_sc_hd__clkbuf_16)
                                                         clknet_0_clk (net)
                      0.158031    0.005755    0.455761 ^ clkbuf_3_0__f_clk/A (sky130_fd_sc_hd__clkbuf_16)
     8    0.023747    0.072077    0.266674    0.722435 ^ clkbuf_3_0__f_clk/X (sky130_fd_sc_hd__clkbuf_16)
                                                         clknet_3_0__leaf_clk (net)
                      0.072110    0.001080    0.723515 ^ _1601_/CLK (sky130_fd_sc_hd__dfxtp_2)
                                  0.250000    0.973515   clock uncertainty
                                  0.000000    0.973515   clock reconvergence pessimism
                                 -0.073460    0.900055   library hold time
                                              0.900055   data required time
---------------------------------------------------------------------------------------------
                                              0.900055   data required time
                                             -1.892251   data arrival time
---------------------------------------------------------------------------------------------
                                              0.992196   slack (MET)


Startpoint: _1609_ (rising edge-triggered flip-flop clocked by clk)
Endpoint: _1609_ (rising edge-triggered flip-flop clocked by clk)
Path Group: clk
Path Type: min

Fanout         Cap        Slew       Delay        Time   Description
---------------------------------------------------------------------------------------------
                                  0.000000    0.000000   clock clk (rise edge)
                                  0.000000    0.000000   clock source latency
     1    0.021561    0.160873    0.110352    0.110352 ^ clk (in)
                                                         clk (net)
                      0.160888    0.000000    0.110352 ^ clkbuf_0_clk/A (sky130_fd_sc_hd__clkbuf_16)
     8    0.086373    0.157612    0.339655    0.450006 ^ clkbuf_0_clk/X (sky130_fd_sc_hd__clkbuf_16)
                                                         clknet_0_clk (net)
                      0.158027    0.005719    0.455725 ^ clkbuf_3_1__f_clk/A (sky130_fd_sc_hd__clkbuf_16)
     8    0.023302    0.071532    0.266308    0.722032 ^ clkbuf_3_1__f_clk/X (sky130_fd_sc_hd__clkbuf_16)
                                                         clknet_3_1__leaf_clk (net)
                      0.071568    0.001115    0.723147 ^ _1609_/CLK (sky130_fd_sc_hd__dfxtp_2)
     4    0.023451    0.119324    0.678332    1.401479 v _1609_/Q (sky130_fd_sc_hd__dfxtp_2)
                                                         u_dp.acc_q[9] (net)
                      0.119328    0.000872    1.402351 v _1507_/A1 (sky130_fd_sc_hd__o211a_2)
     1    0.002181    0.040960    0.489906    1.892257 v _1507_/X (sky130_fd_sc_hd__o211a_2)
                                                         _0037_ (net)
                      0.040960    0.000149    1.892406 v _1609_/D (sky130_fd_sc_hd__dfxtp_2)
                                              1.892406   data arrival time

                                  0.000000    0.000000   clock clk (rise edge)
                                  0.000000    0.000000   clock source latency
     1    0.021561    0.160873    0.110352    0.110352 ^ clk (in)
                                                         clk (net)
                      0.160888    0.000000    0.110352 ^ clkbuf_0_clk/A (sky130_fd_sc_hd__clkbuf_16)
     8    0.086373    0.157612    0.339655    0.450006 ^ clkbuf_0_clk/X (sky130_fd_sc_hd__clkbuf_16)
                                                         clknet_0_clk (net)
                      0.158027    0.005719    0.455725 ^ clkbuf_3_1__f_clk/A (sky130_fd_sc_hd__clkbuf_16)
     8    0.023302    0.071532    0.266308    0.722032 ^ clkbuf_3_1__f_clk/X (sky130_fd_sc_hd__clkbuf_16)
                                                         clknet_3_1__leaf_clk (net)
                      0.071568    0.001115    0.723147 ^ _1609_/CLK (sky130_fd_sc_hd__dfxtp_2)
                                  0.250000    0.973147   clock uncertainty
                                  0.000000    0.973147   clock reconvergence pessimism
                                 -0.079093    0.894054   library hold time
                                              0.894054   data required time
---------------------------------------------------------------------------------------------
                                              0.894054   data required time
                                             -1.892406   data arrival time
---------------------------------------------------------------------------------------------
                                              0.998352   slack (MET)


Startpoint: _1606_ (rising edge-triggered flip-flop clocked by clk)
Endpoint: _1606_ (rising edge-triggered flip-flop clocked by clk)
Path Group: clk
Path Type: min

Fanout         Cap        Slew       Delay        Time   Description
---------------------------------------------------------------------------------------------
                                  0.000000    0.000000   clock clk (rise edge)
                                  0.000000    0.000000   clock source latency
     1    0.021561    0.160873    0.110352    0.110352 ^ clk (in)
                                                         clk (net)
                      0.160888    0.000000    0.110352 ^ clkbuf_0_clk/A (sky130_fd_sc_hd__clkbuf_16)
     8    0.086373    0.157612    0.339655    0.450006 ^ clkbuf_0_clk/X (sky130_fd_sc_hd__clkbuf_16)
                                                         clknet_0_clk (net)
                      0.157902    0.004518    0.454524 ^ clkbuf_3_4__f_clk/A (sky130_fd_sc_hd__clkbuf_16)
     8    0.033051    0.084791    0.279368    0.733892 ^ clkbuf_3_4__f_clk/X (sky130_fd_sc_hd__clkbuf_16)
                                                         clknet_3_4__leaf_clk (net)
                      0.084904    0.002713    0.736605 ^ _1606_/CLK (sky130_fd_sc_hd__dfxtp_2)
     4    0.023679    0.119962    0.685002    1.421608 v _1606_/Q (sky130_fd_sc_hd__dfxtp_2)
                                                         u_dp.acc_q[6] (net)
                      0.119962    0.000663    1.422271 v _1496_/A1 (sky130_fd_sc_hd__o211a_2)
     1    0.002023    0.040221    0.488764    1.911035 v _1496_/X (sky130_fd_sc_hd__o211a_2)
                                                         _0034_ (net)
                      0.040221    0.000094    1.911129 v _1606_/D (sky130_fd_sc_hd__dfxtp_2)
                                              1.911129   data arrival time

                                  0.000000    0.000000   clock clk (rise edge)
                                  0.000000    0.000000   clock source latency
     1    0.021561    0.160873    0.110352    0.110352 ^ clk (in)
                                                         clk (net)
                      0.160888    0.000000    0.110352 ^ clkbuf_0_clk/A (sky130_fd_sc_hd__clkbuf_16)
     8    0.086373    0.157612    0.339655    0.450006 ^ clkbuf_0_clk/X (sky130_fd_sc_hd__clkbuf_16)
                                                         clknet_0_clk (net)
                      0.157902    0.004518    0.454524 ^ clkbuf_3_4__f_clk/A (sky130_fd_sc_hd__clkbuf_16)
     8    0.033051    0.084791    0.279368    0.733892 ^ clkbuf_3_4__f_clk/X (sky130_fd_sc_hd__clkbuf_16)
                                                         clknet_3_4__leaf_clk (net)
                      0.084904    0.002713    0.736605 ^ _1606_/CLK (sky130_fd_sc_hd__dfxtp_2)
                                  0.250000    0.986605   clock uncertainty
                                  0.000000    0.986605   clock reconvergence pessimism
                                 -0.075666    0.910940   library hold time
                                              0.910940   data required time
---------------------------------------------------------------------------------------------
                                              0.910940   data required time
                                             -1.911129   data arrival time
---------------------------------------------------------------------------------------------
                                              1.000190   slack (MET)


Startpoint: _1603_ (rising edge-triggered flip-flop clocked by clk)
Endpoint: _1603_ (rising edge-triggered flip-flop clocked by clk)
Path Group: clk
Path Type: min

Fanout         Cap        Slew       Delay        Time   Description
---------------------------------------------------------------------------------------------
                                  0.000000    0.000000   clock clk (rise edge)
                                  0.000000    0.000000   clock source latency
     1    0.021561    0.160873    0.110352    0.110352 ^ clk (in)
                                                         clk (net)
                      0.160888    0.000000    0.110352 ^ clkbuf_0_clk/A (sky130_fd_sc_hd__clkbuf_16)
     8    0.086373    0.157612    0.339655    0.450006 ^ clkbuf_0_clk/X (sky130_fd_sc_hd__clkbuf_16)
                                                         clknet_0_clk (net)
                      0.158039    0.005824    0.455830 ^ clkbuf_3_2__f_clk/A (sky130_fd_sc_hd__clkbuf_16)
     8    0.024484    0.072988    0.267699    0.723529 ^ clkbuf_3_2__f_clk/X (sky130_fd_sc_hd__clkbuf_16)
                                                         clknet_3_2__leaf_clk (net)
                      0.073029    0.000717    0.724246 ^ _1603_/CLK (sky130_fd_sc_hd__dfxtp_2)
     5    0.023504    0.119301    0.678867    1.403113 v _1603_/Q (sky130_fd_sc_hd__dfxtp_2)
                                                         u_dp.acc_q[3] (net)
                      0.119316    0.001434    1.404548 v _1486_/A1 (sky130_fd_sc_hd__o211a_2)
     1    0.002451    0.042223    0.492341    1.896888 v _1486_/X (sky130_fd_sc_hd__o211a_2)
                                                         _0031_ (net)
                      0.042223    0.000162    1.897050 v _1603_/D (sky130_fd_sc_hd__dfxtp_2)
                                              1.897050   data arrival time

                                  0.000000    0.000000   clock clk (rise edge)
                                  0.000000    0.000000   clock source latency
     1    0.021561    0.160873    0.110352    0.110352 ^ clk (in)
                                                         clk (net)
                      0.160888    0.000000    0.110352 ^ clkbuf_0_clk/A (sky130_fd_sc_hd__clkbuf_16)
     8    0.086373    0.157612    0.339655    0.450006 ^ clkbuf_0_clk/X (sky130_fd_sc_hd__clkbuf_16)
                                                         clknet_0_clk (net)
                      0.158039    0.005824    0.455830 ^ clkbuf_3_2__f_clk/A (sky130_fd_sc_hd__clkbuf_16)
     8    0.024484    0.072988    0.267699    0.723529 ^ clkbuf_3_2__f_clk/X (sky130_fd_sc_hd__clkbuf_16)
                                                         clknet_3_2__leaf_clk (net)
                      0.073029    0.000717    0.724246 ^ _1603_/CLK (sky130_fd_sc_hd__dfxtp_2)
                                  0.250000    0.974246   clock uncertainty
                                  0.000000    0.974246   clock reconvergence pessimism
                                 -0.079213    0.895032   library hold time
                                              0.895032   data required time
---------------------------------------------------------------------------------------------
                                              0.895032   data required time
                                             -1.897050   data arrival time
---------------------------------------------------------------------------------------------
                                              1.002018   slack (MET)


Startpoint: _1602_ (rising edge-triggered flip-flop clocked by clk)
Endpoint: _1602_ (rising edge-triggered flip-flop clocked by clk)
Path Group: clk
Path Type: min

Fanout         Cap        Slew       Delay        Time   Description
---------------------------------------------------------------------------------------------
                                  0.000000    0.000000   clock clk (rise edge)
                                  0.000000    0.000000   clock source latency
     1    0.021561    0.160873    0.110352    0.110352 ^ clk (in)
                                                         clk (net)
                      0.160888    0.000000    0.110352 ^ clkbuf_0_clk/A (sky130_fd_sc_hd__clkbuf_16)
     8    0.086373    0.157612    0.339655    0.450006 ^ clkbuf_0_clk/X (sky130_fd_sc_hd__clkbuf_16)
                                                         clknet_0_clk (net)
                      0.158053    0.005941    0.455947 ^ clkbuf_3_3__f_clk/A (sky130_fd_sc_hd__clkbuf_16)
     8    0.031249    0.082230    0.277129    0.733076 ^ clkbuf_3_3__f_clk/X (sky130_fd_sc_hd__clkbuf_16)
                                                         clknet_3_3__leaf_clk (net)
                      0.082263    0.001551    0.734627 ^ _1602_/CLK (sky130_fd_sc_hd__dfxtp_2)
     5    0.023897    0.120840    0.684215    1.418842 v _1602_/Q (sky130_fd_sc_hd__dfxtp_2)
                                                         u_dp.acc_q[2] (net)
                      0.120862    0.001653    1.420495 v _1483_/A1 (sky130_fd_sc_hd__o211a_2)
     1    0.002157    0.040849    0.490359    1.910854 v _1483_/X (sky130_fd_sc_hd__o211a_2)
                                                         _0030_ (net)
                      0.040849    0.000104    1.910959 v _1602_/D (sky130_fd_sc_hd__dfxtp_2)
                                              1.910959   data arrival time

                                  0.000000    0.000000   clock clk (rise edge)
                                  0.000000    0.000000   clock source latency
     1    0.021561    0.160873    0.110352    0.110352 ^ clk (in)
                                                         clk (net)
                      0.160888    0.000000    0.110352 ^ clkbuf_0_clk/A (sky130_fd_sc_hd__clkbuf_16)
     8    0.086373    0.157612    0.339655    0.450006 ^ clkbuf_0_clk/X (sky130_fd_sc_hd__clkbuf_16)
                                                         clknet_0_clk (net)
                      0.158053    0.005941    0.455947 ^ clkbuf_3_3__f_clk/A (sky130_fd_sc_hd__clkbuf_16)
     8    0.031249    0.082230    0.277129    0.733076 ^ clkbuf_3_3__f_clk/X (sky130_fd_sc_hd__clkbuf_16)
                                                         clknet_3_3__leaf_clk (net)
                      0.082263    0.001551    0.734627 ^ _1602_/CLK (sky130_fd_sc_hd__dfxtp_2)
                                  0.250000    0.984627   clock uncertainty
                                  0.000000    0.984627   clock reconvergence pessimism
                                 -0.076522    0.908104   library hold time
                                              0.908104   data required time
---------------------------------------------------------------------------------------------
                                              0.908104   data required time
                                             -1.910959   data arrival time
---------------------------------------------------------------------------------------------
                                              1.002854   slack (MET)


Startpoint: _1615_ (rising edge-triggered flip-flop clocked by clk)
Endpoint: _1615_ (rising edge-triggered flip-flop clocked by clk)
Path Group: clk
Path Type: min

Fanout         Cap        Slew       Delay        Time   Description
---------------------------------------------------------------------------------------------
                                  0.000000    0.000000   clock clk (rise edge)
                                  0.000000    0.000000   clock source latency
     1    0.021561    0.160873    0.110352    0.110352 ^ clk (in)
                                                         clk (net)
                      0.160888    0.000000    0.110352 ^ clkbuf_0_clk/A (sky130_fd_sc_hd__clkbuf_16)
     8    0.086373    0.157612    0.339655    0.450006 ^ clkbuf_0_clk/X (sky130_fd_sc_hd__clkbuf_16)
                                                         clknet_0_clk (net)
                      0.158027    0.005719    0.455725 ^ clkbuf_3_1__f_clk/A (sky130_fd_sc_hd__clkbuf_16)
     8    0.023302    0.071532    0.266308    0.722032 ^ clkbuf_3_1__f_clk/X (sky130_fd_sc_hd__clkbuf_16)
                                                         clknet_3_1__leaf_clk (net)
                      0.071569    0.001133    0.723165 ^ _1615_/CLK (sky130_fd_sc_hd__dfxtp_2)
     4    0.025377    0.126635    0.684017    1.407183 v _1615_/Q (sky130_fd_sc_hd__dfxtp_2)
                                                         u_dp.acc_q[15] (net)
                      0.126650    0.001461    1.408644 v _1533_/A1 (sky130_fd_sc_hd__o211a_2)
     1    0.002112    0.040640    0.492431    1.901074 v _1533_/X (sky130_fd_sc_hd__o211a_2)
                                                         _0043_ (net)
                      0.040640    0.000142    1.901217 v _1615_/D (sky130_fd_sc_hd__dfxtp_2)
                                              1.901217   data arrival time

                                  0.000000    0.000000   clock clk (rise edge)
                                  0.000000    0.000000   clock source latency
     1    0.021561    0.160873    0.110352    0.110352 ^ clk (in)
                                                         clk (net)
                      0.160888    0.000000    0.110352 ^ clkbuf_0_clk/A (sky130_fd_sc_hd__clkbuf_16)
     8    0.086373    0.157612    0.339655    0.450006 ^ clkbuf_0_clk/X (sky130_fd_sc_hd__clkbuf_16)
                                                         clknet_0_clk (net)
                      0.158027    0.005719    0.455725 ^ clkbuf_3_1__f_clk/A (sky130_fd_sc_hd__clkbuf_16)
     8    0.023302    0.071532    0.266308    0.722032 ^ clkbuf_3_1__f_clk/X (sky130_fd_sc_hd__clkbuf_16)
                                                         clknet_3_1__leaf_clk (net)
                      0.071569    0.001133    0.723165 ^ _1615_/CLK (sky130_fd_sc_hd__dfxtp_2)
                                  0.250000    0.973165   clock uncertainty
                                  0.000000    0.973165   clock reconvergence pessimism
                                 -0.078974    0.894191   library hold time
                                              0.894191   data required time
---------------------------------------------------------------------------------------------
                                              0.894191   data required time
                                             -1.901217   data arrival time
---------------------------------------------------------------------------------------------
                                              1.007025   slack (MET)


Startpoint: _1622_ (rising edge-triggered flip-flop clocked by clk)
Endpoint: _1622_ (rising edge-triggered flip-flop clocked by clk)
Path Group: clk
Path Type: min

Fanout         Cap        Slew       Delay        Time   Description
---------------------------------------------------------------------------------------------
                                  0.000000    0.000000   clock clk (rise edge)
                                  0.000000    0.000000   clock source latency
     1    0.021561    0.160873    0.110352    0.110352 ^ clk (in)
                                                         clk (net)
                      0.160888    0.000000    0.110352 ^ clkbuf_0_clk/A (sky130_fd_sc_hd__clkbuf_16)
     8    0.086373    0.157612    0.339655    0.450006 ^ clkbuf_0_clk/X (sky130_fd_sc_hd__clkbuf_16)
                                                         clknet_0_clk (net)
                      0.158031    0.005755    0.455761 ^ clkbuf_3_0__f_clk/A (sky130_fd_sc_hd__clkbuf_16)
     8    0.023747    0.072077    0.266674    0.722435 ^ clkbuf_3_0__f_clk/X (sky130_fd_sc_hd__clkbuf_16)
                                                         clknet_3_0__leaf_clk (net)
                      0.072128    0.001307    0.723742 ^ _1622_/CLK (sky130_fd_sc_hd__dfxtp_2)
     4    0.025811    0.128328    0.685669    1.409411 v _1622_/Q (sky130_fd_sc_hd__dfxtp_2)
                                                         u_dp.acc_q[22] (net)
                      0.128349    0.001679    1.411089 v _1559_/A1 (sky130_fd_sc_hd__o211a_2)
     1    0.001948    0.039872    0.491693    1.902782 v _1559_/X (sky130_fd_sc_hd__o211a_2)
                                                         _0050_ (net)
                      0.039872    0.000092    1.902874 v _1622_/D (sky130_fd_sc_hd__dfxtp_2)
                                              1.902874   data arrival time

                                  0.000000    0.000000   clock clk (rise edge)
                                  0.000000    0.000000   clock source latency
     1    0.021561    0.160873    0.110352    0.110352 ^ clk (in)
                                                         clk (net)
                      0.160888    0.000000    0.110352 ^ clkbuf_0_clk/A (sky130_fd_sc_hd__clkbuf_16)
     8    0.086373    0.157612    0.339655    0.450006 ^ clkbuf_0_clk/X (sky130_fd_sc_hd__clkbuf_16)
                                                         clknet_0_clk (net)
                      0.158031    0.005755    0.455761 ^ clkbuf_3_0__f_clk/A (sky130_fd_sc_hd__clkbuf_16)
     8    0.023747    0.072077    0.266674    0.722435 ^ clkbuf_3_0__f_clk/X (sky130_fd_sc_hd__clkbuf_16)
                                                         clknet_3_0__leaf_clk (net)
                      0.072128    0.001307    0.723742 ^ _1622_/CLK (sky130_fd_sc_hd__dfxtp_2)
                                  0.250000    0.973742   clock uncertainty
                                  0.000000    0.973742   clock reconvergence pessimism
                                 -0.078559    0.895184   library hold time
                                              0.895184   data required time
---------------------------------------------------------------------------------------------
                                              0.895184   data required time
                                             -1.902874   data arrival time
---------------------------------------------------------------------------------------------
                                              1.007690   slack (MET)


Startpoint: _1630_ (rising edge-triggered flip-flop clocked by clk)
Endpoint: _1632_ (rising edge-triggered flip-flop clocked by clk)
Path Group: clk
Path Type: min

Fanout         Cap        Slew       Delay        Time   Description
---------------------------------------------------------------------------------------------
                                  0.000000    0.000000   clock clk (rise edge)
                                  0.000000    0.000000   clock source latency
     1    0.021561    0.160873    0.110352    0.110352 ^ clk (in)
                                                         clk (net)
                      0.160888    0.000000    0.110352 ^ clkbuf_0_clk/A (sky130_fd_sc_hd__clkbuf_16)
     8    0.086373    0.157612    0.339655    0.450006 ^ clkbuf_0_clk/X (sky130_fd_sc_hd__clkbuf_16)
                                                         clknet_0_clk (net)
                      0.158039    0.005824    0.455830 ^ clkbuf_3_2__f_clk/A (sky130_fd_sc_hd__clkbuf_16)
     8    0.024484    0.072988    0.267699    0.723529 ^ clkbuf_3_2__f_clk/X (sky130_fd_sc_hd__clkbuf_16)
                                                         clknet_3_2__leaf_clk (net)
                      0.073110    0.001735    0.725264 ^ _1630_/CLK (sky130_fd_sc_hd__dfxtp_2)
     4    0.013387    0.126942    0.703094    1.428357 ^ _1630_/Q (sky130_fd_sc_hd__dfxtp_2)
                                                         u_sync.lock_cnt[0] (net)
                      0.126942    0.000398    1.428756 ^ _1568_/A2 (sky130_fd_sc_hd__o21a_2)
     2    0.007579    0.088963    0.273682    1.702437 ^ _1568_/X (sky130_fd_sc_hd__o21a_2)
                                                         _0784_ (net)
                      0.088964    0.000483    1.702920 ^ _1573_/A2 (sky130_fd_sc_hd__o21a_2)
     1    0.002092    0.049033    0.218079    1.920999 ^ _1573_/X (sky130_fd_sc_hd__o21a_2)
                                                         _0059_ (net)
                      0.049033    0.000149    1.921148 ^ _1632_/D (sky130_fd_sc_hd__dfxtp_2)
                                              1.921148   data arrival time

                                  0.000000    0.000000   clock clk (rise edge)
                                  0.000000    0.000000   clock source latency
     1    0.021561    0.160873    0.110352    0.110352 ^ clk (in)
                                                         clk (net)
                      0.160888    0.000000    0.110352 ^ clkbuf_0_clk/A (sky130_fd_sc_hd__clkbuf_16)
     8    0.086373    0.157612    0.339655    0.450006 ^ clkbuf_0_clk/X (sky130_fd_sc_hd__clkbuf_16)
                                                         clknet_0_clk (net)
                      0.158039    0.005824    0.455830 ^ clkbuf_3_2__f_clk/A (sky130_fd_sc_hd__clkbuf_16)
     8    0.024484    0.072988    0.267699    0.723529 ^ clkbuf_3_2__f_clk/X (sky130_fd_sc_hd__clkbuf_16)
                                                         clknet_3_2__leaf_clk (net)
                      0.073134    0.002027    0.725556 ^ _1632_/CLK (sky130_fd_sc_hd__dfxtp_2)
                                  0.250000    0.975556   clock uncertainty
                                  0.000000    0.975556   clock reconvergence pessimism
                                 -0.066587    0.908969   library hold time
                                              0.908969   data required time
---------------------------------------------------------------------------------------------
                                              0.908969   data required time
                                             -1.921148   data arrival time
---------------------------------------------------------------------------------------------
                                              1.012180   slack (MET)


Startpoint: _1584_ (rising edge-triggered flip-flop clocked by clk)
Endpoint: _1584_ (rising edge-triggered flip-flop clocked by clk)
Path Group: clk
Path Type: min

Fanout         Cap        Slew       Delay        Time   Description
---------------------------------------------------------------------------------------------
                                  0.000000    0.000000   clock clk (rise edge)
                                  0.000000    0.000000   clock source latency
     1    0.021561    0.160873    0.110352    0.110352 ^ clk (in)
                                                         clk (net)
                      0.160888    0.000000    0.110352 ^ clkbuf_0_clk/A (sky130_fd_sc_hd__clkbuf_16)
     8    0.086373    0.157612    0.339655    0.450006 ^ clkbuf_0_clk/X (sky130_fd_sc_hd__clkbuf_16)
                                                         clknet_0_clk (net)
                      0.158033    0.005776    0.455782 ^ clkbuf_3_5__f_clk/A (sky130_fd_sc_hd__clkbuf_16)
     8    0.029428    0.079638    0.275010    0.730793 ^ clkbuf_3_5__f_clk/X (sky130_fd_sc_hd__clkbuf_16)
                                                         clknet_3_5__leaf_clk (net)
                      0.079651    0.001014    0.731807 ^ _1584_/CLK (sky130_fd_sc_hd__dfxtp_2)
     5    0.026550    0.131532    0.691591    1.423398 v _1584_/Q (sky130_fd_sc_hd__dfxtp_2)
                                                         u_dp.a_q[0] (net)
                      0.131548    0.001490    1.424887 v _1440_/A1 (sky130_fd_sc_hd__o211a_2)
     1    0.002088    0.043261    0.494313    1.919201 v _1440_/X (sky130_fd_sc_hd__o211a_2)
                                                         _0012_ (net)
                      0.043261    0.000149    1.919350 v _1584_/D (sky130_fd_sc_hd__dfxtp_2)
                                              1.919350   data arrival time

                                  0.000000    0.000000   clock clk (rise edge)
                                  0.000000    0.000000   clock source latency
     1    0.021561    0.160873    0.110352    0.110352 ^ clk (in)
                                                         clk (net)
                      0.160888    0.000000    0.110352 ^ clkbuf_0_clk/A (sky130_fd_sc_hd__clkbuf_16)
     8    0.086373    0.157612    0.339655    0.450006 ^ clkbuf_0_clk/X (sky130_fd_sc_hd__clkbuf_16)
                                                         clknet_0_clk (net)
                      0.158033    0.005776    0.455782 ^ clkbuf_3_5__f_clk/A (sky130_fd_sc_hd__clkbuf_16)
     8    0.029428    0.079638    0.275010    0.730793 ^ clkbuf_3_5__f_clk/X (sky130_fd_sc_hd__clkbuf_16)
                                                         clknet_3_5__leaf_clk (net)
                      0.079651    0.001014    0.731807 ^ _1584_/CLK (sky130_fd_sc_hd__dfxtp_2)
                                  0.250000    0.981807   clock uncertainty
                                  0.000000    0.981807   clock reconvergence pessimism
                                 -0.078031    0.903776   library hold time
                                              0.903776   data required time
---------------------------------------------------------------------------------------------
                                              0.903776   data required time
                                             -1.919350   data arrival time
---------------------------------------------------------------------------------------------
                                              1.015573   slack (MET)


Startpoint: _1607_ (rising edge-triggered flip-flop clocked by clk)
Endpoint: _1607_ (rising edge-triggered flip-flop clocked by clk)
Path Group: clk
Path Type: min

Fanout         Cap        Slew       Delay        Time   Description
---------------------------------------------------------------------------------------------
                                  0.000000    0.000000   clock clk (rise edge)
                                  0.000000    0.000000   clock source latency
     1    0.021561    0.160873    0.110352    0.110352 ^ clk (in)
                                                         clk (net)
                      0.160888    0.000000    0.110352 ^ clkbuf_0_clk/A (sky130_fd_sc_hd__clkbuf_16)
     8    0.086373    0.157612    0.339655    0.450006 ^ clkbuf_0_clk/X (sky130_fd_sc_hd__clkbuf_16)
                                                         clknet_0_clk (net)
                      0.157902    0.004518    0.454524 ^ clkbuf_3_4__f_clk/A (sky130_fd_sc_hd__clkbuf_16)
     8    0.033051    0.084791    0.279368    0.733892 ^ clkbuf_3_4__f_clk/X (sky130_fd_sc_hd__clkbuf_16)
                                                         clknet_3_4__leaf_clk (net)
                      0.084838    0.001882    0.735774 ^ _1607_/CLK (sky130_fd_sc_hd__dfxtp_2)
     4    0.025932    0.128793    0.691832    1.427606 v _1607_/Q (sky130_fd_sc_hd__dfxtp_2)
                                                         u_dp.acc_q[7] (net)
                      0.128800    0.001151    1.428757 v _1499_/A1 (sky130_fd_sc_hd__o211a_2)
     1    0.002496    0.042429    0.496805    1.925562 v _1499_/X (sky130_fd_sc_hd__o211a_2)
                                                         _0035_ (net)
                      0.042429    0.000173    1.925735 v _1607_/D (sky130_fd_sc_hd__dfxtp_2)
                                              1.925735   data arrival time

                                  0.000000    0.000000   clock clk (rise edge)
                                  0.000000    0.000000   clock source latency
     1    0.021561    0.160873    0.110352    0.110352 ^ clk (in)
                                                         clk (net)
                      0.160888    0.000000    0.110352 ^ clkbuf_0_clk/A (sky130_fd_sc_hd__clkbuf_16)
     8    0.086373    0.157612    0.339655    0.450006 ^ clkbuf_0_clk/X (sky130_fd_sc_hd__clkbuf_16)
                                                         clknet_0_clk (net)
                      0.157902    0.004518    0.454524 ^ clkbuf_3_4__f_clk/A (sky130_fd_sc_hd__clkbuf_16)
     8    0.033051    0.084791    0.279368    0.733892 ^ clkbuf_3_4__f_clk/X (sky130_fd_sc_hd__clkbuf_16)
                                                         clknet_3_4__leaf_clk (net)
                      0.084838    0.001882    0.735774 ^ _1607_/CLK (sky130_fd_sc_hd__dfxtp_2)
                                  0.250000    0.985774   clock uncertainty
                                  0.000000    0.985774   clock reconvergence pessimism
                                 -0.076497    0.909277   library hold time
                                              0.909277   data required time
---------------------------------------------------------------------------------------------
                                              0.909277   data required time
                                             -1.925735   data arrival time
---------------------------------------------------------------------------------------------
                                              1.016458   slack (MET)


Startpoint: _1621_ (rising edge-triggered flip-flop clocked by clk)
Endpoint: _1621_ (rising edge-triggered flip-flop clocked by clk)
Path Group: clk
Path Type: min

Fanout         Cap        Slew       Delay        Time   Description
---------------------------------------------------------------------------------------------
                                  0.000000    0.000000   clock clk (rise edge)
                                  0.000000    0.000000   clock source latency
     1    0.021561    0.160873    0.110352    0.110352 ^ clk (in)
                                                         clk (net)
                      0.160888    0.000000    0.110352 ^ clkbuf_0_clk/A (sky130_fd_sc_hd__clkbuf_16)
     8    0.086373    0.157612    0.339655    0.450006 ^ clkbuf_0_clk/X (sky130_fd_sc_hd__clkbuf_16)
                                                         clknet_0_clk (net)
                      0.158031    0.005755    0.455761 ^ clkbuf_3_0__f_clk/A (sky130_fd_sc_hd__clkbuf_16)
     8    0.023747    0.072077    0.266674    0.722435 ^ clkbuf_3_0__f_clk/X (sky130_fd_sc_hd__clkbuf_16)
                                                         clknet_3_0__leaf_clk (net)
                      0.072195    0.002161    0.724596 ^ _1621_/CLK (sky130_fd_sc_hd__dfxtp_2)
     4    0.025808    0.128560    0.686061    1.410657 v _1621_/Q (sky130_fd_sc_hd__dfxtp_2)
                                                         u_dp.acc_q[21] (net)
                      0.128565    0.001004    1.411661 v _1556_/A1 (sky130_fd_sc_hd__o211a_2)
     1    0.003007    0.044805    0.501312    1.912973 v _1556_/X (sky130_fd_sc_hd__o211a_2)
                                                         _0049_ (net)
                      0.044805    0.000181    1.913154 v _1621_/D (sky130_fd_sc_hd__dfxtp_2)
                                              1.913154   data arrival time

                                  0.000000    0.000000   clock clk (rise edge)
                                  0.000000    0.000000   clock source latency
     1    0.021561    0.160873    0.110352    0.110352 ^ clk (in)
                                                         clk (net)
                      0.160888    0.000000    0.110352 ^ clkbuf_0_clk/A (sky130_fd_sc_hd__clkbuf_16)
     8    0.086373    0.157612    0.339655    0.450006 ^ clkbuf_0_clk/X (sky130_fd_sc_hd__clkbuf_16)
                                                         clknet_0_clk (net)
                      0.158031    0.005755    0.455761 ^ clkbuf_3_0__f_clk/A (sky130_fd_sc_hd__clkbuf_16)
     8    0.023747    0.072077    0.266674    0.722435 ^ clkbuf_3_0__f_clk/X (sky130_fd_sc_hd__clkbuf_16)
                                                         clknet_3_0__leaf_clk (net)
                      0.072195    0.002161    0.724596 ^ _1621_/CLK (sky130_fd_sc_hd__dfxtp_2)
                                  0.250000    0.974596   clock uncertainty
                                  0.000000    0.974596   clock reconvergence pessimism
                                 -0.080364    0.894233   library hold time
                                              0.894233   data required time
---------------------------------------------------------------------------------------------
                                              0.894233   data required time
                                             -1.913154   data arrival time
---------------------------------------------------------------------------------------------
                                              1.018921   slack (MET)


Startpoint: _1613_ (rising edge-triggered flip-flop clocked by clk)
Endpoint: _1613_ (rising edge-triggered flip-flop clocked by clk)
Path Group: clk
Path Type: min

Fanout         Cap        Slew       Delay        Time   Description
---------------------------------------------------------------------------------------------
                                  0.000000    0.000000   clock clk (rise edge)
                                  0.000000    0.000000   clock source latency
     1    0.021561    0.160873    0.110352    0.110352 ^ clk (in)
                                                         clk (net)
                      0.160888    0.000000    0.110352 ^ clkbuf_0_clk/A (sky130_fd_sc_hd__clkbuf_16)
     8    0.086373    0.157612    0.339655    0.450006 ^ clkbuf_0_clk/X (sky130_fd_sc_hd__clkbuf_16)
                                                         clknet_0_clk (net)
                      0.157902    0.004518    0.454524 ^ clkbuf_3_4__f_clk/A (sky130_fd_sc_hd__clkbuf_16)
     8    0.033051    0.084791    0.279368    0.733892 ^ clkbuf_3_4__f_clk/X (sky130_fd_sc_hd__clkbuf_16)
                                                         clknet_3_4__leaf_clk (net)
                      0.084832    0.001798    0.735690 ^ _1613_/CLK (sky130_fd_sc_hd__dfxtp_2)
     4    0.028005    0.136931    0.698359    1.434049 v _1613_/Q (sky130_fd_sc_hd__dfxtp_2)
                                                         u_dp.acc_q[13] (net)
                      0.136943    0.001374    1.435423 v _1525_/A1 (sky130_fd_sc_hd__o211a_2)
     1    0.001899    0.039641    0.494937    1.930360 v _1525_/X (sky130_fd_sc_hd__o211a_2)
                                                         _0041_ (net)
                      0.039641    0.000087    1.930447 v _1613_/D (sky130_fd_sc_hd__dfxtp_2)
                                              1.930447   data arrival time

                                  0.000000    0.000000   clock clk (rise edge)
                                  0.000000    0.000000   clock source latency
     1    0.021561    0.160873    0.110352    0.110352 ^ clk (in)
                                                         clk (net)
                      0.160888    0.000000    0.110352 ^ clkbuf_0_clk/A (sky130_fd_sc_hd__clkbuf_16)
     8    0.086373    0.157612    0.339655    0.450006 ^ clkbuf_0_clk/X (sky130_fd_sc_hd__clkbuf_16)
                                                         clknet_0_clk (net)
                      0.157902    0.004518    0.454524 ^ clkbuf_3_4__f_clk/A (sky130_fd_sc_hd__clkbuf_16)
     8    0.033051    0.084791    0.279368    0.733892 ^ clkbuf_3_4__f_clk/X (sky130_fd_sc_hd__clkbuf_16)
                                                         clknet_3_4__leaf_clk (net)
                      0.084832    0.001798    0.735690 ^ _1613_/CLK (sky130_fd_sc_hd__dfxtp_2)
                                  0.250000    0.985690   clock uncertainty
                                  0.000000    0.985690   clock reconvergence pessimism
                                 -0.075469    0.910221   library hold time
                                              0.910221   data required time
---------------------------------------------------------------------------------------------
                                              0.910221   data required time
                                             -1.930447   data arrival time
---------------------------------------------------------------------------------------------
                                              1.020226   slack (MET)


Startpoint: _1619_ (rising edge-triggered flip-flop clocked by clk)
Endpoint: _1619_ (rising edge-triggered flip-flop clocked by clk)
Path Group: clk
Path Type: min

Fanout         Cap        Slew       Delay        Time   Description
---------------------------------------------------------------------------------------------
                                  0.000000    0.000000   clock clk (rise edge)
                                  0.000000    0.000000   clock source latency
     1    0.021561    0.160873    0.110352    0.110352 ^ clk (in)
                                                         clk (net)
                      0.160888    0.000000    0.110352 ^ clkbuf_0_clk/A (sky130_fd_sc_hd__clkbuf_16)
     8    0.086373    0.157612    0.339655    0.450006 ^ clkbuf_0_clk/X (sky130_fd_sc_hd__clkbuf_16)
                                                         clknet_0_clk (net)
                      0.158031    0.005755    0.455761 ^ clkbuf_3_0__f_clk/A (sky130_fd_sc_hd__clkbuf_16)
     8    0.023747    0.072077    0.266674    0.722435 ^ clkbuf_3_0__f_clk/X (sky130_fd_sc_hd__clkbuf_16)
                                                         clknet_3_0__leaf_clk (net)
                      0.072197    0.002180    0.724616 ^ _1619_/CLK (sky130_fd_sc_hd__dfxtp_2)
     4    0.028347    0.138354    0.693091    1.417707 v _1619_/Q (sky130_fd_sc_hd__dfxtp_2)
                                                         u_dp.acc_q[19] (net)
                      0.138374    0.001756    1.419463 v _1549_/A1 (sky130_fd_sc_hd__o211a_2)
     1    0.002056    0.040380    0.496958    1.916421 v _1549_/X (sky130_fd_sc_hd__o211a_2)
                                                         _0047_ (net)
                      0.040380    0.000146    1.916566 v _1619_/D (sky130_fd_sc_hd__dfxtp_2)
                                              1.916566   data arrival time

                                  0.000000    0.000000   clock clk (rise edge)
                                  0.000000    0.000000   clock source latency
     1    0.021561    0.160873    0.110352    0.110352 ^ clk (in)
                                                         clk (net)
                      0.160888    0.000000    0.110352 ^ clkbuf_0_clk/A (sky130_fd_sc_hd__clkbuf_16)
     8    0.086373    0.157612    0.339655    0.450006 ^ clkbuf_0_clk/X (sky130_fd_sc_hd__clkbuf_16)
                                                         clknet_0_clk (net)
                      0.158031    0.005755    0.455761 ^ clkbuf_3_0__f_clk/A (sky130_fd_sc_hd__clkbuf_16)
     8    0.023747    0.072077    0.266674    0.722435 ^ clkbuf_3_0__f_clk/X (sky130_fd_sc_hd__clkbuf_16)
                                                         clknet_3_0__leaf_clk (net)
                      0.072197    0.002180    0.724616 ^ _1619_/CLK (sky130_fd_sc_hd__dfxtp_2)
                                  0.250000    0.974616   clock uncertainty
                                  0.000000    0.974616   clock reconvergence pessimism
                                 -0.078729    0.895886   library hold time
                                              0.895886   data required time
---------------------------------------------------------------------------------------------
                                              0.895886   data required time
                                             -1.916566   data arrival time
---------------------------------------------------------------------------------------------
                                              1.020680   slack (MET)


Startpoint: _1616_ (rising edge-triggered flip-flop clocked by clk)
Endpoint: _1616_ (rising edge-triggered flip-flop clocked by clk)
Path Group: clk
Path Type: min

Fanout         Cap        Slew       Delay        Time   Description
---------------------------------------------------------------------------------------------
                                  0.000000    0.000000   clock clk (rise edge)
                                  0.000000    0.000000   clock source latency
     1    0.021561    0.160873    0.110352    0.110352 ^ clk (in)
                                                         clk (net)
                      0.160888    0.000000    0.110352 ^ clkbuf_0_clk/A (sky130_fd_sc_hd__clkbuf_16)
     8    0.086373    0.157612    0.339655    0.450006 ^ clkbuf_0_clk/X (sky130_fd_sc_hd__clkbuf_16)
                                                         clknet_0_clk (net)
                      0.158027    0.005719    0.455725 ^ clkbuf_3_1__f_clk/A (sky130_fd_sc_hd__clkbuf_16)
     8    0.023302    0.071532    0.266308    0.722032 ^ clkbuf_3_1__f_clk/X (sky130_fd_sc_hd__clkbuf_16)
                                                         clknet_3_1__leaf_clk (net)
                      0.071569    0.001134    0.723166 ^ _1616_/CLK (sky130_fd_sc_hd__dfxtp_2)
     4    0.027045    0.133461    0.689586    1.412752 v _1616_/Q (sky130_fd_sc_hd__dfxtp_2)
                                                         u_dp.acc_q[16] (net)
                      0.133464    0.000897    1.413650 v _1536_/A1 (sky130_fd_sc_hd__o211a_2)
     1    0.002696    0.043360    0.500613    1.914263 v _1536_/X (sky130_fd_sc_hd__o211a_2)
                                                         _0044_ (net)
                      0.043360    0.000178    1.914441 v _1616_/D (sky130_fd_sc_hd__dfxtp_2)
                                              1.914441   data arrival time

                                  0.000000    0.000000   clock clk (rise edge)
                                  0.000000    0.000000   clock source latency
     1    0.021561    0.160873    0.110352    0.110352 ^ clk (in)
                                                         clk (net)
                      0.160888    0.000000    0.110352 ^ clkbuf_0_clk/A (sky130_fd_sc_hd__clkbuf_16)
     8    0.086373    0.157612    0.339655    0.450006 ^ clkbuf_0_clk/X (sky130_fd_sc_hd__clkbuf_16)
                                                         clknet_0_clk (net)
                      0.158027    0.005719    0.455725 ^ clkbuf_3_1__f_clk/A (sky130_fd_sc_hd__clkbuf_16)
     8    0.023302    0.071532    0.266308    0.722032 ^ clkbuf_3_1__f_clk/X (sky130_fd_sc_hd__clkbuf_16)
                                                         clknet_3_1__leaf_clk (net)
                      0.071569    0.001134    0.723166 ^ _1616_/CLK (sky130_fd_sc_hd__dfxtp_2)
                                  0.250000    0.973166   clock uncertainty
                                  0.000000    0.973166   clock reconvergence pessimism
                                 -0.079978    0.893188   library hold time
                                              0.893188   data required time
---------------------------------------------------------------------------------------------
                                              0.893188   data required time
                                             -1.914441   data arrival time
---------------------------------------------------------------------------------------------
                                              1.021253   slack (MET)


Startpoint: _1614_ (rising edge-triggered flip-flop clocked by clk)
Endpoint: _1614_ (rising edge-triggered flip-flop clocked by clk)
Path Group: clk
Path Type: min

Fanout         Cap        Slew       Delay        Time   Description
---------------------------------------------------------------------------------------------
                                  0.000000    0.000000   clock clk (rise edge)
                                  0.000000    0.000000   clock source latency
     1    0.021561    0.160873    0.110352    0.110352 ^ clk (in)
                                                         clk (net)
                      0.160888    0.000000    0.110352 ^ clkbuf_0_clk/A (sky130_fd_sc_hd__clkbuf_16)
     8    0.086373    0.157612    0.339655    0.450006 ^ clkbuf_0_clk/X (sky130_fd_sc_hd__clkbuf_16)
                                                         clknet_0_clk (net)
                      0.157902    0.004518    0.454524 ^ clkbuf_3_4__f_clk/A (sky130_fd_sc_hd__clkbuf_16)
     8    0.033051    0.084791    0.279368    0.733892 ^ clkbuf_3_4__f_clk/X (sky130_fd_sc_hd__clkbuf_16)
                                                         clknet_3_4__leaf_clk (net)
                      0.084836    0.001863    0.735755 ^ _1614_/CLK (sky130_fd_sc_hd__dfxtp_2)
     4    0.027838    0.136285    0.697712    1.433468 v _1614_/Q (sky130_fd_sc_hd__dfxtp_2)
                                                         u_dp.acc_q[14] (net)
                      0.136303    0.001654    1.435121 v _1529_/A1 (sky130_fd_sc_hd__o211a_2)
     1    0.002190    0.041003    0.497277    1.932398 v _1529_/X (sky130_fd_sc_hd__o211a_2)
                                                         _0042_ (net)
                      0.041003    0.000145    1.932543 v _1614_/D (sky130_fd_sc_hd__dfxtp_2)
                                              1.932543   data arrival time

                                  0.000000    0.000000   clock clk (rise edge)
                                  0.000000    0.000000   clock source latency
     1    0.021561    0.160873    0.110352    0.110352 ^ clk (in)
                                                         clk (net)
                      0.160888    0.000000    0.110352 ^ clkbuf_0_clk/A (sky130_fd_sc_hd__clkbuf_16)
     8    0.086373    0.157612    0.339655    0.450006 ^ clkbuf_0_clk/X (sky130_fd_sc_hd__clkbuf_16)
                                                         clknet_0_clk (net)
                      0.157902    0.004518    0.454524 ^ clkbuf_3_4__f_clk/A (sky130_fd_sc_hd__clkbuf_16)
     8    0.033051    0.084791    0.279368    0.733892 ^ clkbuf_3_4__f_clk/X (sky130_fd_sc_hd__clkbuf_16)
                                                         clknet_3_4__leaf_clk (net)
                      0.084836    0.001863    0.735755 ^ _1614_/CLK (sky130_fd_sc_hd__dfxtp_2)
                                  0.250000    0.985755   clock uncertainty
                                  0.000000    0.985755   clock reconvergence pessimism
                                 -0.075971    0.909785   library hold time
                                              0.909785   data required time
---------------------------------------------------------------------------------------------
                                              0.909785   data required time
                                             -1.932543   data arrival time
---------------------------------------------------------------------------------------------
                                              1.022759   slack (MET)


Startpoint: _1620_ (rising edge-triggered flip-flop clocked by clk)
Endpoint: _1620_ (rising edge-triggered flip-flop clocked by clk)
Path Group: clk
Path Type: min

Fanout         Cap        Slew       Delay        Time   Description
---------------------------------------------------------------------------------------------
                                  0.000000    0.000000   clock clk (rise edge)
                                  0.000000    0.000000   clock source latency
     1    0.021561    0.160873    0.110352    0.110352 ^ clk (in)
                                                         clk (net)
                      0.160888    0.000000    0.110352 ^ clkbuf_0_clk/A (sky130_fd_sc_hd__clkbuf_16)
     8    0.086373    0.157612    0.339655    0.450006 ^ clkbuf_0_clk/X (sky130_fd_sc_hd__clkbuf_16)
                                                         clknet_0_clk (net)
                      0.158031    0.005755    0.455761 ^ clkbuf_3_0__f_clk/A (sky130_fd_sc_hd__clkbuf_16)
     8    0.023747    0.072077    0.266674    0.722435 ^ clkbuf_3_0__f_clk/X (sky130_fd_sc_hd__clkbuf_16)
                                                         clknet_3_0__leaf_clk (net)
                      0.072198    0.002191    0.724626 ^ _1620_/CLK (sky130_fd_sc_hd__dfxtp_2)
     4    0.026994    0.132973    0.689420    1.414046 v _1620_/Q (sky130_fd_sc_hd__dfxtp_2)
                                                         u_dp.acc_q[20] (net)
                      0.132992    0.001627    1.415673 v _1552_/A1 (sky130_fd_sc_hd__o211a_2)
     1    0.002827    0.043968    0.501593    1.917266 v _1552_/X (sky130_fd_sc_hd__o211a_2)
                                                         _0048_ (net)
                      0.043968    0.000172    1.917438 v _1620_/D (sky130_fd_sc_hd__dfxtp_2)
                                              1.917438   data arrival time

                                  0.000000    0.000000   clock clk (rise edge)
                                  0.000000    0.000000   clock source latency
     1    0.021561    0.160873    0.110352    0.110352 ^ clk (in)
                                                         clk (net)
                      0.160888    0.000000    0.110352 ^ clkbuf_0_clk/A (sky130_fd_sc_hd__clkbuf_16)
     8    0.086373    0.157612    0.339655    0.450006 ^ clkbuf_0_clk/X (sky130_fd_sc_hd__clkbuf_16)
                                                         clknet_0_clk (net)
                      0.158031    0.005755    0.455761 ^ clkbuf_3_0__f_clk/A (sky130_fd_sc_hd__clkbuf_16)
     8    0.023747    0.072077    0.266674    0.722435 ^ clkbuf_3_0__f_clk/X (sky130_fd_sc_hd__clkbuf_16)
                                                         clknet_3_0__leaf_clk (net)
                      0.072198    0.002191    0.724626 ^ _1620_/CLK (sky130_fd_sc_hd__dfxtp_2)
                                  0.250000    0.974626   clock uncertainty
                                  0.000000    0.974626   clock reconvergence pessimism
                                 -0.080054    0.894572   library hold time
                                              0.894572   data required time
---------------------------------------------------------------------------------------------
                                              0.894572   data required time
                                             -1.917438   data arrival time
---------------------------------------------------------------------------------------------
                                              1.022866   slack (MET)


Startpoint: _1612_ (rising edge-triggered flip-flop clocked by clk)
Endpoint: _1612_ (rising edge-triggered flip-flop clocked by clk)
Path Group: clk
Path Type: min

Fanout         Cap        Slew       Delay        Time   Description
---------------------------------------------------------------------------------------------
                                  0.000000    0.000000   clock clk (rise edge)
                                  0.000000    0.000000   clock source latency
     1    0.021561    0.160873    0.110352    0.110352 ^ clk (in)
                                                         clk (net)
                      0.160888    0.000000    0.110352 ^ clkbuf_0_clk/A (sky130_fd_sc_hd__clkbuf_16)
     8    0.086373    0.157612    0.339655    0.450006 ^ clkbuf_0_clk/X (sky130_fd_sc_hd__clkbuf_16)
                                                         clknet_0_clk (net)
                      0.158027    0.005719    0.455725 ^ clkbuf_3_1__f_clk/A (sky130_fd_sc_hd__clkbuf_16)
     8    0.023302    0.071532    0.266308    0.722032 ^ clkbuf_3_1__f_clk/X (sky130_fd_sc_hd__clkbuf_16)
                                                         clknet_3_1__leaf_clk (net)
                      0.071564    0.001046    0.723078 ^ _1612_/CLK (sky130_fd_sc_hd__dfxtp_2)
     4    0.029098    0.141689    0.695649    1.418727 v _1612_/Q (sky130_fd_sc_hd__dfxtp_2)
                                                         u_dp.acc_q[12] (net)
                      0.141691    0.000866    1.419593 v _1521_/A1 (sky130_fd_sc_hd__o211a_2)
     1    0.002388    0.041930    0.501375    1.920968 v _1521_/X (sky130_fd_sc_hd__o211a_2)
                                                         _0040_ (net)
                      0.041930    0.000162    1.921130 v _1612_/D (sky130_fd_sc_hd__dfxtp_2)
                                              1.921130   data arrival time

                                  0.000000    0.000000   clock clk (rise edge)
                                  0.000000    0.000000   clock source latency
     1    0.021561    0.160873    0.110352    0.110352 ^ clk (in)
                                                         clk (net)
                      0.160888    0.000000    0.110352 ^ clkbuf_0_clk/A (sky130_fd_sc_hd__clkbuf_16)
     8    0.086373    0.157612    0.339655    0.450006 ^ clkbuf_0_clk/X (sky130_fd_sc_hd__clkbuf_16)
                                                         clknet_0_clk (net)
                      0.158027    0.005719    0.455725 ^ clkbuf_3_1__f_clk/A (sky130_fd_sc_hd__clkbuf_16)
     8    0.023302    0.071532    0.266308    0.722032 ^ clkbuf_3_1__f_clk/X (sky130_fd_sc_hd__clkbuf_16)
                                                         clknet_3_1__leaf_clk (net)
                      0.071564    0.001046    0.723078 ^ _1612_/CLK (sky130_fd_sc_hd__dfxtp_2)
                                  0.250000    0.973078   clock uncertainty
                                  0.000000    0.973078   clock reconvergence pessimism
                                 -0.079452    0.893627   library hold time
                                              0.893627   data required time
---------------------------------------------------------------------------------------------
                                              0.893627   data required time
                                             -1.921130   data arrival time
---------------------------------------------------------------------------------------------
                                              1.027503   slack (MET)


Startpoint: _1611_ (rising edge-triggered flip-flop clocked by clk)
Endpoint: _1611_ (rising edge-triggered flip-flop clocked by clk)
Path Group: clk
Path Type: min

Fanout         Cap        Slew       Delay        Time   Description
---------------------------------------------------------------------------------------------
                                  0.000000    0.000000   clock clk (rise edge)
                                  0.000000    0.000000   clock source latency
     1    0.021561    0.160873    0.110352    0.110352 ^ clk (in)
                                                         clk (net)
                      0.160888    0.000000    0.110352 ^ clkbuf_0_clk/A (sky130_fd_sc_hd__clkbuf_16)
     8    0.086373    0.157612    0.339655    0.450006 ^ clkbuf_0_clk/X (sky130_fd_sc_hd__clkbuf_16)
                                                         clknet_0_clk (net)
                      0.157902    0.004518    0.454524 ^ clkbuf_3_4__f_clk/A (sky130_fd_sc_hd__clkbuf_16)
     8    0.033051    0.084791    0.279368    0.733892 ^ clkbuf_3_4__f_clk/X (sky130_fd_sc_hd__clkbuf_16)
                                                         clknet_3_4__leaf_clk (net)
                      0.084830    0.001751    0.735643 ^ _1611_/CLK (sky130_fd_sc_hd__dfxtp_2)
     4    0.028759    0.140265    0.700864    1.436507 v _1611_/Q (sky130_fd_sc_hd__dfxtp_2)
                                                         u_dp.acc_q[11] (net)
                      0.140272    0.001206    1.437713 v _1516_/A1 (sky130_fd_sc_hd__o211a_2)
     1    0.002413    0.042045    0.500984    1.938697 v _1516_/X (sky130_fd_sc_hd__o211a_2)
                                                         _0039_ (net)
                      0.042045    0.000173    1.938870 v _1611_/D (sky130_fd_sc_hd__dfxtp_2)
                                              1.938870   data arrival time

                                  0.000000    0.000000   clock clk (rise edge)
                                  0.000000    0.000000   clock source latency
     1    0.021561    0.160873    0.110352    0.110352 ^ clk (in)
                                                         clk (net)
                      0.160888    0.000000    0.110352 ^ clkbuf_0_clk/A (sky130_fd_sc_hd__clkbuf_16)
     8    0.086373    0.157612    0.339655    0.450006 ^ clkbuf_0_clk/X (sky130_fd_sc_hd__clkbuf_16)
                                                         clknet_0_clk (net)
                      0.157902    0.004518    0.454524 ^ clkbuf_3_4__f_clk/A (sky130_fd_sc_hd__clkbuf_16)
     8    0.033051    0.084791    0.279368    0.733892 ^ clkbuf_3_4__f_clk/X (sky130_fd_sc_hd__clkbuf_16)
                                                         clknet_3_4__leaf_clk (net)
                      0.084830    0.001751    0.735643 ^ _1611_/CLK (sky130_fd_sc_hd__dfxtp_2)
                                  0.250000    0.985643   clock uncertainty
                                  0.000000    0.985643   clock reconvergence pessimism
                                 -0.076357    0.909286   library hold time
                                              0.909286   data required time
---------------------------------------------------------------------------------------------
                                              0.909286   data required time
                                             -1.938870   data arrival time
---------------------------------------------------------------------------------------------
                                              1.029584   slack (MET)


Startpoint: _1617_ (rising edge-triggered flip-flop clocked by clk)
Endpoint: _1617_ (rising edge-triggered flip-flop clocked by clk)
Path Group: clk
Path Type: min

Fanout         Cap        Slew       Delay        Time   Description
---------------------------------------------------------------------------------------------
                                  0.000000    0.000000   clock clk (rise edge)
                                  0.000000    0.000000   clock source latency
     1    0.021561    0.160873    0.110352    0.110352 ^ clk (in)
                                                         clk (net)
                      0.160888    0.000000    0.110352 ^ clkbuf_0_clk/A (sky130_fd_sc_hd__clkbuf_16)
     8    0.086373    0.157612    0.339655    0.450006 ^ clkbuf_0_clk/X (sky130_fd_sc_hd__clkbuf_16)
                                                         clknet_0_clk (net)
                      0.158027    0.005719    0.455725 ^ clkbuf_3_1__f_clk/A (sky130_fd_sc_hd__clkbuf_16)
     8    0.023302    0.071532    0.266308    0.722032 ^ clkbuf_3_1__f_clk/X (sky130_fd_sc_hd__clkbuf_16)
                                                         clknet_3_1__leaf_clk (net)
                      0.071569    0.001130    0.723163 ^ _1617_/CLK (sky130_fd_sc_hd__dfxtp_2)
     4    0.029276    0.141955    0.696160    1.419323 v _1617_/Q (sky130_fd_sc_hd__dfxtp_2)
                                                         u_dp.acc_q[17] (net)
                      0.141964    0.001332    1.420655 v _1540_/A1 (sky130_fd_sc_hd__o211a_2)
     1    0.002729    0.043513    0.504553    1.925208 v _1540_/X (sky130_fd_sc_hd__o211a_2)
                                                         _0045_ (net)
                      0.043513    0.000186    1.925394 v _1617_/D (sky130_fd_sc_hd__dfxtp_2)
                                              1.925394   data arrival time

                                  0.000000    0.000000   clock clk (rise edge)
                                  0.000000    0.000000   clock source latency
     1    0.021561    0.160873    0.110352    0.110352 ^ clk (in)
                                                         clk (net)
                      0.160888    0.000000    0.110352 ^ clkbuf_0_clk/A (sky130_fd_sc_hd__clkbuf_16)
     8    0.086373    0.157612    0.339655    0.450006 ^ clkbuf_0_clk/X (sky130_fd_sc_hd__clkbuf_16)
                                                         clknet_0_clk (net)
                      0.158027    0.005719    0.455725 ^ clkbuf_3_1__f_clk/A (sky130_fd_sc_hd__clkbuf_16)
     8    0.023302    0.071532    0.266308    0.722032 ^ clkbuf_3_1__f_clk/X (sky130_fd_sc_hd__clkbuf_16)
                                                         clknet_3_1__leaf_clk (net)
                      0.071569    0.001130    0.723163 ^ _1617_/CLK (sky130_fd_sc_hd__dfxtp_2)
                                  0.250000    0.973163   clock uncertainty
                                  0.000000    0.973163   clock reconvergence pessimism
                                 -0.080035    0.893128   library hold time
                                              0.893128   data required time
---------------------------------------------------------------------------------------------
                                              0.893128   data required time
                                             -1.925394   data arrival time
---------------------------------------------------------------------------------------------
                                              1.032266   slack (MET)


Startpoint: _1618_ (rising edge-triggered flip-flop clocked by clk)
Endpoint: _1618_ (rising edge-triggered flip-flop clocked by clk)
Path Group: clk
Path Type: min

Fanout         Cap        Slew       Delay        Time   Description
---------------------------------------------------------------------------------------------
                                  0.000000    0.000000   clock clk (rise edge)
                                  0.000000    0.000000   clock source latency
     1    0.021561    0.160873    0.110352    0.110352 ^ clk (in)
                                                         clk (net)
                      0.160888    0.000000    0.110352 ^ clkbuf_0_clk/A (sky130_fd_sc_hd__clkbuf_16)
     8    0.086373    0.157612    0.339655    0.450006 ^ clkbuf_0_clk/X (sky130_fd_sc_hd__clkbuf_16)
                                                         clknet_0_clk (net)
                      0.158031    0.005755    0.455761 ^ clkbuf_3_0__f_clk/A (sky130_fd_sc_hd__clkbuf_16)
     8    0.023747    0.072077    0.266674    0.722435 ^ clkbuf_3_0__f_clk/X (sky130_fd_sc_hd__clkbuf_16)
                                                         clknet_3_0__leaf_clk (net)
                      0.072196    0.002167    0.724602 ^ _1618_/CLK (sky130_fd_sc_hd__dfxtp_2)
     4    0.030484    0.146738    0.699945    1.424547 v _1618_/Q (sky130_fd_sc_hd__dfxtp_2)
                                                         u_dp.acc_q[18] (net)
                      0.146751    0.001596    1.426142 v _1545_/A1 (sky130_fd_sc_hd__o211a_2)
     1    0.002297    0.041506    0.502723    1.928866 v _1545_/X (sky130_fd_sc_hd__o211a_2)
                                                         _0046_ (net)
                      0.041506    0.000163    1.929029 v _1618_/D (sky130_fd_sc_hd__dfxtp_2)
                                              1.929029   data arrival time

                                  0.000000    0.000000   clock clk (rise edge)
                                  0.000000    0.000000   clock source latency
     1    0.021561    0.160873    0.110352    0.110352 ^ clk (in)
                                                         clk (net)
                      0.160888    0.000000    0.110352 ^ clkbuf_0_clk/A (sky130_fd_sc_hd__clkbuf_16)
     8    0.086373    0.157612    0.339655    0.450006 ^ clkbuf_0_clk/X (sky130_fd_sc_hd__clkbuf_16)
                                                         clknet_0_clk (net)
                      0.158031    0.005755    0.455761 ^ clkbuf_3_0__f_clk/A (sky130_fd_sc_hd__clkbuf_16)
     8    0.023747    0.072077    0.266674    0.722435 ^ clkbuf_3_0__f_clk/X (sky130_fd_sc_hd__clkbuf_16)
                                                         clknet_3_0__leaf_clk (net)
                      0.072196    0.002167    0.724602 ^ _1618_/CLK (sky130_fd_sc_hd__dfxtp_2)
                                  0.250000    0.974602   clock uncertainty
                                  0.000000    0.974602   clock reconvergence pessimism
                                 -0.079145    0.895456   library hold time
                                              0.895456   data required time
---------------------------------------------------------------------------------------------
                                              0.895456   data required time
                                             -1.929029   data arrival time
---------------------------------------------------------------------------------------------
                                              1.033572   slack (MET)


Startpoint: _1623_ (rising edge-triggered flip-flop clocked by clk)
Endpoint: _1623_ (rising edge-triggered flip-flop clocked by clk)
Path Group: clk
Path Type: min

Fanout         Cap        Slew       Delay        Time   Description
---------------------------------------------------------------------------------------------
                                  0.000000    0.000000   clock clk (rise edge)
                                  0.000000    0.000000   clock source latency
     1    0.021561    0.160873    0.110352    0.110352 ^ clk (in)
                                                         clk (net)
                      0.160888    0.000000    0.110352 ^ clkbuf_0_clk/A (sky130_fd_sc_hd__clkbuf_16)
     8    0.086373    0.157612    0.339655    0.450006 ^ clkbuf_0_clk/X (sky130_fd_sc_hd__clkbuf_16)
                                                         clknet_0_clk (net)
                      0.158031    0.005755    0.455761 ^ clkbuf_3_0__f_clk/A (sky130_fd_sc_hd__clkbuf_16)
     8    0.023747    0.072077    0.266674    0.722435 ^ clkbuf_3_0__f_clk/X (sky130_fd_sc_hd__clkbuf_16)
                                                         clknet_3_0__leaf_clk (net)
                      0.072165    0.001786    0.724221 ^ _1623_/CLK (sky130_fd_sc_hd__dfxtp_2)
     4    0.027646    0.135571    0.691047    1.415268 v _1623_/Q (sky130_fd_sc_hd__dfxtp_2)
                                                         u_dp.acc_q[23] (net)
                      0.135612    0.002332    1.417600 v _1561_/A1 (sky130_fd_sc_hd__o211a_2)
     1    0.003717    0.048266    0.510721    1.928321 v _1561_/X (sky130_fd_sc_hd__o211a_2)
                                                         _0051_ (net)
                      0.048266    0.000228    1.928549 v _1623_/D (sky130_fd_sc_hd__dfxtp_2)
                                              1.928549   data arrival time

                                  0.000000    0.000000   clock clk (rise edge)
                                  0.000000    0.000000   clock source latency
     1    0.021561    0.160873    0.110352    0.110352 ^ clk (in)
                                                         clk (net)
                      0.160888    0.000000    0.110352 ^ clkbuf_0_clk/A (sky130_fd_sc_hd__clkbuf_16)
     8    0.086373    0.157612    0.339655    0.450006 ^ clkbuf_0_clk/X (sky130_fd_sc_hd__clkbuf_16)
                                                         clknet_0_clk (net)
                      0.158031    0.005755    0.455761 ^ clkbuf_3_0__f_clk/A (sky130_fd_sc_hd__clkbuf_16)
     8    0.023747    0.072077    0.266674    0.722435 ^ clkbuf_3_0__f_clk/X (sky130_fd_sc_hd__clkbuf_16)
                                                         clknet_3_0__leaf_clk (net)
                      0.072165    0.001786    0.724221 ^ _1623_/CLK (sky130_fd_sc_hd__dfxtp_2)
                                  0.250000    0.974221   clock uncertainty
                                  0.000000    0.974221   clock reconvergence pessimism
                                 -0.081649    0.892572   library hold time
                                              0.892572   data required time
---------------------------------------------------------------------------------------------
                                              0.892572   data required time
                                             -1.928549   data arrival time
---------------------------------------------------------------------------------------------
                                              1.035978   slack (MET)


Startpoint: _1608_ (rising edge-triggered flip-flop clocked by clk)
Endpoint: _1608_ (rising edge-triggered flip-flop clocked by clk)
Path Group: clk
Path Type: min

Fanout         Cap        Slew       Delay        Time   Description
---------------------------------------------------------------------------------------------
                                  0.000000    0.000000   clock clk (rise edge)
                                  0.000000    0.000000   clock source latency
     1    0.021561    0.160873    0.110352    0.110352 ^ clk (in)
                                                         clk (net)
                      0.160888    0.000000    0.110352 ^ clkbuf_0_clk/A (sky130_fd_sc_hd__clkbuf_16)
     8    0.086373    0.157612    0.339655    0.450006 ^ clkbuf_0_clk/X (sky130_fd_sc_hd__clkbuf_16)
                                                         clknet_0_clk (net)
                      0.158027    0.005719    0.455725 ^ clkbuf_3_1__f_clk/A (sky130_fd_sc_hd__clkbuf_16)
     8    0.023302    0.071532    0.266308    0.722032 ^ clkbuf_3_1__f_clk/X (sky130_fd_sc_hd__clkbuf_16)
                                                         clknet_3_1__leaf_clk (net)
                      0.071577    0.001279    0.723311 ^ _1608_/CLK (sky130_fd_sc_hd__dfxtp_2)
     4    0.029002    0.140916    0.695090    1.418401 v _1608_/Q (sky130_fd_sc_hd__dfxtp_2)
                                                         u_dp.acc_q[8] (net)
                      0.140935    0.001681    1.420082 v _1503_/A1 (sky130_fd_sc_hd__o211a_2)
     1    0.003256    0.045967    0.508857    1.928939 v _1503_/X (sky130_fd_sc_hd__o211a_2)
                                                         _0036_ (net)
                      0.045967    0.000198    1.929137 v _1608_/D (sky130_fd_sc_hd__dfxtp_2)
                                              1.929137   data arrival time

                                  0.000000    0.000000   clock clk (rise edge)
                                  0.000000    0.000000   clock source latency
     1    0.021561    0.160873    0.110352    0.110352 ^ clk (in)
                                                         clk (net)
                      0.160888    0.000000    0.110352 ^ clkbuf_0_clk/A (sky130_fd_sc_hd__clkbuf_16)
     8    0.086373    0.157612    0.339655    0.450006 ^ clkbuf_0_clk/X (sky130_fd_sc_hd__clkbuf_16)
                                                         clknet_0_clk (net)
                      0.158027    0.005719    0.455725 ^ clkbuf_3_1__f_clk/A (sky130_fd_sc_hd__clkbuf_16)
     8    0.023302    0.071532    0.266308    0.722032 ^ clkbuf_3_1__f_clk/X (sky130_fd_sc_hd__clkbuf_16)
                                                         clknet_3_1__leaf_clk (net)
                      0.071577    0.001279    0.723311 ^ _1608_/CLK (sky130_fd_sc_hd__dfxtp_2)
                                  0.250000    0.973311   clock uncertainty
                                  0.000000    0.973311   clock reconvergence pessimism
                                 -0.080939    0.892372   library hold time
                                              0.892372   data required time
---------------------------------------------------------------------------------------------
                                              0.892372   data required time
                                             -1.929137   data arrival time
---------------------------------------------------------------------------------------------
                                              1.036766   slack (MET)


Startpoint: _1589_ (rising edge-triggered flip-flop clocked by clk)
Endpoint: _1589_ (rising edge-triggered flip-flop clocked by clk)
Path Group: clk
Path Type: min

Fanout         Cap        Slew       Delay        Time   Description
---------------------------------------------------------------------------------------------
                                  0.000000    0.000000   clock clk (rise edge)
                                  0.000000    0.000000   clock source latency
     1    0.021561    0.160873    0.110352    0.110352 ^ clk (in)
                                                         clk (net)
                      0.160888    0.000000    0.110352 ^ clkbuf_0_clk/A (sky130_fd_sc_hd__clkbuf_16)
     8    0.086373    0.157612    0.339655    0.450006 ^ clkbuf_0_clk/X (sky130_fd_sc_hd__clkbuf_16)
                                                         clknet_0_clk (net)
                      0.158121    0.006480    0.456486 ^ clkbuf_3_6__f_clk/A (sky130_fd_sc_hd__clkbuf_16)
     8    0.024292    0.072747    0.267406    0.723892 ^ clkbuf_3_6__f_clk/X (sky130_fd_sc_hd__clkbuf_16)
                                                         clknet_3_6__leaf_clk (net)
                      0.072924    0.002322    0.726214 ^ _1589_/CLK (sky130_fd_sc_hd__dfxtp_2)
     5    0.033523    0.158814    0.709485    1.435699 v _1589_/Q (sky130_fd_sc_hd__dfxtp_2)
                                                         u_dp.a_q[5] (net)
                      0.158844    0.002202    1.437901 v _1450_/A1 (sky130_fd_sc_hd__o211a_2)
     1    0.002649    0.045918    0.511086    1.948987 v _1450_/X (sky130_fd_sc_hd__o211a_2)
                                                         _0017_ (net)
                      0.045918    0.000167    1.949154 v _1589_/D (sky130_fd_sc_hd__dfxtp_2)
                                              1.949154   data arrival time

                                  0.000000    0.000000   clock clk (rise edge)
                                  0.000000    0.000000   clock source latency
     1    0.021561    0.160873    0.110352    0.110352 ^ clk (in)
                                                         clk (net)
                      0.160888    0.000000    0.110352 ^ clkbuf_0_clk/A (sky130_fd_sc_hd__clkbuf_16)
     8    0.086373    0.157612    0.339655    0.450006 ^ clkbuf_0_clk/X (sky130_fd_sc_hd__clkbuf_16)
                                                         clknet_0_clk (net)
                      0.158121    0.006480    0.456486 ^ clkbuf_3_6__f_clk/A (sky130_fd_sc_hd__clkbuf_16)
     8    0.024292    0.072747    0.267406    0.723892 ^ clkbuf_3_6__f_clk/X (sky130_fd_sc_hd__clkbuf_16)
                                                         clknet_3_6__leaf_clk (net)
                      0.072924    0.002322    0.726214 ^ _1589_/CLK (sky130_fd_sc_hd__dfxtp_2)
                                  0.250000    0.976214   clock uncertainty
                                  0.000000    0.976214   clock reconvergence pessimism
                                 -0.080603    0.895612   library hold time
                                              0.895612   data required time
---------------------------------------------------------------------------------------------
                                              0.895612   data required time
                                             -1.949154   data arrival time
---------------------------------------------------------------------------------------------
                                              1.053542   slack (MET)


Startpoint: _1585_ (rising edge-triggered flip-flop clocked by clk)
Endpoint: _1585_ (rising edge-triggered flip-flop clocked by clk)
Path Group: clk
Path Type: min

Fanout         Cap        Slew       Delay        Time   Description
---------------------------------------------------------------------------------------------
                                  0.000000    0.000000   clock clk (rise edge)
                                  0.000000    0.000000   clock source latency
     1    0.021561    0.160873    0.110352    0.110352 ^ clk (in)
                                                         clk (net)
                      0.160888    0.000000    0.110352 ^ clkbuf_0_clk/A (sky130_fd_sc_hd__clkbuf_16)
     8    0.086373    0.157612    0.339655    0.450006 ^ clkbuf_0_clk/X (sky130_fd_sc_hd__clkbuf_16)
                                                         clknet_0_clk (net)
                      0.158123    0.006496    0.456502 ^ clkbuf_3_7__f_clk/A (sky130_fd_sc_hd__clkbuf_16)
     8    0.027834    0.077742    0.272049    0.728552 ^ clkbuf_3_7__f_clk/X (sky130_fd_sc_hd__clkbuf_16)
                                                         clknet_3_7__leaf_clk (net)
                      0.077898    0.002953    0.731504 ^ _1585_/CLK (sky130_fd_sc_hd__dfxtp_2)
     5    0.035267    0.166141    0.717938    1.449442 v _1585_/Q (sky130_fd_sc_hd__dfxtp_2)
                                                         u_dp.a_q[1] (net)
                      0.166163    0.001930    1.451372 v _1442_/A1 (sky130_fd_sc_hd__o211a_2)
     1    0.002024    0.042965    0.508612    1.959984 v _1442_/X (sky130_fd_sc_hd__o211a_2)
                                                         _0013_ (net)
                      0.042965    0.000094    1.960078 v _1585_/D (sky130_fd_sc_hd__dfxtp_2)
                                              1.960078   data arrival time

                                  0.000000    0.000000   clock clk (rise edge)
                                  0.000000    0.000000   clock source latency
     1    0.021561    0.160873    0.110352    0.110352 ^ clk (in)
                                                         clk (net)
                      0.160888    0.000000    0.110352 ^ clkbuf_0_clk/A (sky130_fd_sc_hd__clkbuf_16)
     8    0.086373    0.157612    0.339655    0.450006 ^ clkbuf_0_clk/X (sky130_fd_sc_hd__clkbuf_16)
                                                         clknet_0_clk (net)
                      0.158123    0.006496    0.456502 ^ clkbuf_3_7__f_clk/A (sky130_fd_sc_hd__clkbuf_16)
     8    0.027834    0.077742    0.272049    0.728552 ^ clkbuf_3_7__f_clk/X (sky130_fd_sc_hd__clkbuf_16)
                                                         clknet_3_7__leaf_clk (net)
                      0.077898    0.002953    0.731504 ^ _1585_/CLK (sky130_fd_sc_hd__dfxtp_2)
                                  0.250000    0.981504   clock uncertainty
                                  0.000000    0.981504   clock reconvergence pessimism
                                 -0.078336    0.903168   library hold time
                                              0.903168   data required time
---------------------------------------------------------------------------------------------
                                              0.903168   data required time
                                             -1.960078   data arrival time
---------------------------------------------------------------------------------------------
                                              1.056909   slack (MET)


Startpoint: _1592_ (rising edge-triggered flip-flop clocked by clk)
Endpoint: _1592_ (rising edge-triggered flip-flop clocked by clk)
Path Group: clk
Path Type: min

Fanout         Cap        Slew       Delay        Time   Description
---------------------------------------------------------------------------------------------
                                  0.000000    0.000000   clock clk (rise edge)
                                  0.000000    0.000000   clock source latency
     1    0.021561    0.160873    0.110352    0.110352 ^ clk (in)
                                                         clk (net)
                      0.160888    0.000000    0.110352 ^ clkbuf_0_clk/A (sky130_fd_sc_hd__clkbuf_16)
     8    0.086373    0.157612    0.339655    0.450006 ^ clkbuf_0_clk/X (sky130_fd_sc_hd__clkbuf_16)
                                                         clknet_0_clk (net)
                      0.158033    0.005776    0.455782 ^ clkbuf_3_5__f_clk/A (sky130_fd_sc_hd__clkbuf_16)
     8    0.029428    0.079638    0.275010    0.730793 ^ clkbuf_3_5__f_clk/X (sky130_fd_sc_hd__clkbuf_16)
                                                         clknet_3_5__leaf_clk (net)
                      0.079646    0.000877    0.731670 ^ _1592_/CLK (sky130_fd_sc_hd__dfxtp_2)
     2    0.009999    0.102281    0.685608    1.417278 ^ _1592_/Q (sky130_fd_sc_hd__dfxtp_2)
                                                         u_dp.b_q[0] (net)
                      0.102281    0.000504    1.417782 ^ _1457_/A (sky130_fd_sc_hd__or2_2)
     1    0.004358    0.059311    0.199538    1.617320 ^ _1457_/X (sky130_fd_sc_hd__or2_2)
                                                         _0710_ (net)
                      0.059312    0.000331    1.617651 ^ _1458_/B1 (sky130_fd_sc_hd__o211a_2)
     1    0.002706    0.076550    0.353003    1.970654 ^ _1458_/X (sky130_fd_sc_hd__o211a_2)
                                                         _0020_ (net)
                      0.076550    0.000173    1.970827 ^ _1592_/D (sky130_fd_sc_hd__dfxtp_2)
                                              1.970827   data arrival time

                                  0.000000    0.000000   clock clk (rise edge)
                                  0.000000    0.000000   clock source latency
     1    0.021561    0.160873    0.110352    0.110352 ^ clk (in)
                                                         clk (net)
                      0.160888    0.000000    0.110352 ^ clkbuf_0_clk/A (sky130_fd_sc_hd__clkbuf_16)
     8    0.086373    0.157612    0.339655    0.450006 ^ clkbuf_0_clk/X (sky130_fd_sc_hd__clkbuf_16)
                                                         clknet_0_clk (net)
                      0.158033    0.005776    0.455782 ^ clkbuf_3_5__f_clk/A (sky130_fd_sc_hd__clkbuf_16)
     8    0.029428    0.079638    0.275010    0.730793 ^ clkbuf_3_5__f_clk/X (sky130_fd_sc_hd__clkbuf_16)
                                                         clknet_3_5__leaf_clk (net)
                      0.079646    0.000877    0.731670 ^ _1592_/CLK (sky130_fd_sc_hd__dfxtp_2)
                                  0.250000    0.981670   clock uncertainty
                                  0.000000    0.981670   clock reconvergence pessimism
                                 -0.071914    0.909755   library hold time
                                              0.909755   data required time
---------------------------------------------------------------------------------------------
                                              0.909755   data required time
                                             -1.970827   data arrival time
---------------------------------------------------------------------------------------------
                                              1.061072   slack (MET)


Startpoint: _1599_ (rising edge-triggered flip-flop clocked by clk)
Endpoint: _1599_ (rising edge-triggered flip-flop clocked by clk)
Path Group: clk
Path Type: min

Fanout         Cap        Slew       Delay        Time   Description
---------------------------------------------------------------------------------------------
                                  0.000000    0.000000   clock clk (rise edge)
                                  0.000000    0.000000   clock source latency
     1    0.021561    0.160873    0.110352    0.110352 ^ clk (in)
                                                         clk (net)
                      0.160888    0.000000    0.110352 ^ clkbuf_0_clk/A (sky130_fd_sc_hd__clkbuf_16)
     8    0.086373    0.157612    0.339655    0.450006 ^ clkbuf_0_clk/X (sky130_fd_sc_hd__clkbuf_16)
                                                         clknet_0_clk (net)
                      0.158121    0.006480    0.456486 ^ clkbuf_3_6__f_clk/A (sky130_fd_sc_hd__clkbuf_16)
     8    0.024292    0.072747    0.267406    0.723892 ^ clkbuf_3_6__f_clk/X (sky130_fd_sc_hd__clkbuf_16)
                                                         clknet_3_6__leaf_clk (net)
                      0.072821    0.001062    0.724954 ^ _1599_/CLK (sky130_fd_sc_hd__dfxtp_2)
     2    0.013078    0.124723    0.701002    1.425956 ^ _1599_/Q (sky130_fd_sc_hd__dfxtp_2)
                                                         u_dp.b_q[7] (net)
                      0.124723    0.000307    1.426262 ^ _1471_/A (sky130_fd_sc_hd__or2_2)
     1    0.002971    0.050031    0.200223    1.626486 ^ _1471_/X (sky130_fd_sc_hd__or2_2)
                                                         _0717_ (net)
                      0.050031    0.000208    1.626694 ^ _1472_/B1 (sky130_fd_sc_hd__o211a_2)
     1    0.002370    0.073946    0.345703    1.972396 ^ _1472_/X (sky130_fd_sc_hd__o211a_2)
                                                         _0027_ (net)
                      0.073946    0.000152    1.972549 ^ _1599_/D (sky130_fd_sc_hd__dfxtp_2)
                                              1.972549   data arrival time

                                  0.000000    0.000000   clock clk (rise edge)
                                  0.000000    0.000000   clock source latency
     1    0.021561    0.160873    0.110352    0.110352 ^ clk (in)
                                                         clk (net)
                      0.160888    0.000000    0.110352 ^ clkbuf_0_clk/A (sky130_fd_sc_hd__clkbuf_16)
     8    0.086373    0.157612    0.339655    0.450006 ^ clkbuf_0_clk/X (sky130_fd_sc_hd__clkbuf_16)
                                                         clknet_0_clk (net)
                      0.158121    0.006480    0.456486 ^ clkbuf_3_6__f_clk/A (sky130_fd_sc_hd__clkbuf_16)
     8    0.024292    0.072747    0.267406    0.723892 ^ clkbuf_3_6__f_clk/X (sky130_fd_sc_hd__clkbuf_16)
                                                         clknet_3_6__leaf_clk (net)
                      0.072821    0.001062    0.724954 ^ _1599_/CLK (sky130_fd_sc_hd__dfxtp_2)
                                  0.250000    0.974954   clock uncertainty
                                  0.000000    0.974954   clock reconvergence pessimism
                                 -0.072397    0.902556   library hold time
                                              0.902556   data required time
---------------------------------------------------------------------------------------------
                                              0.902556   data required time
                                             -1.972549   data arrival time
---------------------------------------------------------------------------------------------
                                              1.069992   slack (MET)


Startpoint: _1610_ (rising edge-triggered flip-flop clocked by clk)
Endpoint: _1578_ (rising edge-triggered flip-flop clocked by clk)
Path Group: clk
Path Type: min

Fanout         Cap        Slew       Delay        Time   Description
---------------------------------------------------------------------------------------------
                                  0.000000    0.000000   clock clk (rise edge)
                                  0.000000    0.000000   clock source latency
     1    0.021561    0.160873    0.110352    0.110352 ^ clk (in)
                                                         clk (net)
                      0.160888    0.000000    0.110352 ^ clkbuf_0_clk/A (sky130_fd_sc_hd__clkbuf_16)
     8    0.086373    0.157612    0.339655    0.450006 ^ clkbuf_0_clk/X (sky130_fd_sc_hd__clkbuf_16)
                                                         clknet_0_clk (net)
                      0.158027    0.005719    0.455725 ^ clkbuf_3_1__f_clk/A (sky130_fd_sc_hd__clkbuf_16)
     8    0.023302    0.071532    0.266308    0.722032 ^ clkbuf_3_1__f_clk/X (sky130_fd_sc_hd__clkbuf_16)
                                                         clknet_3_1__leaf_clk (net)
                      0.071563    0.001030    0.723063 ^ _1610_/CLK (sky130_fd_sc_hd__dfxtp_2)
     5    0.022066    0.189975    0.751809    1.474872 ^ _1610_/Q (sky130_fd_sc_hd__dfxtp_2)
                                                         u_dp.acc_q[10] (net)
                      0.189984    0.001573    1.476445 ^ _1419_/A1 (sky130_fd_sc_hd__a22o_2)
     1    0.009288    0.107060    0.371066    1.847511 ^ _1419_/X (sky130_fd_sc_hd__a22o_2)
                                                         _0686_ (net)
                      0.107064    0.000793    1.848304 ^ _1420_/B1 (sky130_fd_sc_hd__a21oi_2)
     1    0.011593    0.066074    0.098835    1.947139 v _1420_/Y (sky130_fd_sc_hd__a21oi_2)
                                                         _0687_ (net)
                      0.066091    0.000970    1.948108 v _1421_/B (sky130_fd_sc_hd__nor2_2)
     1    0.003428    0.109821    0.125385    2.073493 ^ _1421_/Y (sky130_fd_sc_hd__nor2_2)
                                                         _0006_ (net)
                      0.109821    0.000239    2.073732 ^ _1578_/D (sky130_fd_sc_hd__dfxtp_2)
                                              2.073732   data arrival time

                                  0.000000    0.000000   clock clk (rise edge)
                                  0.000000    0.000000   clock source latency
     1    0.021561    0.160873    0.110352    0.110352 ^ clk (in)
                                                         clk (net)
                      0.160888    0.000000    0.110352 ^ clkbuf_0_clk/A (sky130_fd_sc_hd__clkbuf_16)
     8    0.086373    0.157612    0.339655    0.450006 ^ clkbuf_0_clk/X (sky130_fd_sc_hd__clkbuf_16)
                                                         clknet_0_clk (net)
                      0.157902    0.004518    0.454524 ^ clkbuf_3_4__f_clk/A (sky130_fd_sc_hd__clkbuf_16)
     8    0.033051    0.084791    0.279368    0.733892 ^ clkbuf_3_4__f_clk/X (sky130_fd_sc_hd__clkbuf_16)
                                                         clknet_3_4__leaf_clk (net)
                      0.084957    0.003224    0.737116 ^ _1578_/CLK (sky130_fd_sc_hd__dfxtp_2)
                                  0.250000    0.987116   clock uncertainty
                                  0.000000    0.987116   clock reconvergence pessimism
                                 -0.078761    0.908355   library hold time
                                              0.908355   data required time
---------------------------------------------------------------------------------------------
                                              0.908355   data required time
                                             -2.073732   data arrival time
---------------------------------------------------------------------------------------------
                                              1.165377   slack (MET)


Startpoint: _1609_ (rising edge-triggered flip-flop clocked by clk)
Endpoint: _1577_ (rising edge-triggered flip-flop clocked by clk)
Path Group: clk
Path Type: min

Fanout         Cap        Slew       Delay        Time   Description
---------------------------------------------------------------------------------------------
                                  0.000000    0.000000   clock clk (rise edge)
                                  0.000000    0.000000   clock source latency
     1    0.021561    0.160873    0.110352    0.110352 ^ clk (in)
                                                         clk (net)
                      0.160888    0.000000    0.110352 ^ clkbuf_0_clk/A (sky130_fd_sc_hd__clkbuf_16)
     8    0.086373    0.157612    0.339655    0.450006 ^ clkbuf_0_clk/X (sky130_fd_sc_hd__clkbuf_16)
                                                         clknet_0_clk (net)
                      0.158027    0.005719    0.455725 ^ clkbuf_3_1__f_clk/A (sky130_fd_sc_hd__clkbuf_16)
     8    0.023302    0.071532    0.266308    0.722032 ^ clkbuf_3_1__f_clk/X (sky130_fd_sc_hd__clkbuf_16)
                                                         clknet_3_1__leaf_clk (net)
                      0.071568    0.001115    0.723147 ^ _1609_/CLK (sky130_fd_sc_hd__dfxtp_2)
     4    0.024599    0.209194    0.766044    1.489192 ^ _1609_/Q (sky130_fd_sc_hd__dfxtp_2)
                                                         u_dp.acc_q[9] (net)
                      0.209195    0.001052    1.490243 ^ _1416_/A1 (sky130_fd_sc_hd__a22o_2)
     1    0.005790    0.082454    0.356672    1.846915 ^ _1416_/X (sky130_fd_sc_hd__a22o_2)
                                                         _0684_ (net)
                      0.082454    0.000431    1.847346 ^ _1417_/B1 (sky130_fd_sc_hd__a21oi_2)
     1    0.013115    0.067751    0.092431    1.939777 v _1417_/Y (sky130_fd_sc_hd__a21oi_2)
                                                         _0685_ (net)
                      0.067812    0.001151    1.940928 v _1418_/B (sky130_fd_sc_hd__nor2_2)
     1    0.004081    0.120155    0.134409    2.075337 ^ _1418_/Y (sky130_fd_sc_hd__nor2_2)
                                                         _0005_ (net)
                      0.120155    0.000161    2.075498 ^ _1577_/D (sky130_fd_sc_hd__dfxtp_2)
                                              2.075498   data arrival time

                                  0.000000    0.000000   clock clk (rise edge)
                                  0.000000    0.000000   clock source latency
     1    0.021561    0.160873    0.110352    0.110352 ^ clk (in)
                                                         clk (net)
                      0.160888    0.000000    0.110352 ^ clkbuf_0_clk/A (sky130_fd_sc_hd__clkbuf_16)
     8    0.086373    0.157612    0.339655    0.450006 ^ clkbuf_0_clk/X (sky130_fd_sc_hd__clkbuf_16)
                                                         clknet_0_clk (net)
                      0.157902    0.004518    0.454524 ^ clkbuf_3_4__f_clk/A (sky130_fd_sc_hd__clkbuf_16)
     8    0.033051    0.084791    0.279368    0.733892 ^ clkbuf_3_4__f_clk/X (sky130_fd_sc_hd__clkbuf_16)
                                                         clknet_3_4__leaf_clk (net)
                      0.084955    0.003200    0.737092 ^ _1577_/CLK (sky130_fd_sc_hd__dfxtp_2)
                                  0.250000    0.987092   clock uncertainty
                                  0.000000    0.987092   clock reconvergence pessimism
                                 -0.081151    0.905941   library hold time
                                              0.905941   data required time
---------------------------------------------------------------------------------------------
                                              0.905941   data required time
                                             -2.075498   data arrival time
---------------------------------------------------------------------------------------------
                                              1.169556   slack (MET)


Startpoint: _1622_ (rising edge-triggered flip-flop clocked by clk)
Endpoint: _1582_ (rising edge-triggered flip-flop clocked by clk)
Path Group: clk
Path Type: min

Fanout         Cap        Slew       Delay        Time   Description
---------------------------------------------------------------------------------------------
                                  0.000000    0.000000   clock clk (rise edge)
                                  0.000000    0.000000   clock source latency
     1    0.021561    0.160873    0.110352    0.110352 ^ clk (in)
                                                         clk (net)
                      0.160888    0.000000    0.110352 ^ clkbuf_0_clk/A (sky130_fd_sc_hd__clkbuf_16)
     8    0.086373    0.157612    0.339655    0.450006 ^ clkbuf_0_clk/X (sky130_fd_sc_hd__clkbuf_16)
                                                         clknet_0_clk (net)
                      0.158031    0.005755    0.455761 ^ clkbuf_3_0__f_clk/A (sky130_fd_sc_hd__clkbuf_16)
     8    0.023747    0.072077    0.266674    0.722435 ^ clkbuf_3_0__f_clk/X (sky130_fd_sc_hd__clkbuf_16)
                                                         clknet_3_0__leaf_clk (net)
                      0.072128    0.001307    0.723742 ^ _1622_/CLK (sky130_fd_sc_hd__dfxtp_2)
     4    0.027060    0.228062    0.779425    1.503167 ^ _1622_/Q (sky130_fd_sc_hd__dfxtp_2)
                                                         u_dp.acc_q[22] (net)
                      0.228062    0.000762    1.503929 ^ _1431_/B2 (sky130_fd_sc_hd__a22o_2)
     1    0.012836    0.133446    0.389981    1.893909 ^ _1431_/X (sky130_fd_sc_hd__a22o_2)
                                                         _0694_ (net)
                      0.133454    0.001144    1.895053 ^ _1432_/B1 (sky130_fd_sc_hd__a21oi_2)
     1    0.006705    0.055298    0.092526    1.987579 v _1432_/Y (sky130_fd_sc_hd__a21oi_2)
                                                         _0695_ (net)
                      0.055299    0.000534    1.988114 v _1433_/B (sky130_fd_sc_hd__nor2_2)
     1    0.002383    0.093557    0.108203    2.096317 ^ _1433_/Y (sky130_fd_sc_hd__nor2_2)
                                                         _0010_ (net)
                      0.093557    0.000156    2.096473 ^ _1582_/D (sky130_fd_sc_hd__dfxtp_2)
                                              2.096473   data arrival time

                                  0.000000    0.000000   clock clk (rise edge)
                                  0.000000    0.000000   clock source latency
     1    0.021561    0.160873    0.110352    0.110352 ^ clk (in)
                                                         clk (net)
                      0.160888    0.000000    0.110352 ^ clkbuf_0_clk/A (sky130_fd_sc_hd__clkbuf_16)
     8    0.086373    0.157612    0.339655    0.450006 ^ clkbuf_0_clk/X (sky130_fd_sc_hd__clkbuf_16)
                                                         clknet_0_clk (net)
                      0.158053    0.005941    0.455947 ^ clkbuf_3_3__f_clk/A (sky130_fd_sc_hd__clkbuf_16)
     8    0.031249    0.082230    0.277129    0.733076 ^ clkbuf_3_3__f_clk/X (sky130_fd_sc_hd__clkbuf_16)
                                                         clknet_3_3__leaf_clk (net)
                      0.082314    0.002291    0.735366 ^ _1582_/CLK (sky130_fd_sc_hd__dfxtp_2)
                                  0.250000    0.985366   clock uncertainty
                                  0.000000    0.985366   clock reconvergence pessimism
                                 -0.075422    0.909944   library hold time
                                              0.909944   data required time
---------------------------------------------------------------------------------------------
                                              0.909944   data required time
                                             -2.096473   data arrival time
---------------------------------------------------------------------------------------------
                                              1.186529   slack (MET)


Startpoint: _1620_ (rising edge-triggered flip-flop clocked by clk)
Endpoint: _1580_ (rising edge-triggered flip-flop clocked by clk)
Path Group: clk
Path Type: min

Fanout         Cap        Slew       Delay        Time   Description
---------------------------------------------------------------------------------------------
                                  0.000000    0.000000   clock clk (rise edge)
                                  0.000000    0.000000   clock source latency
     1    0.021561    0.160873    0.110352    0.110352 ^ clk (in)
                                                         clk (net)
                      0.160888    0.000000    0.110352 ^ clkbuf_0_clk/A (sky130_fd_sc_hd__clkbuf_16)
     8    0.086373    0.157612    0.339655    0.450006 ^ clkbuf_0_clk/X (sky130_fd_sc_hd__clkbuf_16)
                                                         clknet_0_clk (net)
                      0.158031    0.005755    0.455761 ^ clkbuf_3_0__f_clk/A (sky130_fd_sc_hd__clkbuf_16)
     8    0.023747    0.072077    0.266674    0.722435 ^ clkbuf_3_0__f_clk/X (sky130_fd_sc_hd__clkbuf_16)
                                                         clknet_3_0__leaf_clk (net)
                      0.072198    0.002191    0.724626 ^ _1620_/CLK (sky130_fd_sc_hd__dfxtp_2)
     4    0.028243    0.237092    0.785958    1.510584 ^ _1620_/Q (sky130_fd_sc_hd__dfxtp_2)
                                                         u_dp.acc_q[20] (net)
                      0.237098    0.001528    1.512112 ^ _1425_/B2 (sky130_fd_sc_hd__a22o_2)
     1    0.012268    0.129265    0.389233    1.901345 ^ _1425_/X (sky130_fd_sc_hd__a22o_2)
                                                         _0690_ (net)
                      0.129278    0.001366    1.902711 ^ _1426_/B1 (sky130_fd_sc_hd__a21oi_2)
     1    0.007366    0.056397    0.093391    1.996102 v _1426_/Y (sky130_fd_sc_hd__a21oi_2)
                                                         _0691_ (net)
                      0.056414    0.000584    1.996686 v _1427_/B (sky130_fd_sc_hd__nor2_2)
     1    0.002771    0.099588    0.113626    2.110312 ^ _1427_/Y (sky130_fd_sc_hd__nor2_2)
                                                         _0008_ (net)
                      0.099588    0.000176    2.110488 ^ _1580_/D (sky130_fd_sc_hd__dfxtp_2)
                                              2.110488   data arrival time

                                  0.000000    0.000000   clock clk (rise edge)
                                  0.000000    0.000000   clock source latency
     1    0.021561    0.160873    0.110352    0.110352 ^ clk (in)
                                                         clk (net)
                      0.160888    0.000000    0.110352 ^ clkbuf_0_clk/A (sky130_fd_sc_hd__clkbuf_16)
     8    0.086373    0.157612    0.339655    0.450006 ^ clkbuf_0_clk/X (sky130_fd_sc_hd__clkbuf_16)
                                                         clknet_0_clk (net)
                      0.158053    0.005941    0.455947 ^ clkbuf_3_3__f_clk/A (sky130_fd_sc_hd__clkbuf_16)
     8    0.031249    0.082230    0.277129    0.733076 ^ clkbuf_3_3__f_clk/X (sky130_fd_sc_hd__clkbuf_16)
                                                         clknet_3_3__leaf_clk (net)
                      0.082309    0.002236    0.735312 ^ _1580_/CLK (sky130_fd_sc_hd__dfxtp_2)
                                  0.250000    0.985312   clock uncertainty
                                  0.000000    0.985312   clock reconvergence pessimism
                                 -0.076817    0.908494   library hold time
                                              0.908494   data required time
---------------------------------------------------------------------------------------------
                                              0.908494   data required time
                                             -2.110488   data arrival time
---------------------------------------------------------------------------------------------
                                              1.201994   slack (MET)


Startpoint: _1615_ (rising edge-triggered flip-flop clocked by clk)
Endpoint: _1583_ (rising edge-triggered flip-flop clocked by clk)
Path Group: clk
Path Type: min

Fanout         Cap        Slew       Delay        Time   Description
---------------------------------------------------------------------------------------------
                                  0.000000    0.000000   clock clk (rise edge)
                                  0.000000    0.000000   clock source latency
     1    0.021561    0.160873    0.110352    0.110352 ^ clk (in)
                                                         clk (net)
                      0.160888    0.000000    0.110352 ^ clkbuf_0_clk/A (sky130_fd_sc_hd__clkbuf_16)
     8    0.086373    0.157612    0.339655    0.450006 ^ clkbuf_0_clk/X (sky130_fd_sc_hd__clkbuf_16)
                                                         clknet_0_clk (net)
                      0.158027    0.005719    0.455725 ^ clkbuf_3_1__f_clk/A (sky130_fd_sc_hd__clkbuf_16)
     8    0.023302    0.071532    0.266308    0.722032 ^ clkbuf_3_1__f_clk/X (sky130_fd_sc_hd__clkbuf_16)
                                                         clknet_3_1__leaf_clk (net)
                      0.071569    0.001133    0.723165 ^ _1615_/CLK (sky130_fd_sc_hd__dfxtp_2)
     4    0.026482    0.223662    0.775946    1.499112 ^ _1615_/Q (sky130_fd_sc_hd__dfxtp_2)
                                                         u_dp.acc_q[15] (net)
                      0.223666    0.001365    1.500476 ^ _1434_/A1 (sky130_fd_sc_hd__a22o_2)
     1    0.011915    0.126476    0.402394    1.902871 ^ _1434_/X (sky130_fd_sc_hd__a22o_2)
                                                         _0696_ (net)
                      0.126484    0.001142    1.904012 ^ _1435_/B1 (sky130_fd_sc_hd__a21oi_2)
     1    0.008042    0.057950    0.094733    1.998745 v _1435_/Y (sky130_fd_sc_hd__a21oi_2)
                                                         _0697_ (net)
                      0.057958    0.000645    1.999390 v _1436_/B (sky130_fd_sc_hd__nor2_2)
     1    0.002594    0.096816    0.111849    2.111240 ^ _1436_/Y (sky130_fd_sc_hd__nor2_2)
                                                         _0011_ (net)
                      0.096816    0.000167    2.111407 ^ _1583_/D (sky130_fd_sc_hd__dfxtp_2)
                                              2.111407   data arrival time

                                  0.000000    0.000000   clock clk (rise edge)
                                  0.000000    0.000000   clock source latency
     1    0.021561    0.160873    0.110352    0.110352 ^ clk (in)
                                                         clk (net)
                      0.160888    0.000000    0.110352 ^ clkbuf_0_clk/A (sky130_fd_sc_hd__clkbuf_16)
     8    0.086373    0.157612    0.339655    0.450006 ^ clkbuf_0_clk/X (sky130_fd_sc_hd__clkbuf_16)
                                                         clknet_0_clk (net)
                      0.158033    0.005776    0.455782 ^ clkbuf_3_5__f_clk/A (sky130_fd_sc_hd__clkbuf_16)
     8    0.029428    0.079638    0.275010    0.730793 ^ clkbuf_3_5__f_clk/X (sky130_fd_sc_hd__clkbuf_16)
                                                         clknet_3_5__leaf_clk (net)
                      0.079665    0.001353    0.732146 ^ _1583_/CLK (sky130_fd_sc_hd__dfxtp_2)
                                  0.250000    0.982146   clock uncertainty
                                  0.000000    0.982146   clock reconvergence pessimism
                                 -0.076597    0.905549   library hold time
                                              0.905549   data required time
---------------------------------------------------------------------------------------------
                                              0.905549   data required time
                                             -2.111407   data arrival time
---------------------------------------------------------------------------------------------
                                              1.205858   slack (MET)


Startpoint: _1621_ (rising edge-triggered flip-flop clocked by clk)
Endpoint: _1581_ (rising edge-triggered flip-flop clocked by clk)
Path Group: clk
Path Type: min

Fanout         Cap        Slew       Delay        Time   Description
---------------------------------------------------------------------------------------------
                                  0.000000    0.000000   clock clk (rise edge)
                                  0.000000    0.000000   clock source latency
     1    0.021561    0.160873    0.110352    0.110352 ^ clk (in)
                                                         clk (net)
                      0.160888    0.000000    0.110352 ^ clkbuf_0_clk/A (sky130_fd_sc_hd__clkbuf_16)
     8    0.086373    0.157612    0.339655    0.450006 ^ clkbuf_0_clk/X (sky130_fd_sc_hd__clkbuf_16)
                                                         clknet_0_clk (net)
                      0.158031    0.005755    0.455761 ^ clkbuf_3_0__f_clk/A (sky130_fd_sc_hd__clkbuf_16)
     8    0.023747    0.072077    0.266674    0.722435 ^ clkbuf_3_0__f_clk/X (sky130_fd_sc_hd__clkbuf_16)
                                                         clknet_3_0__leaf_clk (net)
                      0.072195    0.002161    0.724596 ^ _1621_/CLK (sky130_fd_sc_hd__dfxtp_2)
     4    0.027057    0.227921    0.779902    1.504498 ^ _1621_/Q (sky130_fd_sc_hd__dfxtp_2)
                                                         u_dp.acc_q[21] (net)
                      0.227921    0.000862    1.505360 ^ _1428_/B2 (sky130_fd_sc_hd__a22o_2)
     1    0.016010    0.157580    0.411495    1.916855 ^ _1428_/X (sky130_fd_sc_hd__a22o_2)
                                                         _0692_ (net)
                      0.157596    0.001638    1.918493 ^ _1429_/B1 (sky130_fd_sc_hd__a21oi_2)
     1    0.004693    0.054785    0.093162    2.011655 v _1429_/Y (sky130_fd_sc_hd__a21oi_2)
                                                         _0693_ (net)
                      0.054785    0.000344    2.011999 v _1430_/B (sky130_fd_sc_hd__nor2_2)
     1    0.002834    0.100590    0.113901    2.125900 ^ _1430_/Y (sky130_fd_sc_hd__nor2_2)
                                                         _0009_ (net)
                      0.100590    0.000177    2.126076 ^ _1581_/D (sky130_fd_sc_hd__dfxtp_2)
                                              2.126076   data arrival time

                                  0.000000    0.000000   clock clk (rise edge)
                                  0.000000    0.000000   clock source latency
     1    0.021561    0.160873    0.110352    0.110352 ^ clk (in)
                                                         clk (net)
                      0.160888    0.000000    0.110352 ^ clkbuf_0_clk/A (sky130_fd_sc_hd__clkbuf_16)
     8    0.086373    0.157612    0.339655    0.450006 ^ clkbuf_0_clk/X (sky130_fd_sc_hd__clkbuf_16)
                                                         clknet_0_clk (net)
                      0.157902    0.004518    0.454524 ^ clkbuf_3_4__f_clk/A (sky130_fd_sc_hd__clkbuf_16)
     8    0.033051    0.084791    0.279368    0.733892 ^ clkbuf_3_4__f_clk/X (sky130_fd_sc_hd__clkbuf_16)
                                                         clknet_3_4__leaf_clk (net)
                      0.084947    0.003133    0.737025 ^ _1581_/CLK (sky130_fd_sc_hd__dfxtp_2)
                                  0.250000    0.987025   clock uncertainty
                                  0.000000    0.987025   clock reconvergence pessimism
                                 -0.076629    0.910396   library hold time
                                              0.910396   data required time
---------------------------------------------------------------------------------------------
                                              0.910396   data required time
                                             -2.126076   data arrival time
---------------------------------------------------------------------------------------------
                                              1.215680   slack (MET)


Startpoint: _1619_ (rising edge-triggered flip-flop clocked by clk)
Endpoint: _1579_ (rising edge-triggered flip-flop clocked by clk)
Path Group: clk
Path Type: min

Fanout         Cap        Slew       Delay        Time   Description
---------------------------------------------------------------------------------------------
                                  0.000000    0.000000   clock clk (rise edge)
                                  0.000000    0.000000   clock source latency
     1    0.021561    0.160873    0.110352    0.110352 ^ clk (in)
                                                         clk (net)
                      0.160888    0.000000    0.110352 ^ clkbuf_0_clk/A (sky130_fd_sc_hd__clkbuf_16)
     8    0.086373    0.157612    0.339655    0.450006 ^ clkbuf_0_clk/X (sky130_fd_sc_hd__clkbuf_16)
                                                         clknet_0_clk (net)
                      0.158031    0.005755    0.455761 ^ clkbuf_3_0__f_clk/A (sky130_fd_sc_hd__clkbuf_16)
     8    0.023747    0.072077    0.266674    0.722435 ^ clkbuf_3_0__f_clk/X (sky130_fd_sc_hd__clkbuf_16)
                                                         clknet_3_0__leaf_clk (net)
                      0.072197    0.002180    0.724616 ^ _1619_/CLK (sky130_fd_sc_hd__dfxtp_2)
     4    0.029596    0.247556    0.792800    1.517415 ^ _1619_/Q (sky130_fd_sc_hd__dfxtp_2)
                                                         u_dp.acc_q[19] (net)
                      0.247559    0.001323    1.518738 ^ _1422_/B2 (sky130_fd_sc_hd__a22o_2)
     1    0.008697    0.102808    0.368682    1.887420 ^ _1422_/X (sky130_fd_sc_hd__a22o_2)
                                                         _0688_ (net)
                      0.102812    0.000744    1.888164 ^ _1423_/B1 (sky130_fd_sc_hd__a21oi_2)
     1    0.011657    0.065597    0.097158    1.985322 v _1423_/Y (sky130_fd_sc_hd__a21oi_2)
                                                         _0689_ (net)
                      0.065617    0.001044    1.986366 v _1424_/B (sky130_fd_sc_hd__nor2_2)
     1    0.004477    0.126311    0.138637    2.125003 ^ _1424_/Y (sky130_fd_sc_hd__nor2_2)
                                                         _0007_ (net)
                      0.126311    0.000328    2.125331 ^ _1579_/D (sky130_fd_sc_hd__dfxtp_2)
                                              2.125331   data arrival time

                                  0.000000    0.000000   clock clk (rise edge)
                                  0.000000    0.000000   clock source latency
     1    0.021561    0.160873    0.110352    0.110352 ^ clk (in)
                                                         clk (net)
                      0.160888    0.000000    0.110352 ^ clkbuf_0_clk/A (sky130_fd_sc_hd__clkbuf_16)
     8    0.086373    0.157612    0.339655    0.450006 ^ clkbuf_0_clk/X (sky130_fd_sc_hd__clkbuf_16)
                                                         clknet_0_clk (net)
                      0.158033    0.005776    0.455782 ^ clkbuf_3_5__f_clk/A (sky130_fd_sc_hd__clkbuf_16)
     8    0.029428    0.079638    0.275010    0.730793 ^ clkbuf_3_5__f_clk/X (sky130_fd_sc_hd__clkbuf_16)
                                                         clknet_3_5__leaf_clk (net)
                      0.079665    0.001350    0.732143 ^ _1579_/CLK (sky130_fd_sc_hd__dfxtp_2)
                                  0.250000    0.982143   clock uncertainty
                                  0.000000    0.982143   clock reconvergence pessimism
                                 -0.083416    0.898727   library hold time
                                              0.898727   data required time
---------------------------------------------------------------------------------------------
                                              0.898727   data required time
                                             -2.125331   data arrival time
---------------------------------------------------------------------------------------------
                                              1.226604   slack (MET)


Startpoint: _1616_ (rising edge-triggered flip-flop clocked by clk)
Endpoint: _1576_ (rising edge-triggered flip-flop clocked by clk)
Path Group: clk
Path Type: min

Fanout         Cap        Slew       Delay        Time   Description
---------------------------------------------------------------------------------------------
                                  0.000000    0.000000   clock clk (rise edge)
                                  0.000000    0.000000   clock source latency
     1    0.021561    0.160873    0.110352    0.110352 ^ clk (in)
                                                         clk (net)
                      0.160888    0.000000    0.110352 ^ clkbuf_0_clk/A (sky130_fd_sc_hd__clkbuf_16)
     8    0.086373    0.157612    0.339655    0.450006 ^ clkbuf_0_clk/X (sky130_fd_sc_hd__clkbuf_16)
                                                         clknet_0_clk (net)
                      0.158027    0.005719    0.455725 ^ clkbuf_3_1__f_clk/A (sky130_fd_sc_hd__clkbuf_16)
     8    0.023302    0.071532    0.266308    0.722032 ^ clkbuf_3_1__f_clk/X (sky130_fd_sc_hd__clkbuf_16)
                                                         clknet_3_1__leaf_clk (net)
                      0.071569    0.001134    0.723166 ^ _1616_/CLK (sky130_fd_sc_hd__dfxtp_2)
     4    0.028294    0.237383    0.786339    1.509506 ^ _1616_/Q (sky130_fd_sc_hd__dfxtp_2)
                                                         u_dp.acc_q[16] (net)
                      0.237385    0.001140    1.510645 ^ _1413_/B2 (sky130_fd_sc_hd__a22o_2)
     1    0.007016    0.090962    0.353590    1.864235 ^ _1413_/X (sky130_fd_sc_hd__a22o_2)
                                                         _0682_ (net)
                      0.090964    0.000527    1.864762 ^ _1414_/B1 (sky130_fd_sc_hd__a21oi_2)
     1    0.012285    0.065967    0.093799    1.958562 v _1414_/Y (sky130_fd_sc_hd__a21oi_2)
                                                         _0683_ (net)
                      0.066037    0.001260    1.959821 v _1415_/B (sky130_fd_sc_hd__nor2_2)
     1    0.006169    0.152647    0.159969    2.119791 ^ _1415_/Y (sky130_fd_sc_hd__nor2_2)
                                                         _0004_ (net)
                      0.152647    0.000322    2.120113 ^ _1576_/D (sky130_fd_sc_hd__dfxtp_2)
                                              2.120113   data arrival time

                                  0.000000    0.000000   clock clk (rise edge)
                                  0.000000    0.000000   clock source latency
     1    0.021561    0.160873    0.110352    0.110352 ^ clk (in)
                                                         clk (net)
                      0.160888    0.000000    0.110352 ^ clkbuf_0_clk/A (sky130_fd_sc_hd__clkbuf_16)
     8    0.086373    0.157612    0.339655    0.450006 ^ clkbuf_0_clk/X (sky130_fd_sc_hd__clkbuf_16)
                                                         clknet_0_clk (net)
                      0.158033    0.005776    0.455782 ^ clkbuf_3_5__f_clk/A (sky130_fd_sc_hd__clkbuf_16)
     8    0.029428    0.079638    0.275010    0.730793 ^ clkbuf_3_5__f_clk/X (sky130_fd_sc_hd__clkbuf_16)
                                                         clknet_3_5__leaf_clk (net)
                      0.079665    0.001354    0.732146 ^ _1576_/CLK (sky130_fd_sc_hd__dfxtp_2)
                                  0.250000    0.982146   clock uncertainty
                                  0.000000    0.982146   clock reconvergence pessimism
                                 -0.089504    0.892643   library hold time
                                              0.892643   data required time
---------------------------------------------------------------------------------------------
                                              0.892643   data required time
                                             -2.120113   data arrival time
---------------------------------------------------------------------------------------------
                                              1.227471   slack (MET)


Startpoint: _1600_ (rising edge-triggered flip-flop clocked by clk)
Endpoint: _1600_ (rising edge-triggered flip-flop clocked by clk)
Path Group: clk
Path Type: min

Fanout         Cap        Slew       Delay        Time   Description
---------------------------------------------------------------------------------------------
                                  0.000000    0.000000   clock clk (rise edge)
                                  0.000000    0.000000   clock source latency
     1    0.021561    0.160873    0.110352    0.110352 ^ clk (in)
                                                         clk (net)
                      0.160888    0.000000    0.110352 ^ clkbuf_0_clk/A (sky130_fd_sc_hd__clkbuf_16)
     8    0.086373    0.157612    0.339655    0.450006 ^ clkbuf_0_clk/X (sky130_fd_sc_hd__clkbuf_16)
                                                         clknet_0_clk (net)
                      0.158031    0.005755    0.455761 ^ clkbuf_3_0__f_clk/A (sky130_fd_sc_hd__clkbuf_16)
     8    0.023747    0.072077    0.266674    0.722435 ^ clkbuf_3_0__f_clk/X (sky130_fd_sc_hd__clkbuf_16)
                                                         clknet_3_0__leaf_clk (net)
                      0.072110    0.001075    0.723510 ^ _1600_/CLK (sky130_fd_sc_hd__dfxtp_2)
     3    0.011111    0.072895    0.633400    1.356910 v _1600_/Q (sky130_fd_sc_hd__dfxtp_2)
                                                         u_dp.acc_q[0] (net)
                      0.072895    0.000757    1.357666 v _1348_/A (sky130_fd_sc_hd__nand3_2)
     3    0.011028    0.111449    0.130751    1.488417 ^ _1348_/Y (sky130_fd_sc_hd__nand3_2)
                                                         _0618_ (net)
                      0.111449    0.000348    1.488766 ^ _1475_/A1 (sky130_fd_sc_hd__a31o_2)
     1    0.003808    0.077134    0.316556    1.805321 ^ _1475_/X (sky130_fd_sc_hd__a31o_2)
                                                         _0720_ (net)
                      0.077134    0.000273    1.805595 ^ _1476_/C1 (sky130_fd_sc_hd__o211a_2)
     1    0.001932    0.071027    0.332002    2.137596 ^ _1476_/X (sky130_fd_sc_hd__o211a_2)
                                                         _0028_ (net)
                      0.071027    0.000137    2.137733 ^ _1600_/D (sky130_fd_sc_hd__dfxtp_2)
                                              2.137733   data arrival time

                                  0.000000    0.000000   clock clk (rise edge)
                                  0.000000    0.000000   clock source latency
     1    0.021561    0.160873    0.110352    0.110352 ^ clk (in)
                                                         clk (net)
                      0.160888    0.000000    0.110352 ^ clkbuf_0_clk/A (sky130_fd_sc_hd__clkbuf_16)
     8    0.086373    0.157612    0.339655    0.450006 ^ clkbuf_0_clk/X (sky130_fd_sc_hd__clkbuf_16)
                                                         clknet_0_clk (net)
                      0.158031    0.005755    0.455761 ^ clkbuf_3_0__f_clk/A (sky130_fd_sc_hd__clkbuf_16)
     8    0.023747    0.072077    0.266674    0.722435 ^ clkbuf_3_0__f_clk/X (sky130_fd_sc_hd__clkbuf_16)
                                                         clknet_3_0__leaf_clk (net)
                      0.072110    0.001075    0.723510 ^ _1600_/CLK (sky130_fd_sc_hd__dfxtp_2)
                                  0.250000    0.973510   clock uncertainty
                                  0.000000    0.973510   clock reconvergence pessimism
                                 -0.071835    0.901674   library hold time
                                              0.901674   data required time
---------------------------------------------------------------------------------------------
                                              0.901674   data required time
                                             -2.137733   data arrival time
---------------------------------------------------------------------------------------------
                                              1.236059   slack (MET)


Startpoint: _1594_ (rising edge-triggered flip-flop clocked by clk)
Endpoint: _1594_ (rising edge-triggered flip-flop clocked by clk)
Path Group: clk
Path Type: min

Fanout         Cap        Slew       Delay        Time   Description
---------------------------------------------------------------------------------------------
                                  0.000000    0.000000   clock clk (rise edge)
                                  0.000000    0.000000   clock source latency
     1    0.021561    0.160873    0.110352    0.110352 ^ clk (in)
                                                         clk (net)
                      0.160888    0.000000    0.110352 ^ clkbuf_0_clk/A (sky130_fd_sc_hd__clkbuf_16)
     8    0.086373    0.157612    0.339655    0.450006 ^ clkbuf_0_clk/X (sky130_fd_sc_hd__clkbuf_16)
                                                         clknet_0_clk (net)
                      0.158123    0.006496    0.456502 ^ clkbuf_3_7__f_clk/A (sky130_fd_sc_hd__clkbuf_16)
     8    0.027834    0.077742    0.272049    0.728552 ^ clkbuf_3_7__f_clk/X (sky130_fd_sc_hd__clkbuf_16)
                                                         clknet_3_7__leaf_clk (net)
                      0.077881    0.002802    0.731353 ^ _1594_/CLK (sky130_fd_sc_hd__dfxtp_2)
     4    0.031163    0.259334    0.804822    1.536176 ^ _1594_/Q (sky130_fd_sc_hd__dfxtp_2)
                                                         u_dp.b_q[2] (net)
                      0.259334    0.000856    1.537032 ^ _1461_/A (sky130_fd_sc_hd__or2_2)
     1    0.003122    0.051499    0.261144    1.798176 ^ _1461_/X (sky130_fd_sc_hd__or2_2)
                                                         _0712_ (net)
                      0.051499    0.000226    1.798402 ^ _1462_/B1 (sky130_fd_sc_hd__o211a_2)
     1    0.002782    0.077028    0.350753    2.149155 ^ _1462_/X (sky130_fd_sc_hd__o211a_2)
                                                         _0022_ (net)
                      0.077137    0.000174    2.149328 ^ _1594_/D (sky130_fd_sc_hd__dfxtp_2)
                                              2.149328   data arrival time

                                  0.000000    0.000000   clock clk (rise edge)
                                  0.000000    0.000000   clock source latency
     1    0.021561    0.160873    0.110352    0.110352 ^ clk (in)
                                                         clk (net)
                      0.160888    0.000000    0.110352 ^ clkbuf_0_clk/A (sky130_fd_sc_hd__clkbuf_16)
     8    0.086373    0.157612    0.339655    0.450006 ^ clkbuf_0_clk/X (sky130_fd_sc_hd__clkbuf_16)
                                                         clknet_0_clk (net)
                      0.158123    0.006496    0.456502 ^ clkbuf_3_7__f_clk/A (sky130_fd_sc_hd__clkbuf_16)
     8    0.027834    0.077742    0.272049    0.728552 ^ clkbuf_3_7__f_clk/X (sky130_fd_sc_hd__clkbuf_16)
                                                         clknet_3_7__leaf_clk (net)
                      0.077881    0.002802    0.731353 ^ _1594_/CLK (sky130_fd_sc_hd__dfxtp_2)
                                  0.250000    0.981353   clock uncertainty
                                  0.000000    0.981353   clock reconvergence pessimism
                                 -0.072331    0.909023   library hold time
                                              0.909023   data required time
---------------------------------------------------------------------------------------------
                                              0.909023   data required time
                                             -2.149328   data arrival time
---------------------------------------------------------------------------------------------
                                              1.240306   slack (MET)


Startpoint: _1634_ (rising edge-triggered flip-flop clocked by clk)
Endpoint: _1634_ (rising edge-triggered flip-flop clocked by clk)
Path Group: clk
Path Type: min

Fanout         Cap        Slew       Delay        Time   Description
---------------------------------------------------------------------------------------------
                                  0.000000    0.000000   clock clk (rise edge)
                                  0.000000    0.000000   clock source latency
     1    0.021561    0.160873    0.110352    0.110352 ^ clk (in)
                                                         clk (net)
                      0.160888    0.000000    0.110352 ^ clkbuf_0_clk/A (sky130_fd_sc_hd__clkbuf_16)
     8    0.086373    0.157612    0.339655    0.450006 ^ clkbuf_0_clk/X (sky130_fd_sc_hd__clkbuf_16)
                                                         clknet_0_clk (net)
                      0.158033    0.005776    0.455782 ^ clkbuf_3_5__f_clk/A (sky130_fd_sc_hd__clkbuf_16)
     8    0.029428    0.079638    0.275010    0.730793 ^ clkbuf_3_5__f_clk/X (sky130_fd_sc_hd__clkbuf_16)
                                                         clknet_3_5__leaf_clk (net)
                      0.079643    0.000759    0.731551 ^ _1634_/CLK (sky130_fd_sc_hd__dfxtp_2)
    10    0.044864    0.204047    0.746419    1.477970 v _1634_/Q (sky130_fd_sc_hd__dfxtp_2)
                                                         u_dp.out_sel_q[2] (net)
                      0.204049    0.001130    1.479100 v _0798_/C1 (sky130_fd_sc_hd__o211a_2)
     1    0.003615    0.047781    0.274936    1.754036 v _0798_/X (sky130_fd_sc_hd__o211a_2)
                                                         _0071_ (net)
                      0.047781    0.000279    1.754315 v _0799_/B1 (sky130_fd_sc_hd__a41o_2)
     1    0.002357    0.056688    0.396933    2.151247 v _0799_/X (sky130_fd_sc_hd__a41o_2)
                                                         _0001_ (net)
                      0.056688    0.000159    2.151406 v _1634_/D (sky130_fd_sc_hd__dfxtp_2)
                                              2.151406   data arrival time

                                  0.000000    0.000000   clock clk (rise edge)
                                  0.000000    0.000000   clock source latency
     1    0.021561    0.160873    0.110352    0.110352 ^ clk (in)
                                                         clk (net)
                      0.160888    0.000000    0.110352 ^ clkbuf_0_clk/A (sky130_fd_sc_hd__clkbuf_16)
     8    0.086373    0.157612    0.339655    0.450006 ^ clkbuf_0_clk/X (sky130_fd_sc_hd__clkbuf_16)
                                                         clknet_0_clk (net)
                      0.158033    0.005776    0.455782 ^ clkbuf_3_5__f_clk/A (sky130_fd_sc_hd__clkbuf_16)
     8    0.029428    0.079638    0.275010    0.730793 ^ clkbuf_3_5__f_clk/X (sky130_fd_sc_hd__clkbuf_16)
                                                         clknet_3_5__leaf_clk (net)
                      0.079643    0.000759    0.731551 ^ _1634_/CLK (sky130_fd_sc_hd__dfxtp_2)
                                  0.250000    0.981551   clock uncertainty
                                  0.000000    0.981551   clock reconvergence pessimism
                                 -0.082991    0.898560   library hold time
                                              0.898560   data required time
---------------------------------------------------------------------------------------------
                                              0.898560   data required time
                                             -2.151406   data arrival time
---------------------------------------------------------------------------------------------
                                              1.252846   slack (MET)


Startpoint: _1633_ (rising edge-triggered flip-flop clocked by clk)
Endpoint: _1633_ (rising edge-triggered flip-flop clocked by clk)
Path Group: clk
Path Type: min

Fanout         Cap        Slew       Delay        Time   Description
---------------------------------------------------------------------------------------------
                                  0.000000    0.000000   clock clk (rise edge)
                                  0.000000    0.000000   clock source latency
     1    0.021561    0.160873    0.110352    0.110352 ^ clk (in)
                                                         clk (net)
                      0.160888    0.000000    0.110352 ^ clkbuf_0_clk/A (sky130_fd_sc_hd__clkbuf_16)
     8    0.086373    0.157612    0.339655    0.450006 ^ clkbuf_0_clk/X (sky130_fd_sc_hd__clkbuf_16)
                                                         clknet_0_clk (net)
                      0.158033    0.005776    0.455782 ^ clkbuf_3_5__f_clk/A (sky130_fd_sc_hd__clkbuf_16)
     8    0.029428    0.079638    0.275010    0.730793 ^ clkbuf_3_5__f_clk/X (sky130_fd_sc_hd__clkbuf_16)
                                                         clknet_3_5__leaf_clk (net)
                      0.079641    0.000664    0.731456 ^ _1633_/CLK (sky130_fd_sc_hd__dfxtp_2)
    10    0.047665    0.215192    0.755283    1.486740 v _1633_/Q (sky130_fd_sc_hd__dfxtp_2)
                                                         u_dp.out_sel_q[1] (net)
                      0.215196    0.001366    1.488105 v _0800_/C1 (sky130_fd_sc_hd__o211a_2)
     1    0.003328    0.046370    0.278378    1.766483 v _0800_/X (sky130_fd_sc_hd__o211a_2)
                                                         _0072_ (net)
                      0.046374    0.000232    1.766716 v _0801_/B1 (sky130_fd_sc_hd__a41o_2)
     1    0.004472    0.067764    0.415020    2.181736 v _0801_/X (sky130_fd_sc_hd__a41o_2)
                                                         _0000_ (net)
                      0.067764    0.000318    2.182054 v _1633_/D (sky130_fd_sc_hd__dfxtp_2)
                                              2.182054   data arrival time

                                  0.000000    0.000000   clock clk (rise edge)
                                  0.000000    0.000000   clock source latency
     1    0.021561    0.160873    0.110352    0.110352 ^ clk (in)
                                                         clk (net)
                      0.160888    0.000000    0.110352 ^ clkbuf_0_clk/A (sky130_fd_sc_hd__clkbuf_16)
     8    0.086373    0.157612    0.339655    0.450006 ^ clkbuf_0_clk/X (sky130_fd_sc_hd__clkbuf_16)
                                                         clknet_0_clk (net)
                      0.158033    0.005776    0.455782 ^ clkbuf_3_5__f_clk/A (sky130_fd_sc_hd__clkbuf_16)
     8    0.029428    0.079638    0.275010    0.730793 ^ clkbuf_3_5__f_clk/X (sky130_fd_sc_hd__clkbuf_16)
                                                         clknet_3_5__leaf_clk (net)
                      0.079641    0.000664    0.731456 ^ _1633_/CLK (sky130_fd_sc_hd__dfxtp_2)
                                  0.250000    0.981456   clock uncertainty
                                  0.000000    0.981456   clock reconvergence pessimism
                                 -0.087082    0.894375   library hold time
                                              0.894375   data required time
---------------------------------------------------------------------------------------------
                                              0.894375   data required time
                                             -2.182054   data arrival time
---------------------------------------------------------------------------------------------
                                              1.287679   slack (MET)


Startpoint: _1636_ (rising edge-triggered flip-flop clocked by clk)
Endpoint: _1635_ (rising edge-triggered flip-flop clocked by clk)
Path Group: clk
Path Type: min

Fanout         Cap        Slew       Delay        Time   Description
---------------------------------------------------------------------------------------------
                                  0.000000    0.000000   clock clk (rise edge)
                                  0.000000    0.000000   clock source latency
     1    0.021561    0.160873    0.110352    0.110352 ^ clk (in)
                                                         clk (net)
                      0.160888    0.000000    0.110352 ^ clkbuf_0_clk/A (sky130_fd_sc_hd__clkbuf_16)
     8    0.086373    0.157612    0.339655    0.450006 ^ clkbuf_0_clk/X (sky130_fd_sc_hd__clkbuf_16)
                                                         clknet_0_clk (net)
                      0.158123    0.006496    0.456502 ^ clkbuf_3_7__f_clk/A (sky130_fd_sc_hd__clkbuf_16)
     8    0.027834    0.077742    0.272049    0.728552 ^ clkbuf_3_7__f_clk/X (sky130_fd_sc_hd__clkbuf_16)
                                                         clknet_3_7__leaf_clk (net)
                      0.077929    0.003217    0.731769 ^ _1636_/CLK (sky130_fd_sc_hd__dfxtp_2)
     1    0.001894    0.047135    0.630211    1.361979 ^ _1636_/Q (sky130_fd_sc_hd__dfxtp_2)
                                                         u_rst_sync.rst_ff1 (net)
                      0.047135    0.000133    1.362112 ^ hold82/A (sky130_fd_sc_hd__dlygate4sd3_1)
     1    0.002477    0.087870    1.025866    2.387978 ^ hold82/X (sky130_fd_sc_hd__dlygate4sd3_1)
                                                         net82 (net)
                      0.087870    0.000163    2.388141 ^ _1635_/D (sky130_fd_sc_hd__dfxtp_2)
                                              2.388141   data arrival time

                                  0.000000    0.000000   clock clk (rise edge)
                                  0.000000    0.000000   clock source latency
     1    0.021561    0.160873    0.110352    0.110352 ^ clk (in)
                                                         clk (net)
                      0.160888    0.000000    0.110352 ^ clkbuf_0_clk/A (sky130_fd_sc_hd__clkbuf_16)
     8    0.086373    0.157612    0.339655    0.450006 ^ clkbuf_0_clk/X (sky130_fd_sc_hd__clkbuf_16)
                                                         clknet_0_clk (net)
                      0.158121    0.006480    0.456486 ^ clkbuf_3_6__f_clk/A (sky130_fd_sc_hd__clkbuf_16)
     8    0.024292    0.072747    0.267406    0.723892 ^ clkbuf_3_6__f_clk/X (sky130_fd_sc_hd__clkbuf_16)
                                                         clknet_3_6__leaf_clk (net)
                      0.072889    0.001920    0.725812 ^ _1635_/CLK (sky130_fd_sc_hd__dfxtp_2)
                                  0.250000    0.975812   clock uncertainty
                                  0.000000    0.975812   clock reconvergence pessimism
                                 -0.075606    0.900206   library hold time
                                              0.900206   data required time
---------------------------------------------------------------------------------------------
                                              0.900206   data required time
                                             -2.388141   data arrival time
---------------------------------------------------------------------------------------------
                                              1.487934   slack (MET)


Startpoint: _1574_ (rising edge-triggered flip-flop clocked by clk)
Endpoint: _1590_ (rising edge-triggered flip-flop clocked by clk)
Path Group: clk
Path Type: min

Fanout         Cap        Slew       Delay        Time   Description
---------------------------------------------------------------------------------------------
                                  0.000000    0.000000   clock clk (rise edge)
                                  0.000000    0.000000   clock source latency
     1    0.021561    0.160873    0.110352    0.110352 ^ clk (in)
                                                         clk (net)
                      0.160888    0.000000    0.110352 ^ clkbuf_0_clk/A (sky130_fd_sc_hd__clkbuf_16)
     8    0.086373    0.157612    0.339655    0.450006 ^ clkbuf_0_clk/X (sky130_fd_sc_hd__clkbuf_16)
                                                         clknet_0_clk (net)
                      0.158053    0.005941    0.455947 ^ clkbuf_3_3__f_clk/A (sky130_fd_sc_hd__clkbuf_16)
     8    0.031249    0.082230    0.277129    0.733076 ^ clkbuf_3_3__f_clk/X (sky130_fd_sc_hd__clkbuf_16)
                                                         clknet_3_3__leaf_clk (net)
                      0.082293    0.002021    0.735097 ^ _1574_/CLK (sky130_fd_sc_hd__dfxtp_2)
     3    0.014134    0.132555    0.711518    1.446615 ^ _1574_/Q (sky130_fd_sc_hd__dfxtp_2)
                                                         busy (net)
                      0.132560    0.001018    1.447633 ^ _0805_/A (sky130_fd_sc_hd__or3_2)
     2    0.008395    0.087473    0.248765    1.696398 ^ _0805_/X (sky130_fd_sc_hd__or3_2)
                                                         _0075_ (net)
                      0.087473    0.000436    1.696834 ^ _1438_/B (sky130_fd_sc_hd__or3b_2)
     9    0.035069    0.314047    0.385967    2.082801 ^ _1438_/X (sky130_fd_sc_hd__or3b_2)
                                                         _0699_ (net)
                      0.314217    0.003912    2.086714 ^ _1451_/B (sky130_fd_sc_hd__nand2_2)
     1    0.002922    0.068409    0.164428    2.251142 v _1451_/Y (sky130_fd_sc_hd__nand2_2)
                                                         _0706_ (net)
                      0.068409    0.000203    2.251344 v _1452_/B1 (sky130_fd_sc_hd__o211a_2)
     1    0.002201    0.042443    0.230558    2.481902 v _1452_/X (sky130_fd_sc_hd__o211a_2)
                                                         _0018_ (net)
                      0.042443    0.000093    2.481996 v _1590_/D (sky130_fd_sc_hd__dfxtp_2)
                                              2.481996   data arrival time

                                  0.000000    0.000000   clock clk (rise edge)
                                  0.000000    0.000000   clock source latency
     1    0.021561    0.160873    0.110352    0.110352 ^ clk (in)
                                                         clk (net)
                      0.160888    0.000000    0.110352 ^ clkbuf_0_clk/A (sky130_fd_sc_hd__clkbuf_16)
     8    0.086373    0.157612    0.339655    0.450006 ^ clkbuf_0_clk/X (sky130_fd_sc_hd__clkbuf_16)
                                                         clknet_0_clk (net)
                      0.158123    0.006496    0.456502 ^ clkbuf_3_7__f_clk/A (sky130_fd_sc_hd__clkbuf_16)
     8    0.027834    0.077742    0.272049    0.728552 ^ clkbuf_3_7__f_clk/X (sky130_fd_sc_hd__clkbuf_16)
                                                         clknet_3_7__leaf_clk (net)
                      0.077942    0.003320    0.731872 ^ _1590_/CLK (sky130_fd_sc_hd__dfxtp_2)
                                  0.250000    0.981871   clock uncertainty
                                  0.000000    0.981871   clock reconvergence pessimism
                                 -0.078133    0.903739   library hold time
                                              0.903739   data required time
---------------------------------------------------------------------------------------------
                                              0.903739   data required time
                                             -2.481996   data arrival time
---------------------------------------------------------------------------------------------
                                              1.578257   slack (MET)


Startpoint: _1635_ (rising edge-triggered flip-flop clocked by clk)
Endpoint: _1627_ (rising edge-triggered flip-flop clocked by clk)
Path Group: clk
Path Type: min

Fanout         Cap        Slew       Delay        Time   Description
---------------------------------------------------------------------------------------------
                                  0.000000    0.000000   clock clk (rise edge)
                                  0.000000    0.000000   clock source latency
     1    0.021561    0.160873    0.110352    0.110352 ^ clk (in)
                                                         clk (net)
                      0.160888    0.000000    0.110352 ^ clkbuf_0_clk/A (sky130_fd_sc_hd__clkbuf_16)
     8    0.086373    0.157612    0.339655    0.450006 ^ clkbuf_0_clk/X (sky130_fd_sc_hd__clkbuf_16)
                                                         clknet_0_clk (net)
                      0.158121    0.006480    0.456486 ^ clkbuf_3_6__f_clk/A (sky130_fd_sc_hd__clkbuf_16)
     8    0.024292    0.072747    0.267406    0.723892 ^ clkbuf_3_6__f_clk/X (sky130_fd_sc_hd__clkbuf_16)
                                                         clknet_3_6__leaf_clk (net)
                      0.072889    0.001920    0.725812 ^ _1635_/CLK (sky130_fd_sc_hd__dfxtp_2)
     1    0.004009    0.043964    0.602301    1.328113 v _1635_/Q (sky130_fd_sc_hd__dfxtp_2)
                                                         u_rst_sync.rst_ff2 (net)
                      0.043964    0.000293    1.328406 v fanout42/A (sky130_fd_sc_hd__clkdlybuf4s25_1)
    10    0.055340    0.737523    0.947980    2.276386 v fanout42/X (sky130_fd_sc_hd__clkdlybuf4s25_1)
                                                         net42 (net)
                      0.738021    0.012745    2.289131 v _1627_/D (sky130_fd_sc_hd__dfxtp_2)
                                              2.289131   data arrival time

                                  0.000000    0.000000   clock clk (rise edge)
                                  0.000000    0.000000   clock source latency
     1    0.021561    0.160873    0.110352    0.110352 ^ clk (in)
                                                         clk (net)
                      0.160888    0.000000    0.110352 ^ clkbuf_0_clk/A (sky130_fd_sc_hd__clkbuf_16)
     8    0.086373    0.157612    0.339655    0.450006 ^ clkbuf_0_clk/X (sky130_fd_sc_hd__clkbuf_16)
                                                         clknet_0_clk (net)
                      0.158039    0.005824    0.455830 ^ clkbuf_3_2__f_clk/A (sky130_fd_sc_hd__clkbuf_16)
     8    0.024484    0.072988    0.267699    0.723529 ^ clkbuf_3_2__f_clk/X (sky130_fd_sc_hd__clkbuf_16)
                                                         clknet_3_2__leaf_clk (net)
                      0.073169    0.002420    0.725949 ^ _1627_/CLK (sky130_fd_sc_hd__dfxtp_2)
                                  0.250000    0.975949   clock uncertainty
                                  0.000000    0.975949   clock reconvergence pessimism
                                 -0.336115    0.639834   library hold time
                                              0.639834   data required time
---------------------------------------------------------------------------------------------
                                              0.639834   data required time
                                             -2.289131   data arrival time
---------------------------------------------------------------------------------------------
                                              1.649297   slack (MET)


Startpoint: _1591_ (rising edge-triggered flip-flop clocked by clk)
Endpoint: _1591_ (rising edge-triggered flip-flop clocked by clk)
Path Group: clk
Path Type: min

Fanout         Cap        Slew       Delay        Time   Description
---------------------------------------------------------------------------------------------
                                  0.000000    0.000000   clock clk (rise edge)
                                  0.000000    0.000000   clock source latency
     1    0.021561    0.160873    0.110352    0.110352 ^ clk (in)
                                                         clk (net)
                      0.160888    0.000000    0.110352 ^ clkbuf_0_clk/A (sky130_fd_sc_hd__clkbuf_16)
     8    0.086373    0.157612    0.339655    0.450006 ^ clkbuf_0_clk/X (sky130_fd_sc_hd__clkbuf_16)
                                                         clknet_0_clk (net)
                      0.158033    0.005776    0.455782 ^ clkbuf_3_5__f_clk/A (sky130_fd_sc_hd__clkbuf_16)
     8    0.029428    0.079638    0.275010    0.730793 ^ clkbuf_3_5__f_clk/X (sky130_fd_sc_hd__clkbuf_16)
                                                         clknet_3_5__leaf_clk (net)
                      0.079654    0.001090    0.731882 ^ _1591_/CLK (sky130_fd_sc_hd__dfxtp_2)
     2    0.012186    0.077326    0.641237    1.373120 v _1591_/Q (sky130_fd_sc_hd__dfxtp_2)
                                                         u_dp.a_q[7] (net)
                      0.077326    0.000608    1.373728 v fanout58/A (sky130_fd_sc_hd__clkdlybuf4s25_1)
     5    0.021844    0.306837    0.651847    2.025575 v fanout58/X (sky130_fd_sc_hd__clkdlybuf4s25_1)
                                                         net58 (net)
                      0.306837    0.000596    2.026171 v _1454_/A1 (sky130_fd_sc_hd__o211a_2)
     1    0.002287    0.044203    0.569820    2.595991 v _1454_/X (sky130_fd_sc_hd__o211a_2)
                                                         _0019_ (net)
                      0.044203    0.000151    2.596141 v _1591_/D (sky130_fd_sc_hd__dfxtp_2)
                                              2.596141   data arrival time

                                  0.000000    0.000000   clock clk (rise edge)
                                  0.000000    0.000000   clock source latency
     1    0.021561    0.160873    0.110352    0.110352 ^ clk (in)
                                                         clk (net)
                      0.160888    0.000000    0.110352 ^ clkbuf_0_clk/A (sky130_fd_sc_hd__clkbuf_16)
     8    0.086373    0.157612    0.339655    0.450006 ^ clkbuf_0_clk/X (sky130_fd_sc_hd__clkbuf_16)
                                                         clknet_0_clk (net)
                      0.158033    0.005776    0.455782 ^ clkbuf_3_5__f_clk/A (sky130_fd_sc_hd__clkbuf_16)
     8    0.029428    0.079638    0.275010    0.730793 ^ clkbuf_3_5__f_clk/X (sky130_fd_sc_hd__clkbuf_16)
                                                         clknet_3_5__leaf_clk (net)
                      0.079654    0.001090    0.731882 ^ _1591_/CLK (sky130_fd_sc_hd__dfxtp_2)
                                  0.250000    0.981882   clock uncertainty
                                  0.000000    0.981882   clock reconvergence pessimism
                                 -0.078378    0.903504   library hold time
                                              0.903504   data required time
---------------------------------------------------------------------------------------------
                                              0.903504   data required time
                                             -2.596141   data arrival time
---------------------------------------------------------------------------------------------
                                              1.692637   slack (MET)


Startpoint: _1627_ (rising edge-triggered flip-flop clocked by clk)
Endpoint: _1628_ (rising edge-triggered flip-flop clocked by clk)
Path Group: clk
Path Type: min

Fanout         Cap        Slew       Delay        Time   Description
---------------------------------------------------------------------------------------------
                                  0.000000    0.000000   clock clk (rise edge)
                                  0.000000    0.000000   clock source latency
     1    0.021561    0.160873    0.110352    0.110352 ^ clk (in)
                                                         clk (net)
                      0.160888    0.000000    0.110352 ^ clkbuf_0_clk/A (sky130_fd_sc_hd__clkbuf_16)
     8    0.086373    0.157612    0.339655    0.450006 ^ clkbuf_0_clk/X (sky130_fd_sc_hd__clkbuf_16)
                                                         clknet_0_clk (net)
                      0.158039    0.005824    0.455830 ^ clkbuf_3_2__f_clk/A (sky130_fd_sc_hd__clkbuf_16)
     8    0.024484    0.072988    0.267699    0.723529 ^ clkbuf_3_2__f_clk/X (sky130_fd_sc_hd__clkbuf_16)
                                                         clknet_3_2__leaf_clk (net)
                      0.073169    0.002420    0.725949 ^ _1627_/CLK (sky130_fd_sc_hd__dfxtp_2)
     1    0.002747    0.052281    0.634601    1.360549 ^ _1627_/Q (sky130_fd_sc_hd__dfxtp_2)
                                                         u_sync.seen_reset[0] (net)
                      0.052281    0.000191    1.360740 ^ hold83/A (sky130_fd_sc_hd__dlygate4sd3_1)
     1    0.001666    0.078576    1.015664    2.376404 ^ hold83/X (sky130_fd_sc_hd__dlygate4sd3_1)
                                                         net83 (net)
                      0.078576    0.000076    2.376480 ^ _1565_/B (sky130_fd_sc_hd__and2_2)
     1    0.002485    0.064951    0.259111    2.635591 ^ _1565_/X (sky130_fd_sc_hd__and2_2)
                                                         _0055_ (net)
                      0.064951    0.000178    2.635769 ^ _1628_/D (sky130_fd_sc_hd__dfxtp_2)
                                              2.635769   data arrival time

                                  0.000000    0.000000   clock clk (rise edge)
                                  0.000000    0.000000   clock source latency
     1    0.021561    0.160873    0.110352    0.110352 ^ clk (in)
                                                         clk (net)
                      0.160888    0.000000    0.110352 ^ clkbuf_0_clk/A (sky130_fd_sc_hd__clkbuf_16)
     8    0.086373    0.157612    0.339655    0.450006 ^ clkbuf_0_clk/X (sky130_fd_sc_hd__clkbuf_16)
                                                         clknet_0_clk (net)
                      0.158039    0.005824    0.455830 ^ clkbuf_3_2__f_clk/A (sky130_fd_sc_hd__clkbuf_16)
     8    0.024484    0.072988    0.267699    0.723529 ^ clkbuf_3_2__f_clk/X (sky130_fd_sc_hd__clkbuf_16)
                                                         clknet_3_2__leaf_clk (net)
                      0.073160    0.002319    0.725848 ^ _1628_/CLK (sky130_fd_sc_hd__dfxtp_2)
                                  0.250000    0.975848   clock uncertainty
                                  0.000000    0.975848   clock reconvergence pessimism
                                 -0.070264    0.905585   library hold time
                                              0.905585   data required time
---------------------------------------------------------------------------------------------
                                              0.905585   data required time
                                             -2.635769   data arrival time
---------------------------------------------------------------------------------------------
                                              1.730184   slack (MET)


Startpoint: _1624_ (rising edge-triggered flip-flop clocked by clk)
Endpoint: _1625_ (rising edge-triggered flip-flop clocked by clk)
Path Group: clk
Path Type: min

Fanout         Cap        Slew       Delay        Time   Description
---------------------------------------------------------------------------------------------
                                  0.000000    0.000000   clock clk (rise edge)
                                  0.000000    0.000000   clock source latency
     1    0.021561    0.160873    0.110352    0.110352 ^ clk (in)
                                                         clk (net)
                      0.160888    0.000000    0.110352 ^ clkbuf_0_clk/A (sky130_fd_sc_hd__clkbuf_16)
     8    0.086373    0.157612    0.339655    0.450006 ^ clkbuf_0_clk/X (sky130_fd_sc_hd__clkbuf_16)
                                                         clknet_0_clk (net)
                      0.158053    0.005941    0.455947 ^ clkbuf_3_3__f_clk/A (sky130_fd_sc_hd__clkbuf_16)
     8    0.031249    0.082230    0.277129    0.733076 ^ clkbuf_3_3__f_clk/X (sky130_fd_sc_hd__clkbuf_16)
                                                         clknet_3_3__leaf_clk (net)
                      0.082310    0.002243    0.735318 ^ _1624_/CLK (sky130_fd_sc_hd__dfxtp_2)
     1    0.003309    0.055404    0.643122    1.378440 ^ _1624_/Q (sky130_fd_sc_hd__dfxtp_2)
                                                         u_sync.ff1 (net)
                      0.055404    0.000238    1.378679 ^ hold84/A (sky130_fd_sc_hd__dlygate4sd3_1)
     1    0.002122    0.084212    1.024032    2.402710 ^ hold84/X (sky130_fd_sc_hd__dlygate4sd3_1)
                                                         net84 (net)
                      0.084212    0.000132    2.402843 ^ _1563_/B (sky130_fd_sc_hd__and2_2)
     1    0.003053    0.068832    0.266275    2.669117 ^ _1563_/X (sky130_fd_sc_hd__and2_2)
                                                         _0053_ (net)
                      0.068832    0.000188    2.669305 ^ _1625_/D (sky130_fd_sc_hd__dfxtp_2)
                                              2.669305   data arrival time

                                  0.000000    0.000000   clock clk (rise edge)
                                  0.000000    0.000000   clock source latency
     1    0.021561    0.160873    0.110352    0.110352 ^ clk (in)
                                                         clk (net)
                      0.160888    0.000000    0.110352 ^ clkbuf_0_clk/A (sky130_fd_sc_hd__clkbuf_16)
     8    0.086373    0.157612    0.339655    0.450006 ^ clkbuf_0_clk/X (sky130_fd_sc_hd__clkbuf_16)
                                                         clknet_0_clk (net)
                      0.158053    0.005941    0.455947 ^ clkbuf_3_3__f_clk/A (sky130_fd_sc_hd__clkbuf_16)
     8    0.031249    0.082230    0.277129    0.733076 ^ clkbuf_3_3__f_clk/X (sky130_fd_sc_hd__clkbuf_16)
                                                         clknet_3_3__leaf_clk (net)
                      0.082317    0.002324    0.735400 ^ _1625_/CLK (sky130_fd_sc_hd__dfxtp_2)
                                  0.250000    0.985400   clock uncertainty
                                  0.000000    0.985400   clock reconvergence pessimism
                                 -0.069706    0.915694   library hold time
                                              0.915694   data required time
---------------------------------------------------------------------------------------------
                                              0.915694   data required time
                                             -2.669305   data arrival time
---------------------------------------------------------------------------------------------
                                              1.753611   slack (MET)


Startpoint: _1574_ (rising edge-triggered flip-flop clocked by clk)
Endpoint: _1596_ (rising edge-triggered flip-flop clocked by clk)
Path Group: clk
Path Type: min

Fanout         Cap        Slew       Delay        Time   Description
---------------------------------------------------------------------------------------------
                                  0.000000    0.000000   clock clk (rise edge)
                                  0.000000    0.000000   clock source latency
     1    0.021561    0.160873    0.110352    0.110352 ^ clk (in)
                                                         clk (net)
                      0.160888    0.000000    0.110352 ^ clkbuf_0_clk/A (sky130_fd_sc_hd__clkbuf_16)
     8    0.086373    0.157612    0.339655    0.450006 ^ clkbuf_0_clk/X (sky130_fd_sc_hd__clkbuf_16)
                                                         clknet_0_clk (net)
                      0.158053    0.005941    0.455947 ^ clkbuf_3_3__f_clk/A (sky130_fd_sc_hd__clkbuf_16)
     8    0.031249    0.082230    0.277129    0.733076 ^ clkbuf_3_3__f_clk/X (sky130_fd_sc_hd__clkbuf_16)
                                                         clknet_3_3__leaf_clk (net)
                      0.082293    0.002021    0.735097 ^ _1574_/CLK (sky130_fd_sc_hd__dfxtp_2)
     3    0.014134    0.132555    0.711518    1.446615 ^ _1574_/Q (sky130_fd_sc_hd__dfxtp_2)
                                                         busy (net)
                      0.132561    0.001071    1.447687 ^ _0794_/A (sky130_fd_sc_hd__nor2_2)
     4    0.011922    0.072200    0.123445    1.571132 v _0794_/Y (sky130_fd_sc_hd__nor2_2)
                                                         _0067_ (net)
                      0.072201    0.000370    1.571502 v _0804_/B (sky130_fd_sc_hd__and2b_2)
     3    0.009381    0.096919    0.441607    2.013109 v _0804_/X (sky130_fd_sc_hd__and2b_2)
                                                         _0074_ (net)
                      0.096919    0.000360    2.013469 v _1456_/C (sky130_fd_sc_hd__nand3_2)
     8    0.032783    0.279160    0.270513    2.283982 ^ _1456_/Y (sky130_fd_sc_hd__nand3_2)
                                                         _0709_ (net)
                      0.279183    0.002097    2.286079 ^ _1466_/A2 (sky130_fd_sc_hd__o211a_2)
     1    0.001899    0.070281    0.406484    2.692563 ^ _1466_/X (sky130_fd_sc_hd__o211a_2)
                                                         _0024_ (net)
                      0.070281    0.000134    2.692696 ^ _1596_/D (sky130_fd_sc_hd__dfxtp_2)
                                              2.692696   data arrival time

                                  0.000000    0.000000   clock clk (rise edge)
                                  0.000000    0.000000   clock source latency
     1    0.021561    0.160873    0.110352    0.110352 ^ clk (in)
                                                         clk (net)
                      0.160888    0.000000    0.110352 ^ clkbuf_0_clk/A (sky130_fd_sc_hd__clkbuf_16)
     8    0.086373    0.157612    0.339655    0.450006 ^ clkbuf_0_clk/X (sky130_fd_sc_hd__clkbuf_16)
                                                         clknet_0_clk (net)
                      0.158123    0.006496    0.456502 ^ clkbuf_3_7__f_clk/A (sky130_fd_sc_hd__clkbuf_16)
     8    0.027834    0.077742    0.272049    0.728552 ^ clkbuf_3_7__f_clk/X (sky130_fd_sc_hd__clkbuf_16)
                                                         clknet_3_7__leaf_clk (net)
                      0.077795    0.001910    0.730461 ^ _1596_/CLK (sky130_fd_sc_hd__dfxtp_2)
                                  0.250000    0.980461   clock uncertainty
                                  0.000000    0.980461   clock reconvergence pessimism
                                 -0.070759    0.909702   library hold time
                                              0.909702   data required time
---------------------------------------------------------------------------------------------
                                              0.909702   data required time
                                             -2.692696   data arrival time
---------------------------------------------------------------------------------------------
                                              1.782994   slack (MET)


Startpoint: _1625_ (rising edge-triggered flip-flop clocked by clk)
Endpoint: _1626_ (rising edge-triggered flip-flop clocked by clk)
Path Group: clk
Path Type: min

Fanout         Cap        Slew       Delay        Time   Description
---------------------------------------------------------------------------------------------
                                  0.000000    0.000000   clock clk (rise edge)
                                  0.000000    0.000000   clock source latency
     1    0.021561    0.160873    0.110352    0.110352 ^ clk (in)
                                                         clk (net)
                      0.160888    0.000000    0.110352 ^ clkbuf_0_clk/A (sky130_fd_sc_hd__clkbuf_16)
     8    0.086373    0.157612    0.339655    0.450006 ^ clkbuf_0_clk/X (sky130_fd_sc_hd__clkbuf_16)
                                                         clknet_0_clk (net)
                      0.158053    0.005941    0.455947 ^ clkbuf_3_3__f_clk/A (sky130_fd_sc_hd__clkbuf_16)
     8    0.031249    0.082230    0.277129    0.733076 ^ clkbuf_3_3__f_clk/X (sky130_fd_sc_hd__clkbuf_16)
                                                         clknet_3_3__leaf_clk (net)
                      0.082317    0.002324    0.735400 ^ _1625_/CLK (sky130_fd_sc_hd__dfxtp_2)
     3    0.007527    0.084698    0.672054    1.407454 ^ _1625_/Q (sky130_fd_sc_hd__dfxtp_2)
                                                         u_sync.ff2 (net)
                      0.084698    0.000477    1.407931 ^ hold87/A (sky130_fd_sc_hd__dlygate4sd3_1)
     1    0.001939    0.081999    1.033793    2.441724 ^ hold87/X (sky130_fd_sc_hd__dlygate4sd3_1)
                                                         net87 (net)
                      0.081999    0.000125    2.441849 ^ _1564_/A (sky130_fd_sc_hd__and2_2)
     1    0.002465    0.065014    0.250042    2.691891 ^ _1564_/X (sky130_fd_sc_hd__and2_2)
                                                         _0054_ (net)
                      0.065014    0.000163    2.692054 ^ _1626_/D (sky130_fd_sc_hd__dfxtp_2)
                                              2.692054   data arrival time

                                  0.000000    0.000000   clock clk (rise edge)
                                  0.000000    0.000000   clock source latency
     1    0.021561    0.160873    0.110352    0.110352 ^ clk (in)
                                                         clk (net)
                      0.160888    0.000000    0.110352 ^ clkbuf_0_clk/A (sky130_fd_sc_hd__clkbuf_16)
     8    0.086373    0.157612    0.339655    0.450006 ^ clkbuf_0_clk/X (sky130_fd_sc_hd__clkbuf_16)
                                                         clknet_0_clk (net)
                      0.158039    0.005824    0.455830 ^ clkbuf_3_2__f_clk/A (sky130_fd_sc_hd__clkbuf_16)
     8    0.024484    0.072988    0.267699    0.723529 ^ clkbuf_3_2__f_clk/X (sky130_fd_sc_hd__clkbuf_16)
                                                         clknet_3_2__leaf_clk (net)
                      0.073156    0.002274    0.725803 ^ _1626_/CLK (sky130_fd_sc_hd__dfxtp_2)
                                  0.250000    0.975803   clock uncertainty
                                  0.000000    0.975803   clock reconvergence pessimism
                                 -0.070279    0.905524   library hold time
                                              0.905524   data required time
---------------------------------------------------------------------------------------------
                                              0.905524   data required time
                                             -2.692054   data arrival time
---------------------------------------------------------------------------------------------
                                              1.786529   slack (MET)


Startpoint: _1574_ (rising edge-triggered flip-flop clocked by clk)
Endpoint: _1593_ (rising edge-triggered flip-flop clocked by clk)
Path Group: clk
Path Type: min

Fanout         Cap        Slew       Delay        Time   Description
---------------------------------------------------------------------------------------------
                                  0.000000    0.000000   clock clk (rise edge)
                                  0.000000    0.000000   clock source latency
     1    0.021561    0.160873    0.110352    0.110352 ^ clk (in)
                                                         clk (net)
                      0.160888    0.000000    0.110352 ^ clkbuf_0_clk/A (sky130_fd_sc_hd__clkbuf_16)
     8    0.086373    0.157612    0.339655    0.450006 ^ clkbuf_0_clk/X (sky130_fd_sc_hd__clkbuf_16)
                                                         clknet_0_clk (net)
                      0.158053    0.005941    0.455947 ^ clkbuf_3_3__f_clk/A (sky130_fd_sc_hd__clkbuf_16)
     8    0.031249    0.082230    0.277129    0.733076 ^ clkbuf_3_3__f_clk/X (sky130_fd_sc_hd__clkbuf_16)
                                                         clknet_3_3__leaf_clk (net)
                      0.082293    0.002021    0.735097 ^ _1574_/CLK (sky130_fd_sc_hd__dfxtp_2)
     3    0.014134    0.132555    0.711518    1.446615 ^ _1574_/Q (sky130_fd_sc_hd__dfxtp_2)
                                                         busy (net)
                      0.132561    0.001071    1.447687 ^ _0794_/A (sky130_fd_sc_hd__nor2_2)
     4    0.011922    0.072200    0.123445    1.571132 v _0794_/Y (sky130_fd_sc_hd__nor2_2)
                                                         _0067_ (net)
                      0.072201    0.000370    1.571502 v _0804_/B (sky130_fd_sc_hd__and2b_2)
     3    0.009381    0.096919    0.441607    2.013109 v _0804_/X (sky130_fd_sc_hd__and2b_2)
                                                         _0074_ (net)
                      0.096919    0.000360    2.013469 v _1456_/C (sky130_fd_sc_hd__nand3_2)
     8    0.032783    0.279160    0.270513    2.283982 ^ _1456_/Y (sky130_fd_sc_hd__nand3_2)
                                                         _0709_ (net)
                      0.279172    0.001529    2.285511 ^ _1460_/A2 (sky130_fd_sc_hd__o211a_2)
     1    0.002112    0.071946    0.408795    2.694306 ^ _1460_/X (sky130_fd_sc_hd__o211a_2)
                                                         _0021_ (net)
                      0.071946    0.000151    2.694457 ^ _1593_/D (sky130_fd_sc_hd__dfxtp_2)
                                              2.694457   data arrival time

                                  0.000000    0.000000   clock clk (rise edge)
                                  0.000000    0.000000   clock source latency
     1    0.021561    0.160873    0.110352    0.110352 ^ clk (in)
                                                         clk (net)
                      0.160888    0.000000    0.110352 ^ clkbuf_0_clk/A (sky130_fd_sc_hd__clkbuf_16)
     8    0.086373    0.157612    0.339655    0.450006 ^ clkbuf_0_clk/X (sky130_fd_sc_hd__clkbuf_16)
                                                         clknet_0_clk (net)
                      0.158121    0.006480    0.456486 ^ clkbuf_3_6__f_clk/A (sky130_fd_sc_hd__clkbuf_16)
     8    0.024292    0.072747    0.267406    0.723892 ^ clkbuf_3_6__f_clk/X (sky130_fd_sc_hd__clkbuf_16)
                                                         clknet_3_6__leaf_clk (net)
                      0.072870    0.001680    0.725572 ^ _1593_/CLK (sky130_fd_sc_hd__dfxtp_2)
                                  0.250000    0.975572   clock uncertainty
                                  0.000000    0.975572   clock reconvergence pessimism
                                 -0.071927    0.903645   library hold time
                                              0.903645   data required time
---------------------------------------------------------------------------------------------
                                              0.903645   data required time
                                             -2.694457   data arrival time
---------------------------------------------------------------------------------------------
                                              1.790813   slack (MET)


Startpoint: _1574_ (rising edge-triggered flip-flop clocked by clk)
Endpoint: _1595_ (rising edge-triggered flip-flop clocked by clk)
Path Group: clk
Path Type: min

Fanout         Cap        Slew       Delay        Time   Description
---------------------------------------------------------------------------------------------
                                  0.000000    0.000000   clock clk (rise edge)
                                  0.000000    0.000000   clock source latency
     1    0.021561    0.160873    0.110352    0.110352 ^ clk (in)
                                                         clk (net)
                      0.160888    0.000000    0.110352 ^ clkbuf_0_clk/A (sky130_fd_sc_hd__clkbuf_16)
     8    0.086373    0.157612    0.339655    0.450006 ^ clkbuf_0_clk/X (sky130_fd_sc_hd__clkbuf_16)
                                                         clknet_0_clk (net)
                      0.158053    0.005941    0.455947 ^ clkbuf_3_3__f_clk/A (sky130_fd_sc_hd__clkbuf_16)
     8    0.031249    0.082230    0.277129    0.733076 ^ clkbuf_3_3__f_clk/X (sky130_fd_sc_hd__clkbuf_16)
                                                         clknet_3_3__leaf_clk (net)
                      0.082293    0.002021    0.735097 ^ _1574_/CLK (sky130_fd_sc_hd__dfxtp_2)
     3    0.014134    0.132555    0.711518    1.446615 ^ _1574_/Q (sky130_fd_sc_hd__dfxtp_2)
                                                         busy (net)
                      0.132561    0.001071    1.447687 ^ _0794_/A (sky130_fd_sc_hd__nor2_2)
     4    0.011922    0.072200    0.123445    1.571132 v _0794_/Y (sky130_fd_sc_hd__nor2_2)
                                                         _0067_ (net)
                      0.072201    0.000370    1.571502 v _0804_/B (sky130_fd_sc_hd__and2b_2)
     3    0.009381    0.096919    0.441607    2.013109 v _0804_/X (sky130_fd_sc_hd__and2b_2)
                                                         _0074_ (net)
                      0.096919    0.000360    2.013469 v _1456_/C (sky130_fd_sc_hd__nand3_2)
     8    0.032783    0.279160    0.270513    2.283982 ^ _1456_/Y (sky130_fd_sc_hd__nand3_2)
                                                         _0709_ (net)
                      0.279173    0.001564    2.285546 ^ _1464_/A2 (sky130_fd_sc_hd__o211a_2)
     1    0.002520    0.075111    0.413232    2.698777 ^ _1464_/X (sky130_fd_sc_hd__o211a_2)
                                                         _0023_ (net)
                      0.075111    0.000161    2.698938 ^ _1595_/D (sky130_fd_sc_hd__dfxtp_2)
                                              2.698938   data arrival time

                                  0.000000    0.000000   clock clk (rise edge)
                                  0.000000    0.000000   clock source latency
     1    0.021561    0.160873    0.110352    0.110352 ^ clk (in)
                                                         clk (net)
                      0.160888    0.000000    0.110352 ^ clkbuf_0_clk/A (sky130_fd_sc_hd__clkbuf_16)
     8    0.086373    0.157612    0.339655    0.450006 ^ clkbuf_0_clk/X (sky130_fd_sc_hd__clkbuf_16)
                                                         clknet_0_clk (net)
                      0.158121    0.006480    0.456486 ^ clkbuf_3_6__f_clk/A (sky130_fd_sc_hd__clkbuf_16)
     8    0.024292    0.072747    0.267406    0.723892 ^ clkbuf_3_6__f_clk/X (sky130_fd_sc_hd__clkbuf_16)
                                                         clknet_3_6__leaf_clk (net)
                      0.072874    0.001741    0.725633 ^ _1595_/CLK (sky130_fd_sc_hd__dfxtp_2)
                                  0.250000    0.975633   clock uncertainty
                                  0.000000    0.975633   clock reconvergence pessimism
                                 -0.072658    0.902975   library hold time
                                              0.902975   data required time
---------------------------------------------------------------------------------------------
                                              0.902975   data required time
                                             -2.698938   data arrival time
---------------------------------------------------------------------------------------------
                                              1.795964   slack (MET)


Startpoint: _1574_ (rising edge-triggered flip-flop clocked by clk)
Endpoint: _1598_ (rising edge-triggered flip-flop clocked by clk)
Path Group: clk
Path Type: min

Fanout         Cap        Slew       Delay        Time   Description
---------------------------------------------------------------------------------------------
                                  0.000000    0.000000   clock clk (rise edge)
                                  0.000000    0.000000   clock source latency
     1    0.021561    0.160873    0.110352    0.110352 ^ clk (in)
                                                         clk (net)
                      0.160888    0.000000    0.110352 ^ clkbuf_0_clk/A (sky130_fd_sc_hd__clkbuf_16)
     8    0.086373    0.157612    0.339655    0.450006 ^ clkbuf_0_clk/X (sky130_fd_sc_hd__clkbuf_16)
                                                         clknet_0_clk (net)
                      0.158053    0.005941    0.455947 ^ clkbuf_3_3__f_clk/A (sky130_fd_sc_hd__clkbuf_16)
     8    0.031249    0.082230    0.277129    0.733076 ^ clkbuf_3_3__f_clk/X (sky130_fd_sc_hd__clkbuf_16)
                                                         clknet_3_3__leaf_clk (net)
                      0.082293    0.002021    0.735097 ^ _1574_/CLK (sky130_fd_sc_hd__dfxtp_2)
     3    0.014134    0.132555    0.711518    1.446615 ^ _1574_/Q (sky130_fd_sc_hd__dfxtp_2)
                                                         busy (net)
                      0.132561    0.001071    1.447687 ^ _0794_/A (sky130_fd_sc_hd__nor2_2)
     4    0.011922    0.072200    0.123445    1.571132 v _0794_/Y (sky130_fd_sc_hd__nor2_2)
                                                         _0067_ (net)
                      0.072201    0.000370    1.571502 v _0804_/B (sky130_fd_sc_hd__and2b_2)
     3    0.009381    0.096919    0.441607    2.013109 v _0804_/X (sky130_fd_sc_hd__and2b_2)
                                                         _0074_ (net)
                      0.096919    0.000360    2.013469 v _1456_/C (sky130_fd_sc_hd__nand3_2)
     8    0.032783    0.279160    0.270513    2.283982 ^ _1456_/Y (sky130_fd_sc_hd__nand3_2)
                                                         _0709_ (net)
                      0.279186    0.002222    2.286204 ^ _1470_/A2 (sky130_fd_sc_hd__o211a_2)
     1    0.003467    0.082449    0.423527    2.709731 ^ _1470_/X (sky130_fd_sc_hd__o211a_2)
                                                         _0026_ (net)
                      0.082449    0.000212    2.709943 ^ _1598_/D (sky130_fd_sc_hd__dfxtp_2)
                                              2.709943   data arrival time

                                  0.000000    0.000000   clock clk (rise edge)
                                  0.000000    0.000000   clock source latency
     1    0.021561    0.160873    0.110352    0.110352 ^ clk (in)
                                                         clk (net)
                      0.160888    0.000000    0.110352 ^ clkbuf_0_clk/A (sky130_fd_sc_hd__clkbuf_16)
     8    0.086373    0.157612    0.339655    0.450006 ^ clkbuf_0_clk/X (sky130_fd_sc_hd__clkbuf_16)
                                                         clknet_0_clk (net)
                      0.158123    0.006496    0.456502 ^ clkbuf_3_7__f_clk/A (sky130_fd_sc_hd__clkbuf_16)
     8    0.027834    0.077742    0.272049    0.728552 ^ clkbuf_3_7__f_clk/X (sky130_fd_sc_hd__clkbuf_16)
                                                         clknet_3_7__leaf_clk (net)
                      0.077949    0.003371    0.731923 ^ _1598_/CLK (sky130_fd_sc_hd__dfxtp_2)
                                  0.250000    0.981923   clock uncertainty
                                  0.000000    0.981923   clock reconvergence pessimism
                                 -0.073548    0.908375   library hold time
                                              0.908375   data required time
---------------------------------------------------------------------------------------------
                                              0.908375   data required time
                                             -2.709943   data arrival time
---------------------------------------------------------------------------------------------
                                              1.801568   slack (MET)


Startpoint: _1574_ (rising edge-triggered flip-flop clocked by clk)
Endpoint: _1597_ (rising edge-triggered flip-flop clocked by clk)
Path Group: clk
Path Type: min

Fanout         Cap        Slew       Delay        Time   Description
---------------------------------------------------------------------------------------------
                                  0.000000    0.000000   clock clk (rise edge)
                                  0.000000    0.000000   clock source latency
     1    0.021561    0.160873    0.110352    0.110352 ^ clk (in)
                                                         clk (net)
                      0.160888    0.000000    0.110352 ^ clkbuf_0_clk/A (sky130_fd_sc_hd__clkbuf_16)
     8    0.086373    0.157612    0.339655    0.450006 ^ clkbuf_0_clk/X (sky130_fd_sc_hd__clkbuf_16)
                                                         clknet_0_clk (net)
                      0.158053    0.005941    0.455947 ^ clkbuf_3_3__f_clk/A (sky130_fd_sc_hd__clkbuf_16)
     8    0.031249    0.082230    0.277129    0.733076 ^ clkbuf_3_3__f_clk/X (sky130_fd_sc_hd__clkbuf_16)
                                                         clknet_3_3__leaf_clk (net)
                      0.082293    0.002021    0.735097 ^ _1574_/CLK (sky130_fd_sc_hd__dfxtp_2)
     3    0.014134    0.132555    0.711518    1.446615 ^ _1574_/Q (sky130_fd_sc_hd__dfxtp_2)
                                                         busy (net)
                      0.132561    0.001071    1.447687 ^ _0794_/A (sky130_fd_sc_hd__nor2_2)
     4    0.011922    0.072200    0.123445    1.571132 v _0794_/Y (sky130_fd_sc_hd__nor2_2)
                                                         _0067_ (net)
                      0.072201    0.000370    1.571502 v _0804_/B (sky130_fd_sc_hd__and2b_2)
     3    0.009381    0.096919    0.441607    2.013109 v _0804_/X (sky130_fd_sc_hd__and2b_2)
                                                         _0074_ (net)
                      0.096919    0.000360    2.013469 v _1456_/C (sky130_fd_sc_hd__nand3_2)
     8    0.032783    0.279160    0.270513    2.283982 ^ _1456_/Y (sky130_fd_sc_hd__nand3_2)
                                                         _0709_ (net)
                      0.279186    0.002217    2.286199 ^ _1468_/A2 (sky130_fd_sc_hd__o211a_2)
     1    0.003452    0.082330    0.423355    2.709554 ^ _1468_/X (sky130_fd_sc_hd__o211a_2)
                                                         _0025_ (net)
                      0.082330    0.000213    2.709767 ^ _1597_/D (sky130_fd_sc_hd__dfxtp_2)
                                              2.709767   data arrival time

                                  0.000000    0.000000   clock clk (rise edge)
                                  0.000000    0.000000   clock source latency
     1    0.021561    0.160873    0.110352    0.110352 ^ clk (in)
                                                         clk (net)
                      0.160888    0.000000    0.110352 ^ clkbuf_0_clk/A (sky130_fd_sc_hd__clkbuf_16)
     8    0.086373    0.157612    0.339655    0.450006 ^ clkbuf_0_clk/X (sky130_fd_sc_hd__clkbuf_16)
                                                         clknet_0_clk (net)
                      0.158121    0.006480    0.456486 ^ clkbuf_3_6__f_clk/A (sky130_fd_sc_hd__clkbuf_16)
     8    0.024292    0.072747    0.267406    0.723892 ^ clkbuf_3_6__f_clk/X (sky130_fd_sc_hd__clkbuf_16)
                                                         clknet_3_6__leaf_clk (net)
                      0.072925    0.002331    0.726223 ^ _1597_/CLK (sky130_fd_sc_hd__dfxtp_2)
                                  0.250000    0.976223   clock uncertainty
                                  0.000000    0.976223   clock reconvergence pessimism
                                 -0.074319    0.901904   library hold time
                                              0.901904   data required time
---------------------------------------------------------------------------------------------
                                              0.901904   data required time
                                             -2.709767   data arrival time
---------------------------------------------------------------------------------------------
                                              1.807863   slack (MET)


Startpoint: _1574_ (rising edge-triggered flip-flop clocked by clk)
Endpoint: _1588_ (rising edge-triggered flip-flop clocked by clk)
Path Group: clk
Path Type: min

Fanout         Cap        Slew       Delay        Time   Description
---------------------------------------------------------------------------------------------
                                  0.000000    0.000000   clock clk (rise edge)
                                  0.000000    0.000000   clock source latency
     1    0.021561    0.160873    0.110352    0.110352 ^ clk (in)
                                                         clk (net)
                      0.160888    0.000000    0.110352 ^ clkbuf_0_clk/A (sky130_fd_sc_hd__clkbuf_16)
     8    0.086373    0.157612    0.339655    0.450006 ^ clkbuf_0_clk/X (sky130_fd_sc_hd__clkbuf_16)
                                                         clknet_0_clk (net)
                      0.158053    0.005941    0.455947 ^ clkbuf_3_3__f_clk/A (sky130_fd_sc_hd__clkbuf_16)
     8    0.031249    0.082230    0.277129    0.733076 ^ clkbuf_3_3__f_clk/X (sky130_fd_sc_hd__clkbuf_16)
                                                         clknet_3_3__leaf_clk (net)
                      0.082293    0.002021    0.735097 ^ _1574_/CLK (sky130_fd_sc_hd__dfxtp_2)
     3    0.014134    0.132555    0.711518    1.446615 ^ _1574_/Q (sky130_fd_sc_hd__dfxtp_2)
                                                         busy (net)
                      0.132560    0.001018    1.447633 ^ _0805_/A (sky130_fd_sc_hd__or3_2)
     2    0.008395    0.087473    0.248765    1.696398 ^ _0805_/X (sky130_fd_sc_hd__or3_2)
                                                         _0075_ (net)
                      0.087473    0.000436    1.696834 ^ _1438_/B (sky130_fd_sc_hd__or3b_2)
     9    0.035069    0.314047    0.385967    2.082801 ^ _1438_/X (sky130_fd_sc_hd__or3b_2)
                                                         _0699_ (net)
                      0.314213    0.003792    2.086593 ^ _1447_/B (sky130_fd_sc_hd__or2_2)
     1    0.003896    0.056304    0.285675    2.372268 ^ _1447_/X (sky130_fd_sc_hd__or2_2)
                                                         _0704_ (net)
                      0.056305    0.000280    2.372548 ^ _1448_/B1 (sky130_fd_sc_hd__o211a_2)
     1    0.002707    0.076511    0.351827    2.724375 ^ _1448_/X (sky130_fd_sc_hd__o211a_2)
                                                         _0016_ (net)
                      0.076511    0.000181    2.724556 ^ _1588_/D (sky130_fd_sc_hd__dfxtp_2)
                                              2.724556   data arrival time

                                  0.000000    0.000000   clock clk (rise edge)
                                  0.000000    0.000000   clock source latency
     1    0.021561    0.160873    0.110352    0.110352 ^ clk (in)
                                                         clk (net)
                      0.160888    0.000000    0.110352 ^ clkbuf_0_clk/A (sky130_fd_sc_hd__clkbuf_16)
     8    0.086373    0.157612    0.339655    0.450006 ^ clkbuf_0_clk/X (sky130_fd_sc_hd__clkbuf_16)
                                                         clknet_0_clk (net)
                      0.158123    0.006496    0.456502 ^ clkbuf_3_7__f_clk/A (sky130_fd_sc_hd__clkbuf_16)
     8    0.027834    0.077742    0.272049    0.728552 ^ clkbuf_3_7__f_clk/X (sky130_fd_sc_hd__clkbuf_16)
                                                         clknet_3_7__leaf_clk (net)
                      0.077929    0.003214    0.731765 ^ _1588_/CLK (sky130_fd_sc_hd__dfxtp_2)
                                  0.250000    0.981765   clock uncertainty
                                  0.000000    0.981765   clock reconvergence pessimism
                                 -0.072178    0.909587   library hold time
                                              0.909587   data required time
---------------------------------------------------------------------------------------------
                                              0.909587   data required time
                                             -2.724556   data arrival time
---------------------------------------------------------------------------------------------
                                              1.814970   slack (MET)


Startpoint: _1574_ (rising edge-triggered flip-flop clocked by clk)
Endpoint: _1586_ (rising edge-triggered flip-flop clocked by clk)
Path Group: clk
Path Type: min

Fanout         Cap        Slew       Delay        Time   Description
---------------------------------------------------------------------------------------------
                                  0.000000    0.000000   clock clk (rise edge)
                                  0.000000    0.000000   clock source latency
     1    0.021561    0.160873    0.110352    0.110352 ^ clk (in)
                                                         clk (net)
                      0.160888    0.000000    0.110352 ^ clkbuf_0_clk/A (sky130_fd_sc_hd__clkbuf_16)
     8    0.086373    0.157612    0.339655    0.450006 ^ clkbuf_0_clk/X (sky130_fd_sc_hd__clkbuf_16)
                                                         clknet_0_clk (net)
                      0.158053    0.005941    0.455947 ^ clkbuf_3_3__f_clk/A (sky130_fd_sc_hd__clkbuf_16)
     8    0.031249    0.082230    0.277129    0.733076 ^ clkbuf_3_3__f_clk/X (sky130_fd_sc_hd__clkbuf_16)
                                                         clknet_3_3__leaf_clk (net)
                      0.082293    0.002021    0.735097 ^ _1574_/CLK (sky130_fd_sc_hd__dfxtp_2)
     3    0.014134    0.132555    0.711518    1.446615 ^ _1574_/Q (sky130_fd_sc_hd__dfxtp_2)
                                                         busy (net)
                      0.132560    0.001018    1.447633 ^ _0805_/A (sky130_fd_sc_hd__or3_2)
     2    0.008395    0.087473    0.248765    1.696398 ^ _0805_/X (sky130_fd_sc_hd__or3_2)
                                                         _0075_ (net)
                      0.087473    0.000436    1.696834 ^ _1438_/B (sky130_fd_sc_hd__or3b_2)
     9    0.035069    0.314047    0.385967    2.082801 ^ _1438_/X (sky130_fd_sc_hd__or3b_2)
                                                         _0699_ (net)
                      0.314191    0.003123    2.085924 ^ _1443_/B (sky130_fd_sc_hd__or2_2)
     1    0.006260    0.072840    0.301871    2.387795 ^ _1443_/X (sky130_fd_sc_hd__or2_2)
                                                         _0702_ (net)
                      0.072842    0.000450    2.388245 ^ _1444_/B1 (sky130_fd_sc_hd__o211a_2)
     1    0.001954    0.070661    0.350211    2.738456 ^ _1444_/X (sky130_fd_sc_hd__o211a_2)
                                                         _0014_ (net)
                      0.070661    0.000090    2.738545 ^ _1586_/D (sky130_fd_sc_hd__dfxtp_2)
                                              2.738545   data arrival time

                                  0.000000    0.000000   clock clk (rise edge)
                                  0.000000    0.000000   clock source latency
     1    0.021561    0.160873    0.110352    0.110352 ^ clk (in)
                                                         clk (net)
                      0.160888    0.000000    0.110352 ^ clkbuf_0_clk/A (sky130_fd_sc_hd__clkbuf_16)
     8    0.086373    0.157612    0.339655    0.450006 ^ clkbuf_0_clk/X (sky130_fd_sc_hd__clkbuf_16)
                                                         clknet_0_clk (net)
                      0.158121    0.006480    0.456486 ^ clkbuf_3_6__f_clk/A (sky130_fd_sc_hd__clkbuf_16)
     8    0.024292    0.072747    0.267406    0.723892 ^ clkbuf_3_6__f_clk/X (sky130_fd_sc_hd__clkbuf_16)
                                                         clknet_3_6__leaf_clk (net)
                      0.072921    0.002288    0.726180 ^ _1586_/CLK (sky130_fd_sc_hd__dfxtp_2)
                                  0.250000    0.976180   clock uncertainty
                                  0.000000    0.976180   clock reconvergence pessimism
                                 -0.071622    0.904558   library hold time
                                              0.904558   data required time
---------------------------------------------------------------------------------------------
                                              0.904558   data required time
                                             -2.738545   data arrival time
---------------------------------------------------------------------------------------------
                                              1.833987   slack (MET)


Startpoint: _1630_ (rising edge-triggered flip-flop clocked by clk)
Endpoint: _1631_ (rising edge-triggered flip-flop clocked by clk)
Path Group: clk
Path Type: min

Fanout         Cap        Slew       Delay        Time   Description
---------------------------------------------------------------------------------------------
                                  0.000000    0.000000   clock clk (rise edge)
                                  0.000000    0.000000   clock source latency
     1    0.021561    0.160873    0.110352    0.110352 ^ clk (in)
                                                         clk (net)
                      0.160888    0.000000    0.110352 ^ clkbuf_0_clk/A (sky130_fd_sc_hd__clkbuf_16)
     8    0.086373    0.157612    0.339655    0.450006 ^ clkbuf_0_clk/X (sky130_fd_sc_hd__clkbuf_16)
                                                         clknet_0_clk (net)
                      0.158039    0.005824    0.455830 ^ clkbuf_3_2__f_clk/A (sky130_fd_sc_hd__clkbuf_16)
     8    0.024484    0.072988    0.267699    0.723529 ^ clkbuf_3_2__f_clk/X (sky130_fd_sc_hd__clkbuf_16)
                                                         clknet_3_2__leaf_clk (net)
                      0.073110    0.001735    0.725264 ^ _1630_/CLK (sky130_fd_sc_hd__dfxtp_2)
     4    0.012736    0.079458    0.640736    1.366000 v _1630_/Q (sky130_fd_sc_hd__dfxtp_2)
                                                         u_sync.lock_cnt[0] (net)
                      0.079458    0.000425    1.366425 v _1569_/A (sky130_fd_sc_hd__nand2_2)
     2    0.009967    0.098129    0.123282    1.489707 ^ _1569_/Y (sky130_fd_sc_hd__nand2_2)
                                                         _0785_ (net)
                      0.098171    0.000661    1.490368 ^ _1572_/A2 (sky130_fd_sc_hd__a2111oi_2)
     1    0.001734    0.049602    0.127728    1.618097 v _1572_/Y (sky130_fd_sc_hd__a2111oi_2)
                                                         _0058_ (net)
                      0.049602    0.000122    1.618219 v hold89/A (sky130_fd_sc_hd__dlygate4sd3_1)
     1    0.002678    0.104718    1.112546    2.730764 v hold89/X (sky130_fd_sc_hd__dlygate4sd3_1)
                                                         net89 (net)
                      0.104718    0.000179    2.730943 v _1631_/D (sky130_fd_sc_hd__dfxtp_2)
                                              2.730943   data arrival time

                                  0.000000    0.000000   clock clk (rise edge)
                                  0.000000    0.000000   clock source latency
     1    0.021561    0.160873    0.110352    0.110352 ^ clk (in)
                                                         clk (net)
                      0.160888    0.000000    0.110352 ^ clkbuf_0_clk/A (sky130_fd_sc_hd__clkbuf_16)
     8    0.086373    0.157612    0.339655    0.450006 ^ clkbuf_0_clk/X (sky130_fd_sc_hd__clkbuf_16)
                                                         clknet_0_clk (net)
                      0.158053    0.005941    0.455947 ^ clkbuf_3_3__f_clk/A (sky130_fd_sc_hd__clkbuf_16)
     8    0.031249    0.082230    0.277129    0.733076 ^ clkbuf_3_3__f_clk/X (sky130_fd_sc_hd__clkbuf_16)
                                                         clknet_3_3__leaf_clk (net)
                      0.082288    0.001949    0.735025 ^ _1631_/CLK (sky130_fd_sc_hd__dfxtp_2)
                                  0.250000    0.985025   clock uncertainty
                                  0.000000    0.985025   clock reconvergence pessimism
                                 -0.100104    0.884921   library hold time
                                              0.884921   data required time
---------------------------------------------------------------------------------------------
                                              0.884921   data required time
                                             -2.730943   data arrival time
---------------------------------------------------------------------------------------------
                                              1.846022   slack (MET)


Startpoint: _1574_ (rising edge-triggered flip-flop clocked by clk)
Endpoint: _1587_ (rising edge-triggered flip-flop clocked by clk)
Path Group: clk
Path Type: min

Fanout         Cap        Slew       Delay        Time   Description
---------------------------------------------------------------------------------------------
                                  0.000000    0.000000   clock clk (rise edge)
                                  0.000000    0.000000   clock source latency
     1    0.021561    0.160873    0.110352    0.110352 ^ clk (in)
                                                         clk (net)
                      0.160888    0.000000    0.110352 ^ clkbuf_0_clk/A (sky130_fd_sc_hd__clkbuf_16)
     8    0.086373    0.157612    0.339655    0.450006 ^ clkbuf_0_clk/X (sky130_fd_sc_hd__clkbuf_16)
                                                         clknet_0_clk (net)
                      0.158053    0.005941    0.455947 ^ clkbuf_3_3__f_clk/A (sky130_fd_sc_hd__clkbuf_16)
     8    0.031249    0.082230    0.277129    0.733076 ^ clkbuf_3_3__f_clk/X (sky130_fd_sc_hd__clkbuf_16)
                                                         clknet_3_3__leaf_clk (net)
                      0.082293    0.002021    0.735097 ^ _1574_/CLK (sky130_fd_sc_hd__dfxtp_2)
     3    0.014134    0.132555    0.711518    1.446615 ^ _1574_/Q (sky130_fd_sc_hd__dfxtp_2)
                                                         busy (net)
                      0.132560    0.001018    1.447633 ^ _0805_/A (sky130_fd_sc_hd__or3_2)
     2    0.008395    0.087473    0.248765    1.696398 ^ _0805_/X (sky130_fd_sc_hd__or3_2)
                                                         _0075_ (net)
                      0.087473    0.000436    1.696834 ^ _1438_/B (sky130_fd_sc_hd__or3b_2)
     9    0.035069    0.314047    0.385967    2.082801 ^ _1438_/X (sky130_fd_sc_hd__or3b_2)
                                                         _0699_ (net)
                      0.314232    0.004302    2.087103 ^ _1445_/B (sky130_fd_sc_hd__or2_2)
     1    0.005945    0.070755    0.300089    2.387192 ^ _1445_/X (sky130_fd_sc_hd__or2_2)
                                                         _0703_ (net)
                      0.070756    0.000342    2.387534 ^ _1446_/B1 (sky130_fd_sc_hd__o211a_2)
     1    0.003609    0.083499    0.367266    2.754800 ^ _1446_/X (sky130_fd_sc_hd__o211a_2)
                                                         _0015_ (net)
                      0.083499    0.000255    2.755055 ^ _1587_/D (sky130_fd_sc_hd__dfxtp_2)
                                              2.755055   data arrival time

                                  0.000000    0.000000   clock clk (rise edge)
                                  0.000000    0.000000   clock source latency
     1    0.021561    0.160873    0.110352    0.110352 ^ clk (in)
                                                         clk (net)
                      0.160888    0.000000    0.110352 ^ clkbuf_0_clk/A (sky130_fd_sc_hd__clkbuf_16)
     8    0.086373    0.157612    0.339655    0.450006 ^ clkbuf_0_clk/X (sky130_fd_sc_hd__clkbuf_16)
                                                         clknet_0_clk (net)
                      0.158121    0.006480    0.456486 ^ clkbuf_3_6__f_clk/A (sky130_fd_sc_hd__clkbuf_16)
     8    0.024292    0.072747    0.267406    0.723892 ^ clkbuf_3_6__f_clk/X (sky130_fd_sc_hd__clkbuf_16)
                                                         clknet_3_6__leaf_clk (net)
                      0.072917    0.002244    0.726136 ^ _1587_/CLK (sky130_fd_sc_hd__dfxtp_2)
                                  0.250000    0.976136   clock uncertainty
                                  0.000000    0.976136   clock reconvergence pessimism
                                 -0.074591    0.901546   library hold time
                                              0.901546   data required time
---------------------------------------------------------------------------------------------
                                              0.901546   data required time
                                             -2.755055   data arrival time
---------------------------------------------------------------------------------------------
                                              1.853509   slack (MET)


Startpoint: _1600_ (rising edge-triggered flip-flop clocked by clk)
Endpoint: _1604_ (rising edge-triggered flip-flop clocked by clk)
Path Group: clk
Path Type: min

Fanout         Cap        Slew       Delay        Time   Description
---------------------------------------------------------------------------------------------
                                  0.000000    0.000000   clock clk (rise edge)
                                  0.000000    0.000000   clock source latency
     1    0.021561    0.160873    0.110352    0.110352 ^ clk (in)
                                                         clk (net)
                      0.160888    0.000000    0.110352 ^ clkbuf_0_clk/A (sky130_fd_sc_hd__clkbuf_16)
     8    0.086373    0.157612    0.339655    0.450006 ^ clkbuf_0_clk/X (sky130_fd_sc_hd__clkbuf_16)
                                                         clknet_0_clk (net)
                      0.158031    0.005755    0.455761 ^ clkbuf_3_0__f_clk/A (sky130_fd_sc_hd__clkbuf_16)
     8    0.023747    0.072077    0.266674    0.722435 ^ clkbuf_3_0__f_clk/X (sky130_fd_sc_hd__clkbuf_16)
                                                         clknet_3_0__leaf_clk (net)
                      0.072110    0.001075    0.723510 ^ _1600_/CLK (sky130_fd_sc_hd__dfxtp_2)
     3    0.011111    0.072895    0.633400    1.356910 v _1600_/Q (sky130_fd_sc_hd__dfxtp_2)
                                                         u_dp.acc_q[0] (net)
                      0.072895    0.000757    1.357666 v _1348_/A (sky130_fd_sc_hd__nand3_2)
     3    0.011028    0.111449    0.130751    1.488417 ^ _1348_/Y (sky130_fd_sc_hd__nand3_2)
                                                         _0618_ (net)
                      0.111450    0.000491    1.488909 ^ _1350_/A (sky130_fd_sc_hd__nor2_2)
     3    0.011817    0.069329    0.113320    1.602228 v _1350_/Y (sky130_fd_sc_hd__nor2_2)
                                                         _0620_ (net)
                      0.069329    0.000210    1.602439 v _1353_/A (sky130_fd_sc_hd__nand2_2)
     3    0.010430    0.101667    0.121240    1.723678 ^ _1353_/Y (sky130_fd_sc_hd__nand2_2)
                                                         _0623_ (net)
                      0.101671    0.000486    1.724164 ^ _1355_/B (sky130_fd_sc_hd__or3_2)
     3    0.011146    0.106525    0.246035    1.970199 ^ _1355_/X (sky130_fd_sc_hd__or3_2)
                                                         _0625_ (net)
                      0.106527    0.000674    1.970873 ^ _1487_/C (sky130_fd_sc_hd__nand3_2)
     1    0.003418    0.092964    0.159329    2.130201 v _1487_/Y (sky130_fd_sc_hd__nand3_2)
                                                         _0728_ (net)
                      0.092964    0.000226    2.130428 v _1488_/A3 (sky130_fd_sc_hd__a31o_2)
     1    0.004151    0.064443    0.456658    2.587086 v _1488_/X (sky130_fd_sc_hd__a31o_2)
                                                         _0729_ (net)
                      0.064443    0.000279    2.587365 v _1489_/C1 (sky130_fd_sc_hd__o211a_2)
     1    0.002034    0.040275    0.198242    2.785607 v _1489_/X (sky130_fd_sc_hd__o211a_2)
                                                         _0032_ (net)
                      0.040275    0.000096    2.785703 v _1604_/D (sky130_fd_sc_hd__dfxtp_2)
                                              2.785703   data arrival time

                                  0.000000    0.000000   clock clk (rise edge)
                                  0.000000    0.000000   clock source latency
     1    0.021561    0.160873    0.110352    0.110352 ^ clk (in)
                                                         clk (net)
                      0.160888    0.000000    0.110352 ^ clkbuf_0_clk/A (sky130_fd_sc_hd__clkbuf_16)
     8    0.086373    0.157612    0.339655    0.450006 ^ clkbuf_0_clk/X (sky130_fd_sc_hd__clkbuf_16)
                                                         clknet_0_clk (net)
                      0.158039    0.005824    0.455830 ^ clkbuf_3_2__f_clk/A (sky130_fd_sc_hd__clkbuf_16)
     8    0.024484    0.072988    0.267699    0.723529 ^ clkbuf_3_2__f_clk/X (sky130_fd_sc_hd__clkbuf_16)
                                                         clknet_3_2__leaf_clk (net)
                      0.073055    0.001035    0.724564 ^ _1604_/CLK (sky130_fd_sc_hd__dfxtp_2)
                                  0.250000    0.974564   clock uncertainty
                                  0.000000    0.974564   clock reconvergence pessimism
                                 -0.078488    0.896076   library hold time
                                              0.896076   data required time
---------------------------------------------------------------------------------------------
                                              0.896076   data required time
                                             -2.785703   data arrival time
---------------------------------------------------------------------------------------------
                                              1.889627   slack (MET)


Startpoint: _1628_ (rising edge-triggered flip-flop clocked by clk)
Endpoint: _1629_ (rising edge-triggered flip-flop clocked by clk)
Path Group: clk
Path Type: min

Fanout         Cap        Slew       Delay        Time   Description
---------------------------------------------------------------------------------------------
                                  0.000000    0.000000   clock clk (rise edge)
                                  0.000000    0.000000   clock source latency
     1    0.021561    0.160873    0.110352    0.110352 ^ clk (in)
                                                         clk (net)
                      0.160888    0.000000    0.110352 ^ clkbuf_0_clk/A (sky130_fd_sc_hd__clkbuf_16)
     8    0.086373    0.157612    0.339655    0.450006 ^ clkbuf_0_clk/X (sky130_fd_sc_hd__clkbuf_16)
                                                         clknet_0_clk (net)
                      0.158039    0.005824    0.455830 ^ clkbuf_3_2__f_clk/A (sky130_fd_sc_hd__clkbuf_16)
     8    0.024484    0.072988    0.267699    0.723529 ^ clkbuf_3_2__f_clk/X (sky130_fd_sc_hd__clkbuf_16)
                                                         clknet_3_2__leaf_clk (net)
                      0.073160    0.002319    0.725848 ^ _1628_/CLK (sky130_fd_sc_hd__dfxtp_2)
     1    0.002706    0.052064    0.634282    1.360131 ^ _1628_/Q (sky130_fd_sc_hd__dfxtp_2)
                                                         u_sync.seen_reset[1] (net)
                      0.052064    0.000184    1.360315 ^ _1566_/B (sky130_fd_sc_hd__and2b_2)
     1    0.004983    0.078309    0.274710    1.635025 ^ _1566_/X (sky130_fd_sc_hd__and2b_2)
                                                         _0783_ (net)
                      0.078310    0.000369    1.635394 ^ _1567_/A2 (sky130_fd_sc_hd__o21a_2)
     1    0.002234    0.050012    0.215142    1.850536 ^ _1567_/X (sky130_fd_sc_hd__o21a_2)
                                                         _0056_ (net)
                      0.050012    0.000146    1.850681 ^ hold86/A (sky130_fd_sc_hd__dlygate4sd3_1)
     1    0.001934    0.081885    1.018784    2.869465 ^ hold86/X (sky130_fd_sc_hd__dlygate4sd3_1)
                                                         net86 (net)
                      0.081885    0.000132    2.869597 ^ _1629_/D (sky130_fd_sc_hd__dfxtp_2)
                                              2.869597   data arrival time

                                  0.000000    0.000000   clock clk (rise edge)
                                  0.000000    0.000000   clock source latency
     1    0.021561    0.160873    0.110352    0.110352 ^ clk (in)
                                                         clk (net)
                      0.160888    0.000000    0.110352 ^ clkbuf_0_clk/A (sky130_fd_sc_hd__clkbuf_16)
     8    0.086373    0.157612    0.339655    0.450006 ^ clkbuf_0_clk/X (sky130_fd_sc_hd__clkbuf_16)
                                                         clknet_0_clk (net)
                      0.158039    0.005824    0.455830 ^ clkbuf_3_2__f_clk/A (sky130_fd_sc_hd__clkbuf_16)
     8    0.024484    0.072988    0.267699    0.723529 ^ clkbuf_3_2__f_clk/X (sky130_fd_sc_hd__clkbuf_16)
                                                         clknet_3_2__leaf_clk (net)
                      0.073169    0.002420    0.725949 ^ _1629_/CLK (sky130_fd_sc_hd__dfxtp_2)
                                  0.250000    0.975949   clock uncertainty
                                  0.000000    0.975949   clock reconvergence pessimism
                                 -0.074178    0.901771   library hold time
                                              0.901771   data required time
---------------------------------------------------------------------------------------------
                                              0.901771   data required time
                                             -2.869597   data arrival time
---------------------------------------------------------------------------------------------
                                              1.967826   slack (MET)


Startpoint: _1575_ (rising edge-triggered flip-flop clocked by clk)
Endpoint: _1575_ (rising edge-triggered flip-flop clocked by clk)
Path Group: clk
Path Type: min

Fanout         Cap        Slew       Delay        Time   Description
---------------------------------------------------------------------------------------------
                                  0.000000    0.000000   clock clk (rise edge)
                                  0.000000    0.000000   clock source latency
     1    0.021561    0.160873    0.110352    0.110352 ^ clk (in)
                                                         clk (net)
                      0.160888    0.000000    0.110352 ^ clkbuf_0_clk/A (sky130_fd_sc_hd__clkbuf_16)
     8    0.086373    0.157612    0.339655    0.450006 ^ clkbuf_0_clk/X (sky130_fd_sc_hd__clkbuf_16)
                                                         clknet_0_clk (net)
                      0.158027    0.005719    0.455725 ^ clkbuf_3_1__f_clk/A (sky130_fd_sc_hd__clkbuf_16)
     8    0.023302    0.071532    0.266308    0.722032 ^ clkbuf_3_1__f_clk/X (sky130_fd_sc_hd__clkbuf_16)
                                                         clknet_3_1__leaf_clk (net)
                      0.071574    0.001237    0.723270 ^ _1575_/CLK (sky130_fd_sc_hd__dfxtp_2)
     2    0.013741    0.129618    0.704310    1.427580 ^ _1575_/Q (sky130_fd_sc_hd__dfxtp_2)
                                                         ovf (net)
                      0.129618    0.000099    1.427678 ^ hold95/A (sky130_fd_sc_hd__dlygate4sd3_1)
     1    0.003142    0.095747    1.069887    2.497565 ^ hold95/X (sky130_fd_sc_hd__dlygate4sd3_1)
                                                         net95 (net)
                      0.095747    0.000234    2.497798 ^ _1410_/B1 (sky130_fd_sc_hd__a21o_2)
     1    0.003357    0.048438    0.160890    2.658688 ^ _1410_/X (sky130_fd_sc_hd__a21o_2)
                                                         _0680_ (net)
                      0.048442    0.000198    2.658886 ^ _1411_/B (sky130_fd_sc_hd__and2_2)
     1    0.001933    0.061022    0.242107    2.900994 ^ _1411_/X (sky130_fd_sc_hd__and2_2)
                                                         _0003_ (net)
                      0.061022    0.000087    2.901080 ^ _1575_/D (sky130_fd_sc_hd__dfxtp_2)
                                              2.901080   data arrival time

                                  0.000000    0.000000   clock clk (rise edge)
                                  0.000000    0.000000   clock source latency
     1    0.021561    0.160873    0.110352    0.110352 ^ clk (in)
                                                         clk (net)
                      0.160888    0.000000    0.110352 ^ clkbuf_0_clk/A (sky130_fd_sc_hd__clkbuf_16)
     8    0.086373    0.157612    0.339655    0.450006 ^ clkbuf_0_clk/X (sky130_fd_sc_hd__clkbuf_16)
                                                         clknet_0_clk (net)
                      0.158027    0.005719    0.455725 ^ clkbuf_3_1__f_clk/A (sky130_fd_sc_hd__clkbuf_16)
     8    0.023302    0.071532    0.266308    0.722032 ^ clkbuf_3_1__f_clk/X (sky130_fd_sc_hd__clkbuf_16)
                                                         clknet_3_1__leaf_clk (net)
                      0.071574    0.001237    0.723270 ^ _1575_/CLK (sky130_fd_sc_hd__dfxtp_2)
                                  0.250000    0.973270   clock uncertainty
                                  0.000000    0.973270   clock reconvergence pessimism
                                 -0.069607    0.903662   library hold time
                                              0.903662   data required time
---------------------------------------------------------------------------------------------
                                              0.903662   data required time
                                             -2.901080   data arrival time
---------------------------------------------------------------------------------------------
                                              1.997418   slack (MET)


Startpoint: _1635_ (rising edge-triggered flip-flop clocked by clk)
Endpoint: _1574_ (rising edge-triggered flip-flop clocked by clk)
Path Group: clk
Path Type: min

Fanout         Cap        Slew       Delay        Time   Description
---------------------------------------------------------------------------------------------
                                  0.000000    0.000000   clock clk (rise edge)
                                  0.000000    0.000000   clock source latency
     1    0.021561    0.160873    0.110352    0.110352 ^ clk (in)
                                                         clk (net)
                      0.160888    0.000000    0.110352 ^ clkbuf_0_clk/A (sky130_fd_sc_hd__clkbuf_16)
     8    0.086373    0.157612    0.339655    0.450006 ^ clkbuf_0_clk/X (sky130_fd_sc_hd__clkbuf_16)
                                                         clknet_0_clk (net)
                      0.158121    0.006480    0.456486 ^ clkbuf_3_6__f_clk/A (sky130_fd_sc_hd__clkbuf_16)
     8    0.024292    0.072747    0.267406    0.723892 ^ clkbuf_3_6__f_clk/X (sky130_fd_sc_hd__clkbuf_16)
                                                         clknet_3_6__leaf_clk (net)
                      0.072889    0.001920    0.725812 ^ _1635_/CLK (sky130_fd_sc_hd__dfxtp_2)
     1    0.004186    0.061779    0.645523    1.371335 ^ _1635_/Q (sky130_fd_sc_hd__dfxtp_2)
                                                         u_rst_sync.rst_ff2 (net)
                      0.061779    0.000309    1.371644 ^ fanout42/A (sky130_fd_sc_hd__clkdlybuf4s25_1)
    10    0.056418    0.898379    1.045388    2.417032 ^ fanout42/X (sky130_fd_sc_hd__clkdlybuf4s25_1)
                                                         net42 (net)
                      0.898813    0.010843    2.427875 ^ _0803_/A (sky130_fd_sc_hd__and2_2)
     1    0.001837    0.070070    0.536251    2.964126 ^ _0803_/X (sky130_fd_sc_hd__and2_2)
                                                         _0002_ (net)
                      0.070070    0.000084    2.964210 ^ _1574_/D (sky130_fd_sc_hd__dfxtp_2)
                                              2.964210   data arrival time

                                  0.000000    0.000000   clock clk (rise edge)
                                  0.000000    0.000000   clock source latency
     1    0.021561    0.160873    0.110352    0.110352 ^ clk (in)
                                                         clk (net)
                      0.160888    0.000000    0.110352 ^ clkbuf_0_clk/A (sky130_fd_sc_hd__clkbuf_16)
     8    0.086373    0.157612    0.339655    0.450006 ^ clkbuf_0_clk/X (sky130_fd_sc_hd__clkbuf_16)
                                                         clknet_0_clk (net)
                      0.158053    0.005941    0.455947 ^ clkbuf_3_3__f_clk/A (sky130_fd_sc_hd__clkbuf_16)
     8    0.031249    0.082230    0.277129    0.733076 ^ clkbuf_3_3__f_clk/X (sky130_fd_sc_hd__clkbuf_16)
                                                         clknet_3_3__leaf_clk (net)
                      0.082293    0.002021    0.735097 ^ _1574_/CLK (sky130_fd_sc_hd__dfxtp_2)
                                  0.250000    0.985097   clock uncertainty
                                  0.000000    0.985097   clock reconvergence pessimism
                                 -0.069996    0.915101   library hold time
                                              0.915101   data required time
---------------------------------------------------------------------------------------------
                                              0.915101   data required time
                                             -2.964210   data arrival time
---------------------------------------------------------------------------------------------
                                              2.049109   slack (MET)


Startpoint: _1610_ (rising edge-triggered flip-flop clocked by clk)
Endpoint: _1610_ (rising edge-triggered flip-flop clocked by clk)
Path Group: clk
Path Type: min

Fanout         Cap        Slew       Delay        Time   Description
---------------------------------------------------------------------------------------------
                                  0.000000    0.000000   clock clk (rise edge)
                                  0.000000    0.000000   clock source latency
     1    0.021561    0.160873    0.110352    0.110352 ^ clk (in)
                                                         clk (net)
                      0.160888    0.000000    0.110352 ^ clkbuf_0_clk/A (sky130_fd_sc_hd__clkbuf_16)
     8    0.086373    0.157612    0.339655    0.450006 ^ clkbuf_0_clk/X (sky130_fd_sc_hd__clkbuf_16)
                                                         clknet_0_clk (net)
                      0.158027    0.005719    0.455725 ^ clkbuf_3_1__f_clk/A (sky130_fd_sc_hd__clkbuf_16)
     8    0.023302    0.071532    0.266308    0.722032 ^ clkbuf_3_1__f_clk/X (sky130_fd_sc_hd__clkbuf_16)
                                                         clknet_3_1__leaf_clk (net)
                      0.071563    0.001030    0.723063 ^ _1610_/CLK (sky130_fd_sc_hd__dfxtp_2)
     5    0.022066    0.189975    0.751809    1.474872 ^ _1610_/Q (sky130_fd_sc_hd__dfxtp_2)
                                                         u_dp.acc_q[10] (net)
                      0.189980    0.001276    1.476148 ^ hold100/A (sky130_fd_sc_hd__dlygate4sd3_1)
     1    0.003847    0.105053    1.104495    2.580643 ^ hold100/X (sky130_fd_sc_hd__dlygate4sd3_1)
                                                         net100 (net)
                      0.105053    0.000288    2.580931 ^ _1511_/A1 (sky130_fd_sc_hd__o211a_2)
     1    0.002167    0.072934    0.378376    2.959307 ^ _1511_/X (sky130_fd_sc_hd__o211a_2)
                                                         _0038_ (net)
                      0.072934    0.000155    2.959463 ^ _1610_/D (sky130_fd_sc_hd__dfxtp_2)
                                              2.959463   data arrival time

                                  0.000000    0.000000   clock clk (rise edge)
                                  0.000000    0.000000   clock source latency
     1    0.021561    0.160873    0.110352    0.110352 ^ clk (in)
                                                         clk (net)
                      0.160888    0.000000    0.110352 ^ clkbuf_0_clk/A (sky130_fd_sc_hd__clkbuf_16)
     8    0.086373    0.157612    0.339655    0.450006 ^ clkbuf_0_clk/X (sky130_fd_sc_hd__clkbuf_16)
                                                         clknet_0_clk (net)
                      0.158027    0.005719    0.455725 ^ clkbuf_3_1__f_clk/A (sky130_fd_sc_hd__clkbuf_16)
     8    0.023302    0.071532    0.266308    0.722032 ^ clkbuf_3_1__f_clk/X (sky130_fd_sc_hd__clkbuf_16)
                                                         clknet_3_1__leaf_clk (net)
                      0.071563    0.001030    0.723063 ^ _1610_/CLK (sky130_fd_sc_hd__dfxtp_2)
                                  0.250000    0.973063   clock uncertainty
                                  0.000000    0.973063   clock reconvergence pessimism
                                 -0.072363    0.900699   library hold time
                                              0.900699   data required time
---------------------------------------------------------------------------------------------
                                              0.900699   data required time
                                             -2.959463   data arrival time
---------------------------------------------------------------------------------------------
                                              2.058763   slack (MET)


Startpoint: _1605_ (rising edge-triggered flip-flop clocked by clk)
Endpoint: _1605_ (rising edge-triggered flip-flop clocked by clk)
Path Group: clk
Path Type: min

Fanout         Cap        Slew       Delay        Time   Description
---------------------------------------------------------------------------------------------
                                  0.000000    0.000000   clock clk (rise edge)
                                  0.000000    0.000000   clock source latency
     1    0.021561    0.160873    0.110352    0.110352 ^ clk (in)
                                                         clk (net)
                      0.160888    0.000000    0.110352 ^ clkbuf_0_clk/A (sky130_fd_sc_hd__clkbuf_16)
     8    0.086373    0.157612    0.339655    0.450006 ^ clkbuf_0_clk/X (sky130_fd_sc_hd__clkbuf_16)
                                                         clknet_0_clk (net)
                      0.158053    0.005941    0.455947 ^ clkbuf_3_3__f_clk/A (sky130_fd_sc_hd__clkbuf_16)
     8    0.031249    0.082230    0.277129    0.733076 ^ clkbuf_3_3__f_clk/X (sky130_fd_sc_hd__clkbuf_16)
                                                         clknet_3_3__leaf_clk (net)
                      0.082259    0.001471    0.734547 ^ _1605_/CLK (sky130_fd_sc_hd__dfxtp_2)
     4    0.014630    0.136169    0.714593    1.449140 ^ _1605_/Q (sky130_fd_sc_hd__dfxtp_2)
                                                         u_dp.acc_q[5] (net)
                      0.136171    0.000733    1.449873 ^ hold91/A (sky130_fd_sc_hd__dlygate4sd3_1)
     2    0.010911    0.202319    1.169567    2.619440 ^ hold91/X (sky130_fd_sc_hd__dlygate4sd3_1)
                                                         net91 (net)
                      0.202319    0.000887    2.620327 ^ _1493_/A1 (sky130_fd_sc_hd__o211a_2)
     1    0.002310    0.074016    0.413049    3.033376 ^ _1493_/X (sky130_fd_sc_hd__o211a_2)
                                                         _0033_ (net)
                      0.074016    0.000163    3.033539 ^ _1605_/D (sky130_fd_sc_hd__dfxtp_2)
                                              3.033539   data arrival time

                                  0.000000    0.000000   clock clk (rise edge)
                                  0.000000    0.000000   clock source latency
     1    0.021561    0.160873    0.110352    0.110352 ^ clk (in)
                                                         clk (net)
                      0.160888    0.000000    0.110352 ^ clkbuf_0_clk/A (sky130_fd_sc_hd__clkbuf_16)
     8    0.086373    0.157612    0.339655    0.450006 ^ clkbuf_0_clk/X (sky130_fd_sc_hd__clkbuf_16)
                                                         clknet_0_clk (net)
                      0.158053    0.005941    0.455947 ^ clkbuf_3_3__f_clk/A (sky130_fd_sc_hd__clkbuf_16)
     8    0.031249    0.082230    0.277129    0.733076 ^ clkbuf_3_3__f_clk/X (sky130_fd_sc_hd__clkbuf_16)
                                                         clknet_3_3__leaf_clk (net)
                      0.082259    0.001471    0.734547 ^ _1605_/CLK (sky130_fd_sc_hd__dfxtp_2)
                                  0.250000    0.984547   clock uncertainty
                                  0.000000    0.984547   clock reconvergence pessimism
                                 -0.070913    0.913634   library hold time
                                              0.913634   data required time
---------------------------------------------------------------------------------------------
                                              0.913634   data required time
                                             -3.033539   data arrival time
---------------------------------------------------------------------------------------------
                                              2.119905   slack (MET)


Startpoint: _1635_ (rising edge-triggered flip-flop clocked by clk)
Endpoint: _1624_ (rising edge-triggered flip-flop clocked by clk)
Path Group: clk
Path Type: min

Fanout         Cap        Slew       Delay        Time   Description
---------------------------------------------------------------------------------------------
                                  0.000000    0.000000   clock clk (rise edge)
                                  0.000000    0.000000   clock source latency
     1    0.021561    0.160873    0.110352    0.110352 ^ clk (in)
                                                         clk (net)
                      0.160888    0.000000    0.110352 ^ clkbuf_0_clk/A (sky130_fd_sc_hd__clkbuf_16)
     8    0.086373    0.157612    0.339655    0.450006 ^ clkbuf_0_clk/X (sky130_fd_sc_hd__clkbuf_16)
                                                         clknet_0_clk (net)
                      0.158121    0.006480    0.456486 ^ clkbuf_3_6__f_clk/A (sky130_fd_sc_hd__clkbuf_16)
     8    0.024292    0.072747    0.267406    0.723892 ^ clkbuf_3_6__f_clk/X (sky130_fd_sc_hd__clkbuf_16)
                                                         clknet_3_6__leaf_clk (net)
                      0.072889    0.001920    0.725812 ^ _1635_/CLK (sky130_fd_sc_hd__dfxtp_2)
     1    0.004009    0.043964    0.602301    1.328113 v _1635_/Q (sky130_fd_sc_hd__dfxtp_2)
                                                         u_rst_sync.rst_ff2 (net)
                      0.043964    0.000293    1.328406 v fanout42/A (sky130_fd_sc_hd__clkdlybuf4s25_1)
    10    0.055340    0.737523    0.947980    2.276386 v fanout42/X (sky130_fd_sc_hd__clkdlybuf4s25_1)
                                                         net42 (net)
                      0.737539    0.004355    2.280741 v fanout41/A (sky130_fd_sc_hd__clkdlybuf4s25_1)
     9    0.034867    0.473241    1.002961    3.283702 v fanout41/X (sky130_fd_sc_hd__clkdlybuf4s25_1)
                                                         net41 (net)
                      0.473253    0.002903    3.286606 v _1562_/A (sky130_fd_sc_hd__and2_2)
     1    0.017182    0.127548    0.625949    3.912555 v _1562_/X (sky130_fd_sc_hd__and2_2)
                                                         _0052_ (net)
                      0.127582    0.002020    3.914575 v _1624_/D (sky130_fd_sc_hd__dfxtp_2)
                                              3.914575   data arrival time

                                  0.000000    0.000000   clock clk (rise edge)
                                  0.000000    0.000000   clock source latency
     1    0.021561    0.160873    0.110352    0.110352 ^ clk (in)
                                                         clk (net)
                      0.160888    0.000000    0.110352 ^ clkbuf_0_clk/A (sky130_fd_sc_hd__clkbuf_16)
     8    0.086373    0.157612    0.339655    0.450006 ^ clkbuf_0_clk/X (sky130_fd_sc_hd__clkbuf_16)
                                                         clknet_0_clk (net)
                      0.158053    0.005941    0.455947 ^ clkbuf_3_3__f_clk/A (sky130_fd_sc_hd__clkbuf_16)
     8    0.031249    0.082230    0.277129    0.733076 ^ clkbuf_3_3__f_clk/X (sky130_fd_sc_hd__clkbuf_16)
                                                         clknet_3_3__leaf_clk (net)
                      0.082310    0.002243    0.735318 ^ _1624_/CLK (sky130_fd_sc_hd__dfxtp_2)
                                  0.250000    0.985319   clock uncertainty
                                  0.000000    0.985319   clock reconvergence pessimism
                                 -0.108542    0.876776   library hold time
                                              0.876776   data required time
---------------------------------------------------------------------------------------------
                                              0.876776   data required time
                                             -3.914575   data arrival time
---------------------------------------------------------------------------------------------
                                              3.037798   slack (MET)


Startpoint: rst_n (input port clocked by clk)
Endpoint: _1636_ (rising edge-triggered flip-flop clocked by clk)
Path Group: clk
Path Type: min

Fanout         Cap        Slew       Delay        Time   Description
---------------------------------------------------------------------------------------------
                                  0.000000    0.000000   clock clk (rise edge)
                                  0.000000    0.000000   clock network delay (propagated)
                                  4.000000    4.000000 v input external delay
     1    0.006156    0.031730    0.019838    4.019838 v rst_n (in)
                                                         rst_n (net)
                      0.031734    0.000000    4.019838 v input1/A (sky130_fd_sc_hd__clkdlybuf4s25_1)
     1    0.003756    0.085892    0.449944    4.469782 v input1/X (sky130_fd_sc_hd__clkdlybuf4s25_1)
                                                         net1 (net)
                      0.085892    0.000280    4.470062 v _1636_/D (sky130_fd_sc_hd__dfxtp_2)
                                              4.470062   data arrival time

                                  0.000000    0.000000   clock clk (rise edge)
                                  0.000000    0.000000   clock source latency
     1    0.021561    0.160873    0.110352    0.110352 ^ clk (in)
                                                         clk (net)
                      0.160888    0.000000    0.110352 ^ clkbuf_0_clk/A (sky130_fd_sc_hd__clkbuf_16)
     8    0.086373    0.157612    0.339655    0.450006 ^ clkbuf_0_clk/X (sky130_fd_sc_hd__clkbuf_16)
                                                         clknet_0_clk (net)
                      0.158123    0.006496    0.456502 ^ clkbuf_3_7__f_clk/A (sky130_fd_sc_hd__clkbuf_16)
     8    0.027834    0.077742    0.272049    0.728552 ^ clkbuf_3_7__f_clk/X (sky130_fd_sc_hd__clkbuf_16)
                                                         clknet_3_7__leaf_clk (net)
                      0.077929    0.003217    0.731769 ^ _1636_/CLK (sky130_fd_sc_hd__dfxtp_2)
                                  0.250000    0.981769   clock uncertainty
                                  0.000000    0.981769   clock reconvergence pessimism
                                 -0.094181    0.887588   library hold time
                                              0.887588   data required time
---------------------------------------------------------------------------------------------
                                              0.887588   data required time
                                             -4.470062   data arrival time
---------------------------------------------------------------------------------------------
                                              3.582474   slack (MET)


Startpoint: _1579_ (rising edge-triggered flip-flop clocked by clk)
Endpoint: uo_out[3] (output port clocked by clk)
Path Group: clk
Path Type: min

Fanout         Cap        Slew       Delay        Time   Description
---------------------------------------------------------------------------------------------
                                  0.000000    0.000000   clock clk (rise edge)
                                  0.000000    0.000000   clock source latency
     1    0.021561    0.160873    0.110352    0.110352 ^ clk (in)
                                                         clk (net)
                      0.160888    0.000000    0.110352 ^ clkbuf_0_clk/A (sky130_fd_sc_hd__clkbuf_16)
     8    0.086373    0.157612    0.339655    0.450006 ^ clkbuf_0_clk/X (sky130_fd_sc_hd__clkbuf_16)
                                                         clknet_0_clk (net)
                      0.158033    0.005776    0.455782 ^ clkbuf_3_5__f_clk/A (sky130_fd_sc_hd__clkbuf_16)
     8    0.029428    0.079638    0.275010    0.730793 ^ clkbuf_3_5__f_clk/X (sky130_fd_sc_hd__clkbuf_16)
                                                         clknet_3_5__leaf_clk (net)
                      0.079665    0.001350    0.732143 ^ _1579_/CLK (sky130_fd_sc_hd__dfxtp_2)
     1    0.034790    0.164185    0.717387    1.449530 v _1579_/Q (sky130_fd_sc_hd__dfxtp_2)
                                                         uo_out[3] (net)
                      0.164207    0.001917    1.451447 v uo_out[3] (out)
                                              1.451447   data arrival time

                                  0.000000    0.000000   clock clk (rise edge)
                                  0.000000    0.000000   clock network delay (propagated)
                                  0.250000    0.250000   clock uncertainty
                                  0.000000    0.250000   clock reconvergence pessimism
                                 -4.000000   -3.750000   output external delay
                                             -3.750000   data required time
---------------------------------------------------------------------------------------------
                                             -3.750000   data required time
                                             -1.451447   data arrival time
---------------------------------------------------------------------------------------------
                                              5.201447   slack (MET)


Startpoint: _1583_ (rising edge-triggered flip-flop clocked by clk)
Endpoint: uo_out[7] (output port clocked by clk)
Path Group: clk
Path Type: min

Fanout         Cap        Slew       Delay        Time   Description
---------------------------------------------------------------------------------------------
                                  0.000000    0.000000   clock clk (rise edge)
                                  0.000000    0.000000   clock source latency
     1    0.021561    0.160873    0.110352    0.110352 ^ clk (in)
                                                         clk (net)
                      0.160888    0.000000    0.110352 ^ clkbuf_0_clk/A (sky130_fd_sc_hd__clkbuf_16)
     8    0.086373    0.157612    0.339655    0.450006 ^ clkbuf_0_clk/X (sky130_fd_sc_hd__clkbuf_16)
                                                         clknet_0_clk (net)
                      0.158033    0.005776    0.455782 ^ clkbuf_3_5__f_clk/A (sky130_fd_sc_hd__clkbuf_16)
     8    0.029428    0.079638    0.275010    0.730793 ^ clkbuf_3_5__f_clk/X (sky130_fd_sc_hd__clkbuf_16)
                                                         clknet_3_5__leaf_clk (net)
                      0.079665    0.001353    0.732146 ^ _1583_/CLK (sky130_fd_sc_hd__dfxtp_2)
     1    0.035448    0.166845    0.719338    1.451484 v _1583_/Q (sky130_fd_sc_hd__dfxtp_2)
                                                         uo_out[7] (net)
                      0.166871    0.002089    1.453572 v uo_out[7] (out)
                                              1.453572   data arrival time

                                  0.000000    0.000000   clock clk (rise edge)
                                  0.000000    0.000000   clock network delay (propagated)
                                  0.250000    0.250000   clock uncertainty
                                  0.000000    0.250000   clock reconvergence pessimism
                                 -4.000000   -3.750000   output external delay
                                             -3.750000   data required time
---------------------------------------------------------------------------------------------
                                             -3.750000   data required time
                                             -1.453572   data arrival time
---------------------------------------------------------------------------------------------
                                              5.203572   slack (MET)


Startpoint: _1576_ (rising edge-triggered flip-flop clocked by clk)
Endpoint: uo_out[0] (output port clocked by clk)
Path Group: clk
Path Type: min

Fanout         Cap        Slew       Delay        Time   Description
---------------------------------------------------------------------------------------------
                                  0.000000    0.000000   clock clk (rise edge)
                                  0.000000    0.000000   clock source latency
     1    0.021561    0.160873    0.110352    0.110352 ^ clk (in)
                                                         clk (net)
                      0.160888    0.000000    0.110352 ^ clkbuf_0_clk/A (sky130_fd_sc_hd__clkbuf_16)
     8    0.086373    0.157612    0.339655    0.450006 ^ clkbuf_0_clk/X (sky130_fd_sc_hd__clkbuf_16)
                                                         clknet_0_clk (net)
                      0.158033    0.005776    0.455782 ^ clkbuf_3_5__f_clk/A (sky130_fd_sc_hd__clkbuf_16)
     8    0.029428    0.079638    0.275010    0.730793 ^ clkbuf_3_5__f_clk/X (sky130_fd_sc_hd__clkbuf_16)
                                                         clknet_3_5__leaf_clk (net)
                      0.079665    0.001354    0.732146 ^ _1576_/CLK (sky130_fd_sc_hd__dfxtp_2)
     1    0.035587    0.167373    0.719837    1.451983 v _1576_/Q (sky130_fd_sc_hd__dfxtp_2)
                                                         uo_out[0] (net)
                      0.167397    0.002026    1.454010 v uo_out[0] (out)
                                              1.454010   data arrival time

                                  0.000000    0.000000   clock clk (rise edge)
                                  0.000000    0.000000   clock network delay (propagated)
                                  0.250000    0.250000   clock uncertainty
                                  0.000000    0.250000   clock reconvergence pessimism
                                 -4.000000   -3.750000   output external delay
                                             -3.750000   data required time
---------------------------------------------------------------------------------------------
                                             -3.750000   data required time
                                             -1.454010   data arrival time
---------------------------------------------------------------------------------------------
                                              5.204010   slack (MET)


Startpoint: _1582_ (rising edge-triggered flip-flop clocked by clk)
Endpoint: uo_out[6] (output port clocked by clk)
Path Group: clk
Path Type: min

Fanout         Cap        Slew       Delay        Time   Description
---------------------------------------------------------------------------------------------
                                  0.000000    0.000000   clock clk (rise edge)
                                  0.000000    0.000000   clock source latency
     1    0.021561    0.160873    0.110352    0.110352 ^ clk (in)
                                                         clk (net)
                      0.160888    0.000000    0.110352 ^ clkbuf_0_clk/A (sky130_fd_sc_hd__clkbuf_16)
     8    0.086373    0.157612    0.339655    0.450006 ^ clkbuf_0_clk/X (sky130_fd_sc_hd__clkbuf_16)
                                                         clknet_0_clk (net)
                      0.158053    0.005941    0.455947 ^ clkbuf_3_3__f_clk/A (sky130_fd_sc_hd__clkbuf_16)
     8    0.031249    0.082230    0.277129    0.733076 ^ clkbuf_3_3__f_clk/X (sky130_fd_sc_hd__clkbuf_16)
                                                         clknet_3_3__leaf_clk (net)
                      0.082314    0.002291    0.735366 ^ _1582_/CLK (sky130_fd_sc_hd__dfxtp_2)
     1    0.035592    0.167393    0.721093    1.456460 v _1582_/Q (sky130_fd_sc_hd__dfxtp_2)
                                                         uo_out[6] (net)
                      0.167417    0.002012    1.458472 v uo_out[6] (out)
                                              1.458472   data arrival time

                                  0.000000    0.000000   clock clk (rise edge)
                                  0.000000    0.000000   clock network delay (propagated)
                                  0.250000    0.250000   clock uncertainty
                                  0.000000    0.250000   clock reconvergence pessimism
                                 -4.000000   -3.750000   output external delay
                                             -3.750000   data required time
---------------------------------------------------------------------------------------------
                                             -3.750000   data required time
                                             -1.458472   data arrival time
---------------------------------------------------------------------------------------------
                                              5.208472   slack (MET)


Startpoint: _1577_ (rising edge-triggered flip-flop clocked by clk)
Endpoint: uo_out[1] (output port clocked by clk)
Path Group: clk
Path Type: min

Fanout         Cap        Slew       Delay        Time   Description
---------------------------------------------------------------------------------------------
                                  0.000000    0.000000   clock clk (rise edge)
                                  0.000000    0.000000   clock source latency
     1    0.021561    0.160873    0.110352    0.110352 ^ clk (in)
                                                         clk (net)
                      0.160888    0.000000    0.110352 ^ clkbuf_0_clk/A (sky130_fd_sc_hd__clkbuf_16)
     8    0.086373    0.157612    0.339655    0.450006 ^ clkbuf_0_clk/X (sky130_fd_sc_hd__clkbuf_16)
                                                         clknet_0_clk (net)
                      0.157902    0.004518    0.454524 ^ clkbuf_3_4__f_clk/A (sky130_fd_sc_hd__clkbuf_16)
     8    0.033051    0.084791    0.279368    0.733892 ^ clkbuf_3_4__f_clk/X (sky130_fd_sc_hd__clkbuf_16)
                                                         clknet_3_4__leaf_clk (net)
                      0.084955    0.003200    0.737092 ^ _1577_/CLK (sky130_fd_sc_hd__dfxtp_2)
     1    0.035492    0.167032    0.721907    1.458999 v _1577_/Q (sky130_fd_sc_hd__dfxtp_2)
                                                         uo_out[1] (net)
                      0.167060    0.002130    1.461129 v uo_out[1] (out)
                                              1.461129   data arrival time

                                  0.000000    0.000000   clock clk (rise edge)
                                  0.000000    0.000000   clock network delay (propagated)
                                  0.250000    0.250000   clock uncertainty
                                  0.000000    0.250000   clock reconvergence pessimism
                                 -4.000000   -3.750000   output external delay
                                             -3.750000   data required time
---------------------------------------------------------------------------------------------
                                             -3.750000   data required time
                                             -1.461129   data arrival time
---------------------------------------------------------------------------------------------
                                              5.211130   slack (MET)


Startpoint: _1581_ (rising edge-triggered flip-flop clocked by clk)
Endpoint: uo_out[5] (output port clocked by clk)
Path Group: clk
Path Type: min

Fanout         Cap        Slew       Delay        Time   Description
---------------------------------------------------------------------------------------------
                                  0.000000    0.000000   clock clk (rise edge)
                                  0.000000    0.000000   clock source latency
     1    0.021561    0.160873    0.110352    0.110352 ^ clk (in)
                                                         clk (net)
                      0.160888    0.000000    0.110352 ^ clkbuf_0_clk/A (sky130_fd_sc_hd__clkbuf_16)
     8    0.086373    0.157612    0.339655    0.450006 ^ clkbuf_0_clk/X (sky130_fd_sc_hd__clkbuf_16)
                                                         clknet_0_clk (net)
                      0.157902    0.004518    0.454524 ^ clkbuf_3_4__f_clk/A (sky130_fd_sc_hd__clkbuf_16)
     8    0.033051    0.084791    0.279368    0.733892 ^ clkbuf_3_4__f_clk/X (sky130_fd_sc_hd__clkbuf_16)
                                                         clknet_3_4__leaf_clk (net)
                      0.084947    0.003133    0.737025 ^ _1581_/CLK (sky130_fd_sc_hd__dfxtp_2)
     1    0.035733    0.167959    0.722741    1.459766 v _1581_/Q (sky130_fd_sc_hd__dfxtp_2)
                                                         uo_out[5] (net)
                      0.167983    0.002019    1.461785 v uo_out[5] (out)
                                              1.461785   data arrival time

                                  0.000000    0.000000   clock clk (rise edge)
                                  0.000000    0.000000   clock network delay (propagated)
                                  0.250000    0.250000   clock uncertainty
                                  0.000000    0.250000   clock reconvergence pessimism
                                 -4.000000   -3.750000   output external delay
                                             -3.750000   data required time
---------------------------------------------------------------------------------------------
                                             -3.750000   data required time
                                             -1.461785   data arrival time
---------------------------------------------------------------------------------------------
                                              5.211785   slack (MET)


Startpoint: _1578_ (rising edge-triggered flip-flop clocked by clk)
Endpoint: uo_out[2] (output port clocked by clk)
Path Group: clk
Path Type: min

Fanout         Cap        Slew       Delay        Time   Description
---------------------------------------------------------------------------------------------
                                  0.000000    0.000000   clock clk (rise edge)
                                  0.000000    0.000000   clock source latency
     1    0.021561    0.160873    0.110352    0.110352 ^ clk (in)
                                                         clk (net)
                      0.160888    0.000000    0.110352 ^ clkbuf_0_clk/A (sky130_fd_sc_hd__clkbuf_16)
     8    0.086373    0.157612    0.339655    0.450006 ^ clkbuf_0_clk/X (sky130_fd_sc_hd__clkbuf_16)
                                                         clknet_0_clk (net)
                      0.157902    0.004518    0.454524 ^ clkbuf_3_4__f_clk/A (sky130_fd_sc_hd__clkbuf_16)
     8    0.033051    0.084791    0.279368    0.733892 ^ clkbuf_3_4__f_clk/X (sky130_fd_sc_hd__clkbuf_16)
                                                         clknet_3_4__leaf_clk (net)
                      0.084957    0.003224    0.737116 ^ _1578_/CLK (sky130_fd_sc_hd__dfxtp_2)
     1    0.036133    0.169545    0.724024    1.461141 v _1578_/Q (sky130_fd_sc_hd__dfxtp_2)
                                                         uo_out[2] (net)
                      0.169569    0.002020    1.463161 v uo_out[2] (out)
                                              1.463161   data arrival time

                                  0.000000    0.000000   clock clk (rise edge)
                                  0.000000    0.000000   clock network delay (propagated)
                                  0.250000    0.250000   clock uncertainty
                                  0.000000    0.250000   clock reconvergence pessimism
                                 -4.000000   -3.750000   output external delay
                                             -3.750000   data required time
---------------------------------------------------------------------------------------------
                                             -3.750000   data required time
                                             -1.463161   data arrival time
---------------------------------------------------------------------------------------------
                                              5.213161   slack (MET)


Startpoint: _1580_ (rising edge-triggered flip-flop clocked by clk)
Endpoint: uo_out[4] (output port clocked by clk)
Path Group: clk
Path Type: min

Fanout         Cap        Slew       Delay        Time   Description
---------------------------------------------------------------------------------------------
                                  0.000000    0.000000   clock clk (rise edge)
                                  0.000000    0.000000   clock source latency
     1    0.021561    0.160873    0.110352    0.110352 ^ clk (in)
                                                         clk (net)
                      0.160888    0.000000    0.110352 ^ clkbuf_0_clk/A (sky130_fd_sc_hd__clkbuf_16)
     8    0.086373    0.157612    0.339655    0.450006 ^ clkbuf_0_clk/X (sky130_fd_sc_hd__clkbuf_16)
                                                         clknet_0_clk (net)
                      0.158053    0.005941    0.455947 ^ clkbuf_3_3__f_clk/A (sky130_fd_sc_hd__clkbuf_16)
     8    0.031249    0.082230    0.277129    0.733076 ^ clkbuf_3_3__f_clk/X (sky130_fd_sc_hd__clkbuf_16)
                                                         clknet_3_3__leaf_clk (net)
                      0.082309    0.002236    0.735312 ^ _1580_/CLK (sky130_fd_sc_hd__dfxtp_2)
     1    0.037800    0.176316    0.727650    1.462962 v _1580_/Q (sky130_fd_sc_hd__dfxtp_2)
                                                         uo_out[4] (net)
                      0.176362    0.002714    1.465676 v uo_out[4] (out)
                                              1.465676   data arrival time

                                  0.000000    0.000000   clock clk (rise edge)
                                  0.000000    0.000000   clock network delay (propagated)
                                  0.250000    0.250000   clock uncertainty
                                  0.000000    0.250000   clock reconvergence pessimism
                                 -4.000000   -3.750000   output external delay
                                             -3.750000   data required time
---------------------------------------------------------------------------------------------
                                             -3.750000   data required time
                                             -1.465676   data arrival time
---------------------------------------------------------------------------------------------
                                              5.215676   slack (MET)


Startpoint: _1575_ (rising edge-triggered flip-flop clocked by clk)
Endpoint: uio_out[5] (output port clocked by clk)
Path Group: clk
Path Type: min

Fanout         Cap        Slew       Delay        Time   Description
---------------------------------------------------------------------------------------------
                                  0.000000    0.000000   clock clk (rise edge)
                                  0.000000    0.000000   clock source latency
     1    0.021561    0.160873    0.110352    0.110352 ^ clk (in)
                                                         clk (net)
                      0.160888    0.000000    0.110352 ^ clkbuf_0_clk/A (sky130_fd_sc_hd__clkbuf_16)
     8    0.086373    0.157612    0.339655    0.450006 ^ clkbuf_0_clk/X (sky130_fd_sc_hd__clkbuf_16)
                                                         clknet_0_clk (net)
                      0.158027    0.005719    0.455725 ^ clkbuf_3_1__f_clk/A (sky130_fd_sc_hd__clkbuf_16)
     8    0.023302    0.071532    0.266308    0.722032 ^ clkbuf_3_1__f_clk/X (sky130_fd_sc_hd__clkbuf_16)
                                                         clknet_3_1__leaf_clk (net)
                      0.071574    0.001237    0.723270 ^ _1575_/CLK (sky130_fd_sc_hd__dfxtp_2)
     2    0.013495    0.082785    0.642901    1.366170 v _1575_/Q (sky130_fd_sc_hd__dfxtp_2)
                                                         ovf (net)
                      0.082785    0.000977    1.367147 v _1652_/A (sky130_fd_sc_hd__buf_2)
     1    0.034772    0.168242    0.351173    1.718320 v _1652_/X (sky130_fd_sc_hd__buf_2)
                                                         uio_out[5] (net)
                      0.168266    0.002038    1.720358 v uio_out[5] (out)
                                              1.720358   data arrival time

                                  0.000000    0.000000   clock clk (rise edge)
                                  0.000000    0.000000   clock network delay (propagated)
                                  0.250000    0.250000   clock uncertainty
                                  0.000000    0.250000   clock reconvergence pessimism
                                 -4.000000   -3.750000   output external delay
                                             -3.750000   data required time
---------------------------------------------------------------------------------------------
                                             -3.750000   data required time
                                             -1.720358   data arrival time
---------------------------------------------------------------------------------------------
                                              5.470358   slack (MET)


Startpoint: _1574_ (rising edge-triggered flip-flop clocked by clk)
Endpoint: uio_out[4] (output port clocked by clk)
Path Group: clk
Path Type: min

Fanout         Cap        Slew       Delay        Time   Description
---------------------------------------------------------------------------------------------
                                  0.000000    0.000000   clock clk (rise edge)
                                  0.000000    0.000000   clock source latency
     1    0.021561    0.160873    0.110352    0.110352 ^ clk (in)
                                                         clk (net)
                      0.160888    0.000000    0.110352 ^ clkbuf_0_clk/A (sky130_fd_sc_hd__clkbuf_16)
     8    0.086373    0.157612    0.339655    0.450006 ^ clkbuf_0_clk/X (sky130_fd_sc_hd__clkbuf_16)
                                                         clknet_0_clk (net)
                      0.158053    0.005941    0.455947 ^ clkbuf_3_3__f_clk/A (sky130_fd_sc_hd__clkbuf_16)
     8    0.031249    0.082230    0.277129    0.733076 ^ clkbuf_3_3__f_clk/X (sky130_fd_sc_hd__clkbuf_16)
                                                         clknet_3_3__leaf_clk (net)
                      0.082293    0.002021    0.735097 ^ _1574_/CLK (sky130_fd_sc_hd__dfxtp_2)
     3    0.013513    0.082905    0.647816    1.382913 v _1574_/Q (sky130_fd_sc_hd__dfxtp_2)
                                                         busy (net)
                      0.082905    0.000383    1.383296 v _1651_/A (sky130_fd_sc_hd__buf_2)
     1    0.035571    0.171406    0.353811    1.737106 v _1651_/X (sky130_fd_sc_hd__buf_2)
                                                         uio_out[4] (net)
                      0.171429    0.001992    1.739098 v uio_out[4] (out)
                                              1.739098   data arrival time

                                  0.000000    0.000000   clock clk (rise edge)
                                  0.000000    0.000000   clock network delay (propagated)
                                  0.250000    0.250000   clock uncertainty
                                  0.000000    0.250000   clock reconvergence pessimism
                                 -4.000000   -3.750000   output external delay
                                             -3.750000   data required time
---------------------------------------------------------------------------------------------
                                             -3.750000   data required time
                                             -1.739098   data arrival time
---------------------------------------------------------------------------------------------
                                              5.489098   slack (MET)



