
===========================================================================
report_checks -path_delay min (Hold)
============================================================================
======================= max_tt_025C_1v80 Corner ===================================

Startpoint: _1601_ (rising edge-triggered flip-flop clocked by clk)
Endpoint: _1601_ (rising edge-triggered flip-flop clocked by clk)
Path Group: clk
Path Type: min

Fanout         Cap        Slew       Delay        Time   Description
---------------------------------------------------------------------------------------------
                                  0.000000    0.000000   clock clk (rise edge)
                                  0.000000    0.000000   clock source latency
     1    0.021561    0.102711    0.071098    0.071098 ^ clk (in)
                                                         clk (net)
                      0.102734    0.000000    0.071098 ^ clkbuf_0_clk/A (sky130_fd_sc_hd__clkbuf_16)
     8    0.086373    0.103479    0.194327    0.265425 ^ clkbuf_0_clk/X (sky130_fd_sc_hd__clkbuf_16)
                                                         clknet_0_clk (net)
                      0.103970    0.005738    0.271164 ^ clkbuf_3_0__f_clk/A (sky130_fd_sc_hd__clkbuf_16)
     8    0.025019    0.046527    0.151075    0.422239 ^ clkbuf_3_0__f_clk/X (sky130_fd_sc_hd__clkbuf_16)
                                                         clknet_3_0__leaf_clk (net)
                      0.046556    0.001140    0.423378 ^ _1601_/CLK (sky130_fd_sc_hd__dfxtp_2)
     4    0.022315    0.119532    0.375065    0.798443 ^ _1601_/Q (sky130_fd_sc_hd__dfxtp_2)
                                                         u_dp.acc_q[1] (net)
                      0.119533    0.000650    0.799093 ^ _1480_/A1 (sky130_fd_sc_hd__o211a_2)
     1    0.002968    0.041987    0.184242    0.983335 ^ _1480_/X (sky130_fd_sc_hd__o211a_2)
                                                         _0029_ (net)
                      0.041987    0.000119    0.983454 ^ _1601_/D (sky130_fd_sc_hd__dfxtp_2)
                                              0.983454   data arrival time

                                  0.000000    0.000000   clock clk (rise edge)
                                  0.000000    0.000000   clock source latency
     1    0.021561    0.102711    0.071098    0.071098 ^ clk (in)
                                                         clk (net)
                      0.102734    0.000000    0.071098 ^ clkbuf_0_clk/A (sky130_fd_sc_hd__clkbuf_16)
     8    0.086373    0.103479    0.194327    0.265425 ^ clkbuf_0_clk/X (sky130_fd_sc_hd__clkbuf_16)
                                                         clknet_0_clk (net)
                      0.103970    0.005738    0.271164 ^ clkbuf_3_0__f_clk/A (sky130_fd_sc_hd__clkbuf_16)
     8    0.025019    0.046527    0.151075    0.422239 ^ clkbuf_3_0__f_clk/X (sky130_fd_sc_hd__clkbuf_16)
                                                         clknet_3_0__leaf_clk (net)
                      0.046556    0.001140    0.423378 ^ _1601_/CLK (sky130_fd_sc_hd__dfxtp_2)
                                  0.250000    0.673378   clock uncertainty
                                  0.000000    0.673378   clock reconvergence pessimism
                                 -0.030361    0.643018   library hold time
                                              0.643018   data required time
---------------------------------------------------------------------------------------------
                                              0.643018   data required time
                                             -0.983454   data arrival time
---------------------------------------------------------------------------------------------
                                              0.340436   slack (MET)


Startpoint: _1609_ (rising edge-triggered flip-flop clocked by clk)
Endpoint: _1609_ (rising edge-triggered flip-flop clocked by clk)
Path Group: clk
Path Type: min

Fanout         Cap        Slew       Delay        Time   Description
---------------------------------------------------------------------------------------------
                                  0.000000    0.000000   clock clk (rise edge)
                                  0.000000    0.000000   clock source latency
     1    0.021561    0.102711    0.071098    0.071098 ^ clk (in)
                                                         clk (net)
                      0.102734    0.000000    0.071098 ^ clkbuf_0_clk/A (sky130_fd_sc_hd__clkbuf_16)
     8    0.086373    0.103479    0.194327    0.265425 ^ clkbuf_0_clk/X (sky130_fd_sc_hd__clkbuf_16)
                                                         clknet_0_clk (net)
                      0.103964    0.005702    0.271128 ^ clkbuf_3_1__f_clk/A (sky130_fd_sc_hd__clkbuf_16)
     8    0.024574    0.045977    0.150956    0.422084 ^ clkbuf_3_1__f_clk/X (sky130_fd_sc_hd__clkbuf_16)
                                                         clknet_3_1__leaf_clk (net)
                      0.046018    0.001174    0.423258 ^ _1609_/CLK (sky130_fd_sc_hd__dfxtp_2)
     4    0.024586    0.130475    0.382636    0.805893 ^ _1609_/Q (sky130_fd_sc_hd__dfxtp_2)
                                                         u_dp.acc_q[9] (net)
                      0.130479    0.000917    0.806810 ^ _1507_/A1 (sky130_fd_sc_hd__o211a_2)
     1    0.002278    0.038571    0.182249    0.989060 ^ _1507_/X (sky130_fd_sc_hd__o211a_2)
                                                         _0037_ (net)
                      0.038571    0.000157    0.989217 ^ _1609_/D (sky130_fd_sc_hd__dfxtp_2)
                                              0.989217   data arrival time

                                  0.000000    0.000000   clock clk (rise edge)
                                  0.000000    0.000000   clock source latency
     1    0.021561    0.102711    0.071098    0.071098 ^ clk (in)
                                                         clk (net)
                      0.102734    0.000000    0.071098 ^ clkbuf_0_clk/A (sky130_fd_sc_hd__clkbuf_16)
     8    0.086373    0.103479    0.194327    0.265425 ^ clkbuf_0_clk/X (sky130_fd_sc_hd__clkbuf_16)
                                                         clknet_0_clk (net)
                      0.103964    0.005702    0.271128 ^ clkbuf_3_1__f_clk/A (sky130_fd_sc_hd__clkbuf_16)
     8    0.024574    0.045977    0.150956    0.422084 ^ clkbuf_3_1__f_clk/X (sky130_fd_sc_hd__clkbuf_16)
                                                         clknet_3_1__leaf_clk (net)
                      0.046018    0.001174    0.423258 ^ _1609_/CLK (sky130_fd_sc_hd__dfxtp_2)
                                  0.250000    0.673258   clock uncertainty
                                  0.000000    0.673258   clock reconvergence pessimism
                                 -0.029724    0.643534   library hold time
                                              0.643534   data required time
---------------------------------------------------------------------------------------------
                                              0.643534   data required time
                                             -0.989217   data arrival time
---------------------------------------------------------------------------------------------
                                              0.345683   slack (MET)


Startpoint: _1606_ (rising edge-triggered flip-flop clocked by clk)
Endpoint: _1606_ (rising edge-triggered flip-flop clocked by clk)
Path Group: clk
Path Type: min

Fanout         Cap        Slew       Delay        Time   Description
---------------------------------------------------------------------------------------------
                                  0.000000    0.000000   clock clk (rise edge)
                                  0.000000    0.000000   clock source latency
     1    0.021561    0.102711    0.071098    0.071098 ^ clk (in)
                                                         clk (net)
                      0.102734    0.000000    0.071098 ^ clkbuf_0_clk/A (sky130_fd_sc_hd__clkbuf_16)
     8    0.086373    0.103479    0.194327    0.265425 ^ clkbuf_0_clk/X (sky130_fd_sc_hd__clkbuf_16)
                                                         clknet_0_clk (net)
                      0.103777    0.004508    0.269933 ^ clkbuf_3_4__f_clk/A (sky130_fd_sc_hd__clkbuf_16)
     8    0.034323    0.054640    0.158363    0.428296 ^ clkbuf_3_4__f_clk/X (sky130_fd_sc_hd__clkbuf_16)
                                                         clknet_3_4__leaf_clk (net)
                      0.054959    0.002824    0.431120 ^ _1606_/CLK (sky130_fd_sc_hd__dfxtp_2)
     4    0.024991    0.132409    0.387044    0.818164 ^ _1606_/Q (sky130_fd_sc_hd__dfxtp_2)
                                                         u_dp.acc_q[6] (net)
                      0.132410    0.000701    0.818865 ^ _1496_/A1 (sky130_fd_sc_hd__o211a_2)
     1    0.002120    0.037787    0.181675    1.000539 ^ _1496_/X (sky130_fd_sc_hd__o211a_2)
                                                         _0034_ (net)
                      0.037787    0.000099    1.000638 ^ _1606_/D (sky130_fd_sc_hd__dfxtp_2)
                                              1.000638   data arrival time

                                  0.000000    0.000000   clock clk (rise edge)
                                  0.000000    0.000000   clock source latency
     1    0.021561    0.102711    0.071098    0.071098 ^ clk (in)
                                                         clk (net)
                      0.102734    0.000000    0.071098 ^ clkbuf_0_clk/A (sky130_fd_sc_hd__clkbuf_16)
     8    0.086373    0.103479    0.194327    0.265425 ^ clkbuf_0_clk/X (sky130_fd_sc_hd__clkbuf_16)
                                                         clknet_0_clk (net)
                      0.103777    0.004508    0.269933 ^ clkbuf_3_4__f_clk/A (sky130_fd_sc_hd__clkbuf_16)
     8    0.034323    0.054640    0.158363    0.428296 ^ clkbuf_3_4__f_clk/X (sky130_fd_sc_hd__clkbuf_16)
                                                         clknet_3_4__leaf_clk (net)
                      0.054959    0.002824    0.431120 ^ _1606_/CLK (sky130_fd_sc_hd__dfxtp_2)
                                  0.250000    0.681120   clock uncertainty
                                  0.000000    0.681120   clock reconvergence pessimism
                                 -0.028386    0.652734   library hold time
                                              0.652734   data required time
---------------------------------------------------------------------------------------------
                                              0.652734   data required time
                                             -1.000638   data arrival time
---------------------------------------------------------------------------------------------
                                              0.347904   slack (MET)


Startpoint: _1603_ (rising edge-triggered flip-flop clocked by clk)
Endpoint: _1603_ (rising edge-triggered flip-flop clocked by clk)
Path Group: clk
Path Type: min

Fanout         Cap        Slew       Delay        Time   Description
---------------------------------------------------------------------------------------------
                                  0.000000    0.000000   clock clk (rise edge)
                                  0.000000    0.000000   clock source latency
     1    0.021561    0.102711    0.071098    0.071098 ^ clk (in)
                                                         clk (net)
                      0.102734    0.000000    0.071098 ^ clkbuf_0_clk/A (sky130_fd_sc_hd__clkbuf_16)
     8    0.086373    0.103479    0.194327    0.265425 ^ clkbuf_0_clk/X (sky130_fd_sc_hd__clkbuf_16)
                                                         clknet_0_clk (net)
                      0.103982    0.005806    0.271232 ^ clkbuf_3_2__f_clk/A (sky130_fd_sc_hd__clkbuf_16)
     8    0.025756    0.047214    0.151748    0.422980 ^ clkbuf_3_2__f_clk/X (sky130_fd_sc_hd__clkbuf_16)
                                                         clknet_3_2__leaf_clk (net)
                      0.047217    0.000757    0.423737 ^ _1603_/CLK (sky130_fd_sc_hd__dfxtp_2)
     5    0.024818    0.131203    0.383540    0.807276 ^ _1603_/Q (sky130_fd_sc_hd__dfxtp_2)
                                                         u_dp.acc_q[3] (net)
                      0.131219    0.001516    0.808792 ^ _1486_/A1 (sky130_fd_sc_hd__o211a_2)
     1    0.002548    0.039946    0.184052    0.992843 ^ _1486_/X (sky130_fd_sc_hd__o211a_2)
                                                         _0031_ (net)
                      0.039946    0.000170    0.993014 ^ _1603_/D (sky130_fd_sc_hd__dfxtp_2)
                                              0.993014   data arrival time

                                  0.000000    0.000000   clock clk (rise edge)
                                  0.000000    0.000000   clock source latency
     1    0.021561    0.102711    0.071098    0.071098 ^ clk (in)
                                                         clk (net)
                      0.102734    0.000000    0.071098 ^ clkbuf_0_clk/A (sky130_fd_sc_hd__clkbuf_16)
     8    0.086373    0.103479    0.194327    0.265425 ^ clkbuf_0_clk/X (sky130_fd_sc_hd__clkbuf_16)
                                                         clknet_0_clk (net)
                      0.103982    0.005806    0.271232 ^ clkbuf_3_2__f_clk/A (sky130_fd_sc_hd__clkbuf_16)
     8    0.025756    0.047214    0.151748    0.422980 ^ clkbuf_3_2__f_clk/X (sky130_fd_sc_hd__clkbuf_16)
                                                         clknet_3_2__leaf_clk (net)
                      0.047217    0.000757    0.423737 ^ _1603_/CLK (sky130_fd_sc_hd__dfxtp_2)
                                  0.250000    0.673737   clock uncertainty
                                  0.000000    0.673737   clock reconvergence pessimism
                                 -0.029851    0.643885   library hold time
                                              0.643885   data required time
---------------------------------------------------------------------------------------------
                                              0.643885   data required time
                                             -0.993014   data arrival time
---------------------------------------------------------------------------------------------
                                              0.349128   slack (MET)


Startpoint: _1602_ (rising edge-triggered flip-flop clocked by clk)
Endpoint: _1602_ (rising edge-triggered flip-flop clocked by clk)
Path Group: clk
Path Type: min

Fanout         Cap        Slew       Delay        Time   Description
---------------------------------------------------------------------------------------------
                                  0.000000    0.000000   clock clk (rise edge)
                                  0.000000    0.000000   clock source latency
     1    0.021561    0.102711    0.071098    0.071098 ^ clk (in)
                                                         clk (net)
                      0.102734    0.000000    0.071098 ^ clkbuf_0_clk/A (sky130_fd_sc_hd__clkbuf_16)
     8    0.086373    0.103479    0.194327    0.265425 ^ clkbuf_0_clk/X (sky130_fd_sc_hd__clkbuf_16)
                                                         clknet_0_clk (net)
                      0.104003    0.005923    0.271348 ^ clkbuf_3_3__f_clk/A (sky130_fd_sc_hd__clkbuf_16)
     8    0.032521    0.053149    0.157302    0.428651 ^ clkbuf_3_3__f_clk/X (sky130_fd_sc_hd__clkbuf_16)
                                                         clknet_3_3__leaf_clk (net)
                      0.053189    0.001614    0.430265 ^ _1602_/CLK (sky130_fd_sc_hd__dfxtp_2)
     5    0.025211    0.133032    0.386920    0.817185 ^ _1602_/Q (sky130_fd_sc_hd__dfxtp_2)
                                                         u_dp.acc_q[2] (net)
                      0.133055    0.001748    0.818933 ^ _1483_/A1 (sky130_fd_sc_hd__o211a_2)
     1    0.002254    0.038471    0.182622    1.001555 ^ _1483_/X (sky130_fd_sc_hd__o211a_2)
                                                         _0030_ (net)
                      0.038471    0.000109    1.001663 ^ _1602_/D (sky130_fd_sc_hd__dfxtp_2)
                                              1.001663   data arrival time

                                  0.000000    0.000000   clock clk (rise edge)
                                  0.000000    0.000000   clock source latency
     1    0.021561    0.102711    0.071098    0.071098 ^ clk (in)
                                                         clk (net)
                      0.102734    0.000000    0.071098 ^ clkbuf_0_clk/A (sky130_fd_sc_hd__clkbuf_16)
     8    0.086373    0.103479    0.194327    0.265425 ^ clkbuf_0_clk/X (sky130_fd_sc_hd__clkbuf_16)
                                                         clknet_0_clk (net)
                      0.104003    0.005923    0.271348 ^ clkbuf_3_3__f_clk/A (sky130_fd_sc_hd__clkbuf_16)
     8    0.032521    0.053149    0.157302    0.428651 ^ clkbuf_3_3__f_clk/X (sky130_fd_sc_hd__clkbuf_16)
                                                         clknet_3_3__leaf_clk (net)
                      0.053189    0.001614    0.430265 ^ _1602_/CLK (sky130_fd_sc_hd__dfxtp_2)
                                  0.250000    0.680265   clock uncertainty
                                  0.000000    0.680265   clock reconvergence pessimism
                                 -0.028760    0.651504   library hold time
                                              0.651504   data required time
---------------------------------------------------------------------------------------------
                                              0.651504   data required time
                                             -1.001663   data arrival time
---------------------------------------------------------------------------------------------
                                              0.350159   slack (MET)


Startpoint: _1630_ (rising edge-triggered flip-flop clocked by clk)
Endpoint: _1630_ (rising edge-triggered flip-flop clocked by clk)
Path Group: clk
Path Type: min

Fanout         Cap        Slew       Delay        Time   Description
---------------------------------------------------------------------------------------------
                                  0.000000    0.000000   clock clk (rise edge)
                                  0.000000    0.000000   clock source latency
     1    0.021561    0.102711    0.071098    0.071098 ^ clk (in)
                                                         clk (net)
                      0.102734    0.000000    0.071098 ^ clkbuf_0_clk/A (sky130_fd_sc_hd__clkbuf_16)
     8    0.086373    0.103479    0.194327    0.265425 ^ clkbuf_0_clk/X (sky130_fd_sc_hd__clkbuf_16)
                                                         clknet_0_clk (net)
                      0.103982    0.005806    0.271232 ^ clkbuf_3_2__f_clk/A (sky130_fd_sc_hd__clkbuf_16)
     8    0.025756    0.047214    0.151748    0.422980 ^ clkbuf_3_2__f_clk/X (sky130_fd_sc_hd__clkbuf_16)
                                                         clknet_3_2__leaf_clk (net)
                      0.047307    0.001825    0.424805 ^ _1630_/CLK (sky130_fd_sc_hd__dfxtp_2)
     4    0.013569    0.077552    0.345520    0.770325 ^ _1630_/Q (sky130_fd_sc_hd__dfxtp_2)
                                                         u_sync.lock_cnt[0] (net)
                      0.077553    0.000445    0.770770 ^ _1569_/A (sky130_fd_sc_hd__nand2_2)
     2    0.009325    0.049957    0.065426    0.836196 v _1569_/Y (sky130_fd_sc_hd__nand2_2)
                                                         _0785_ (net)
                      0.049961    0.000512    0.836709 v _1570_/B1 (sky130_fd_sc_hd__o2111a_2)
     1    0.002844    0.026298    0.150239    0.986948 v _1570_/X (sky130_fd_sc_hd__o2111a_2)
                                                         _0057_ (net)
                      0.026298    0.000183    0.987131 v _1630_/D (sky130_fd_sc_hd__dfxtp_2)
                                              0.987131   data arrival time

                                  0.000000    0.000000   clock clk (rise edge)
                                  0.000000    0.000000   clock source latency
     1    0.021561    0.102711    0.071098    0.071098 ^ clk (in)
                                                         clk (net)
                      0.102734    0.000000    0.071098 ^ clkbuf_0_clk/A (sky130_fd_sc_hd__clkbuf_16)
     8    0.086373    0.103479    0.194327    0.265425 ^ clkbuf_0_clk/X (sky130_fd_sc_hd__clkbuf_16)
                                                         clknet_0_clk (net)
                      0.103982    0.005806    0.271232 ^ clkbuf_3_2__f_clk/A (sky130_fd_sc_hd__clkbuf_16)
     8    0.025756    0.047214    0.151748    0.422980 ^ clkbuf_3_2__f_clk/X (sky130_fd_sc_hd__clkbuf_16)
                                                         clknet_3_2__leaf_clk (net)
                      0.047307    0.001825    0.424805 ^ _1630_/CLK (sky130_fd_sc_hd__dfxtp_2)
                                  0.250000    0.674805   clock uncertainty
                                  0.000000    0.674805   clock reconvergence pessimism
                                 -0.037868    0.636937   library hold time
                                              0.636937   data required time
---------------------------------------------------------------------------------------------
                                              0.636937   data required time
                                             -0.987131   data arrival time
---------------------------------------------------------------------------------------------
                                              0.350194   slack (MET)


Startpoint: _1615_ (rising edge-triggered flip-flop clocked by clk)
Endpoint: _1615_ (rising edge-triggered flip-flop clocked by clk)
Path Group: clk
Path Type: min

Fanout         Cap        Slew       Delay        Time   Description
---------------------------------------------------------------------------------------------
                                  0.000000    0.000000   clock clk (rise edge)
                                  0.000000    0.000000   clock source latency
     1    0.021561    0.102711    0.071098    0.071098 ^ clk (in)
                                                         clk (net)
                      0.102734    0.000000    0.071098 ^ clkbuf_0_clk/A (sky130_fd_sc_hd__clkbuf_16)
     8    0.086373    0.103479    0.194327    0.265425 ^ clkbuf_0_clk/X (sky130_fd_sc_hd__clkbuf_16)
                                                         clknet_0_clk (net)
                      0.103964    0.005702    0.271128 ^ clkbuf_3_1__f_clk/A (sky130_fd_sc_hd__clkbuf_16)
     8    0.024574    0.045977    0.150956    0.422084 ^ clkbuf_3_1__f_clk/X (sky130_fd_sc_hd__clkbuf_16)
                                                         clknet_3_1__leaf_clk (net)
                      0.046020    0.001199    0.423283 ^ _1615_/CLK (sky130_fd_sc_hd__dfxtp_2)
     4    0.026464    0.139113    0.388698    0.811981 ^ _1615_/Q (sky130_fd_sc_hd__dfxtp_2)
                                                         u_dp.acc_q[15] (net)
                      0.139128    0.001530    0.813510 ^ _1533_/A1 (sky130_fd_sc_hd__o211a_2)
     1    0.002209    0.038241    0.183532    0.997042 ^ _1533_/X (sky130_fd_sc_hd__o211a_2)
                                                         _0043_ (net)
                      0.038241    0.000150    0.997192 ^ _1615_/D (sky130_fd_sc_hd__dfxtp_2)
                                              0.997192   data arrival time

                                  0.000000    0.000000   clock clk (rise edge)
                                  0.000000    0.000000   clock source latency
     1    0.021561    0.102711    0.071098    0.071098 ^ clk (in)
                                                         clk (net)
                      0.102734    0.000000    0.071098 ^ clkbuf_0_clk/A (sky130_fd_sc_hd__clkbuf_16)
     8    0.086373    0.103479    0.194327    0.265425 ^ clkbuf_0_clk/X (sky130_fd_sc_hd__clkbuf_16)
                                                         clknet_0_clk (net)
                      0.103964    0.005702    0.271128 ^ clkbuf_3_1__f_clk/A (sky130_fd_sc_hd__clkbuf_16)
     8    0.024574    0.045977    0.150956    0.422084 ^ clkbuf_3_1__f_clk/X (sky130_fd_sc_hd__clkbuf_16)
                                                         clknet_3_1__leaf_clk (net)
                      0.046020    0.001199    0.423283 ^ _1615_/CLK (sky130_fd_sc_hd__dfxtp_2)
                                  0.250000    0.673283   clock uncertainty
                                  0.000000    0.673283   clock reconvergence pessimism
                                 -0.029656    0.643627   library hold time
                                              0.643627   data required time
---------------------------------------------------------------------------------------------
                                              0.643627   data required time
                                             -0.997192   data arrival time
---------------------------------------------------------------------------------------------
                                              0.353565   slack (MET)


Startpoint: _1622_ (rising edge-triggered flip-flop clocked by clk)
Endpoint: _1622_ (rising edge-triggered flip-flop clocked by clk)
Path Group: clk
Path Type: min

Fanout         Cap        Slew       Delay        Time   Description
---------------------------------------------------------------------------------------------
                                  0.000000    0.000000   clock clk (rise edge)
                                  0.000000    0.000000   clock source latency
     1    0.021561    0.102711    0.071098    0.071098 ^ clk (in)
                                                         clk (net)
                      0.102734    0.000000    0.071098 ^ clkbuf_0_clk/A (sky130_fd_sc_hd__clkbuf_16)
     8    0.086373    0.103479    0.194327    0.265425 ^ clkbuf_0_clk/X (sky130_fd_sc_hd__clkbuf_16)
                                                         clknet_0_clk (net)
                      0.103970    0.005738    0.271164 ^ clkbuf_3_0__f_clk/A (sky130_fd_sc_hd__clkbuf_16)
     8    0.025019    0.046527    0.151075    0.422239 ^ clkbuf_3_0__f_clk/X (sky130_fd_sc_hd__clkbuf_16)
                                                         clknet_3_0__leaf_clk (net)
                      0.046577    0.001376    0.423615 ^ _1622_/CLK (sky130_fd_sc_hd__dfxtp_2)
     4    0.027053    0.141935    0.390971    0.814586 ^ _1622_/Q (sky130_fd_sc_hd__dfxtp_2)
                                                         u_dp.acc_q[22] (net)
                      0.141956    0.001760    0.816346 ^ _1559_/A1 (sky130_fd_sc_hd__o211a_2)
     1    0.002045    0.037429    0.183095    0.999441 ^ _1559_/X (sky130_fd_sc_hd__o211a_2)
                                                         _0050_ (net)
                      0.037429    0.000096    0.999538 ^ _1622_/D (sky130_fd_sc_hd__dfxtp_2)
                                              0.999538   data arrival time

                                  0.000000    0.000000   clock clk (rise edge)
                                  0.000000    0.000000   clock source latency
     1    0.021561    0.102711    0.071098    0.071098 ^ clk (in)
                                                         clk (net)
                      0.102734    0.000000    0.071098 ^ clkbuf_0_clk/A (sky130_fd_sc_hd__clkbuf_16)
     8    0.086373    0.103479    0.194327    0.265425 ^ clkbuf_0_clk/X (sky130_fd_sc_hd__clkbuf_16)
                                                         clknet_0_clk (net)
                      0.103970    0.005738    0.271164 ^ clkbuf_3_0__f_clk/A (sky130_fd_sc_hd__clkbuf_16)
     8    0.025019    0.046527    0.151075    0.422239 ^ clkbuf_3_0__f_clk/X (sky130_fd_sc_hd__clkbuf_16)
                                                         clknet_3_0__leaf_clk (net)
                      0.046577    0.001376    0.423615 ^ _1622_/CLK (sky130_fd_sc_hd__dfxtp_2)
                                  0.250000    0.673615   clock uncertainty
                                  0.000000    0.673615   clock reconvergence pessimism
                                 -0.029414    0.644201   library hold time
                                              0.644201   data required time
---------------------------------------------------------------------------------------------
                                              0.644201   data required time
                                             -0.999538   data arrival time
---------------------------------------------------------------------------------------------
                                              0.355337   slack (MET)


Startpoint: _1630_ (rising edge-triggered flip-flop clocked by clk)
Endpoint: _1632_ (rising edge-triggered flip-flop clocked by clk)
Path Group: clk
Path Type: min

Fanout         Cap        Slew       Delay        Time   Description
---------------------------------------------------------------------------------------------
                                  0.000000    0.000000   clock clk (rise edge)
                                  0.000000    0.000000   clock source latency
     1    0.021561    0.102711    0.071098    0.071098 ^ clk (in)
                                                         clk (net)
                      0.102734    0.000000    0.071098 ^ clkbuf_0_clk/A (sky130_fd_sc_hd__clkbuf_16)
     8    0.086373    0.103479    0.194327    0.265425 ^ clkbuf_0_clk/X (sky130_fd_sc_hd__clkbuf_16)
                                                         clknet_0_clk (net)
                      0.103982    0.005806    0.271232 ^ clkbuf_3_2__f_clk/A (sky130_fd_sc_hd__clkbuf_16)
     8    0.025756    0.047214    0.151748    0.422980 ^ clkbuf_3_2__f_clk/X (sky130_fd_sc_hd__clkbuf_16)
                                                         clknet_3_2__leaf_clk (net)
                      0.047307    0.001825    0.424805 ^ _1630_/CLK (sky130_fd_sc_hd__dfxtp_2)
     4    0.013569    0.077552    0.345520    0.770325 ^ _1630_/Q (sky130_fd_sc_hd__dfxtp_2)
                                                         u_sync.lock_cnt[0] (net)
                      0.077553    0.000406    0.770731 ^ _1568_/A2 (sky130_fd_sc_hd__o21a_2)
     2    0.007589    0.051696    0.132891    0.903622 ^ _1568_/X (sky130_fd_sc_hd__o21a_2)
                                                         _0784_ (net)
                      0.051700    0.000484    0.904106 ^ _1573_/A2 (sky130_fd_sc_hd__o21a_2)
     1    0.002229    0.026967    0.102641    1.006747 ^ _1573_/X (sky130_fd_sc_hd__o21a_2)
                                                         _0059_ (net)
                      0.026967    0.000160    1.006907 ^ _1632_/D (sky130_fd_sc_hd__dfxtp_2)
                                              1.006907   data arrival time

                                  0.000000    0.000000   clock clk (rise edge)
                                  0.000000    0.000000   clock source latency
     1    0.021561    0.102711    0.071098    0.071098 ^ clk (in)
                                                         clk (net)
                      0.102734    0.000000    0.071098 ^ clkbuf_0_clk/A (sky130_fd_sc_hd__clkbuf_16)
     8    0.086373    0.103479    0.194327    0.265425 ^ clkbuf_0_clk/X (sky130_fd_sc_hd__clkbuf_16)
                                                         clknet_0_clk (net)
                      0.103982    0.005806    0.271232 ^ clkbuf_3_2__f_clk/A (sky130_fd_sc_hd__clkbuf_16)
     8    0.025756    0.047214    0.151748    0.422980 ^ clkbuf_3_2__f_clk/X (sky130_fd_sc_hd__clkbuf_16)
                                                         clknet_3_2__leaf_clk (net)
                      0.047347    0.002134    0.425114 ^ _1632_/CLK (sky130_fd_sc_hd__dfxtp_2)
                                  0.250000    0.675114   clock uncertainty
                                  0.000000    0.675114   clock reconvergence pessimism
                                 -0.027147    0.647967   library hold time
                                              0.647967   data required time
---------------------------------------------------------------------------------------------
                                              0.647967   data required time
                                             -1.006907   data arrival time
---------------------------------------------------------------------------------------------
                                              0.358939   slack (MET)


Startpoint: _1584_ (rising edge-triggered flip-flop clocked by clk)
Endpoint: _1584_ (rising edge-triggered flip-flop clocked by clk)
Path Group: clk
Path Type: min

Fanout         Cap        Slew       Delay        Time   Description
---------------------------------------------------------------------------------------------
                                  0.000000    0.000000   clock clk (rise edge)
                                  0.000000    0.000000   clock source latency
     1    0.021561    0.102711    0.071098    0.071098 ^ clk (in)
                                                         clk (net)
                      0.102734    0.000000    0.071098 ^ clkbuf_0_clk/A (sky130_fd_sc_hd__clkbuf_16)
     8    0.086373    0.103479    0.194327    0.265425 ^ clkbuf_0_clk/X (sky130_fd_sc_hd__clkbuf_16)
                                                         clknet_0_clk (net)
                      0.103974    0.005760    0.271185 ^ clkbuf_3_5__f_clk/A (sky130_fd_sc_hd__clkbuf_16)
     8    0.030700    0.051621    0.156320    0.427505 ^ clkbuf_3_5__f_clk/X (sky130_fd_sc_hd__clkbuf_16)
                                                         clknet_3_5__leaf_clk (net)
                      0.051627    0.001066    0.428571 ^ _1584_/CLK (sky130_fd_sc_hd__dfxtp_2)
     5    0.027688    0.145389    0.395157    0.823728 ^ _1584_/Q (sky130_fd_sc_hd__dfxtp_2)
                                                         u_dp.a_q[0] (net)
                      0.145404    0.001561    0.825289 ^ _1440_/A1 (sky130_fd_sc_hd__o211a_2)
     1    0.002185    0.038082    0.184616    1.009905 ^ _1440_/X (sky130_fd_sc_hd__o211a_2)
                                                         _0012_ (net)
                      0.038082    0.000156    1.010061 ^ _1584_/D (sky130_fd_sc_hd__dfxtp_2)
                                              1.010061   data arrival time

                                  0.000000    0.000000   clock clk (rise edge)
                                  0.000000    0.000000   clock source latency
     1    0.021561    0.102711    0.071098    0.071098 ^ clk (in)
                                                         clk (net)
                      0.102734    0.000000    0.071098 ^ clkbuf_0_clk/A (sky130_fd_sc_hd__clkbuf_16)
     8    0.086373    0.103479    0.194327    0.265425 ^ clkbuf_0_clk/X (sky130_fd_sc_hd__clkbuf_16)
                                                         clknet_0_clk (net)
                      0.103974    0.005760    0.271185 ^ clkbuf_3_5__f_clk/A (sky130_fd_sc_hd__clkbuf_16)
     8    0.030700    0.051621    0.156320    0.427505 ^ clkbuf_3_5__f_clk/X (sky130_fd_sc_hd__clkbuf_16)
                                                         clknet_3_5__leaf_clk (net)
                      0.051627    0.001066    0.428571 ^ _1584_/CLK (sky130_fd_sc_hd__dfxtp_2)
                                  0.250000    0.678571   clock uncertainty
                                  0.000000    0.678571   clock reconvergence pessimism
                                 -0.028885    0.649686   library hold time
                                              0.649686   data required time
---------------------------------------------------------------------------------------------
                                              0.649686   data required time
                                             -1.010061   data arrival time
---------------------------------------------------------------------------------------------
                                              0.360376   slack (MET)


Startpoint: _1607_ (rising edge-triggered flip-flop clocked by clk)
Endpoint: _1607_ (rising edge-triggered flip-flop clocked by clk)
Path Group: clk
Path Type: min

Fanout         Cap        Slew       Delay        Time   Description
---------------------------------------------------------------------------------------------
                                  0.000000    0.000000   clock clk (rise edge)
                                  0.000000    0.000000   clock source latency
     1    0.021561    0.102711    0.071098    0.071098 ^ clk (in)
                                                         clk (net)
                      0.102734    0.000000    0.071098 ^ clkbuf_0_clk/A (sky130_fd_sc_hd__clkbuf_16)
     8    0.086373    0.103479    0.194327    0.265425 ^ clkbuf_0_clk/X (sky130_fd_sc_hd__clkbuf_16)
                                                         clknet_0_clk (net)
                      0.103777    0.004508    0.269933 ^ clkbuf_3_4__f_clk/A (sky130_fd_sc_hd__clkbuf_16)
     8    0.034323    0.054640    0.158363    0.428296 ^ clkbuf_3_4__f_clk/X (sky130_fd_sc_hd__clkbuf_16)
                                                         clknet_3_4__leaf_clk (net)
                      0.054749    0.001957    0.430253 ^ _1607_/CLK (sky130_fd_sc_hd__dfxtp_2)
     4    0.027244    0.142781    0.394534    0.824787 ^ _1607_/Q (sky130_fd_sc_hd__dfxtp_2)
                                                         u_dp.acc_q[7] (net)
                      0.142788    0.001212    0.825999 ^ _1499_/A1 (sky130_fd_sc_hd__o211a_2)
     1    0.002593    0.040178    0.186596    1.012594 ^ _1499_/X (sky130_fd_sc_hd__o211a_2)
                                                         _0035_ (net)
                      0.040178    0.000181    1.012776 ^ _1607_/D (sky130_fd_sc_hd__dfxtp_2)
                                              1.012776   data arrival time

                                  0.000000    0.000000   clock clk (rise edge)
                                  0.000000    0.000000   clock source latency
     1    0.021561    0.102711    0.071098    0.071098 ^ clk (in)
                                                         clk (net)
                      0.102734    0.000000    0.071098 ^ clkbuf_0_clk/A (sky130_fd_sc_hd__clkbuf_16)
     8    0.086373    0.103479    0.194327    0.265425 ^ clkbuf_0_clk/X (sky130_fd_sc_hd__clkbuf_16)
                                                         clknet_0_clk (net)
                      0.103777    0.004508    0.269933 ^ clkbuf_3_4__f_clk/A (sky130_fd_sc_hd__clkbuf_16)
     8    0.034323    0.054640    0.158363    0.428296 ^ clkbuf_3_4__f_clk/X (sky130_fd_sc_hd__clkbuf_16)
                                                         clknet_3_4__leaf_clk (net)
                      0.054749    0.001957    0.430253 ^ _1607_/CLK (sky130_fd_sc_hd__dfxtp_2)
                                  0.250000    0.680253   clock uncertainty
                                  0.000000    0.680253   clock reconvergence pessimism
                                 -0.028908    0.651344   library hold time
                                              0.651344   data required time
---------------------------------------------------------------------------------------------
                                              0.651344   data required time
                                             -1.012776   data arrival time
---------------------------------------------------------------------------------------------
                                              0.361431   slack (MET)


Startpoint: _1621_ (rising edge-triggered flip-flop clocked by clk)
Endpoint: _1621_ (rising edge-triggered flip-flop clocked by clk)
Path Group: clk
Path Type: min

Fanout         Cap        Slew       Delay        Time   Description
---------------------------------------------------------------------------------------------
                                  0.000000    0.000000   clock clk (rise edge)
                                  0.000000    0.000000   clock source latency
     1    0.021561    0.102711    0.071098    0.071098 ^ clk (in)
                                                         clk (net)
                      0.102734    0.000000    0.071098 ^ clkbuf_0_clk/A (sky130_fd_sc_hd__clkbuf_16)
     8    0.086373    0.103479    0.194327    0.265425 ^ clkbuf_0_clk/X (sky130_fd_sc_hd__clkbuf_16)
                                                         clknet_0_clk (net)
                      0.103970    0.005738    0.271164 ^ clkbuf_3_0__f_clk/A (sky130_fd_sc_hd__clkbuf_16)
     8    0.025019    0.046527    0.151075    0.422239 ^ clkbuf_3_0__f_clk/X (sky130_fd_sc_hd__clkbuf_16)
                                                         clknet_3_0__leaf_clk (net)
                      0.046685    0.002273    0.424512 ^ _1621_/CLK (sky130_fd_sc_hd__dfxtp_2)
     4    0.027050    0.142321    0.391398    0.815910 ^ _1621_/Q (sky130_fd_sc_hd__dfxtp_2)
                                                         u_dp.acc_q[21] (net)
                      0.142326    0.001058    0.816968 ^ _1556_/A1 (sky130_fd_sc_hd__o211a_2)
     1    0.003104    0.042781    0.189644    1.006612 ^ _1556_/X (sky130_fd_sc_hd__o211a_2)
                                                         _0049_ (net)
                      0.042782    0.000189    1.006801 ^ _1621_/D (sky130_fd_sc_hd__dfxtp_2)
                                              1.006801   data arrival time

                                  0.000000    0.000000   clock clk (rise edge)
                                  0.000000    0.000000   clock source latency
     1    0.021561    0.102711    0.071098    0.071098 ^ clk (in)
                                                         clk (net)
                      0.102734    0.000000    0.071098 ^ clkbuf_0_clk/A (sky130_fd_sc_hd__clkbuf_16)
     8    0.086373    0.103479    0.194327    0.265425 ^ clkbuf_0_clk/X (sky130_fd_sc_hd__clkbuf_16)
                                                         clknet_0_clk (net)
                      0.103970    0.005738    0.271164 ^ clkbuf_3_0__f_clk/A (sky130_fd_sc_hd__clkbuf_16)
     8    0.025019    0.046527    0.151075    0.422239 ^ clkbuf_3_0__f_clk/X (sky130_fd_sc_hd__clkbuf_16)
                                                         clknet_3_0__leaf_clk (net)
                      0.046685    0.002273    0.424512 ^ _1621_/CLK (sky130_fd_sc_hd__dfxtp_2)
                                  0.250000    0.674512   clock uncertainty
                                  0.000000    0.674512   clock reconvergence pessimism
                                 -0.030508    0.644004   library hold time
                                              0.644004   data required time
---------------------------------------------------------------------------------------------
                                              0.644004   data required time
                                             -1.006801   data arrival time
---------------------------------------------------------------------------------------------
                                              0.362797   slack (MET)


Startpoint: _1613_ (rising edge-triggered flip-flop clocked by clk)
Endpoint: _1613_ (rising edge-triggered flip-flop clocked by clk)
Path Group: clk
Path Type: min

Fanout         Cap        Slew       Delay        Time   Description
---------------------------------------------------------------------------------------------
                                  0.000000    0.000000   clock clk (rise edge)
                                  0.000000    0.000000   clock source latency
     1    0.021561    0.102711    0.071098    0.071098 ^ clk (in)
                                                         clk (net)
                      0.102734    0.000000    0.071098 ^ clkbuf_0_clk/A (sky130_fd_sc_hd__clkbuf_16)
     8    0.086373    0.103479    0.194327    0.265425 ^ clkbuf_0_clk/X (sky130_fd_sc_hd__clkbuf_16)
                                                         clknet_0_clk (net)
                      0.103777    0.004508    0.269933 ^ clkbuf_3_4__f_clk/A (sky130_fd_sc_hd__clkbuf_16)
     8    0.034323    0.054640    0.158363    0.428296 ^ clkbuf_3_4__f_clk/X (sky130_fd_sc_hd__clkbuf_16)
                                                         clknet_3_4__leaf_clk (net)
                      0.054738    0.001870    0.430166 ^ _1613_/CLK (sky130_fd_sc_hd__dfxtp_2)
     4    0.029092    0.152191    0.400833    0.830999 ^ _1613_/Q (sky130_fd_sc_hd__dfxtp_2)
                                                         u_dp.acc_q[13] (net)
                      0.152202    0.001430    0.832429 ^ _1525_/A1 (sky130_fd_sc_hd__o211a_2)
     1    0.001996    0.037165    0.184807    1.017236 ^ _1525_/X (sky130_fd_sc_hd__o211a_2)
                                                         _0041_ (net)
                      0.037165    0.000092    1.017328 ^ _1613_/D (sky130_fd_sc_hd__dfxtp_2)
                                              1.017328   data arrival time

                                  0.000000    0.000000   clock clk (rise edge)
                                  0.000000    0.000000   clock source latency
     1    0.021561    0.102711    0.071098    0.071098 ^ clk (in)
                                                         clk (net)
                      0.102734    0.000000    0.071098 ^ clkbuf_0_clk/A (sky130_fd_sc_hd__clkbuf_16)
     8    0.086373    0.103479    0.194327    0.265425 ^ clkbuf_0_clk/X (sky130_fd_sc_hd__clkbuf_16)
                                                         clknet_0_clk (net)
                      0.103777    0.004508    0.269933 ^ clkbuf_3_4__f_clk/A (sky130_fd_sc_hd__clkbuf_16)
     8    0.034323    0.054640    0.158363    0.428296 ^ clkbuf_3_4__f_clk/X (sky130_fd_sc_hd__clkbuf_16)
                                                         clknet_3_4__leaf_clk (net)
                      0.054738    0.001870    0.430166 ^ _1613_/CLK (sky130_fd_sc_hd__dfxtp_2)
                                  0.250000    0.680166   clock uncertainty
                                  0.000000    0.680166   clock reconvergence pessimism
                                 -0.028287    0.651879   library hold time
                                              0.651879   data required time
---------------------------------------------------------------------------------------------
                                              0.651879   data required time
                                             -1.017328   data arrival time
---------------------------------------------------------------------------------------------
                                              0.365449   slack (MET)


Startpoint: _1616_ (rising edge-triggered flip-flop clocked by clk)
Endpoint: _1616_ (rising edge-triggered flip-flop clocked by clk)
Path Group: clk
Path Type: min

Fanout         Cap        Slew       Delay        Time   Description
---------------------------------------------------------------------------------------------
                                  0.000000    0.000000   clock clk (rise edge)
                                  0.000000    0.000000   clock source latency
     1    0.021561    0.102711    0.071098    0.071098 ^ clk (in)
                                                         clk (net)
                      0.102734    0.000000    0.071098 ^ clkbuf_0_clk/A (sky130_fd_sc_hd__clkbuf_16)
     8    0.086373    0.103479    0.194327    0.265425 ^ clkbuf_0_clk/X (sky130_fd_sc_hd__clkbuf_16)
                                                         clknet_0_clk (net)
                      0.103964    0.005702    0.271128 ^ clkbuf_3_1__f_clk/A (sky130_fd_sc_hd__clkbuf_16)
     8    0.024574    0.045977    0.150956    0.422084 ^ clkbuf_3_1__f_clk/X (sky130_fd_sc_hd__clkbuf_16)
                                                         clknet_3_1__leaf_clk (net)
                      0.046019    0.001198    0.423282 ^ _1616_/CLK (sky130_fd_sc_hd__dfxtp_2)
     4    0.028287    0.148309    0.395329    0.818611 ^ _1616_/Q (sky130_fd_sc_hd__dfxtp_2)
                                                         u_dp.acc_q[16] (net)
                      0.148312    0.000944    0.819555 ^ _1536_/A1 (sky130_fd_sc_hd__o211a_2)
     1    0.002793    0.041165    0.188916    1.008471 ^ _1536_/X (sky130_fd_sc_hd__o211a_2)
                                                         _0044_ (net)
                      0.041165    0.000186    1.008657 ^ _1616_/D (sky130_fd_sc_hd__dfxtp_2)
                                              1.008657   data arrival time

                                  0.000000    0.000000   clock clk (rise edge)
                                  0.000000    0.000000   clock source latency
     1    0.021561    0.102711    0.071098    0.071098 ^ clk (in)
                                                         clk (net)
                      0.102734    0.000000    0.071098 ^ clkbuf_0_clk/A (sky130_fd_sc_hd__clkbuf_16)
     8    0.086373    0.103479    0.194327    0.265425 ^ clkbuf_0_clk/X (sky130_fd_sc_hd__clkbuf_16)
                                                         clknet_0_clk (net)
                      0.103964    0.005702    0.271128 ^ clkbuf_3_1__f_clk/A (sky130_fd_sc_hd__clkbuf_16)
     8    0.024574    0.045977    0.150956    0.422084 ^ clkbuf_3_1__f_clk/X (sky130_fd_sc_hd__clkbuf_16)
                                                         clknet_3_1__leaf_clk (net)
                      0.046019    0.001198    0.423282 ^ _1616_/CLK (sky130_fd_sc_hd__dfxtp_2)
                                  0.250000    0.673282   clock uncertainty
                                  0.000000    0.673282   clock reconvergence pessimism
                                 -0.030261    0.643021   library hold time
                                              0.643021   data required time
---------------------------------------------------------------------------------------------
                                              0.643021   data required time
                                             -1.008657   data arrival time
---------------------------------------------------------------------------------------------
                                              0.365636   slack (MET)


Startpoint: _1619_ (rising edge-triggered flip-flop clocked by clk)
Endpoint: _1619_ (rising edge-triggered flip-flop clocked by clk)
Path Group: clk
Path Type: min

Fanout         Cap        Slew       Delay        Time   Description
---------------------------------------------------------------------------------------------
                                  0.000000    0.000000   clock clk (rise edge)
                                  0.000000    0.000000   clock source latency
     1    0.021561    0.102711    0.071098    0.071098 ^ clk (in)
                                                         clk (net)
                      0.102734    0.000000    0.071098 ^ clkbuf_0_clk/A (sky130_fd_sc_hd__clkbuf_16)
     8    0.086373    0.103479    0.194327    0.265425 ^ clkbuf_0_clk/X (sky130_fd_sc_hd__clkbuf_16)
                                                         clknet_0_clk (net)
                      0.103970    0.005738    0.271164 ^ clkbuf_3_0__f_clk/A (sky130_fd_sc_hd__clkbuf_16)
     8    0.025019    0.046527    0.151075    0.422239 ^ clkbuf_3_0__f_clk/X (sky130_fd_sc_hd__clkbuf_16)
                                                         clknet_3_0__leaf_clk (net)
                      0.046688    0.002293    0.424532 ^ _1619_/CLK (sky130_fd_sc_hd__dfxtp_2)
     4    0.029589    0.154090    0.399112    0.823644 ^ _1619_/Q (sky130_fd_sc_hd__dfxtp_2)
                                                         u_dp.acc_q[19] (net)
                      0.154110    0.001833    0.825477 ^ _1549_/A1 (sky130_fd_sc_hd__o211a_2)
     1    0.002153    0.037964    0.186134    1.011611 ^ _1549_/X (sky130_fd_sc_hd__o211a_2)
                                                         _0047_ (net)
                      0.037964    0.000153    1.011765 ^ _1619_/D (sky130_fd_sc_hd__dfxtp_2)
                                              1.011765   data arrival time

                                  0.000000    0.000000   clock clk (rise edge)
                                  0.000000    0.000000   clock source latency
     1    0.021561    0.102711    0.071098    0.071098 ^ clk (in)
                                                         clk (net)
                      0.102734    0.000000    0.071098 ^ clkbuf_0_clk/A (sky130_fd_sc_hd__clkbuf_16)
     8    0.086373    0.103479    0.194327    0.265425 ^ clkbuf_0_clk/X (sky130_fd_sc_hd__clkbuf_16)
                                                         clknet_0_clk (net)
                      0.103970    0.005738    0.271164 ^ clkbuf_3_0__f_clk/A (sky130_fd_sc_hd__clkbuf_16)
     8    0.025019    0.046527    0.151075    0.422239 ^ clkbuf_3_0__f_clk/X (sky130_fd_sc_hd__clkbuf_16)
                                                         clknet_3_0__leaf_clk (net)
                      0.046688    0.002293    0.424532 ^ _1619_/CLK (sky130_fd_sc_hd__dfxtp_2)
                                  0.250000    0.674532   clock uncertainty
                                  0.000000    0.674532   clock reconvergence pessimism
                                 -0.029510    0.645021   library hold time
                                              0.645021   data required time
---------------------------------------------------------------------------------------------
                                              0.645021   data required time
                                             -1.011765   data arrival time
---------------------------------------------------------------------------------------------
                                              0.366743   slack (MET)


Startpoint: _1620_ (rising edge-triggered flip-flop clocked by clk)
Endpoint: _1620_ (rising edge-triggered flip-flop clocked by clk)
Path Group: clk
Path Type: min

Fanout         Cap        Slew       Delay        Time   Description
---------------------------------------------------------------------------------------------
                                  0.000000    0.000000   clock clk (rise edge)
                                  0.000000    0.000000   clock source latency
     1    0.021561    0.102711    0.071098    0.071098 ^ clk (in)
                                                         clk (net)
                      0.102734    0.000000    0.071098 ^ clkbuf_0_clk/A (sky130_fd_sc_hd__clkbuf_16)
     8    0.086373    0.103479    0.194327    0.265425 ^ clkbuf_0_clk/X (sky130_fd_sc_hd__clkbuf_16)
                                                         clknet_0_clk (net)
                      0.103970    0.005738    0.271164 ^ clkbuf_3_0__f_clk/A (sky130_fd_sc_hd__clkbuf_16)
     8    0.025019    0.046527    0.151075    0.422239 ^ clkbuf_3_0__f_clk/X (sky130_fd_sc_hd__clkbuf_16)
                                                         clknet_3_0__leaf_clk (net)
                      0.046690    0.002302    0.424541 ^ _1620_/CLK (sky130_fd_sc_hd__dfxtp_2)
     4    0.028236    0.148135    0.395007    0.819548 ^ _1620_/Q (sky130_fd_sc_hd__dfxtp_2)
                                                         u_dp.acc_q[20] (net)
                      0.148154    0.001706    0.821253 ^ _1552_/A1 (sky130_fd_sc_hd__o211a_2)
     1    0.002924    0.041832    0.189692    1.010946 ^ _1552_/X (sky130_fd_sc_hd__o211a_2)
                                                         _0048_ (net)
                      0.041843    0.000180    1.011126 ^ _1620_/D (sky130_fd_sc_hd__dfxtp_2)
                                              1.011126   data arrival time

                                  0.000000    0.000000   clock clk (rise edge)
                                  0.000000    0.000000   clock source latency
     1    0.021561    0.102711    0.071098    0.071098 ^ clk (in)
                                                         clk (net)
                      0.102734    0.000000    0.071098 ^ clkbuf_0_clk/A (sky130_fd_sc_hd__clkbuf_16)
     8    0.086373    0.103479    0.194327    0.265425 ^ clkbuf_0_clk/X (sky130_fd_sc_hd__clkbuf_16)
                                                         clknet_0_clk (net)
                      0.103970    0.005738    0.271164 ^ clkbuf_3_0__f_clk/A (sky130_fd_sc_hd__clkbuf_16)
     8    0.025019    0.046527    0.151075    0.422239 ^ clkbuf_3_0__f_clk/X (sky130_fd_sc_hd__clkbuf_16)
                                                         clknet_3_0__leaf_clk (net)
                      0.046690    0.002302    0.424541 ^ _1620_/CLK (sky130_fd_sc_hd__dfxtp_2)
                                  0.250000    0.674541   clock uncertainty
                                  0.000000    0.674541   clock reconvergence pessimism
                                 -0.030313    0.644228   library hold time
                                              0.644228   data required time
---------------------------------------------------------------------------------------------
                                              0.644228   data required time
                                             -1.011126   data arrival time
---------------------------------------------------------------------------------------------
                                              0.366898   slack (MET)


Startpoint: _1614_ (rising edge-triggered flip-flop clocked by clk)
Endpoint: _1614_ (rising edge-triggered flip-flop clocked by clk)
Path Group: clk
Path Type: min

Fanout         Cap        Slew       Delay        Time   Description
---------------------------------------------------------------------------------------------
                                  0.000000    0.000000   clock clk (rise edge)
                                  0.000000    0.000000   clock source latency
     1    0.021561    0.102711    0.071098    0.071098 ^ clk (in)
                                                         clk (net)
                      0.102734    0.000000    0.071098 ^ clkbuf_0_clk/A (sky130_fd_sc_hd__clkbuf_16)
     8    0.086373    0.103479    0.194327    0.265425 ^ clkbuf_0_clk/X (sky130_fd_sc_hd__clkbuf_16)
                                                         clknet_0_clk (net)
                      0.103777    0.004508    0.269933 ^ clkbuf_3_4__f_clk/A (sky130_fd_sc_hd__clkbuf_16)
     8    0.034323    0.054640    0.158363    0.428296 ^ clkbuf_3_4__f_clk/X (sky130_fd_sc_hd__clkbuf_16)
                                                         clknet_3_4__leaf_clk (net)
                      0.054746    0.001936    0.430232 ^ _1614_/CLK (sky130_fd_sc_hd__dfxtp_2)
     4    0.028925    0.150841    0.400192    0.830425 ^ _1614_/Q (sky130_fd_sc_hd__dfxtp_2)
                                                         u_dp.acc_q[14] (net)
                      0.150858    0.001726    0.832151 ^ _1529_/A1 (sky130_fd_sc_hd__o211a_2)
     1    0.002287    0.038635    0.186319    1.018470 ^ _1529_/X (sky130_fd_sc_hd__o211a_2)
                                                         _0042_ (net)
                      0.038635    0.000153    1.018623 ^ _1614_/D (sky130_fd_sc_hd__dfxtp_2)
                                              1.018623   data arrival time

                                  0.000000    0.000000   clock clk (rise edge)
                                  0.000000    0.000000   clock source latency
     1    0.021561    0.102711    0.071098    0.071098 ^ clk (in)
                                                         clk (net)
                      0.102734    0.000000    0.071098 ^ clkbuf_0_clk/A (sky130_fd_sc_hd__clkbuf_16)
     8    0.086373    0.103479    0.194327    0.265425 ^ clkbuf_0_clk/X (sky130_fd_sc_hd__clkbuf_16)
                                                         clknet_0_clk (net)
                      0.103777    0.004508    0.269933 ^ clkbuf_3_4__f_clk/A (sky130_fd_sc_hd__clkbuf_16)
     8    0.034323    0.054640    0.158363    0.428296 ^ clkbuf_3_4__f_clk/X (sky130_fd_sc_hd__clkbuf_16)
                                                         clknet_3_4__leaf_clk (net)
                      0.054746    0.001936    0.430232 ^ _1614_/CLK (sky130_fd_sc_hd__dfxtp_2)
                                  0.250000    0.680232   clock uncertainty
                                  0.000000    0.680232   clock reconvergence pessimism
                                 -0.028590    0.651643   library hold time
                                              0.651643   data required time
---------------------------------------------------------------------------------------------
                                              0.651643   data required time
                                             -1.018623   data arrival time
---------------------------------------------------------------------------------------------
                                              0.366980   slack (MET)


Startpoint: _1612_ (rising edge-triggered flip-flop clocked by clk)
Endpoint: _1612_ (rising edge-triggered flip-flop clocked by clk)
Path Group: clk
Path Type: min

Fanout         Cap        Slew       Delay        Time   Description
---------------------------------------------------------------------------------------------
                                  0.000000    0.000000   clock clk (rise edge)
                                  0.000000    0.000000   clock source latency
     1    0.021561    0.102711    0.071098    0.071098 ^ clk (in)
                                                         clk (net)
                      0.102734    0.000000    0.071098 ^ clkbuf_0_clk/A (sky130_fd_sc_hd__clkbuf_16)
     8    0.086373    0.103479    0.194327    0.265425 ^ clkbuf_0_clk/X (sky130_fd_sc_hd__clkbuf_16)
                                                         clknet_0_clk (net)
                      0.103964    0.005702    0.271128 ^ clkbuf_3_1__f_clk/A (sky130_fd_sc_hd__clkbuf_16)
     8    0.024574    0.045977    0.150956    0.422084 ^ clkbuf_3_1__f_clk/X (sky130_fd_sc_hd__clkbuf_16)
                                                         clknet_3_1__leaf_clk (net)
                      0.046012    0.001106    0.423189 ^ _1612_/CLK (sky130_fd_sc_hd__dfxtp_2)
     4    0.030185    0.157534    0.401441    0.824631 ^ _1612_/Q (sky130_fd_sc_hd__dfxtp_2)
                                                         u_dp.acc_q[12] (net)
                      0.157536    0.000905    0.825536 ^ _1521_/A1 (sky130_fd_sc_hd__o211a_2)
     1    0.002485    0.039638    0.188848    1.014383 ^ _1521_/X (sky130_fd_sc_hd__o211a_2)
                                                         _0040_ (net)
                      0.039638    0.000170    1.014553 ^ _1612_/D (sky130_fd_sc_hd__dfxtp_2)
                                              1.014553   data arrival time

                                  0.000000    0.000000   clock clk (rise edge)
                                  0.000000    0.000000   clock source latency
     1    0.021561    0.102711    0.071098    0.071098 ^ clk (in)
                                                         clk (net)
                      0.102734    0.000000    0.071098 ^ clkbuf_0_clk/A (sky130_fd_sc_hd__clkbuf_16)
     8    0.086373    0.103479    0.194327    0.265425 ^ clkbuf_0_clk/X (sky130_fd_sc_hd__clkbuf_16)
                                                         clknet_0_clk (net)
                      0.103964    0.005702    0.271128 ^ clkbuf_3_1__f_clk/A (sky130_fd_sc_hd__clkbuf_16)
     8    0.024574    0.045977    0.150956    0.422084 ^ clkbuf_3_1__f_clk/X (sky130_fd_sc_hd__clkbuf_16)
                                                         clknet_3_1__leaf_clk (net)
                      0.046012    0.001106    0.423189 ^ _1612_/CLK (sky130_fd_sc_hd__dfxtp_2)
                                  0.250000    0.673189   clock uncertainty
                                  0.000000    0.673189   clock reconvergence pessimism
                                 -0.029946    0.643243   library hold time
                                              0.643243   data required time
---------------------------------------------------------------------------------------------
                                              0.643243   data required time
                                             -1.014553   data arrival time
---------------------------------------------------------------------------------------------
                                              0.371309   slack (MET)


Startpoint: _1611_ (rising edge-triggered flip-flop clocked by clk)
Endpoint: _1611_ (rising edge-triggered flip-flop clocked by clk)
Path Group: clk
Path Type: min

Fanout         Cap        Slew       Delay        Time   Description
---------------------------------------------------------------------------------------------
                                  0.000000    0.000000   clock clk (rise edge)
                                  0.000000    0.000000   clock source latency
     1    0.021561    0.102711    0.071098    0.071098 ^ clk (in)
                                                         clk (net)
                      0.102734    0.000000    0.071098 ^ clkbuf_0_clk/A (sky130_fd_sc_hd__clkbuf_16)
     8    0.086373    0.103479    0.194327    0.265425 ^ clkbuf_0_clk/X (sky130_fd_sc_hd__clkbuf_16)
                                                         clknet_0_clk (net)
                      0.103777    0.004508    0.269933 ^ clkbuf_3_4__f_clk/A (sky130_fd_sc_hd__clkbuf_16)
     8    0.034323    0.054640    0.158363    0.428296 ^ clkbuf_3_4__f_clk/X (sky130_fd_sc_hd__clkbuf_16)
                                                         clknet_3_4__leaf_clk (net)
                      0.054731    0.001821    0.430117 ^ _1611_/CLK (sky130_fd_sc_hd__dfxtp_2)
     4    0.029846    0.155773    0.403636    0.833753 ^ _1611_/Q (sky130_fd_sc_hd__dfxtp_2)
                                                         u_dp.acc_q[11] (net)
                      0.155780    0.001260    0.835013 ^ _1516_/A1 (sky130_fd_sc_hd__o211a_2)
     1    0.002510    0.039755    0.188648    1.023661 ^ _1516_/X (sky130_fd_sc_hd__o211a_2)
                                                         _0039_ (net)
                      0.039755    0.000181    1.023842 ^ _1611_/D (sky130_fd_sc_hd__dfxtp_2)
                                              1.023842   data arrival time

                                  0.000000    0.000000   clock clk (rise edge)
                                  0.000000    0.000000   clock source latency
     1    0.021561    0.102711    0.071098    0.071098 ^ clk (in)
                                                         clk (net)
                      0.102734    0.000000    0.071098 ^ clkbuf_0_clk/A (sky130_fd_sc_hd__clkbuf_16)
     8    0.086373    0.103479    0.194327    0.265425 ^ clkbuf_0_clk/X (sky130_fd_sc_hd__clkbuf_16)
                                                         clknet_0_clk (net)
                      0.103777    0.004508    0.269933 ^ clkbuf_3_4__f_clk/A (sky130_fd_sc_hd__clkbuf_16)
     8    0.034323    0.054640    0.158363    0.428296 ^ clkbuf_3_4__f_clk/X (sky130_fd_sc_hd__clkbuf_16)
                                                         clknet_3_4__leaf_clk (net)
                      0.054731    0.001821    0.430117 ^ _1611_/CLK (sky130_fd_sc_hd__dfxtp_2)
                                  0.250000    0.680117   clock uncertainty
                                  0.000000    0.680117   clock reconvergence pessimism
                                 -0.028823    0.651294   library hold time
                                              0.651294   data required time
---------------------------------------------------------------------------------------------
                                              0.651294   data required time
                                             -1.023842   data arrival time
---------------------------------------------------------------------------------------------
                                              0.372548   slack (MET)


Startpoint: _1617_ (rising edge-triggered flip-flop clocked by clk)
Endpoint: _1617_ (rising edge-triggered flip-flop clocked by clk)
Path Group: clk
Path Type: min

Fanout         Cap        Slew       Delay        Time   Description
---------------------------------------------------------------------------------------------
                                  0.000000    0.000000   clock clk (rise edge)
                                  0.000000    0.000000   clock source latency
     1    0.021561    0.102711    0.071098    0.071098 ^ clk (in)
                                                         clk (net)
                      0.102734    0.000000    0.071098 ^ clkbuf_0_clk/A (sky130_fd_sc_hd__clkbuf_16)
     8    0.086373    0.103479    0.194327    0.265425 ^ clkbuf_0_clk/X (sky130_fd_sc_hd__clkbuf_16)
                                                         clknet_0_clk (net)
                      0.103964    0.005702    0.271128 ^ clkbuf_3_1__f_clk/A (sky130_fd_sc_hd__clkbuf_16)
     8    0.024574    0.045977    0.150956    0.422084 ^ clkbuf_3_1__f_clk/X (sky130_fd_sc_hd__clkbuf_16)
                                                         clknet_3_1__leaf_clk (net)
                      0.046019    0.001196    0.423280 ^ _1617_/CLK (sky130_fd_sc_hd__dfxtp_2)
     4    0.030518    0.158573    0.402542    0.825822 ^ _1617_/Q (sky130_fd_sc_hd__dfxtp_2)
                                                         u_dp.acc_q[17] (net)
                      0.158582    0.001392    0.827214 ^ _1540_/A1 (sky130_fd_sc_hd__o211a_2)
     1    0.002826    0.041339    0.191139    1.018353 ^ _1540_/X (sky130_fd_sc_hd__o211a_2)
                                                         _0045_ (net)
                      0.041339    0.000194    1.018547 ^ _1617_/D (sky130_fd_sc_hd__dfxtp_2)
                                              1.018547   data arrival time

                                  0.000000    0.000000   clock clk (rise edge)
                                  0.000000    0.000000   clock source latency
     1    0.021561    0.102711    0.071098    0.071098 ^ clk (in)
                                                         clk (net)
                      0.102734    0.000000    0.071098 ^ clkbuf_0_clk/A (sky130_fd_sc_hd__clkbuf_16)
     8    0.086373    0.103479    0.194327    0.265425 ^ clkbuf_0_clk/X (sky130_fd_sc_hd__clkbuf_16)
                                                         clknet_0_clk (net)
                      0.103964    0.005702    0.271128 ^ clkbuf_3_1__f_clk/A (sky130_fd_sc_hd__clkbuf_16)
     8    0.024574    0.045977    0.150956    0.422084 ^ clkbuf_3_1__f_clk/X (sky130_fd_sc_hd__clkbuf_16)
                                                         clknet_3_1__leaf_clk (net)
                      0.046019    0.001196    0.423280 ^ _1617_/CLK (sky130_fd_sc_hd__dfxtp_2)
                                  0.250000    0.673280   clock uncertainty
                                  0.000000    0.673280   clock reconvergence pessimism
                                 -0.030297    0.642983   library hold time
                                              0.642983   data required time
---------------------------------------------------------------------------------------------
                                              0.642983   data required time
                                             -1.018547   data arrival time
---------------------------------------------------------------------------------------------
                                              0.375564   slack (MET)


Startpoint: _1623_ (rising edge-triggered flip-flop clocked by clk)
Endpoint: _1623_ (rising edge-triggered flip-flop clocked by clk)
Path Group: clk
Path Type: min

Fanout         Cap        Slew       Delay        Time   Description
---------------------------------------------------------------------------------------------
                                  0.000000    0.000000   clock clk (rise edge)
                                  0.000000    0.000000   clock source latency
     1    0.021561    0.102711    0.071098    0.071098 ^ clk (in)
                                                         clk (net)
                      0.102734    0.000000    0.071098 ^ clkbuf_0_clk/A (sky130_fd_sc_hd__clkbuf_16)
     8    0.086373    0.103479    0.194327    0.265425 ^ clkbuf_0_clk/X (sky130_fd_sc_hd__clkbuf_16)
                                                         clknet_0_clk (net)
                      0.103970    0.005738    0.271164 ^ clkbuf_3_0__f_clk/A (sky130_fd_sc_hd__clkbuf_16)
     8    0.025019    0.046527    0.151075    0.422239 ^ clkbuf_3_0__f_clk/X (sky130_fd_sc_hd__clkbuf_16)
                                                         clknet_3_0__leaf_clk (net)
                      0.046632    0.001879    0.424118 ^ _1623_/CLK (sky130_fd_sc_hd__dfxtp_2)
     4    0.028888    0.150724    0.396858    0.820976 ^ _1623_/Q (sky130_fd_sc_hd__dfxtp_2)
                                                         u_dp.acc_q[23] (net)
                      0.150765    0.002440    0.823415 ^ _1561_/A1 (sky130_fd_sc_hd__o211a_2)
     1    0.003814    0.046715    0.195658    1.019074 ^ _1561_/X (sky130_fd_sc_hd__o211a_2)
                                                         _0051_ (net)
                      0.046715    0.000237    1.019310 ^ _1623_/D (sky130_fd_sc_hd__dfxtp_2)
                                              1.019310   data arrival time

                                  0.000000    0.000000   clock clk (rise edge)
                                  0.000000    0.000000   clock source latency
     1    0.021561    0.102711    0.071098    0.071098 ^ clk (in)
                                                         clk (net)
                      0.102734    0.000000    0.071098 ^ clkbuf_0_clk/A (sky130_fd_sc_hd__clkbuf_16)
     8    0.086373    0.103479    0.194327    0.265425 ^ clkbuf_0_clk/X (sky130_fd_sc_hd__clkbuf_16)
                                                         clknet_0_clk (net)
                      0.103970    0.005738    0.271164 ^ clkbuf_3_0__f_clk/A (sky130_fd_sc_hd__clkbuf_16)
     8    0.025019    0.046527    0.151075    0.422239 ^ clkbuf_3_0__f_clk/X (sky130_fd_sc_hd__clkbuf_16)
                                                         clknet_3_0__leaf_clk (net)
                      0.046632    0.001879    0.424118 ^ _1623_/CLK (sky130_fd_sc_hd__dfxtp_2)
                                  0.250000    0.674118   clock uncertainty
                                  0.000000    0.674118   clock reconvergence pessimism
                                 -0.031330    0.642788   library hold time
                                              0.642788   data required time
---------------------------------------------------------------------------------------------
                                              0.642788   data required time
                                             -1.019310   data arrival time
---------------------------------------------------------------------------------------------
                                              0.376522   slack (MET)


Startpoint: _1618_ (rising edge-triggered flip-flop clocked by clk)
Endpoint: _1618_ (rising edge-triggered flip-flop clocked by clk)
Path Group: clk
Path Type: min

Fanout         Cap        Slew       Delay        Time   Description
---------------------------------------------------------------------------------------------
                                  0.000000    0.000000   clock clk (rise edge)
                                  0.000000    0.000000   clock source latency
     1    0.021561    0.102711    0.071098    0.071098 ^ clk (in)
                                                         clk (net)
                      0.102734    0.000000    0.071098 ^ clkbuf_0_clk/A (sky130_fd_sc_hd__clkbuf_16)
     8    0.086373    0.103479    0.194327    0.265425 ^ clkbuf_0_clk/X (sky130_fd_sc_hd__clkbuf_16)
                                                         clknet_0_clk (net)
                      0.103970    0.005738    0.271164 ^ clkbuf_3_0__f_clk/A (sky130_fd_sc_hd__clkbuf_16)
     8    0.025019    0.046527    0.151075    0.422239 ^ clkbuf_3_0__f_clk/X (sky130_fd_sc_hd__clkbuf_16)
                                                         clknet_3_0__leaf_clk (net)
                      0.046686    0.002278    0.424517 ^ _1618_/CLK (sky130_fd_sc_hd__dfxtp_2)
     4    0.031726    0.164344    0.406629    0.831145 ^ _1618_/Q (sky130_fd_sc_hd__dfxtp_2)
                                                         u_dp.acc_q[18] (net)
                      0.164357    0.001660    0.832805 ^ _1545_/A1 (sky130_fd_sc_hd__o211a_2)
     1    0.002394    0.039177    0.189628    1.022433 ^ _1545_/X (sky130_fd_sc_hd__o211a_2)
                                                         _0046_ (net)
                      0.039177    0.000171    1.022604 ^ _1618_/D (sky130_fd_sc_hd__dfxtp_2)
                                              1.022604   data arrival time

                                  0.000000    0.000000   clock clk (rise edge)
                                  0.000000    0.000000   clock source latency
     1    0.021561    0.102711    0.071098    0.071098 ^ clk (in)
                                                         clk (net)
                      0.102734    0.000000    0.071098 ^ clkbuf_0_clk/A (sky130_fd_sc_hd__clkbuf_16)
     8    0.086373    0.103479    0.194327    0.265425 ^ clkbuf_0_clk/X (sky130_fd_sc_hd__clkbuf_16)
                                                         clknet_0_clk (net)
                      0.103970    0.005738    0.271164 ^ clkbuf_3_0__f_clk/A (sky130_fd_sc_hd__clkbuf_16)
     8    0.025019    0.046527    0.151075    0.422239 ^ clkbuf_3_0__f_clk/X (sky130_fd_sc_hd__clkbuf_16)
                                                         clknet_3_0__leaf_clk (net)
                      0.046686    0.002278    0.424517 ^ _1618_/CLK (sky130_fd_sc_hd__dfxtp_2)
                                  0.250000    0.674517   clock uncertainty
                                  0.000000    0.674517   clock reconvergence pessimism
                                 -0.029762    0.644755   library hold time
                                              0.644755   data required time
---------------------------------------------------------------------------------------------
                                              0.644755   data required time
                                             -1.022604   data arrival time
---------------------------------------------------------------------------------------------
                                              0.377849   slack (MET)


Startpoint: _1608_ (rising edge-triggered flip-flop clocked by clk)
Endpoint: _1608_ (rising edge-triggered flip-flop clocked by clk)
Path Group: clk
Path Type: min

Fanout         Cap        Slew       Delay        Time   Description
---------------------------------------------------------------------------------------------
                                  0.000000    0.000000   clock clk (rise edge)
                                  0.000000    0.000000   clock source latency
     1    0.021561    0.102711    0.071098    0.071098 ^ clk (in)
                                                         clk (net)
                      0.102734    0.000000    0.071098 ^ clkbuf_0_clk/A (sky130_fd_sc_hd__clkbuf_16)
     8    0.086373    0.103479    0.194327    0.265425 ^ clkbuf_0_clk/X (sky130_fd_sc_hd__clkbuf_16)
                                                         clknet_0_clk (net)
                      0.103964    0.005702    0.271128 ^ clkbuf_3_1__f_clk/A (sky130_fd_sc_hd__clkbuf_16)
     8    0.024574    0.045977    0.150956    0.422084 ^ clkbuf_3_1__f_clk/X (sky130_fd_sc_hd__clkbuf_16)
                                                         clknet_3_1__leaf_clk (net)
                      0.046032    0.001346    0.423429 ^ _1608_/CLK (sky130_fd_sc_hd__dfxtp_2)
     4    0.030232    0.157204    0.401326    0.824755 ^ _1608_/Q (sky130_fd_sc_hd__dfxtp_2)
                                                         u_dp.acc_q[8] (net)
                      0.157222    0.001755    0.826510 ^ _1503_/A1 (sky130_fd_sc_hd__o211a_2)
     1    0.003353    0.044193    0.194110    1.020620 ^ _1503_/X (sky130_fd_sc_hd__o211a_2)
                                                         _0036_ (net)
                      0.044193    0.000206    1.020826 ^ _1608_/D (sky130_fd_sc_hd__dfxtp_2)
                                              1.020826   data arrival time

                                  0.000000    0.000000   clock clk (rise edge)
                                  0.000000    0.000000   clock source latency
     1    0.021561    0.102711    0.071098    0.071098 ^ clk (in)
                                                         clk (net)
                      0.102734    0.000000    0.071098 ^ clkbuf_0_clk/A (sky130_fd_sc_hd__clkbuf_16)
     8    0.086373    0.103479    0.194327    0.265425 ^ clkbuf_0_clk/X (sky130_fd_sc_hd__clkbuf_16)
                                                         clknet_0_clk (net)
                      0.103964    0.005702    0.271128 ^ clkbuf_3_1__f_clk/A (sky130_fd_sc_hd__clkbuf_16)
     8    0.024574    0.045977    0.150956    0.422084 ^ clkbuf_3_1__f_clk/X (sky130_fd_sc_hd__clkbuf_16)
                                                         clknet_3_1__leaf_clk (net)
                      0.046032    0.001346    0.423429 ^ _1608_/CLK (sky130_fd_sc_hd__dfxtp_2)
                                  0.250000    0.673429   clock uncertainty
                                  0.000000    0.673429   clock reconvergence pessimism
                                 -0.030887    0.642543   library hold time
                                              0.642543   data required time
---------------------------------------------------------------------------------------------
                                              0.642543   data required time
                                             -1.020826   data arrival time
---------------------------------------------------------------------------------------------
                                              0.378283   slack (MET)


Startpoint: _1592_ (rising edge-triggered flip-flop clocked by clk)
Endpoint: _1592_ (rising edge-triggered flip-flop clocked by clk)
Path Group: clk
Path Type: min

Fanout         Cap        Slew       Delay        Time   Description
---------------------------------------------------------------------------------------------
                                  0.000000    0.000000   clock clk (rise edge)
                                  0.000000    0.000000   clock source latency
     1    0.021561    0.102711    0.071098    0.071098 ^ clk (in)
                                                         clk (net)
                      0.102734    0.000000    0.071098 ^ clkbuf_0_clk/A (sky130_fd_sc_hd__clkbuf_16)
     8    0.086373    0.103479    0.194327    0.265425 ^ clkbuf_0_clk/X (sky130_fd_sc_hd__clkbuf_16)
                                                         clknet_0_clk (net)
                      0.103974    0.005760    0.271185 ^ clkbuf_3_5__f_clk/A (sky130_fd_sc_hd__clkbuf_16)
     8    0.030700    0.051621    0.156320    0.427505 ^ clkbuf_3_5__f_clk/X (sky130_fd_sc_hd__clkbuf_16)
                                                         clknet_3_5__leaf_clk (net)
                      0.051625    0.000921    0.428426 ^ _1592_/CLK (sky130_fd_sc_hd__dfxtp_2)
     2    0.010111    0.062098    0.334415    0.762841 ^ _1592_/Q (sky130_fd_sc_hd__dfxtp_2)
                                                         u_dp.b_q[0] (net)
                      0.062101    0.000512    0.763354 ^ _1457_/A (sky130_fd_sc_hd__or2_2)
     1    0.004354    0.035843    0.108421    0.871775 ^ _1457_/X (sky130_fd_sc_hd__or2_2)
                                                         _0710_ (net)
                      0.035844    0.000331    0.872106 ^ _1458_/B1 (sky130_fd_sc_hd__o211a_2)
     1    0.002843    0.041442    0.157562    1.029668 ^ _1458_/X (sky130_fd_sc_hd__o211a_2)
                                                         _0020_ (net)
                      0.041442    0.000185    1.029853 ^ _1592_/D (sky130_fd_sc_hd__dfxtp_2)
                                              1.029853   data arrival time

                                  0.000000    0.000000   clock clk (rise edge)
                                  0.000000    0.000000   clock source latency
     1    0.021561    0.102711    0.071098    0.071098 ^ clk (in)
                                                         clk (net)
                      0.102734    0.000000    0.071098 ^ clkbuf_0_clk/A (sky130_fd_sc_hd__clkbuf_16)
     8    0.086373    0.103479    0.194327    0.265425 ^ clkbuf_0_clk/X (sky130_fd_sc_hd__clkbuf_16)
                                                         clknet_0_clk (net)
                      0.103974    0.005760    0.271185 ^ clkbuf_3_5__f_clk/A (sky130_fd_sc_hd__clkbuf_16)
     8    0.030700    0.051621    0.156320    0.427505 ^ clkbuf_3_5__f_clk/X (sky130_fd_sc_hd__clkbuf_16)
                                                         clknet_3_5__leaf_clk (net)
                      0.051625    0.000921    0.428426 ^ _1592_/CLK (sky130_fd_sc_hd__dfxtp_2)
                                  0.250000    0.678426   clock uncertainty
                                  0.000000    0.678426   clock reconvergence pessimism
                                 -0.029581    0.648845   library hold time
                                              0.648845   data required time
---------------------------------------------------------------------------------------------
                                              0.648845   data required time
                                             -1.029853   data arrival time
---------------------------------------------------------------------------------------------
                                              0.381007   slack (MET)


Startpoint: _1599_ (rising edge-triggered flip-flop clocked by clk)
Endpoint: _1599_ (rising edge-triggered flip-flop clocked by clk)
Path Group: clk
Path Type: min

Fanout         Cap        Slew       Delay        Time   Description
---------------------------------------------------------------------------------------------
                                  0.000000    0.000000   clock clk (rise edge)
                                  0.000000    0.000000   clock source latency
     1    0.021561    0.102711    0.071098    0.071098 ^ clk (in)
                                                         clk (net)
                      0.102734    0.000000    0.071098 ^ clkbuf_0_clk/A (sky130_fd_sc_hd__clkbuf_16)
     8    0.086373    0.103479    0.194327    0.265425 ^ clkbuf_0_clk/X (sky130_fd_sc_hd__clkbuf_16)
                                                         clknet_0_clk (net)
                      0.104106    0.006458    0.271884 ^ clkbuf_3_6__f_clk/A (sky130_fd_sc_hd__clkbuf_16)
     8    0.025564    0.047064    0.151547    0.423430 ^ clkbuf_3_6__f_clk/X (sky130_fd_sc_hd__clkbuf_16)
                                                         clknet_3_6__leaf_clk (net)
                      0.047091    0.001119    0.424550 ^ _1599_/CLK (sky130_fd_sc_hd__dfxtp_2)
     2    0.013190    0.075762    0.344036    0.768586 ^ _1599_/Q (sky130_fd_sc_hd__dfxtp_2)
                                                         u_dp.b_q[7] (net)
                      0.075762    0.000314    0.768900 ^ _1471_/A (sky130_fd_sc_hd__or2_2)
     1    0.002967    0.029728    0.107534    0.876434 ^ _1471_/X (sky130_fd_sc_hd__or2_2)
                                                         _0717_ (net)
                      0.029737    0.000208    0.876641 ^ _1472_/B1 (sky130_fd_sc_hd__o211a_2)
     1    0.002507    0.039691    0.153629    1.030270 ^ _1472_/X (sky130_fd_sc_hd__o211a_2)
                                                         _0027_ (net)
                      0.039691    0.000163    1.030433 ^ _1599_/D (sky130_fd_sc_hd__dfxtp_2)
                                              1.030433   data arrival time

                                  0.000000    0.000000   clock clk (rise edge)
                                  0.000000    0.000000   clock source latency
     1    0.021561    0.102711    0.071098    0.071098 ^ clk (in)
                                                         clk (net)
                      0.102734    0.000000    0.071098 ^ clkbuf_0_clk/A (sky130_fd_sc_hd__clkbuf_16)
     8    0.086373    0.103479    0.194327    0.265425 ^ clkbuf_0_clk/X (sky130_fd_sc_hd__clkbuf_16)
                                                         clknet_0_clk (net)
                      0.104106    0.006458    0.271884 ^ clkbuf_3_6__f_clk/A (sky130_fd_sc_hd__clkbuf_16)
     8    0.025564    0.047064    0.151547    0.423430 ^ clkbuf_3_6__f_clk/X (sky130_fd_sc_hd__clkbuf_16)
                                                         clknet_3_6__leaf_clk (net)
                      0.047091    0.001119    0.424550 ^ _1599_/CLK (sky130_fd_sc_hd__dfxtp_2)
                                  0.250000    0.674550   clock uncertainty
                                  0.000000    0.674550   clock reconvergence pessimism
                                 -0.029815    0.644735   library hold time
                                              0.644735   data required time
---------------------------------------------------------------------------------------------
                                              0.644735   data required time
                                             -1.030433   data arrival time
---------------------------------------------------------------------------------------------
                                              0.385699   slack (MET)


Startpoint: _1589_ (rising edge-triggered flip-flop clocked by clk)
Endpoint: _1589_ (rising edge-triggered flip-flop clocked by clk)
Path Group: clk
Path Type: min

Fanout         Cap        Slew       Delay        Time   Description
---------------------------------------------------------------------------------------------
                                  0.000000    0.000000   clock clk (rise edge)
                                  0.000000    0.000000   clock source latency
     1    0.021561    0.102711    0.071098    0.071098 ^ clk (in)
                                                         clk (net)
                      0.102734    0.000000    0.071098 ^ clkbuf_0_clk/A (sky130_fd_sc_hd__clkbuf_16)
     8    0.086373    0.103479    0.194327    0.265425 ^ clkbuf_0_clk/X (sky130_fd_sc_hd__clkbuf_16)
                                                         clknet_0_clk (net)
                      0.104106    0.006458    0.271884 ^ clkbuf_3_6__f_clk/A (sky130_fd_sc_hd__clkbuf_16)
     8    0.025564    0.047064    0.151547    0.423430 ^ clkbuf_3_6__f_clk/X (sky130_fd_sc_hd__clkbuf_16)
                                                         clknet_3_6__leaf_clk (net)
                      0.047246    0.002443    0.425874 ^ _1589_/CLK (sky130_fd_sc_hd__dfxtp_2)
     5    0.034819    0.179214    0.417109    0.842983 ^ _1589_/Q (sky130_fd_sc_hd__dfxtp_2)
                                                         u_dp.a_q[5] (net)
                      0.179243    0.002293    0.845276 ^ _1450_/A1 (sky130_fd_sc_hd__o211a_2)
     1    0.002746    0.040885    0.194731    1.040007 ^ _1450_/X (sky130_fd_sc_hd__o211a_2)
                                                         _0017_ (net)
                      0.040885    0.000175    1.040182 ^ _1589_/D (sky130_fd_sc_hd__dfxtp_2)
                                              1.040182   data arrival time

                                  0.000000    0.000000   clock clk (rise edge)
                                  0.000000    0.000000   clock source latency
     1    0.021561    0.102711    0.071098    0.071098 ^ clk (in)
                                                         clk (net)
                      0.102734    0.000000    0.071098 ^ clkbuf_0_clk/A (sky130_fd_sc_hd__clkbuf_16)
     8    0.086373    0.103479    0.194327    0.265425 ^ clkbuf_0_clk/X (sky130_fd_sc_hd__clkbuf_16)
                                                         clknet_0_clk (net)
                      0.104106    0.006458    0.271884 ^ clkbuf_3_6__f_clk/A (sky130_fd_sc_hd__clkbuf_16)
     8    0.025564    0.047064    0.151547    0.423430 ^ clkbuf_3_6__f_clk/X (sky130_fd_sc_hd__clkbuf_16)
                                                         clknet_3_6__leaf_clk (net)
                      0.047246    0.002443    0.425874 ^ _1589_/CLK (sky130_fd_sc_hd__dfxtp_2)
                                  0.250000    0.675874   clock uncertainty
                                  0.000000    0.675874   clock reconvergence pessimism
                                 -0.030042    0.645832   library hold time
                                              0.645832   data required time
---------------------------------------------------------------------------------------------
                                              0.645832   data required time
                                             -1.040182   data arrival time
---------------------------------------------------------------------------------------------
                                              0.394350   slack (MET)


Startpoint: _1585_ (rising edge-triggered flip-flop clocked by clk)
Endpoint: _1585_ (rising edge-triggered flip-flop clocked by clk)
Path Group: clk
Path Type: min

Fanout         Cap        Slew       Delay        Time   Description
---------------------------------------------------------------------------------------------
                                  0.000000    0.000000   clock clk (rise edge)
                                  0.000000    0.000000   clock source latency
     1    0.021561    0.102711    0.071098    0.071098 ^ clk (in)
                                                         clk (net)
                      0.102734    0.000000    0.071098 ^ clkbuf_0_clk/A (sky130_fd_sc_hd__clkbuf_16)
     8    0.086373    0.103479    0.194327    0.265425 ^ clkbuf_0_clk/X (sky130_fd_sc_hd__clkbuf_16)
                                                         clknet_0_clk (net)
                      0.104109    0.006475    0.271900 ^ clkbuf_3_7__f_clk/A (sky130_fd_sc_hd__clkbuf_16)
     8    0.028954    0.050032    0.154433    0.426333 ^ clkbuf_3_7__f_clk/X (sky130_fd_sc_hd__clkbuf_16)
                                                         clknet_3_7__leaf_clk (net)
                      0.050222    0.003087    0.429419 ^ _1585_/CLK (sky130_fd_sc_hd__dfxtp_2)
     5    0.036429    0.187121    0.424488    0.853908 ^ _1585_/Q (sky130_fd_sc_hd__dfxtp_2)
                                                         u_dp.a_q[1] (net)
                      0.187141    0.001999    0.855906 ^ _1442_/A1 (sky130_fd_sc_hd__o211a_2)
     1    0.002121    0.037763    0.192449    1.048356 ^ _1442_/X (sky130_fd_sc_hd__o211a_2)
                                                         _0013_ (net)
                      0.037763    0.000099    1.048454 ^ _1585_/D (sky130_fd_sc_hd__dfxtp_2)
                                              1.048454   data arrival time

                                  0.000000    0.000000   clock clk (rise edge)
                                  0.000000    0.000000   clock source latency
     1    0.021561    0.102711    0.071098    0.071098 ^ clk (in)
                                                         clk (net)
                      0.102734    0.000000    0.071098 ^ clkbuf_0_clk/A (sky130_fd_sc_hd__clkbuf_16)
     8    0.086373    0.103479    0.194327    0.265425 ^ clkbuf_0_clk/X (sky130_fd_sc_hd__clkbuf_16)
                                                         clknet_0_clk (net)
                      0.104109    0.006475    0.271900 ^ clkbuf_3_7__f_clk/A (sky130_fd_sc_hd__clkbuf_16)
     8    0.028954    0.050032    0.154433    0.426333 ^ clkbuf_3_7__f_clk/X (sky130_fd_sc_hd__clkbuf_16)
                                                         clknet_3_7__leaf_clk (net)
                      0.050222    0.003087    0.429419 ^ _1585_/CLK (sky130_fd_sc_hd__dfxtp_2)
                                  0.250000    0.679419   clock uncertainty
                                  0.000000    0.679419   clock reconvergence pessimism
                                 -0.029004    0.650415   library hold time
                                              0.650415   data required time
---------------------------------------------------------------------------------------------
                                              0.650415   data required time
                                             -1.048454   data arrival time
---------------------------------------------------------------------------------------------
                                              0.398039   slack (MET)


Startpoint: _1610_ (rising edge-triggered flip-flop clocked by clk)
Endpoint: _1578_ (rising edge-triggered flip-flop clocked by clk)
Path Group: clk
Path Type: min

Fanout         Cap        Slew       Delay        Time   Description
---------------------------------------------------------------------------------------------
                                  0.000000    0.000000   clock clk (rise edge)
                                  0.000000    0.000000   clock source latency
     1    0.021561    0.102711    0.071098    0.071098 ^ clk (in)
                                                         clk (net)
                      0.102734    0.000000    0.071098 ^ clkbuf_0_clk/A (sky130_fd_sc_hd__clkbuf_16)
     8    0.086373    0.103479    0.194327    0.265425 ^ clkbuf_0_clk/X (sky130_fd_sc_hd__clkbuf_16)
                                                         clknet_0_clk (net)
                      0.103964    0.005702    0.271128 ^ clkbuf_3_1__f_clk/A (sky130_fd_sc_hd__clkbuf_16)
     8    0.024574    0.045977    0.150956    0.422084 ^ clkbuf_3_1__f_clk/X (sky130_fd_sc_hd__clkbuf_16)
                                                         clknet_3_1__leaf_clk (net)
                      0.046011    0.001087    0.423171 ^ _1610_/CLK (sky130_fd_sc_hd__dfxtp_2)
     5    0.022246    0.118887    0.374330    0.797501 ^ _1610_/Q (sky130_fd_sc_hd__dfxtp_2)
                                                         u_dp.acc_q[10] (net)
                      0.118908    0.001582    0.799082 ^ _1419_/A1 (sky130_fd_sc_hd__a22o_2)
     1    0.009311    0.063158    0.179011    0.978094 ^ _1419_/X (sky130_fd_sc_hd__a22o_2)
                                                         _0686_ (net)
                      0.063167    0.000795    0.978888 ^ _1420_/B1 (sky130_fd_sc_hd__a21oi_2)
     1    0.011548    0.037633    0.049991    1.028879 v _1420_/Y (sky130_fd_sc_hd__a21oi_2)
                                                         _0687_ (net)
                      0.037675    0.000964    1.029843 v _1421_/B (sky130_fd_sc_hd__nor2_2)
     1    0.003565    0.067737    0.072386    1.102229 ^ _1421_/Y (sky130_fd_sc_hd__nor2_2)
                                                         _0006_ (net)
                      0.067737    0.000251    1.102480 ^ _1578_/D (sky130_fd_sc_hd__dfxtp_2)
                                              1.102480   data arrival time

                                  0.000000    0.000000   clock clk (rise edge)
                                  0.000000    0.000000   clock source latency
     1    0.021561    0.102711    0.071098    0.071098 ^ clk (in)
                                                         clk (net)
                      0.102734    0.000000    0.071098 ^ clkbuf_0_clk/A (sky130_fd_sc_hd__clkbuf_16)
     8    0.086373    0.103479    0.194327    0.265425 ^ clkbuf_0_clk/X (sky130_fd_sc_hd__clkbuf_16)
                                                         clknet_0_clk (net)
                      0.103777    0.004508    0.269933 ^ clkbuf_3_4__f_clk/A (sky130_fd_sc_hd__clkbuf_16)
     8    0.034323    0.054640    0.158363    0.428296 ^ clkbuf_3_4__f_clk/X (sky130_fd_sc_hd__clkbuf_16)
                                                         clknet_3_4__leaf_clk (net)
                      0.055038    0.003357    0.431653 ^ _1578_/CLK (sky130_fd_sc_hd__dfxtp_2)
                                  0.250000    0.681653   clock uncertainty
                                  0.000000    0.681653   clock reconvergence pessimism
                                 -0.034571    0.647081   library hold time
                                              0.647081   data required time
---------------------------------------------------------------------------------------------
                                              0.647081   data required time
                                             -1.102480   data arrival time
---------------------------------------------------------------------------------------------
                                              0.455398   slack (MET)


Startpoint: _1609_ (rising edge-triggered flip-flop clocked by clk)
Endpoint: _1577_ (rising edge-triggered flip-flop clocked by clk)
Path Group: clk
Path Type: min

Fanout         Cap        Slew       Delay        Time   Description
---------------------------------------------------------------------------------------------
                                  0.000000    0.000000   clock clk (rise edge)
                                  0.000000    0.000000   clock source latency
     1    0.021561    0.102711    0.071098    0.071098 ^ clk (in)
                                                         clk (net)
                      0.102734    0.000000    0.071098 ^ clkbuf_0_clk/A (sky130_fd_sc_hd__clkbuf_16)
     8    0.086373    0.103479    0.194327    0.265425 ^ clkbuf_0_clk/X (sky130_fd_sc_hd__clkbuf_16)
                                                         clknet_0_clk (net)
                      0.103964    0.005702    0.271128 ^ clkbuf_3_1__f_clk/A (sky130_fd_sc_hd__clkbuf_16)
     8    0.024574    0.045977    0.150956    0.422084 ^ clkbuf_3_1__f_clk/X (sky130_fd_sc_hd__clkbuf_16)
                                                         clknet_3_1__leaf_clk (net)
                      0.046018    0.001174    0.423258 ^ _1609_/CLK (sky130_fd_sc_hd__dfxtp_2)
     4    0.024586    0.130475    0.382636    0.805893 ^ _1609_/Q (sky130_fd_sc_hd__dfxtp_2)
                                                         u_dp.acc_q[9] (net)
                      0.130481    0.001051    0.806945 ^ _1416_/A1 (sky130_fd_sc_hd__a22o_2)
     1    0.005813    0.047535    0.168448    0.975392 ^ _1416_/X (sky130_fd_sc_hd__a22o_2)
                                                         _0684_ (net)
                      0.047539    0.000433    0.975825 ^ _1417_/B1 (sky130_fd_sc_hd__a21oi_2)
     1    0.013070    0.037796    0.047596    1.023421 v _1417_/Y (sky130_fd_sc_hd__a21oi_2)
                                                         _0685_ (net)
                      0.037853    0.001144    1.024565 v _1418_/B (sky130_fd_sc_hd__nor2_2)
     1    0.004218    0.073960    0.077473    1.102039 ^ _1418_/Y (sky130_fd_sc_hd__nor2_2)
                                                         _0005_ (net)
                      0.073960    0.000169    1.102208 ^ _1577_/D (sky130_fd_sc_hd__dfxtp_2)
                                              1.102208   data arrival time

                                  0.000000    0.000000   clock clk (rise edge)
                                  0.000000    0.000000   clock source latency
     1    0.021561    0.102711    0.071098    0.071098 ^ clk (in)
                                                         clk (net)
                      0.102734    0.000000    0.071098 ^ clkbuf_0_clk/A (sky130_fd_sc_hd__clkbuf_16)
     8    0.086373    0.103479    0.194327    0.265425 ^ clkbuf_0_clk/X (sky130_fd_sc_hd__clkbuf_16)
                                                         clknet_0_clk (net)
                      0.103777    0.004508    0.269933 ^ clkbuf_3_4__f_clk/A (sky130_fd_sc_hd__clkbuf_16)
     8    0.034323    0.054640    0.158363    0.428296 ^ clkbuf_3_4__f_clk/X (sky130_fd_sc_hd__clkbuf_16)
                                                         clknet_3_4__leaf_clk (net)
                      0.055034    0.003328    0.431624 ^ _1577_/CLK (sky130_fd_sc_hd__dfxtp_2)
                                  0.250000    0.681624   clock uncertainty
                                  0.000000    0.681624   clock reconvergence pessimism
                                 -0.035859    0.645765   library hold time
                                              0.645765   data required time
---------------------------------------------------------------------------------------------
                                              0.645765   data required time
                                             -1.102208   data arrival time
---------------------------------------------------------------------------------------------
                                              0.456443   slack (MET)


Startpoint: _1622_ (rising edge-triggered flip-flop clocked by clk)
Endpoint: _1582_ (rising edge-triggered flip-flop clocked by clk)
Path Group: clk
Path Type: min

Fanout         Cap        Slew       Delay        Time   Description
---------------------------------------------------------------------------------------------
                                  0.000000    0.000000   clock clk (rise edge)
                                  0.000000    0.000000   clock source latency
     1    0.021561    0.102711    0.071098    0.071098 ^ clk (in)
                                                         clk (net)
                      0.102734    0.000000    0.071098 ^ clkbuf_0_clk/A (sky130_fd_sc_hd__clkbuf_16)
     8    0.086373    0.103479    0.194327    0.265425 ^ clkbuf_0_clk/X (sky130_fd_sc_hd__clkbuf_16)
                                                         clknet_0_clk (net)
                      0.103970    0.005738    0.271164 ^ clkbuf_3_0__f_clk/A (sky130_fd_sc_hd__clkbuf_16)
     8    0.025019    0.046527    0.151075    0.422239 ^ clkbuf_3_0__f_clk/X (sky130_fd_sc_hd__clkbuf_16)
                                                         clknet_3_0__leaf_clk (net)
                      0.046577    0.001376    0.423615 ^ _1622_/CLK (sky130_fd_sc_hd__dfxtp_2)
     4    0.027053    0.141935    0.390971    0.814586 ^ _1622_/Q (sky130_fd_sc_hd__dfxtp_2)
                                                         u_dp.acc_q[22] (net)
                      0.141936    0.000762    0.815348 ^ _1431_/B2 (sky130_fd_sc_hd__a22o_2)
     1    0.012859    0.078522    0.189572    1.004919 ^ _1431_/X (sky130_fd_sc_hd__a22o_2)
                                                         _0694_ (net)
                      0.078540    0.001146    1.006065 ^ _1432_/B1 (sky130_fd_sc_hd__a21oi_2)
     1    0.006660    0.033223    0.044278    1.050344 v _1432_/Y (sky130_fd_sc_hd__a21oi_2)
                                                         _0695_ (net)
                      0.033251    0.000530    1.050874 v _1433_/B (sky130_fd_sc_hd__nor2_2)
     1    0.002520    0.057696    0.062642    1.113516 ^ _1433_/Y (sky130_fd_sc_hd__nor2_2)
                                                         _0010_ (net)
                      0.057696    0.000167    1.113684 ^ _1582_/D (sky130_fd_sc_hd__dfxtp_2)
                                              1.113684   data arrival time

                                  0.000000    0.000000   clock clk (rise edge)
                                  0.000000    0.000000   clock source latency
     1    0.021561    0.102711    0.071098    0.071098 ^ clk (in)
                                                         clk (net)
                      0.102734    0.000000    0.071098 ^ clkbuf_0_clk/A (sky130_fd_sc_hd__clkbuf_16)
     8    0.086373    0.103479    0.194327    0.265425 ^ clkbuf_0_clk/X (sky130_fd_sc_hd__clkbuf_16)
                                                         clknet_0_clk (net)
                      0.104003    0.005923    0.271348 ^ clkbuf_3_3__f_clk/A (sky130_fd_sc_hd__clkbuf_16)
     8    0.032521    0.053149    0.157302    0.428651 ^ clkbuf_3_3__f_clk/X (sky130_fd_sc_hd__clkbuf_16)
                                                         clknet_3_3__leaf_clk (net)
                      0.053274    0.002393    0.431044 ^ _1582_/CLK (sky130_fd_sc_hd__dfxtp_2)
                                  0.250000    0.681044   clock uncertainty
                                  0.000000    0.681044   clock reconvergence pessimism
                                 -0.032727    0.648317   library hold time
                                              0.648317   data required time
---------------------------------------------------------------------------------------------
                                              0.648317   data required time
                                             -1.113684   data arrival time
---------------------------------------------------------------------------------------------
                                              0.465367   slack (MET)


Startpoint: _1600_ (rising edge-triggered flip-flop clocked by clk)
Endpoint: _1600_ (rising edge-triggered flip-flop clocked by clk)
Path Group: clk
Path Type: min

Fanout         Cap        Slew       Delay        Time   Description
---------------------------------------------------------------------------------------------
                                  0.000000    0.000000   clock clk (rise edge)
                                  0.000000    0.000000   clock source latency
     1    0.021561    0.102711    0.071098    0.071098 ^ clk (in)
                                                         clk (net)
                      0.102734    0.000000    0.071098 ^ clkbuf_0_clk/A (sky130_fd_sc_hd__clkbuf_16)
     8    0.086373    0.103479    0.194327    0.265425 ^ clkbuf_0_clk/X (sky130_fd_sc_hd__clkbuf_16)
                                                         clknet_0_clk (net)
                      0.103970    0.005738    0.271164 ^ clkbuf_3_0__f_clk/A (sky130_fd_sc_hd__clkbuf_16)
     8    0.025019    0.046527    0.151075    0.422239 ^ clkbuf_3_0__f_clk/X (sky130_fd_sc_hd__clkbuf_16)
                                                         clknet_3_0__leaf_clk (net)
                      0.046555    0.001134    0.423373 ^ _1600_/CLK (sky130_fd_sc_hd__dfxtp_2)
     3    0.011061    0.041676    0.324578    0.747951 v _1600_/Q (sky130_fd_sc_hd__dfxtp_2)
                                                         u_dp.acc_q[0] (net)
                      0.041676    0.000752    0.748702 v _1348_/A (sky130_fd_sc_hd__nand3_2)
     3    0.011118    0.069275    0.077851    0.826553 ^ _1348_/Y (sky130_fd_sc_hd__nand3_2)
                                                         _0618_ (net)
                      0.069277    0.000350    0.826904 ^ _1475_/A1 (sky130_fd_sc_hd__a31o_2)
     1    0.003801    0.042433    0.144500    0.971404 ^ _1475_/X (sky130_fd_sc_hd__a31o_2)
                                                         _0720_ (net)
                      0.042444    0.000273    0.971677 ^ _1476_/C1 (sky130_fd_sc_hd__o211a_2)
     1    0.002069    0.037456    0.146648    1.118325 ^ _1476_/X (sky130_fd_sc_hd__o211a_2)
                                                         _0028_ (net)
                      0.037456    0.000148    1.118473 ^ _1600_/D (sky130_fd_sc_hd__dfxtp_2)
                                              1.118473   data arrival time

                                  0.000000    0.000000   clock clk (rise edge)
                                  0.000000    0.000000   clock source latency
     1    0.021561    0.102711    0.071098    0.071098 ^ clk (in)
                                                         clk (net)
                      0.102734    0.000000    0.071098 ^ clkbuf_0_clk/A (sky130_fd_sc_hd__clkbuf_16)
     8    0.086373    0.103479    0.194327    0.265425 ^ clkbuf_0_clk/X (sky130_fd_sc_hd__clkbuf_16)
                                                         clknet_0_clk (net)
                      0.103970    0.005738    0.271164 ^ clkbuf_3_0__f_clk/A (sky130_fd_sc_hd__clkbuf_16)
     8    0.025019    0.046527    0.151075    0.422239 ^ clkbuf_3_0__f_clk/X (sky130_fd_sc_hd__clkbuf_16)
                                                         clknet_3_0__leaf_clk (net)
                      0.046555    0.001134    0.423373 ^ _1600_/CLK (sky130_fd_sc_hd__dfxtp_2)
                                  0.250000    0.673373   clock uncertainty
                                  0.000000    0.673373   clock reconvergence pessimism
                                 -0.029423    0.643950   library hold time
                                              0.643950   data required time
---------------------------------------------------------------------------------------------
                                              0.643950   data required time
                                             -1.118473   data arrival time
---------------------------------------------------------------------------------------------
                                              0.474523   slack (MET)


Startpoint: _1620_ (rising edge-triggered flip-flop clocked by clk)
Endpoint: _1580_ (rising edge-triggered flip-flop clocked by clk)
Path Group: clk
Path Type: min

Fanout         Cap        Slew       Delay        Time   Description
---------------------------------------------------------------------------------------------
                                  0.000000    0.000000   clock clk (rise edge)
                                  0.000000    0.000000   clock source latency
     1    0.021561    0.102711    0.071098    0.071098 ^ clk (in)
                                                         clk (net)
                      0.102734    0.000000    0.071098 ^ clkbuf_0_clk/A (sky130_fd_sc_hd__clkbuf_16)
     8    0.086373    0.103479    0.194327    0.265425 ^ clkbuf_0_clk/X (sky130_fd_sc_hd__clkbuf_16)
                                                         clknet_0_clk (net)
                      0.103970    0.005738    0.271164 ^ clkbuf_3_0__f_clk/A (sky130_fd_sc_hd__clkbuf_16)
     8    0.025019    0.046527    0.151075    0.422239 ^ clkbuf_3_0__f_clk/X (sky130_fd_sc_hd__clkbuf_16)
                                                         clknet_3_0__leaf_clk (net)
                      0.046690    0.002302    0.424541 ^ _1620_/CLK (sky130_fd_sc_hd__dfxtp_2)
     4    0.028236    0.148135    0.395007    0.819548 ^ _1620_/Q (sky130_fd_sc_hd__dfxtp_2)
                                                         u_dp.acc_q[20] (net)
                      0.148149    0.001528    0.821075 ^ _1425_/B2 (sky130_fd_sc_hd__a22o_2)
     1    0.012291    0.075888    0.188986    1.010061 ^ _1425_/X (sky130_fd_sc_hd__a22o_2)
                                                         _0690_ (net)
                      0.075916    0.001369    1.011430 ^ _1426_/B1 (sky130_fd_sc_hd__a21oi_2)
     1    0.007321    0.033622    0.045362    1.056792 v _1426_/Y (sky130_fd_sc_hd__a21oi_2)
                                                         _0691_ (net)
                      0.033652    0.000580    1.057371 v _1427_/B (sky130_fd_sc_hd__nor2_2)
     1    0.002908    0.061455    0.065841    1.123212 ^ _1427_/Y (sky130_fd_sc_hd__nor2_2)
                                                         _0008_ (net)
                      0.061455    0.000188    1.123400 ^ _1580_/D (sky130_fd_sc_hd__dfxtp_2)
                                              1.123400   data arrival time

                                  0.000000    0.000000   clock clk (rise edge)
                                  0.000000    0.000000   clock source latency
     1    0.021561    0.102711    0.071098    0.071098 ^ clk (in)
                                                         clk (net)
                      0.102734    0.000000    0.071098 ^ clkbuf_0_clk/A (sky130_fd_sc_hd__clkbuf_16)
     8    0.086373    0.103479    0.194327    0.265425 ^ clkbuf_0_clk/X (sky130_fd_sc_hd__clkbuf_16)
                                                         clknet_0_clk (net)
                      0.104003    0.005923    0.271348 ^ clkbuf_3_3__f_clk/A (sky130_fd_sc_hd__clkbuf_16)
     8    0.032521    0.053149    0.157302    0.428651 ^ clkbuf_3_3__f_clk/X (sky130_fd_sc_hd__clkbuf_16)
                                                         clknet_3_3__leaf_clk (net)
                      0.053267    0.002337    0.430987 ^ _1580_/CLK (sky130_fd_sc_hd__dfxtp_2)
                                  0.250000    0.680987   clock uncertainty
                                  0.000000    0.680987   clock reconvergence pessimism
                                 -0.033505    0.647482   library hold time
                                              0.647482   data required time
---------------------------------------------------------------------------------------------
                                              0.647482   data required time
                                             -1.123400   data arrival time
---------------------------------------------------------------------------------------------
                                              0.475918   slack (MET)


Startpoint: _1615_ (rising edge-triggered flip-flop clocked by clk)
Endpoint: _1583_ (rising edge-triggered flip-flop clocked by clk)
Path Group: clk
Path Type: min

Fanout         Cap        Slew       Delay        Time   Description
---------------------------------------------------------------------------------------------
                                  0.000000    0.000000   clock clk (rise edge)
                                  0.000000    0.000000   clock source latency
     1    0.021561    0.102711    0.071098    0.071098 ^ clk (in)
                                                         clk (net)
                      0.102734    0.000000    0.071098 ^ clkbuf_0_clk/A (sky130_fd_sc_hd__clkbuf_16)
     8    0.086373    0.103479    0.194327    0.265425 ^ clkbuf_0_clk/X (sky130_fd_sc_hd__clkbuf_16)
                                                         clknet_0_clk (net)
                      0.103964    0.005702    0.271128 ^ clkbuf_3_1__f_clk/A (sky130_fd_sc_hd__clkbuf_16)
     8    0.024574    0.045977    0.150956    0.422084 ^ clkbuf_3_1__f_clk/X (sky130_fd_sc_hd__clkbuf_16)
                                                         clknet_3_1__leaf_clk (net)
                      0.046020    0.001199    0.423283 ^ _1615_/CLK (sky130_fd_sc_hd__dfxtp_2)
     4    0.026464    0.139113    0.388698    0.811981 ^ _1615_/Q (sky130_fd_sc_hd__dfxtp_2)
                                                         u_dp.acc_q[15] (net)
                      0.139124    0.001363    0.813344 ^ _1434_/A1 (sky130_fd_sc_hd__a22o_2)
     1    0.011938    0.074583    0.196014    1.009358 ^ _1434_/X (sky130_fd_sc_hd__a22o_2)
                                                         _0696_ (net)
                      0.074602    0.001144    1.010502 ^ _1435_/B1 (sky130_fd_sc_hd__a21oi_2)
     1    0.007997    0.034512    0.046717    1.057218 v _1435_/Y (sky130_fd_sc_hd__a21oi_2)
                                                         _0697_ (net)
                      0.034516    0.000641    1.057859 v _1436_/B (sky130_fd_sc_hd__nor2_2)
     1    0.002731    0.059727    0.064761    1.122620 ^ _1436_/Y (sky130_fd_sc_hd__nor2_2)
                                                         _0011_ (net)
                      0.059727    0.000179    1.122798 ^ _1583_/D (sky130_fd_sc_hd__dfxtp_2)
                                              1.122798   data arrival time

                                  0.000000    0.000000   clock clk (rise edge)
                                  0.000000    0.000000   clock source latency
     1    0.021561    0.102711    0.071098    0.071098 ^ clk (in)
                                                         clk (net)
                      0.102734    0.000000    0.071098 ^ clkbuf_0_clk/A (sky130_fd_sc_hd__clkbuf_16)
     8    0.086373    0.103479    0.194327    0.265425 ^ clkbuf_0_clk/X (sky130_fd_sc_hd__clkbuf_16)
                                                         clknet_0_clk (net)
                      0.103974    0.005760    0.271185 ^ clkbuf_3_5__f_clk/A (sky130_fd_sc_hd__clkbuf_16)
     8    0.030700    0.051621    0.156320    0.427505 ^ clkbuf_3_5__f_clk/X (sky130_fd_sc_hd__clkbuf_16)
                                                         clknet_3_5__leaf_clk (net)
                      0.051632    0.001410    0.428915 ^ _1583_/CLK (sky130_fd_sc_hd__dfxtp_2)
                                  0.250000    0.678915   clock uncertainty
                                  0.000000    0.678915   clock reconvergence pessimism
                                 -0.033364    0.645551   library hold time
                                              0.645551   data required time
---------------------------------------------------------------------------------------------
                                              0.645551   data required time
                                             -1.122798   data arrival time
---------------------------------------------------------------------------------------------
                                              0.477247   slack (MET)


Startpoint: _1621_ (rising edge-triggered flip-flop clocked by clk)
Endpoint: _1581_ (rising edge-triggered flip-flop clocked by clk)
Path Group: clk
Path Type: min

Fanout         Cap        Slew       Delay        Time   Description
---------------------------------------------------------------------------------------------
                                  0.000000    0.000000   clock clk (rise edge)
                                  0.000000    0.000000   clock source latency
     1    0.021561    0.102711    0.071098    0.071098 ^ clk (in)
                                                         clk (net)
                      0.102734    0.000000    0.071098 ^ clkbuf_0_clk/A (sky130_fd_sc_hd__clkbuf_16)
     8    0.086373    0.103479    0.194327    0.265425 ^ clkbuf_0_clk/X (sky130_fd_sc_hd__clkbuf_16)
                                                         clknet_0_clk (net)
                      0.103970    0.005738    0.271164 ^ clkbuf_3_0__f_clk/A (sky130_fd_sc_hd__clkbuf_16)
     8    0.025019    0.046527    0.151075    0.422239 ^ clkbuf_3_0__f_clk/X (sky130_fd_sc_hd__clkbuf_16)
                                                         clknet_3_0__leaf_clk (net)
                      0.046685    0.002273    0.424512 ^ _1621_/CLK (sky130_fd_sc_hd__dfxtp_2)
     4    0.027050    0.142321    0.391398    0.815910 ^ _1621_/Q (sky130_fd_sc_hd__dfxtp_2)
                                                         u_dp.acc_q[21] (net)
                      0.142323    0.000862    0.816772 ^ _1428_/B2 (sky130_fd_sc_hd__a22o_2)
     1    0.016033    0.093435    0.200731    1.017502 ^ _1428_/X (sky130_fd_sc_hd__a22o_2)
                                                         _0692_ (net)
                      0.093467    0.001641    1.019143 ^ _1429_/B1 (sky130_fd_sc_hd__a21oi_2)
     1    0.004648    0.033774    0.041810    1.060953 v _1429_/Y (sky130_fd_sc_hd__a21oi_2)
                                                         _0693_ (net)
                      0.033775    0.000340    1.061293 v _1430_/B (sky130_fd_sc_hd__nor2_2)
     1    0.002971    0.062070    0.066386    1.127680 ^ _1430_/Y (sky130_fd_sc_hd__nor2_2)
                                                         _0009_ (net)
                      0.062070    0.000188    1.127868 ^ _1581_/D (sky130_fd_sc_hd__dfxtp_2)
                                              1.127868   data arrival time

                                  0.000000    0.000000   clock clk (rise edge)
                                  0.000000    0.000000   clock source latency
     1    0.021561    0.102711    0.071098    0.071098 ^ clk (in)
                                                         clk (net)
                      0.102734    0.000000    0.071098 ^ clkbuf_0_clk/A (sky130_fd_sc_hd__clkbuf_16)
     8    0.086373    0.103479    0.194327    0.265425 ^ clkbuf_0_clk/X (sky130_fd_sc_hd__clkbuf_16)
                                                         clknet_0_clk (net)
                      0.103777    0.004508    0.269933 ^ clkbuf_3_4__f_clk/A (sky130_fd_sc_hd__clkbuf_16)
     8    0.034323    0.054640    0.158363    0.428296 ^ clkbuf_3_4__f_clk/X (sky130_fd_sc_hd__clkbuf_16)
                                                         clknet_3_4__leaf_clk (net)
                      0.055023    0.003260    0.431555 ^ _1581_/CLK (sky130_fd_sc_hd__dfxtp_2)
                                  0.250000    0.681555   clock uncertainty
                                  0.000000    0.681555   clock reconvergence pessimism
                                 -0.033401    0.648154   library hold time
                                              0.648154   data required time
---------------------------------------------------------------------------------------------
                                              0.648154   data required time
                                             -1.127868   data arrival time
---------------------------------------------------------------------------------------------
                                              0.479713   slack (MET)


Startpoint: _1594_ (rising edge-triggered flip-flop clocked by clk)
Endpoint: _1594_ (rising edge-triggered flip-flop clocked by clk)
Path Group: clk
Path Type: min

Fanout         Cap        Slew       Delay        Time   Description
---------------------------------------------------------------------------------------------
                                  0.000000    0.000000   clock clk (rise edge)
                                  0.000000    0.000000   clock source latency
     1    0.021561    0.102711    0.071098    0.071098 ^ clk (in)
                                                         clk (net)
                      0.102734    0.000000    0.071098 ^ clkbuf_0_clk/A (sky130_fd_sc_hd__clkbuf_16)
     8    0.086373    0.103479    0.194327    0.265425 ^ clkbuf_0_clk/X (sky130_fd_sc_hd__clkbuf_16)
                                                         clknet_0_clk (net)
                      0.104109    0.006475    0.271900 ^ clkbuf_3_7__f_clk/A (sky130_fd_sc_hd__clkbuf_16)
     8    0.028954    0.050032    0.154433    0.426333 ^ clkbuf_3_7__f_clk/X (sky130_fd_sc_hd__clkbuf_16)
                                                         clknet_3_7__leaf_clk (net)
                      0.050200    0.002928    0.429260 ^ _1594_/CLK (sky130_fd_sc_hd__dfxtp_2)
     4    0.031283    0.162733    0.406952    0.836212 ^ _1594_/Q (sky130_fd_sc_hd__dfxtp_2)
                                                         u_dp.b_q[2] (net)
                      0.162734    0.000864    0.837076 ^ _1461_/A (sky130_fd_sc_hd__or2_2)
     1    0.003118    0.030905    0.136378    0.973454 ^ _1461_/X (sky130_fd_sc_hd__or2_2)
                                                         _0712_ (net)
                      0.030905    0.000226    0.973680 ^ _1462_/B1 (sky130_fd_sc_hd__o211a_2)
     1    0.002919    0.041739    0.156510    1.130190 ^ _1462_/X (sky130_fd_sc_hd__o211a_2)
                                                         _0022_ (net)
                      0.041739    0.000185    1.130375 ^ _1594_/D (sky130_fd_sc_hd__dfxtp_2)
                                              1.130375   data arrival time

                                  0.000000    0.000000   clock clk (rise edge)
                                  0.000000    0.000000   clock source latency
     1    0.021561    0.102711    0.071098    0.071098 ^ clk (in)
                                                         clk (net)
                      0.102734    0.000000    0.071098 ^ clkbuf_0_clk/A (sky130_fd_sc_hd__clkbuf_16)
     8    0.086373    0.103479    0.194327    0.265425 ^ clkbuf_0_clk/X (sky130_fd_sc_hd__clkbuf_16)
                                                         clknet_0_clk (net)
                      0.104109    0.006475    0.271900 ^ clkbuf_3_7__f_clk/A (sky130_fd_sc_hd__clkbuf_16)
     8    0.028954    0.050032    0.154433    0.426333 ^ clkbuf_3_7__f_clk/X (sky130_fd_sc_hd__clkbuf_16)
                                                         clknet_3_7__leaf_clk (net)
                      0.050200    0.002928    0.429260 ^ _1594_/CLK (sky130_fd_sc_hd__dfxtp_2)
                                  0.250000    0.679260   clock uncertainty
                                  0.000000    0.679260   clock reconvergence pessimism
                                 -0.029830    0.649431   library hold time
                                              0.649431   data required time
---------------------------------------------------------------------------------------------
                                              0.649431   data required time
                                             -1.130375   data arrival time
---------------------------------------------------------------------------------------------
                                              0.480944   slack (MET)


Startpoint: _1619_ (rising edge-triggered flip-flop clocked by clk)
Endpoint: _1579_ (rising edge-triggered flip-flop clocked by clk)
Path Group: clk
Path Type: min

Fanout         Cap        Slew       Delay        Time   Description
---------------------------------------------------------------------------------------------
                                  0.000000    0.000000   clock clk (rise edge)
                                  0.000000    0.000000   clock source latency
     1    0.021561    0.102711    0.071098    0.071098 ^ clk (in)
                                                         clk (net)
                      0.102734    0.000000    0.071098 ^ clkbuf_0_clk/A (sky130_fd_sc_hd__clkbuf_16)
     8    0.086373    0.103479    0.194327    0.265425 ^ clkbuf_0_clk/X (sky130_fd_sc_hd__clkbuf_16)
                                                         clknet_0_clk (net)
                      0.103970    0.005738    0.271164 ^ clkbuf_3_0__f_clk/A (sky130_fd_sc_hd__clkbuf_16)
     8    0.025019    0.046527    0.151075    0.422239 ^ clkbuf_3_0__f_clk/X (sky130_fd_sc_hd__clkbuf_16)
                                                         clknet_3_0__leaf_clk (net)
                      0.046688    0.002293    0.424532 ^ _1619_/CLK (sky130_fd_sc_hd__dfxtp_2)
     4    0.029589    0.154090    0.399112    0.823644 ^ _1619_/Q (sky130_fd_sc_hd__dfxtp_2)
                                                         u_dp.acc_q[19] (net)
                      0.154098    0.001322    0.824966 ^ _1422_/B2 (sky130_fd_sc_hd__a22o_2)
     1    0.008720    0.060457    0.175921    1.000888 ^ _1422_/X (sky130_fd_sc_hd__a22o_2)
                                                         _0688_ (net)
                      0.060466    0.000746    1.001634 ^ _1423_/B1 (sky130_fd_sc_hd__a21oi_2)
     1    0.011612    0.037157    0.049344    1.050978 v _1423_/Y (sky130_fd_sc_hd__a21oi_2)
                                                         _0689_ (net)
                      0.037207    0.001038    1.052016 v _1424_/B (sky130_fd_sc_hd__nor2_2)
     1    0.004614    0.077726    0.080220    1.132236 ^ _1424_/Y (sky130_fd_sc_hd__nor2_2)
                                                         _0007_ (net)
                      0.077727    0.000341    1.132577 ^ _1579_/D (sky130_fd_sc_hd__dfxtp_2)
                                              1.132577   data arrival time

                                  0.000000    0.000000   clock clk (rise edge)
                                  0.000000    0.000000   clock source latency
     1    0.021561    0.102711    0.071098    0.071098 ^ clk (in)
                                                         clk (net)
                      0.102734    0.000000    0.071098 ^ clkbuf_0_clk/A (sky130_fd_sc_hd__clkbuf_16)
     8    0.086373    0.103479    0.194327    0.265425 ^ clkbuf_0_clk/X (sky130_fd_sc_hd__clkbuf_16)
                                                         clknet_0_clk (net)
                      0.103974    0.005760    0.271185 ^ clkbuf_3_5__f_clk/A (sky130_fd_sc_hd__clkbuf_16)
     8    0.030700    0.051621    0.156320    0.427505 ^ clkbuf_3_5__f_clk/X (sky130_fd_sc_hd__clkbuf_16)
                                                         clknet_3_5__leaf_clk (net)
                      0.051632    0.001408    0.428913 ^ _1579_/CLK (sky130_fd_sc_hd__dfxtp_2)
                                  0.250000    0.678913   clock uncertainty
                                  0.000000    0.678913   clock reconvergence pessimism
                                 -0.037089    0.641824   library hold time
                                              0.641824   data required time
---------------------------------------------------------------------------------------------
                                              0.641824   data required time
                                             -1.132577   data arrival time
---------------------------------------------------------------------------------------------
                                              0.490753   slack (MET)


Startpoint: _1616_ (rising edge-triggered flip-flop clocked by clk)
Endpoint: _1576_ (rising edge-triggered flip-flop clocked by clk)
Path Group: clk
Path Type: min

Fanout         Cap        Slew       Delay        Time   Description
---------------------------------------------------------------------------------------------
                                  0.000000    0.000000   clock clk (rise edge)
                                  0.000000    0.000000   clock source latency
     1    0.021561    0.102711    0.071098    0.071098 ^ clk (in)
                                                         clk (net)
                      0.102734    0.000000    0.071098 ^ clkbuf_0_clk/A (sky130_fd_sc_hd__clkbuf_16)
     8    0.086373    0.103479    0.194327    0.265425 ^ clkbuf_0_clk/X (sky130_fd_sc_hd__clkbuf_16)
                                                         clknet_0_clk (net)
                      0.103964    0.005702    0.271128 ^ clkbuf_3_1__f_clk/A (sky130_fd_sc_hd__clkbuf_16)
     8    0.024574    0.045977    0.150956    0.422084 ^ clkbuf_3_1__f_clk/X (sky130_fd_sc_hd__clkbuf_16)
                                                         clknet_3_1__leaf_clk (net)
                      0.046019    0.001198    0.423282 ^ _1616_/CLK (sky130_fd_sc_hd__dfxtp_2)
     4    0.028287    0.148309    0.395329    0.818611 ^ _1616_/Q (sky130_fd_sc_hd__dfxtp_2)
                                                         u_dp.acc_q[16] (net)
                      0.148315    0.001140    0.819751 ^ _1413_/B2 (sky130_fd_sc_hd__a22o_2)
     1    0.007039    0.052886    0.167584    0.987335 ^ _1413_/X (sky130_fd_sc_hd__a22o_2)
                                                         _0682_ (net)
                      0.052890    0.000529    0.987864 ^ _1414_/B1 (sky130_fd_sc_hd__a21oi_2)
     1    0.012240    0.036647    0.048267    1.036131 v _1414_/Y (sky130_fd_sc_hd__a21oi_2)
                                                         _0683_ (net)
                      0.036718    0.001251    1.037382 v _1415_/B (sky130_fd_sc_hd__nor2_2)
     1    0.006306    0.094126    0.093054    1.130436 ^ _1415_/Y (sky130_fd_sc_hd__nor2_2)
                                                         _0004_ (net)
                      0.094156    0.000337    1.130773 ^ _1576_/D (sky130_fd_sc_hd__dfxtp_2)
                                              1.130773   data arrival time

                                  0.000000    0.000000   clock clk (rise edge)
                                  0.000000    0.000000   clock source latency
     1    0.021561    0.102711    0.071098    0.071098 ^ clk (in)
                                                         clk (net)
                      0.102734    0.000000    0.071098 ^ clkbuf_0_clk/A (sky130_fd_sc_hd__clkbuf_16)
     8    0.086373    0.103479    0.194327    0.265425 ^ clkbuf_0_clk/X (sky130_fd_sc_hd__clkbuf_16)
                                                         clknet_0_clk (net)
                      0.103974    0.005760    0.271185 ^ clkbuf_3_5__f_clk/A (sky130_fd_sc_hd__clkbuf_16)
     8    0.030700    0.051621    0.156320    0.427505 ^ clkbuf_3_5__f_clk/X (sky130_fd_sc_hd__clkbuf_16)
                                                         clknet_3_5__leaf_clk (net)
                      0.051632    0.001412    0.428916 ^ _1576_/CLK (sky130_fd_sc_hd__dfxtp_2)
                                  0.250000    0.678917   clock uncertainty
                                  0.000000    0.678917   clock reconvergence pessimism
                                 -0.040489    0.638428   library hold time
                                              0.638428   data required time
---------------------------------------------------------------------------------------------
                                              0.638428   data required time
                                             -1.130773   data arrival time
---------------------------------------------------------------------------------------------
                                              0.492345   slack (MET)


Startpoint: _1574_ (rising edge-triggered flip-flop clocked by clk)
Endpoint: _1634_ (rising edge-triggered flip-flop clocked by clk)
Path Group: clk
Path Type: min

Fanout         Cap        Slew       Delay        Time   Description
---------------------------------------------------------------------------------------------
                                  0.000000    0.000000   clock clk (rise edge)
                                  0.000000    0.000000   clock source latency
     1    0.021561    0.102711    0.071098    0.071098 ^ clk (in)
                                                         clk (net)
                      0.102734    0.000000    0.071098 ^ clkbuf_0_clk/A (sky130_fd_sc_hd__clkbuf_16)
     8    0.086373    0.103479    0.194327    0.265425 ^ clkbuf_0_clk/X (sky130_fd_sc_hd__clkbuf_16)
                                                         clknet_0_clk (net)
                      0.104003    0.005923    0.271348 ^ clkbuf_3_3__f_clk/A (sky130_fd_sc_hd__clkbuf_16)
     8    0.032521    0.053149    0.157302    0.428651 ^ clkbuf_3_3__f_clk/X (sky130_fd_sc_hd__clkbuf_16)
                                                         clknet_3_3__leaf_clk (net)
                      0.053242    0.002110    0.430761 ^ _1574_/CLK (sky130_fd_sc_hd__dfxtp_2)
     3    0.014296    0.080881    0.349945    0.780707 ^ _1574_/Q (sky130_fd_sc_hd__dfxtp_2)
                                                         busy (net)
                      0.080895    0.001083    0.781789 ^ _0794_/A (sky130_fd_sc_hd__nor2_2)
     4    0.012048    0.042235    0.062317    0.844106 v _0794_/Y (sky130_fd_sc_hd__nor2_2)
                                                         _0067_ (net)
                      0.042238    0.000402    0.844508 v _0796_/B (sky130_fd_sc_hd__nand2_2)
     2    0.006963    0.054666    0.070087    0.914595 ^ _0796_/Y (sky130_fd_sc_hd__nand2_2)
                                                         _0069_ (net)
                      0.054666    0.000428    0.915023 ^ _0798_/A1 (sky130_fd_sc_hd__o211a_2)
     1    0.003901    0.046907    0.175133    1.090157 ^ _0798_/X (sky130_fd_sc_hd__o211a_2)
                                                         _0071_ (net)
                      0.046907    0.000303    1.090459 ^ _0799_/B1 (sky130_fd_sc_hd__a41o_2)
     1    0.002454    0.027088    0.083071    1.173531 ^ _0799_/X (sky130_fd_sc_hd__a41o_2)
                                                         _0001_ (net)
                      0.027088    0.000166    1.173697 ^ _1634_/D (sky130_fd_sc_hd__dfxtp_2)
                                              1.173697   data arrival time

                                  0.000000    0.000000   clock clk (rise edge)
                                  0.000000    0.000000   clock source latency
     1    0.021561    0.102711    0.071098    0.071098 ^ clk (in)
                                                         clk (net)
                      0.102734    0.000000    0.071098 ^ clkbuf_0_clk/A (sky130_fd_sc_hd__clkbuf_16)
     8    0.086373    0.103479    0.194327    0.265425 ^ clkbuf_0_clk/X (sky130_fd_sc_hd__clkbuf_16)
                                                         clknet_0_clk (net)
                      0.103974    0.005760    0.271185 ^ clkbuf_3_5__f_clk/A (sky130_fd_sc_hd__clkbuf_16)
     8    0.030700    0.051621    0.156320    0.427505 ^ clkbuf_3_5__f_clk/X (sky130_fd_sc_hd__clkbuf_16)
                                                         clknet_3_5__leaf_clk (net)
                      0.051624    0.000792    0.428297 ^ _1634_/CLK (sky130_fd_sc_hd__dfxtp_2)
                                  0.250000    0.678297   clock uncertainty
                                  0.000000    0.678297   clock reconvergence pessimism
                                 -0.026611    0.651686   library hold time
                                              0.651686   data required time
---------------------------------------------------------------------------------------------
                                              0.651686   data required time
                                             -1.173697   data arrival time
---------------------------------------------------------------------------------------------
                                              0.522011   slack (MET)


Startpoint: _1574_ (rising edge-triggered flip-flop clocked by clk)
Endpoint: _1633_ (rising edge-triggered flip-flop clocked by clk)
Path Group: clk
Path Type: min

Fanout         Cap        Slew       Delay        Time   Description
---------------------------------------------------------------------------------------------
                                  0.000000    0.000000   clock clk (rise edge)
                                  0.000000    0.000000   clock source latency
     1    0.021561    0.102711    0.071098    0.071098 ^ clk (in)
                                                         clk (net)
                      0.102734    0.000000    0.071098 ^ clkbuf_0_clk/A (sky130_fd_sc_hd__clkbuf_16)
     8    0.086373    0.103479    0.194327    0.265425 ^ clkbuf_0_clk/X (sky130_fd_sc_hd__clkbuf_16)
                                                         clknet_0_clk (net)
                      0.104003    0.005923    0.271348 ^ clkbuf_3_3__f_clk/A (sky130_fd_sc_hd__clkbuf_16)
     8    0.032521    0.053149    0.157302    0.428651 ^ clkbuf_3_3__f_clk/X (sky130_fd_sc_hd__clkbuf_16)
                                                         clknet_3_3__leaf_clk (net)
                      0.053242    0.002110    0.430761 ^ _1574_/CLK (sky130_fd_sc_hd__dfxtp_2)
     3    0.014296    0.080881    0.349945    0.780707 ^ _1574_/Q (sky130_fd_sc_hd__dfxtp_2)
                                                         busy (net)
                      0.080895    0.001083    0.781789 ^ _0794_/A (sky130_fd_sc_hd__nor2_2)
     4    0.012048    0.042235    0.062317    0.844106 v _0794_/Y (sky130_fd_sc_hd__nor2_2)
                                                         _0067_ (net)
                      0.042238    0.000402    0.844508 v _0796_/B (sky130_fd_sc_hd__nand2_2)
     2    0.006963    0.054666    0.070087    0.914595 ^ _0796_/Y (sky130_fd_sc_hd__nand2_2)
                                                         _0069_ (net)
                      0.054666    0.000238    0.914833 ^ _0800_/A1 (sky130_fd_sc_hd__o211a_2)
     1    0.003614    0.045268    0.173401    1.088235 ^ _0800_/X (sky130_fd_sc_hd__o211a_2)
                                                         _0072_ (net)
                      0.045268    0.000256    1.088490 ^ _0801_/B1 (sky130_fd_sc_hd__a41o_2)
     1    0.004569    0.037140    0.092583    1.181074 ^ _0801_/X (sky130_fd_sc_hd__a41o_2)
                                                         _0000_ (net)
                      0.037143    0.000327    1.181400 ^ _1633_/D (sky130_fd_sc_hd__dfxtp_2)
                                              1.181400   data arrival time

                                  0.000000    0.000000   clock clk (rise edge)
                                  0.000000    0.000000   clock source latency
     1    0.021561    0.102711    0.071098    0.071098 ^ clk (in)
                                                         clk (net)
                      0.102734    0.000000    0.071098 ^ clkbuf_0_clk/A (sky130_fd_sc_hd__clkbuf_16)
     8    0.086373    0.103479    0.194327    0.265425 ^ clkbuf_0_clk/X (sky130_fd_sc_hd__clkbuf_16)
                                                         clknet_0_clk (net)
                      0.103974    0.005760    0.271185 ^ clkbuf_3_5__f_clk/A (sky130_fd_sc_hd__clkbuf_16)
     8    0.030700    0.051621    0.156320    0.427505 ^ clkbuf_3_5__f_clk/X (sky130_fd_sc_hd__clkbuf_16)
                                                         clknet_3_5__leaf_clk (net)
                      0.051623    0.000698    0.428203 ^ _1633_/CLK (sky130_fd_sc_hd__dfxtp_2)
                                  0.250000    0.678203   clock uncertainty
                                  0.000000    0.678203   clock reconvergence pessimism
                                 -0.028691    0.649512   library hold time
                                              0.649512   data required time
---------------------------------------------------------------------------------------------
                                              0.649512   data required time
                                             -1.181400   data arrival time
---------------------------------------------------------------------------------------------
                                              0.531889   slack (MET)


Startpoint: _1636_ (rising edge-triggered flip-flop clocked by clk)
Endpoint: _1635_ (rising edge-triggered flip-flop clocked by clk)
Path Group: clk
Path Type: min

Fanout         Cap        Slew       Delay        Time   Description
---------------------------------------------------------------------------------------------
                                  0.000000    0.000000   clock clk (rise edge)
                                  0.000000    0.000000   clock source latency
     1    0.021561    0.102711    0.071098    0.071098 ^ clk (in)
                                                         clk (net)
                      0.102734    0.000000    0.071098 ^ clkbuf_0_clk/A (sky130_fd_sc_hd__clkbuf_16)
     8    0.086373    0.103479    0.194327    0.265425 ^ clkbuf_0_clk/X (sky130_fd_sc_hd__clkbuf_16)
                                                         clknet_0_clk (net)
                      0.104109    0.006475    0.271900 ^ clkbuf_3_7__f_clk/A (sky130_fd_sc_hd__clkbuf_16)
     8    0.028954    0.050032    0.154433    0.426333 ^ clkbuf_3_7__f_clk/X (sky130_fd_sc_hd__clkbuf_16)
                                                         clknet_3_7__leaf_clk (net)
                      0.050261    0.003364    0.429697 ^ _1636_/CLK (sky130_fd_sc_hd__dfxtp_2)
     1    0.001992    0.026859    0.301878    0.731575 ^ _1636_/Q (sky130_fd_sc_hd__dfxtp_2)
                                                         u_rst_sync.rst_ff1 (net)
                      0.026859    0.000140    0.731715 ^ hold82/A (sky130_fd_sc_hd__dlygate4sd3_1)
     1    0.002614    0.051273    0.527139    1.258854 ^ hold82/X (sky130_fd_sc_hd__dlygate4sd3_1)
                                                         net82 (net)
                      0.051273    0.000174    1.259028 ^ _1635_/D (sky130_fd_sc_hd__dfxtp_2)
                                              1.259028   data arrival time

                                  0.000000    0.000000   clock clk (rise edge)
                                  0.000000    0.000000   clock source latency
     1    0.021561    0.102711    0.071098    0.071098 ^ clk (in)
                                                         clk (net)
                      0.102734    0.000000    0.071098 ^ clkbuf_0_clk/A (sky130_fd_sc_hd__clkbuf_16)
     8    0.086373    0.103479    0.194327    0.265425 ^ clkbuf_0_clk/X (sky130_fd_sc_hd__clkbuf_16)
                                                         clknet_0_clk (net)
                      0.104106    0.006458    0.271884 ^ clkbuf_3_6__f_clk/A (sky130_fd_sc_hd__clkbuf_16)
     8    0.025564    0.047064    0.151547    0.423430 ^ clkbuf_3_6__f_clk/X (sky130_fd_sc_hd__clkbuf_16)
                                                         clknet_3_6__leaf_clk (net)
                      0.047185    0.002019    0.425450 ^ _1635_/CLK (sky130_fd_sc_hd__dfxtp_2)
                                  0.250000    0.675450   clock uncertainty
                                  0.000000    0.675450   clock reconvergence pessimism
                                 -0.032201    0.643249   library hold time
                                              0.643249   data required time
---------------------------------------------------------------------------------------------
                                              0.643249   data required time
                                             -1.259028   data arrival time
---------------------------------------------------------------------------------------------
                                              0.615779   slack (MET)


Startpoint: _1574_ (rising edge-triggered flip-flop clocked by clk)
Endpoint: _1590_ (rising edge-triggered flip-flop clocked by clk)
Path Group: clk
Path Type: min

Fanout         Cap        Slew       Delay        Time   Description
---------------------------------------------------------------------------------------------
                                  0.000000    0.000000   clock clk (rise edge)
                                  0.000000    0.000000   clock source latency
     1    0.021561    0.102711    0.071098    0.071098 ^ clk (in)
                                                         clk (net)
                      0.102734    0.000000    0.071098 ^ clkbuf_0_clk/A (sky130_fd_sc_hd__clkbuf_16)
     8    0.086373    0.103479    0.194327    0.265425 ^ clkbuf_0_clk/X (sky130_fd_sc_hd__clkbuf_16)
                                                         clknet_0_clk (net)
                      0.104003    0.005923    0.271348 ^ clkbuf_3_3__f_clk/A (sky130_fd_sc_hd__clkbuf_16)
     8    0.032521    0.053149    0.157302    0.428651 ^ clkbuf_3_3__f_clk/X (sky130_fd_sc_hd__clkbuf_16)
                                                         clknet_3_3__leaf_clk (net)
                      0.053242    0.002110    0.430761 ^ _1574_/CLK (sky130_fd_sc_hd__dfxtp_2)
     3    0.014296    0.080881    0.349945    0.780707 ^ _1574_/Q (sky130_fd_sc_hd__dfxtp_2)
                                                         busy (net)
                      0.080893    0.001031    0.781737 ^ _0805_/A (sky130_fd_sc_hd__or3_2)
     2    0.008471    0.053579    0.135908    0.917646 ^ _0805_/X (sky130_fd_sc_hd__or3_2)
                                                         _0075_ (net)
                      0.053582    0.000443    0.918088 ^ _1438_/B (sky130_fd_sc_hd__or3b_2)
     9    0.035637    0.205211    0.229445    1.147534 ^ _1438_/X (sky130_fd_sc_hd__or3b_2)
                                                         _0699_ (net)
                      0.205292    0.003829    1.151363 ^ _1452_/A2 (sky130_fd_sc_hd__o211a_2)
     1    0.002298    0.038617    0.187402    1.338765 ^ _1452_/X (sky130_fd_sc_hd__o211a_2)
                                                         _0018_ (net)
                      0.038617    0.000098    1.338863 ^ _1590_/D (sky130_fd_sc_hd__dfxtp_2)
                                              1.338863   data arrival time

                                  0.000000    0.000000   clock clk (rise edge)
                                  0.000000    0.000000   clock source latency
     1    0.021561    0.102711    0.071098    0.071098 ^ clk (in)
                                                         clk (net)
                      0.102734    0.000000    0.071098 ^ clkbuf_0_clk/A (sky130_fd_sc_hd__clkbuf_16)
     8    0.086373    0.103479    0.194327    0.265425 ^ clkbuf_0_clk/X (sky130_fd_sc_hd__clkbuf_16)
                                                         clknet_0_clk (net)
                      0.104109    0.006475    0.271900 ^ clkbuf_3_7__f_clk/A (sky130_fd_sc_hd__clkbuf_16)
     8    0.028954    0.050032    0.154433    0.426333 ^ clkbuf_3_7__f_clk/X (sky130_fd_sc_hd__clkbuf_16)
                                                         clknet_3_7__leaf_clk (net)
                      0.050277    0.003473    0.429806 ^ _1590_/CLK (sky130_fd_sc_hd__dfxtp_2)
                                  0.250000    0.679806   clock uncertainty
                                  0.000000    0.679806   clock reconvergence pessimism
                                 -0.029174    0.650633   library hold time
                                              0.650633   data required time
---------------------------------------------------------------------------------------------
                                              0.650633   data required time
                                             -1.338863   data arrival time
---------------------------------------------------------------------------------------------
                                              0.688230   slack (MET)


Startpoint: _1591_ (rising edge-triggered flip-flop clocked by clk)
Endpoint: _1591_ (rising edge-triggered flip-flop clocked by clk)
Path Group: clk
Path Type: min

Fanout         Cap        Slew       Delay        Time   Description
---------------------------------------------------------------------------------------------
                                  0.000000    0.000000   clock clk (rise edge)
                                  0.000000    0.000000   clock source latency
     1    0.021561    0.102711    0.071098    0.071098 ^ clk (in)
                                                         clk (net)
                      0.102734    0.000000    0.071098 ^ clkbuf_0_clk/A (sky130_fd_sc_hd__clkbuf_16)
     8    0.086373    0.103479    0.194327    0.265425 ^ clkbuf_0_clk/X (sky130_fd_sc_hd__clkbuf_16)
                                                         clknet_0_clk (net)
                      0.103974    0.005760    0.271185 ^ clkbuf_3_5__f_clk/A (sky130_fd_sc_hd__clkbuf_16)
     8    0.030700    0.051621    0.156320    0.427505 ^ clkbuf_3_5__f_clk/X (sky130_fd_sc_hd__clkbuf_16)
                                                         clknet_3_5__leaf_clk (net)
                      0.051628    0.001144    0.428649 ^ _1591_/CLK (sky130_fd_sc_hd__dfxtp_2)
     2    0.012600    0.072828    0.343547    0.772196 ^ _1591_/Q (sky130_fd_sc_hd__dfxtp_2)
                                                         u_dp.a_q[7] (net)
                      0.072832    0.000634    0.772829 ^ fanout58/A (sky130_fd_sc_hd__clkdlybuf4s25_1)
     5    0.022999    0.236585    0.391175    1.164004 ^ fanout58/X (sky130_fd_sc_hd__clkdlybuf4s25_1)
                                                         net58 (net)
                      0.236585    0.000629    1.164634 ^ _1454_/A1 (sky130_fd_sc_hd__o211a_2)
     1    0.002384    0.039077    0.203794    1.368427 ^ _1454_/X (sky130_fd_sc_hd__o211a_2)
                                                         _0019_ (net)
                      0.039077    0.000159    1.368586 ^ _1591_/D (sky130_fd_sc_hd__dfxtp_2)
                                              1.368586   data arrival time

                                  0.000000    0.000000   clock clk (rise edge)
                                  0.000000    0.000000   clock source latency
     1    0.021561    0.102711    0.071098    0.071098 ^ clk (in)
                                                         clk (net)
                      0.102734    0.000000    0.071098 ^ clkbuf_0_clk/A (sky130_fd_sc_hd__clkbuf_16)
     8    0.086373    0.103479    0.194327    0.265425 ^ clkbuf_0_clk/X (sky130_fd_sc_hd__clkbuf_16)
                                                         clknet_0_clk (net)
                      0.103974    0.005760    0.271185 ^ clkbuf_3_5__f_clk/A (sky130_fd_sc_hd__clkbuf_16)
     8    0.030700    0.051621    0.156320    0.427505 ^ clkbuf_3_5__f_clk/X (sky130_fd_sc_hd__clkbuf_16)
                                                         clknet_3_5__leaf_clk (net)
                      0.051628    0.001144    0.428649 ^ _1591_/CLK (sky130_fd_sc_hd__dfxtp_2)
                                  0.250000    0.678649   clock uncertainty
                                  0.000000    0.678649   clock reconvergence pessimism
                                 -0.029091    0.649558   library hold time
                                              0.649558   data required time
---------------------------------------------------------------------------------------------
                                              0.649558   data required time
                                             -1.368586   data arrival time
---------------------------------------------------------------------------------------------
                                              0.719029   slack (MET)


Startpoint: _1627_ (rising edge-triggered flip-flop clocked by clk)
Endpoint: _1628_ (rising edge-triggered flip-flop clocked by clk)
Path Group: clk
Path Type: min

Fanout         Cap        Slew       Delay        Time   Description
---------------------------------------------------------------------------------------------
                                  0.000000    0.000000   clock clk (rise edge)
                                  0.000000    0.000000   clock source latency
     1    0.021561    0.102711    0.071098    0.071098 ^ clk (in)
                                                         clk (net)
                      0.102734    0.000000    0.071098 ^ clkbuf_0_clk/A (sky130_fd_sc_hd__clkbuf_16)
     8    0.086373    0.103479    0.194327    0.265425 ^ clkbuf_0_clk/X (sky130_fd_sc_hd__clkbuf_16)
                                                         clknet_0_clk (net)
                      0.103982    0.005806    0.271232 ^ clkbuf_3_2__f_clk/A (sky130_fd_sc_hd__clkbuf_16)
     8    0.025756    0.047214    0.151748    0.422980 ^ clkbuf_3_2__f_clk/X (sky130_fd_sc_hd__clkbuf_16)
                                                         clknet_3_2__leaf_clk (net)
                      0.047409    0.002552    0.425532 ^ _1627_/CLK (sky130_fd_sc_hd__dfxtp_2)
     1    0.002845    0.029895    0.304734    0.730267 ^ _1627_/Q (sky130_fd_sc_hd__dfxtp_2)
                                                         u_sync.seen_reset[0] (net)
                      0.029895    0.000199    0.730466 ^ hold83/A (sky130_fd_sc_hd__dlygate4sd3_1)
     1    0.001747    0.044753    0.520031    1.250497 ^ hold83/X (sky130_fd_sc_hd__dlygate4sd3_1)
                                                         net83 (net)
                      0.044753    0.000080    1.250577 ^ _1565_/B (sky130_fd_sc_hd__and2_2)
     1    0.002622    0.036029    0.126554    1.377130 ^ _1565_/X (sky130_fd_sc_hd__and2_2)
                                                         _0055_ (net)
                      0.036029    0.000189    1.377319 ^ _1628_/D (sky130_fd_sc_hd__dfxtp_2)
                                              1.377319   data arrival time

                                  0.000000    0.000000   clock clk (rise edge)
                                  0.000000    0.000000   clock source latency
     1    0.021561    0.102711    0.071098    0.071098 ^ clk (in)
                                                         clk (net)
                      0.102734    0.000000    0.071098 ^ clkbuf_0_clk/A (sky130_fd_sc_hd__clkbuf_16)
     8    0.086373    0.103479    0.194327    0.265425 ^ clkbuf_0_clk/X (sky130_fd_sc_hd__clkbuf_16)
                                                         clknet_0_clk (net)
                      0.103982    0.005806    0.271232 ^ clkbuf_3_2__f_clk/A (sky130_fd_sc_hd__clkbuf_16)
     8    0.025756    0.047214    0.151748    0.422980 ^ clkbuf_3_2__f_clk/X (sky130_fd_sc_hd__clkbuf_16)
                                                         clknet_3_2__leaf_clk (net)
                      0.047392    0.002443    0.425423 ^ _1628_/CLK (sky130_fd_sc_hd__dfxtp_2)
                                  0.250000    0.675423   clock uncertainty
                                  0.000000    0.675423   clock reconvergence pessimism
                                 -0.029017    0.646406   library hold time
                                              0.646406   data required time
---------------------------------------------------------------------------------------------
                                              0.646406   data required time
                                             -1.377319   data arrival time
---------------------------------------------------------------------------------------------
                                              0.730913   slack (MET)


Startpoint: _1624_ (rising edge-triggered flip-flop clocked by clk)
Endpoint: _1625_ (rising edge-triggered flip-flop clocked by clk)
Path Group: clk
Path Type: min

Fanout         Cap        Slew       Delay        Time   Description
---------------------------------------------------------------------------------------------
                                  0.000000    0.000000   clock clk (rise edge)
                                  0.000000    0.000000   clock source latency
     1    0.021561    0.102711    0.071098    0.071098 ^ clk (in)
                                                         clk (net)
                      0.102734    0.000000    0.071098 ^ clkbuf_0_clk/A (sky130_fd_sc_hd__clkbuf_16)
     8    0.086373    0.103479    0.194327    0.265425 ^ clkbuf_0_clk/X (sky130_fd_sc_hd__clkbuf_16)
                                                         clknet_0_clk (net)
                      0.104003    0.005923    0.271348 ^ clkbuf_3_3__f_clk/A (sky130_fd_sc_hd__clkbuf_16)
     8    0.032521    0.053149    0.157302    0.428651 ^ clkbuf_3_3__f_clk/X (sky130_fd_sc_hd__clkbuf_16)
                                                         clknet_3_3__leaf_clk (net)
                      0.053267    0.002337    0.430988 ^ _1624_/CLK (sky130_fd_sc_hd__dfxtp_2)
     1    0.003407    0.032425    0.309479    0.740467 ^ _1624_/Q (sky130_fd_sc_hd__dfxtp_2)
                                                         u_sync.ff1 (net)
                      0.032425    0.000247    0.740714 ^ hold84/A (sky130_fd_sc_hd__dlygate4sd3_1)
     1    0.002203    0.048044    0.525116    1.265830 ^ hold84/X (sky130_fd_sc_hd__dlygate4sd3_1)
                                                         net84 (net)
                      0.048044    0.000138    1.265968 ^ _1563_/B (sky130_fd_sc_hd__and2_2)
     1    0.003190    0.038455    0.130478    1.396446 ^ _1563_/X (sky130_fd_sc_hd__and2_2)
                                                         _0053_ (net)
                      0.038465    0.000200    1.396645 ^ _1625_/D (sky130_fd_sc_hd__dfxtp_2)
                                              1.396645   data arrival time

                                  0.000000    0.000000   clock clk (rise edge)
                                  0.000000    0.000000   clock source latency
     1    0.021561    0.102711    0.071098    0.071098 ^ clk (in)
                                                         clk (net)
                      0.102734    0.000000    0.071098 ^ clkbuf_0_clk/A (sky130_fd_sc_hd__clkbuf_16)
     8    0.086373    0.103479    0.194327    0.265425 ^ clkbuf_0_clk/X (sky130_fd_sc_hd__clkbuf_16)
                                                         clknet_0_clk (net)
                      0.104003    0.005923    0.271348 ^ clkbuf_3_3__f_clk/A (sky130_fd_sc_hd__clkbuf_16)
     8    0.032521    0.053149    0.157302    0.428651 ^ clkbuf_3_3__f_clk/X (sky130_fd_sc_hd__clkbuf_16)
                                                         clknet_3_3__leaf_clk (net)
                      0.053277    0.002424    0.431075 ^ _1625_/CLK (sky130_fd_sc_hd__dfxtp_2)
                                  0.250000    0.681075   clock uncertainty
                                  0.000000    0.681075   clock reconvergence pessimism
                                 -0.028748    0.652327   library hold time
                                              0.652327   data required time
---------------------------------------------------------------------------------------------
                                              0.652327   data required time
                                             -1.396645   data arrival time
---------------------------------------------------------------------------------------------
                                              0.744318   slack (MET)


Startpoint: _1574_ (rising edge-triggered flip-flop clocked by clk)
Endpoint: _1596_ (rising edge-triggered flip-flop clocked by clk)
Path Group: clk
Path Type: min

Fanout         Cap        Slew       Delay        Time   Description
---------------------------------------------------------------------------------------------
                                  0.000000    0.000000   clock clk (rise edge)
                                  0.000000    0.000000   clock source latency
     1    0.021561    0.102711    0.071098    0.071098 ^ clk (in)
                                                         clk (net)
                      0.102734    0.000000    0.071098 ^ clkbuf_0_clk/A (sky130_fd_sc_hd__clkbuf_16)
     8    0.086373    0.103479    0.194327    0.265425 ^ clkbuf_0_clk/X (sky130_fd_sc_hd__clkbuf_16)
                                                         clknet_0_clk (net)
                      0.104003    0.005923    0.271348 ^ clkbuf_3_3__f_clk/A (sky130_fd_sc_hd__clkbuf_16)
     8    0.032521    0.053149    0.157302    0.428651 ^ clkbuf_3_3__f_clk/X (sky130_fd_sc_hd__clkbuf_16)
                                                         clknet_3_3__leaf_clk (net)
                      0.053242    0.002110    0.430761 ^ _1574_/CLK (sky130_fd_sc_hd__dfxtp_2)
     3    0.014296    0.080881    0.349945    0.780707 ^ _1574_/Q (sky130_fd_sc_hd__dfxtp_2)
                                                         busy (net)
                      0.080895    0.001083    0.781789 ^ _0794_/A (sky130_fd_sc_hd__nor2_2)
     4    0.012048    0.042235    0.062317    0.844106 v _0794_/Y (sky130_fd_sc_hd__nor2_2)
                                                         _0067_ (net)
                      0.042238    0.000374    0.844480 v _0804_/B (sky130_fd_sc_hd__and2b_2)
     3    0.009437    0.051379    0.207071    1.051551 v _0804_/X (sky130_fd_sc_hd__and2b_2)
                                                         _0074_ (net)
                      0.051381    0.000360    1.051911 v _1456_/C (sky130_fd_sc_hd__nand3_2)
     8    0.032871    0.178125    0.164489    1.216400 ^ _1456_/Y (sky130_fd_sc_hd__nand3_2)
                                                         _0709_ (net)
                      0.178164    0.002102    1.218502 ^ _1466_/A2 (sky130_fd_sc_hd__o211a_2)
     1    0.002036    0.037278    0.180256    1.398759 ^ _1466_/X (sky130_fd_sc_hd__o211a_2)
                                                         _0024_ (net)
                      0.037278    0.000144    1.398903 ^ _1596_/D (sky130_fd_sc_hd__dfxtp_2)
                                              1.398903   data arrival time

                                  0.000000    0.000000   clock clk (rise edge)
                                  0.000000    0.000000   clock source latency
     1    0.021561    0.102711    0.071098    0.071098 ^ clk (in)
                                                         clk (net)
                      0.102734    0.000000    0.071098 ^ clkbuf_0_clk/A (sky130_fd_sc_hd__clkbuf_16)
     8    0.086373    0.103479    0.194327    0.265425 ^ clkbuf_0_clk/X (sky130_fd_sc_hd__clkbuf_16)
                                                         clknet_0_clk (net)
                      0.104109    0.006475    0.271900 ^ clkbuf_3_7__f_clk/A (sky130_fd_sc_hd__clkbuf_16)
     8    0.028954    0.050032    0.154433    0.426333 ^ clkbuf_3_7__f_clk/X (sky130_fd_sc_hd__clkbuf_16)
                                                         clknet_3_7__leaf_clk (net)
                      0.050098    0.001992    0.428325 ^ _1596_/CLK (sky130_fd_sc_hd__dfxtp_2)
                                  0.250000    0.678325   clock uncertainty
                                  0.000000    0.678325   clock reconvergence pessimism
                                 -0.028920    0.649405   library hold time
                                              0.649405   data required time
---------------------------------------------------------------------------------------------
                                              0.649405   data required time
                                             -1.398903   data arrival time
---------------------------------------------------------------------------------------------
                                              0.749498   slack (MET)


Startpoint: _1574_ (rising edge-triggered flip-flop clocked by clk)
Endpoint: _1593_ (rising edge-triggered flip-flop clocked by clk)
Path Group: clk
Path Type: min

Fanout         Cap        Slew       Delay        Time   Description
---------------------------------------------------------------------------------------------
                                  0.000000    0.000000   clock clk (rise edge)
                                  0.000000    0.000000   clock source latency
     1    0.021561    0.102711    0.071098    0.071098 ^ clk (in)
                                                         clk (net)
                      0.102734    0.000000    0.071098 ^ clkbuf_0_clk/A (sky130_fd_sc_hd__clkbuf_16)
     8    0.086373    0.103479    0.194327    0.265425 ^ clkbuf_0_clk/X (sky130_fd_sc_hd__clkbuf_16)
                                                         clknet_0_clk (net)
                      0.104003    0.005923    0.271348 ^ clkbuf_3_3__f_clk/A (sky130_fd_sc_hd__clkbuf_16)
     8    0.032521    0.053149    0.157302    0.428651 ^ clkbuf_3_3__f_clk/X (sky130_fd_sc_hd__clkbuf_16)
                                                         clknet_3_3__leaf_clk (net)
                      0.053242    0.002110    0.430761 ^ _1574_/CLK (sky130_fd_sc_hd__dfxtp_2)
     3    0.014296    0.080881    0.349945    0.780707 ^ _1574_/Q (sky130_fd_sc_hd__dfxtp_2)
                                                         busy (net)
                      0.080895    0.001083    0.781789 ^ _0794_/A (sky130_fd_sc_hd__nor2_2)
     4    0.012048    0.042235    0.062317    0.844106 v _0794_/Y (sky130_fd_sc_hd__nor2_2)
                                                         _0067_ (net)
                      0.042238    0.000374    0.844480 v _0804_/B (sky130_fd_sc_hd__and2b_2)
     3    0.009437    0.051379    0.207071    1.051551 v _0804_/X (sky130_fd_sc_hd__and2b_2)
                                                         _0074_ (net)
                      0.051381    0.000360    1.051911 v _1456_/C (sky130_fd_sc_hd__nand3_2)
     8    0.032871    0.178125    0.164489    1.216400 ^ _1456_/Y (sky130_fd_sc_hd__nand3_2)
                                                         _0709_ (net)
                      0.178146    0.001532    1.217933 ^ _1460_/A2 (sky130_fd_sc_hd__o211a_2)
     1    0.002249    0.038362    0.181580    1.399513 ^ _1460_/X (sky130_fd_sc_hd__o211a_2)
                                                         _0021_ (net)
                      0.038362    0.000162    1.399675 ^ _1593_/D (sky130_fd_sc_hd__dfxtp_2)
                                              1.399675   data arrival time

                                  0.000000    0.000000   clock clk (rise edge)
                                  0.000000    0.000000   clock source latency
     1    0.021561    0.102711    0.071098    0.071098 ^ clk (in)
                                                         clk (net)
                      0.102734    0.000000    0.071098 ^ clkbuf_0_clk/A (sky130_fd_sc_hd__clkbuf_16)
     8    0.086373    0.103479    0.194327    0.265425 ^ clkbuf_0_clk/X (sky130_fd_sc_hd__clkbuf_16)
                                                         clknet_0_clk (net)
                      0.104106    0.006458    0.271884 ^ clkbuf_3_6__f_clk/A (sky130_fd_sc_hd__clkbuf_16)
     8    0.025564    0.047064    0.151547    0.423430 ^ clkbuf_3_6__f_clk/X (sky130_fd_sc_hd__clkbuf_16)
                                                         clknet_3_6__leaf_clk (net)
                      0.047153    0.001767    0.425197 ^ _1593_/CLK (sky130_fd_sc_hd__dfxtp_2)
                                  0.250000    0.675197   clock uncertainty
                                  0.000000    0.675197   clock reconvergence pessimism
                                 -0.029531    0.645666   library hold time
                                              0.645666   data required time
---------------------------------------------------------------------------------------------
                                              0.645666   data required time
                                             -1.399675   data arrival time
---------------------------------------------------------------------------------------------
                                              0.754009   slack (MET)


Startpoint: _1574_ (rising edge-triggered flip-flop clocked by clk)
Endpoint: _1595_ (rising edge-triggered flip-flop clocked by clk)
Path Group: clk
Path Type: min

Fanout         Cap        Slew       Delay        Time   Description
---------------------------------------------------------------------------------------------
                                  0.000000    0.000000   clock clk (rise edge)
                                  0.000000    0.000000   clock source latency
     1    0.021561    0.102711    0.071098    0.071098 ^ clk (in)
                                                         clk (net)
                      0.102734    0.000000    0.071098 ^ clkbuf_0_clk/A (sky130_fd_sc_hd__clkbuf_16)
     8    0.086373    0.103479    0.194327    0.265425 ^ clkbuf_0_clk/X (sky130_fd_sc_hd__clkbuf_16)
                                                         clknet_0_clk (net)
                      0.104003    0.005923    0.271348 ^ clkbuf_3_3__f_clk/A (sky130_fd_sc_hd__clkbuf_16)
     8    0.032521    0.053149    0.157302    0.428651 ^ clkbuf_3_3__f_clk/X (sky130_fd_sc_hd__clkbuf_16)
                                                         clknet_3_3__leaf_clk (net)
                      0.053242    0.002110    0.430761 ^ _1574_/CLK (sky130_fd_sc_hd__dfxtp_2)
     3    0.014296    0.080881    0.349945    0.780707 ^ _1574_/Q (sky130_fd_sc_hd__dfxtp_2)
                                                         busy (net)
                      0.080895    0.001083    0.781789 ^ _0794_/A (sky130_fd_sc_hd__nor2_2)
     4    0.012048    0.042235    0.062317    0.844106 v _0794_/Y (sky130_fd_sc_hd__nor2_2)
                                                         _0067_ (net)
                      0.042238    0.000374    0.844480 v _0804_/B (sky130_fd_sc_hd__and2b_2)
     3    0.009437    0.051379    0.207071    1.051551 v _0804_/X (sky130_fd_sc_hd__and2b_2)
                                                         _0074_ (net)
                      0.051381    0.000360    1.051911 v _1456_/C (sky130_fd_sc_hd__nand3_2)
     8    0.032871    0.178125    0.164489    1.216400 ^ _1456_/Y (sky130_fd_sc_hd__nand3_2)
                                                         _0709_ (net)
                      0.178147    0.001568    1.217968 ^ _1464_/A2 (sky130_fd_sc_hd__o211a_2)
     1    0.002657    0.040501    0.184130    1.402098 ^ _1464_/X (sky130_fd_sc_hd__o211a_2)
                                                         _0023_ (net)
                      0.040501    0.000172    1.402270 ^ _1595_/D (sky130_fd_sc_hd__dfxtp_2)
                                              1.402270   data arrival time

                                  0.000000    0.000000   clock clk (rise edge)
                                  0.000000    0.000000   clock source latency
     1    0.021561    0.102711    0.071098    0.071098 ^ clk (in)
                                                         clk (net)
                      0.102734    0.000000    0.071098 ^ clkbuf_0_clk/A (sky130_fd_sc_hd__clkbuf_16)
     8    0.086373    0.103479    0.194327    0.265425 ^ clkbuf_0_clk/X (sky130_fd_sc_hd__clkbuf_16)
                                                         clknet_0_clk (net)
                      0.104106    0.006458    0.271884 ^ clkbuf_3_6__f_clk/A (sky130_fd_sc_hd__clkbuf_16)
     8    0.025564    0.047064    0.151547    0.423430 ^ clkbuf_3_6__f_clk/X (sky130_fd_sc_hd__clkbuf_16)
                                                         clknet_3_6__leaf_clk (net)
                      0.047161    0.001831    0.425261 ^ _1595_/CLK (sky130_fd_sc_hd__dfxtp_2)
                                  0.250000    0.675261   clock uncertainty
                                  0.000000    0.675261   clock reconvergence pessimism
                                 -0.029973    0.645288   library hold time
                                              0.645288   data required time
---------------------------------------------------------------------------------------------
                                              0.645288   data required time
                                             -1.402270   data arrival time
---------------------------------------------------------------------------------------------
                                              0.756982   slack (MET)


Startpoint: _1574_ (rising edge-triggered flip-flop clocked by clk)
Endpoint: _1598_ (rising edge-triggered flip-flop clocked by clk)
Path Group: clk
Path Type: min

Fanout         Cap        Slew       Delay        Time   Description
---------------------------------------------------------------------------------------------
                                  0.000000    0.000000   clock clk (rise edge)
                                  0.000000    0.000000   clock source latency
     1    0.021561    0.102711    0.071098    0.071098 ^ clk (in)
                                                         clk (net)
                      0.102734    0.000000    0.071098 ^ clkbuf_0_clk/A (sky130_fd_sc_hd__clkbuf_16)
     8    0.086373    0.103479    0.194327    0.265425 ^ clkbuf_0_clk/X (sky130_fd_sc_hd__clkbuf_16)
                                                         clknet_0_clk (net)
                      0.104003    0.005923    0.271348 ^ clkbuf_3_3__f_clk/A (sky130_fd_sc_hd__clkbuf_16)
     8    0.032521    0.053149    0.157302    0.428651 ^ clkbuf_3_3__f_clk/X (sky130_fd_sc_hd__clkbuf_16)
                                                         clknet_3_3__leaf_clk (net)
                      0.053242    0.002110    0.430761 ^ _1574_/CLK (sky130_fd_sc_hd__dfxtp_2)
     3    0.014296    0.080881    0.349945    0.780707 ^ _1574_/Q (sky130_fd_sc_hd__dfxtp_2)
                                                         busy (net)
                      0.080895    0.001083    0.781789 ^ _0794_/A (sky130_fd_sc_hd__nor2_2)
     4    0.012048    0.042235    0.062317    0.844106 v _0794_/Y (sky130_fd_sc_hd__nor2_2)
                                                         _0067_ (net)
                      0.042238    0.000374    0.844480 v _0804_/B (sky130_fd_sc_hd__and2b_2)
     3    0.009437    0.051379    0.207071    1.051551 v _0804_/X (sky130_fd_sc_hd__and2b_2)
                                                         _0074_ (net)
                      0.051381    0.000360    1.051911 v _1456_/C (sky130_fd_sc_hd__nand3_2)
     8    0.032871    0.178125    0.164489    1.216400 ^ _1456_/Y (sky130_fd_sc_hd__nand3_2)
                                                         _0709_ (net)
                      0.178169    0.002227    1.218628 ^ _1470_/A2 (sky130_fd_sc_hd__o211a_2)
     1    0.003604    0.045509    0.190043    1.408671 ^ _1470_/X (sky130_fd_sc_hd__o211a_2)
                                                         _0026_ (net)
                      0.045509    0.000224    1.408895 ^ _1598_/D (sky130_fd_sc_hd__dfxtp_2)
                                              1.408895   data arrival time

                                  0.000000    0.000000   clock clk (rise edge)
                                  0.000000    0.000000   clock source latency
     1    0.021561    0.102711    0.071098    0.071098 ^ clk (in)
                                                         clk (net)
                      0.102734    0.000000    0.071098 ^ clkbuf_0_clk/A (sky130_fd_sc_hd__clkbuf_16)
     8    0.086373    0.103479    0.194327    0.265425 ^ clkbuf_0_clk/X (sky130_fd_sc_hd__clkbuf_16)
                                                         clknet_0_clk (net)
                      0.104109    0.006475    0.271900 ^ clkbuf_3_7__f_clk/A (sky130_fd_sc_hd__clkbuf_16)
     8    0.028954    0.050032    0.154433    0.426333 ^ clkbuf_3_7__f_clk/X (sky130_fd_sc_hd__clkbuf_16)
                                                         clknet_3_7__leaf_clk (net)
                      0.050286    0.003530    0.429862 ^ _1598_/CLK (sky130_fd_sc_hd__dfxtp_2)
                                  0.250000    0.679862   clock uncertainty
                                  0.000000    0.679862   clock reconvergence pessimism
                                 -0.030599    0.649263   library hold time
                                              0.649263   data required time
---------------------------------------------------------------------------------------------
                                              0.649263   data required time
                                             -1.408895   data arrival time
---------------------------------------------------------------------------------------------
                                              0.759632   slack (MET)


Startpoint: _1574_ (rising edge-triggered flip-flop clocked by clk)
Endpoint: _1597_ (rising edge-triggered flip-flop clocked by clk)
Path Group: clk
Path Type: min

Fanout         Cap        Slew       Delay        Time   Description
---------------------------------------------------------------------------------------------
                                  0.000000    0.000000   clock clk (rise edge)
                                  0.000000    0.000000   clock source latency
     1    0.021561    0.102711    0.071098    0.071098 ^ clk (in)
                                                         clk (net)
                      0.102734    0.000000    0.071098 ^ clkbuf_0_clk/A (sky130_fd_sc_hd__clkbuf_16)
     8    0.086373    0.103479    0.194327    0.265425 ^ clkbuf_0_clk/X (sky130_fd_sc_hd__clkbuf_16)
                                                         clknet_0_clk (net)
                      0.104003    0.005923    0.271348 ^ clkbuf_3_3__f_clk/A (sky130_fd_sc_hd__clkbuf_16)
     8    0.032521    0.053149    0.157302    0.428651 ^ clkbuf_3_3__f_clk/X (sky130_fd_sc_hd__clkbuf_16)
                                                         clknet_3_3__leaf_clk (net)
                      0.053242    0.002110    0.430761 ^ _1574_/CLK (sky130_fd_sc_hd__dfxtp_2)
     3    0.014296    0.080881    0.349945    0.780707 ^ _1574_/Q (sky130_fd_sc_hd__dfxtp_2)
                                                         busy (net)
                      0.080895    0.001083    0.781789 ^ _0794_/A (sky130_fd_sc_hd__nor2_2)
     4    0.012048    0.042235    0.062317    0.844106 v _0794_/Y (sky130_fd_sc_hd__nor2_2)
                                                         _0067_ (net)
                      0.042238    0.000374    0.844480 v _0804_/B (sky130_fd_sc_hd__and2b_2)
     3    0.009437    0.051379    0.207071    1.051551 v _0804_/X (sky130_fd_sc_hd__and2b_2)
                                                         _0074_ (net)
                      0.051381    0.000360    1.051911 v _1456_/C (sky130_fd_sc_hd__nand3_2)
     8    0.032871    0.178125    0.164489    1.216400 ^ _1456_/Y (sky130_fd_sc_hd__nand3_2)
                                                         _0709_ (net)
                      0.178169    0.002222    1.218622 ^ _1468_/A2 (sky130_fd_sc_hd__o211a_2)
     1    0.003589    0.045405    0.189943    1.408565 ^ _1468_/X (sky130_fd_sc_hd__o211a_2)
                                                         _0025_ (net)
                      0.045405    0.000225    1.408790 ^ _1597_/D (sky130_fd_sc_hd__dfxtp_2)
                                              1.408790   data arrival time

                                  0.000000    0.000000   clock clk (rise edge)
                                  0.000000    0.000000   clock source latency
     1    0.021561    0.102711    0.071098    0.071098 ^ clk (in)
                                                         clk (net)
                      0.102734    0.000000    0.071098 ^ clkbuf_0_clk/A (sky130_fd_sc_hd__clkbuf_16)
     8    0.086373    0.103479    0.194327    0.265425 ^ clkbuf_0_clk/X (sky130_fd_sc_hd__clkbuf_16)
                                                         clknet_0_clk (net)
                      0.104106    0.006458    0.271884 ^ clkbuf_3_6__f_clk/A (sky130_fd_sc_hd__clkbuf_16)
     8    0.025564    0.047064    0.151547    0.423430 ^ clkbuf_3_6__f_clk/X (sky130_fd_sc_hd__clkbuf_16)
                                                         clknet_3_6__leaf_clk (net)
                      0.047247    0.002452    0.425883 ^ _1597_/CLK (sky130_fd_sc_hd__dfxtp_2)
                                  0.250000    0.675883   clock uncertainty
                                  0.000000    0.675883   clock reconvergence pessimism
                                 -0.030977    0.644905   library hold time
                                              0.644905   data required time
---------------------------------------------------------------------------------------------
                                              0.644905   data required time
                                             -1.408790   data arrival time
---------------------------------------------------------------------------------------------
                                              0.763885   slack (MET)


Startpoint: _1625_ (rising edge-triggered flip-flop clocked by clk)
Endpoint: _1626_ (rising edge-triggered flip-flop clocked by clk)
Path Group: clk
Path Type: min

Fanout         Cap        Slew       Delay        Time   Description
---------------------------------------------------------------------------------------------
                                  0.000000    0.000000   clock clk (rise edge)
                                  0.000000    0.000000   clock source latency
     1    0.021561    0.102711    0.071098    0.071098 ^ clk (in)
                                                         clk (net)
                      0.102734    0.000000    0.071098 ^ clkbuf_0_clk/A (sky130_fd_sc_hd__clkbuf_16)
     8    0.086373    0.103479    0.194327    0.265425 ^ clkbuf_0_clk/X (sky130_fd_sc_hd__clkbuf_16)
                                                         clknet_0_clk (net)
                      0.104003    0.005923    0.271348 ^ clkbuf_3_3__f_clk/A (sky130_fd_sc_hd__clkbuf_16)
     8    0.032521    0.053149    0.157302    0.428651 ^ clkbuf_3_3__f_clk/X (sky130_fd_sc_hd__clkbuf_16)
                                                         clknet_3_3__leaf_clk (net)
                      0.053277    0.002424    0.431075 ^ _1625_/CLK (sky130_fd_sc_hd__dfxtp_2)
     3    0.007807    0.051499    0.326515    0.757590 ^ _1625_/Q (sky130_fd_sc_hd__dfxtp_2)
                                                         u_sync.ff2 (net)
                      0.051499    0.000496    0.758086 ^ hold87/A (sky130_fd_sc_hd__dlygate4sd3_1)
     1    0.002006    0.046697    0.529449    1.287535 ^ hold87/X (sky130_fd_sc_hd__dlygate4sd3_1)
                                                         net87 (net)
                      0.046697    0.000130    1.287665 ^ _1564_/A (sky130_fd_sc_hd__and2_2)
     1    0.002602    0.035986    0.122540    1.410204 ^ _1564_/X (sky130_fd_sc_hd__and2_2)
                                                         _0054_ (net)
                      0.035986    0.000174    1.410379 ^ _1626_/D (sky130_fd_sc_hd__dfxtp_2)
                                              1.410379   data arrival time

                                  0.000000    0.000000   clock clk (rise edge)
                                  0.000000    0.000000   clock source latency
     1    0.021561    0.102711    0.071098    0.071098 ^ clk (in)
                                                         clk (net)
                      0.102734    0.000000    0.071098 ^ clkbuf_0_clk/A (sky130_fd_sc_hd__clkbuf_16)
     8    0.086373    0.103479    0.194327    0.265425 ^ clkbuf_0_clk/X (sky130_fd_sc_hd__clkbuf_16)
                                                         clknet_0_clk (net)
                      0.103982    0.005806    0.271232 ^ clkbuf_3_2__f_clk/A (sky130_fd_sc_hd__clkbuf_16)
     8    0.025756    0.047214    0.151748    0.422980 ^ clkbuf_3_2__f_clk/X (sky130_fd_sc_hd__clkbuf_16)
                                                         clknet_3_2__leaf_clk (net)
                      0.047385    0.002396    0.425376 ^ _1626_/CLK (sky130_fd_sc_hd__dfxtp_2)
                                  0.250000    0.675376   clock uncertainty
                                  0.000000    0.675376   clock reconvergence pessimism
                                 -0.029009    0.646367   library hold time
                                              0.646367   data required time
---------------------------------------------------------------------------------------------
                                              0.646367   data required time
                                             -1.410379   data arrival time
---------------------------------------------------------------------------------------------
                                              0.764012   slack (MET)


Startpoint: _1635_ (rising edge-triggered flip-flop clocked by clk)
Endpoint: _1627_ (rising edge-triggered flip-flop clocked by clk)
Path Group: clk
Path Type: min

Fanout         Cap        Slew       Delay        Time   Description
---------------------------------------------------------------------------------------------
                                  0.000000    0.000000   clock clk (rise edge)
                                  0.000000    0.000000   clock source latency
     1    0.021561    0.102711    0.071098    0.071098 ^ clk (in)
                                                         clk (net)
                      0.102734    0.000000    0.071098 ^ clkbuf_0_clk/A (sky130_fd_sc_hd__clkbuf_16)
     8    0.086373    0.103479    0.194327    0.265425 ^ clkbuf_0_clk/X (sky130_fd_sc_hd__clkbuf_16)
                                                         clknet_0_clk (net)
                      0.104106    0.006458    0.271884 ^ clkbuf_3_6__f_clk/A (sky130_fd_sc_hd__clkbuf_16)
     8    0.025564    0.047064    0.151547    0.423430 ^ clkbuf_3_6__f_clk/X (sky130_fd_sc_hd__clkbuf_16)
                                                         clknet_3_6__leaf_clk (net)
                      0.047185    0.002019    0.425450 ^ _1635_/CLK (sky130_fd_sc_hd__dfxtp_2)
     1    0.003991    0.025415    0.306797    0.732246 v _1635_/Q (sky130_fd_sc_hd__dfxtp_2)
                                                         u_rst_sync.rst_ff2 (net)
                      0.025415    0.000291    0.732537 v fanout42/A (sky130_fd_sc_hd__clkdlybuf4s25_1)
    10    0.055491    0.408605    0.510278    1.242815 v fanout42/X (sky130_fd_sc_hd__clkdlybuf4s25_1)
                                                         net42 (net)
                      0.409289    0.012778    1.255593 v _1627_/D (sky130_fd_sc_hd__dfxtp_2)
                                              1.255593   data arrival time

                                  0.000000    0.000000   clock clk (rise edge)
                                  0.000000    0.000000   clock source latency
     1    0.021561    0.102711    0.071098    0.071098 ^ clk (in)
                                                         clk (net)
                      0.102734    0.000000    0.071098 ^ clkbuf_0_clk/A (sky130_fd_sc_hd__clkbuf_16)
     8    0.086373    0.103479    0.194327    0.265425 ^ clkbuf_0_clk/X (sky130_fd_sc_hd__clkbuf_16)
                                                         clknet_0_clk (net)
                      0.103982    0.005806    0.271232 ^ clkbuf_3_2__f_clk/A (sky130_fd_sc_hd__clkbuf_16)
     8    0.025756    0.047214    0.151748    0.422980 ^ clkbuf_3_2__f_clk/X (sky130_fd_sc_hd__clkbuf_16)
                                                         clknet_3_2__leaf_clk (net)
                      0.047409    0.002552    0.425532 ^ _1627_/CLK (sky130_fd_sc_hd__dfxtp_2)
                                  0.250000    0.675532   clock uncertainty
                                  0.000000    0.675532   clock reconvergence pessimism
                                 -0.194865    0.480668   library hold time
                                              0.480668   data required time
---------------------------------------------------------------------------------------------
                                              0.480668   data required time
                                             -1.255593   data arrival time
---------------------------------------------------------------------------------------------
                                              0.774925   slack (MET)


Startpoint: _1630_ (rising edge-triggered flip-flop clocked by clk)
Endpoint: _1631_ (rising edge-triggered flip-flop clocked by clk)
Path Group: clk
Path Type: min

Fanout         Cap        Slew       Delay        Time   Description
---------------------------------------------------------------------------------------------
                                  0.000000    0.000000   clock clk (rise edge)
                                  0.000000    0.000000   clock source latency
     1    0.021561    0.102711    0.071098    0.071098 ^ clk (in)
                                                         clk (net)
                      0.102734    0.000000    0.071098 ^ clkbuf_0_clk/A (sky130_fd_sc_hd__clkbuf_16)
     8    0.086373    0.103479    0.194327    0.265425 ^ clkbuf_0_clk/X (sky130_fd_sc_hd__clkbuf_16)
                                                         clknet_0_clk (net)
                      0.103982    0.005806    0.271232 ^ clkbuf_3_2__f_clk/A (sky130_fd_sc_hd__clkbuf_16)
     8    0.025756    0.047214    0.151748    0.422980 ^ clkbuf_3_2__f_clk/X (sky130_fd_sc_hd__clkbuf_16)
                                                         clknet_3_2__leaf_clk (net)
                      0.047307    0.001825    0.424805 ^ _1630_/CLK (sky130_fd_sc_hd__dfxtp_2)
     4    0.012770    0.043743    0.329287    0.754093 v _1630_/Q (sky130_fd_sc_hd__dfxtp_2)
                                                         u_sync.lock_cnt[0] (net)
                      0.043743    0.000423    0.754515 v _1569_/A (sky130_fd_sc_hd__nand2_2)
     2    0.009952    0.061355    0.072009    0.826525 ^ _1569_/Y (sky130_fd_sc_hd__nand2_2)
                                                         _0785_ (net)
                      0.061366    0.000660    0.827185 ^ _1572_/A2 (sky130_fd_sc_hd__a2111oi_2)
     1    0.001785    0.030673    0.058101    0.885285 v _1572_/Y (sky130_fd_sc_hd__a2111oi_2)
                                                         _0058_ (net)
                      0.030673    0.000126    0.885411 v hold89/A (sky130_fd_sc_hd__dlygate4sd3_1)
     1    0.002782    0.053000    0.542396    1.427807 v hold89/X (sky130_fd_sc_hd__dlygate4sd3_1)
                                                         net89 (net)
                      0.053000    0.000188    1.427995 v _1631_/D (sky130_fd_sc_hd__dfxtp_2)
                                              1.427995   data arrival time

                                  0.000000    0.000000   clock clk (rise edge)
                                  0.000000    0.000000   clock source latency
     1    0.021561    0.102711    0.071098    0.071098 ^ clk (in)
                                                         clk (net)
                      0.102734    0.000000    0.071098 ^ clkbuf_0_clk/A (sky130_fd_sc_hd__clkbuf_16)
     8    0.086373    0.103479    0.194327    0.265425 ^ clkbuf_0_clk/X (sky130_fd_sc_hd__clkbuf_16)
                                                         clknet_0_clk (net)
                      0.104003    0.005923    0.271348 ^ clkbuf_3_3__f_clk/A (sky130_fd_sc_hd__clkbuf_16)
     8    0.032521    0.053149    0.157302    0.428651 ^ clkbuf_3_3__f_clk/X (sky130_fd_sc_hd__clkbuf_16)
                                                         clknet_3_3__leaf_clk (net)
                      0.053234    0.002033    0.430684 ^ _1631_/CLK (sky130_fd_sc_hd__dfxtp_2)
                                  0.250000    0.680684   clock uncertainty
                                  0.000000    0.680684   clock reconvergence pessimism
                                 -0.047495    0.633189   library hold time
                                              0.633189   data required time
---------------------------------------------------------------------------------------------
                                              0.633189   data required time
                                             -1.427995   data arrival time
---------------------------------------------------------------------------------------------
                                              0.794807   slack (MET)


Startpoint: _1574_ (rising edge-triggered flip-flop clocked by clk)
Endpoint: _1588_ (rising edge-triggered flip-flop clocked by clk)
Path Group: clk
Path Type: min

Fanout         Cap        Slew       Delay        Time   Description
---------------------------------------------------------------------------------------------
                                  0.000000    0.000000   clock clk (rise edge)
                                  0.000000    0.000000   clock source latency
     1    0.021561    0.102711    0.071098    0.071098 ^ clk (in)
                                                         clk (net)
                      0.102734    0.000000    0.071098 ^ clkbuf_0_clk/A (sky130_fd_sc_hd__clkbuf_16)
     8    0.086373    0.103479    0.194327    0.265425 ^ clkbuf_0_clk/X (sky130_fd_sc_hd__clkbuf_16)
                                                         clknet_0_clk (net)
                      0.104003    0.005923    0.271348 ^ clkbuf_3_3__f_clk/A (sky130_fd_sc_hd__clkbuf_16)
     8    0.032521    0.053149    0.157302    0.428651 ^ clkbuf_3_3__f_clk/X (sky130_fd_sc_hd__clkbuf_16)
                                                         clknet_3_3__leaf_clk (net)
                      0.053242    0.002110    0.430761 ^ _1574_/CLK (sky130_fd_sc_hd__dfxtp_2)
     3    0.014296    0.080881    0.349945    0.780707 ^ _1574_/Q (sky130_fd_sc_hd__dfxtp_2)
                                                         busy (net)
                      0.080893    0.001031    0.781737 ^ _0805_/A (sky130_fd_sc_hd__or3_2)
     2    0.008471    0.053579    0.135908    0.917646 ^ _0805_/X (sky130_fd_sc_hd__or3_2)
                                                         _0075_ (net)
                      0.053582    0.000443    0.918088 ^ _1438_/B (sky130_fd_sc_hd__or3b_2)
     9    0.035637    0.205211    0.229445    1.147534 ^ _1438_/X (sky130_fd_sc_hd__or3b_2)
                                                         _0699_ (net)
                      0.205293    0.003853    1.151387 ^ _1447_/B (sky130_fd_sc_hd__or2_2)
     1    0.003892    0.034141    0.148833    1.300220 ^ _1447_/X (sky130_fd_sc_hd__or2_2)
                                                         _0704_ (net)
                      0.034152    0.000279    1.300500 ^ _1448_/B1 (sky130_fd_sc_hd__o211a_2)
     1    0.002844    0.041376    0.157044    1.457544 ^ _1448_/X (sky130_fd_sc_hd__o211a_2)
                                                         _0016_ (net)
                      0.041376    0.000192    1.457736 ^ _1588_/D (sky130_fd_sc_hd__dfxtp_2)
                                              1.457736   data arrival time

                                  0.000000    0.000000   clock clk (rise edge)
                                  0.000000    0.000000   clock source latency
     1    0.021561    0.102711    0.071098    0.071098 ^ clk (in)
                                                         clk (net)
                      0.102734    0.000000    0.071098 ^ clkbuf_0_clk/A (sky130_fd_sc_hd__clkbuf_16)
     8    0.086373    0.103479    0.194327    0.265425 ^ clkbuf_0_clk/X (sky130_fd_sc_hd__clkbuf_16)
                                                         clknet_0_clk (net)
                      0.104109    0.006475    0.271900 ^ clkbuf_3_7__f_clk/A (sky130_fd_sc_hd__clkbuf_16)
     8    0.028954    0.050032    0.154433    0.426333 ^ clkbuf_3_7__f_clk/X (sky130_fd_sc_hd__clkbuf_16)
                                                         clknet_3_7__leaf_clk (net)
                      0.050260    0.003362    0.429695 ^ _1588_/CLK (sky130_fd_sc_hd__dfxtp_2)
                                  0.250000    0.679695   clock uncertainty
                                  0.000000    0.679695   clock reconvergence pessimism
                                 -0.029747    0.649948   library hold time
                                              0.649948   data required time
---------------------------------------------------------------------------------------------
                                              0.649948   data required time
                                             -1.457736   data arrival time
---------------------------------------------------------------------------------------------
                                              0.807788   slack (MET)


Startpoint: _1574_ (rising edge-triggered flip-flop clocked by clk)
Endpoint: _1586_ (rising edge-triggered flip-flop clocked by clk)
Path Group: clk
Path Type: min

Fanout         Cap        Slew       Delay        Time   Description
---------------------------------------------------------------------------------------------
                                  0.000000    0.000000   clock clk (rise edge)
                                  0.000000    0.000000   clock source latency
     1    0.021561    0.102711    0.071098    0.071098 ^ clk (in)
                                                         clk (net)
                      0.102734    0.000000    0.071098 ^ clkbuf_0_clk/A (sky130_fd_sc_hd__clkbuf_16)
     8    0.086373    0.103479    0.194327    0.265425 ^ clkbuf_0_clk/X (sky130_fd_sc_hd__clkbuf_16)
                                                         clknet_0_clk (net)
                      0.104003    0.005923    0.271348 ^ clkbuf_3_3__f_clk/A (sky130_fd_sc_hd__clkbuf_16)
     8    0.032521    0.053149    0.157302    0.428651 ^ clkbuf_3_3__f_clk/X (sky130_fd_sc_hd__clkbuf_16)
                                                         clknet_3_3__leaf_clk (net)
                      0.053242    0.002110    0.430761 ^ _1574_/CLK (sky130_fd_sc_hd__dfxtp_2)
     3    0.014296    0.080881    0.349945    0.780707 ^ _1574_/Q (sky130_fd_sc_hd__dfxtp_2)
                                                         busy (net)
                      0.080893    0.001031    0.781737 ^ _0805_/A (sky130_fd_sc_hd__or3_2)
     2    0.008471    0.053579    0.135908    0.917646 ^ _0805_/X (sky130_fd_sc_hd__or3_2)
                                                         _0075_ (net)
                      0.053582    0.000443    0.918088 ^ _1438_/B (sky130_fd_sc_hd__or3b_2)
     9    0.035637    0.205211    0.229445    1.147534 ^ _1438_/X (sky130_fd_sc_hd__or3b_2)
                                                         _0699_ (net)
                      0.205263    0.003173    1.150707 ^ _1443_/B (sky130_fd_sc_hd__or2_2)
     1    0.006256    0.044583    0.158074    1.308782 ^ _1443_/X (sky130_fd_sc_hd__or2_2)
                                                         _0702_ (net)
                      0.044587    0.000449    1.309231 ^ _1444_/B1 (sky130_fd_sc_hd__o211a_2)
     1    0.002091    0.037611    0.155687    1.464918 ^ _1444_/X (sky130_fd_sc_hd__o211a_2)
                                                         _0014_ (net)
                      0.037611    0.000096    1.465014 ^ _1586_/D (sky130_fd_sc_hd__dfxtp_2)
                                              1.465014   data arrival time

                                  0.000000    0.000000   clock clk (rise edge)
                                  0.000000    0.000000   clock source latency
     1    0.021561    0.102711    0.071098    0.071098 ^ clk (in)
                                                         clk (net)
                      0.102734    0.000000    0.071098 ^ clkbuf_0_clk/A (sky130_fd_sc_hd__clkbuf_16)
     8    0.086373    0.103479    0.194327    0.265425 ^ clkbuf_0_clk/X (sky130_fd_sc_hd__clkbuf_16)
                                                         clknet_0_clk (net)
                      0.104106    0.006458    0.271884 ^ clkbuf_3_6__f_clk/A (sky130_fd_sc_hd__clkbuf_16)
     8    0.025564    0.047064    0.151547    0.423430 ^ clkbuf_3_6__f_clk/X (sky130_fd_sc_hd__clkbuf_16)
                                                         clknet_3_6__leaf_clk (net)
                      0.047240    0.002407    0.425838 ^ _1586_/CLK (sky130_fd_sc_hd__dfxtp_2)
                                  0.250000    0.675838   clock uncertainty
                                  0.000000    0.675838   clock reconvergence pessimism
                                 -0.029365    0.646473   library hold time
                                              0.646473   data required time
---------------------------------------------------------------------------------------------
                                              0.646473   data required time
                                             -1.465014   data arrival time
---------------------------------------------------------------------------------------------
                                              0.818541   slack (MET)


Startpoint: _1574_ (rising edge-triggered flip-flop clocked by clk)
Endpoint: _1587_ (rising edge-triggered flip-flop clocked by clk)
Path Group: clk
Path Type: min

Fanout         Cap        Slew       Delay        Time   Description
---------------------------------------------------------------------------------------------
                                  0.000000    0.000000   clock clk (rise edge)
                                  0.000000    0.000000   clock source latency
     1    0.021561    0.102711    0.071098    0.071098 ^ clk (in)
                                                         clk (net)
                      0.102734    0.000000    0.071098 ^ clkbuf_0_clk/A (sky130_fd_sc_hd__clkbuf_16)
     8    0.086373    0.103479    0.194327    0.265425 ^ clkbuf_0_clk/X (sky130_fd_sc_hd__clkbuf_16)
                                                         clknet_0_clk (net)
                      0.104003    0.005923    0.271348 ^ clkbuf_3_3__f_clk/A (sky130_fd_sc_hd__clkbuf_16)
     8    0.032521    0.053149    0.157302    0.428651 ^ clkbuf_3_3__f_clk/X (sky130_fd_sc_hd__clkbuf_16)
                                                         clknet_3_3__leaf_clk (net)
                      0.053242    0.002110    0.430761 ^ _1574_/CLK (sky130_fd_sc_hd__dfxtp_2)
     3    0.014296    0.080881    0.349945    0.780707 ^ _1574_/Q (sky130_fd_sc_hd__dfxtp_2)
                                                         busy (net)
                      0.080893    0.001031    0.781737 ^ _0805_/A (sky130_fd_sc_hd__or3_2)
     2    0.008471    0.053579    0.135908    0.917646 ^ _0805_/X (sky130_fd_sc_hd__or3_2)
                                                         _0075_ (net)
                      0.053582    0.000443    0.918088 ^ _1438_/B (sky130_fd_sc_hd__or3b_2)
     9    0.035637    0.205211    0.229445    1.147534 ^ _1438_/X (sky130_fd_sc_hd__or3b_2)
                                                         _0699_ (net)
                      0.205321    0.004374    1.151907 ^ _1445_/B (sky130_fd_sc_hd__or2_2)
     1    0.005941    0.043510    0.156956    1.308864 ^ _1445_/X (sky130_fd_sc_hd__or2_2)
                                                         _0703_ (net)
                      0.043512    0.000342    1.309205 ^ _1446_/B1 (sky130_fd_sc_hd__o211a_2)
     1    0.003746    0.046325    0.165409    1.474614 ^ _1446_/X (sky130_fd_sc_hd__o211a_2)
                                                         _0015_ (net)
                      0.046325    0.000267    1.474881 ^ _1587_/D (sky130_fd_sc_hd__dfxtp_2)
                                              1.474881   data arrival time

                                  0.000000    0.000000   clock clk (rise edge)
                                  0.000000    0.000000   clock source latency
     1    0.021561    0.102711    0.071098    0.071098 ^ clk (in)
                                                         clk (net)
                      0.102734    0.000000    0.071098 ^ clkbuf_0_clk/A (sky130_fd_sc_hd__clkbuf_16)
     8    0.086373    0.103479    0.194327    0.265425 ^ clkbuf_0_clk/X (sky130_fd_sc_hd__clkbuf_16)
                                                         clknet_0_clk (net)
                      0.104106    0.006458    0.271884 ^ clkbuf_3_6__f_clk/A (sky130_fd_sc_hd__clkbuf_16)
     8    0.025564    0.047064    0.151547    0.423430 ^ clkbuf_3_6__f_clk/X (sky130_fd_sc_hd__clkbuf_16)
                                                         clknet_3_6__leaf_clk (net)
                      0.047233    0.002361    0.425791 ^ _1587_/CLK (sky130_fd_sc_hd__dfxtp_2)
                                  0.250000    0.675791   clock uncertainty
                                  0.000000    0.675791   clock reconvergence pessimism
                                 -0.031170    0.644622   library hold time
                                              0.644622   data required time
---------------------------------------------------------------------------------------------
                                              0.644622   data required time
                                             -1.474881   data arrival time
---------------------------------------------------------------------------------------------
                                              0.830259   slack (MET)


Startpoint: _1628_ (rising edge-triggered flip-flop clocked by clk)
Endpoint: _1629_ (rising edge-triggered flip-flop clocked by clk)
Path Group: clk
Path Type: min

Fanout         Cap        Slew       Delay        Time   Description
---------------------------------------------------------------------------------------------
                                  0.000000    0.000000   clock clk (rise edge)
                                  0.000000    0.000000   clock source latency
     1    0.021561    0.102711    0.071098    0.071098 ^ clk (in)
                                                         clk (net)
                      0.102734    0.000000    0.071098 ^ clkbuf_0_clk/A (sky130_fd_sc_hd__clkbuf_16)
     8    0.086373    0.103479    0.194327    0.265425 ^ clkbuf_0_clk/X (sky130_fd_sc_hd__clkbuf_16)
                                                         clknet_0_clk (net)
                      0.103982    0.005806    0.271232 ^ clkbuf_3_2__f_clk/A (sky130_fd_sc_hd__clkbuf_16)
     8    0.025756    0.047214    0.151748    0.422980 ^ clkbuf_3_2__f_clk/X (sky130_fd_sc_hd__clkbuf_16)
                                                         clknet_3_2__leaf_clk (net)
                      0.047392    0.002443    0.425423 ^ _1628_/CLK (sky130_fd_sc_hd__dfxtp_2)
     1    0.002791    0.029706    0.304483    0.729906 ^ _1628_/Q (sky130_fd_sc_hd__dfxtp_2)
                                                         u_sync.seen_reset[1] (net)
                      0.029706    0.000191    0.730097 ^ _1566_/B (sky130_fd_sc_hd__and2b_2)
     1    0.004993    0.044147    0.134599    0.864697 ^ _1566_/X (sky130_fd_sc_hd__and2b_2)
                                                         _0783_ (net)
                      0.044148    0.000370    0.865067 ^ _1567_/A2 (sky130_fd_sc_hd__o21a_2)
     1    0.002332    0.027392    0.100739    0.965806 ^ _1567_/X (sky130_fd_sc_hd__o21a_2)
                                                         _0056_ (net)
                      0.027392    0.000153    0.965959 ^ hold86/A (sky130_fd_sc_hd__dlygate4sd3_1)
     1    0.002071    0.047107    0.522241    1.488200 ^ hold86/X (sky130_fd_sc_hd__dlygate4sd3_1)
                                                         net86 (net)
                      0.047107    0.000143    1.488343 ^ _1629_/D (sky130_fd_sc_hd__dfxtp_2)
                                              1.488343   data arrival time

                                  0.000000    0.000000   clock clk (rise edge)
                                  0.000000    0.000000   clock source latency
     1    0.021561    0.102711    0.071098    0.071098 ^ clk (in)
                                                         clk (net)
                      0.102734    0.000000    0.071098 ^ clkbuf_0_clk/A (sky130_fd_sc_hd__clkbuf_16)
     8    0.086373    0.103479    0.194327    0.265425 ^ clkbuf_0_clk/X (sky130_fd_sc_hd__clkbuf_16)
                                                         clknet_0_clk (net)
                      0.103982    0.005806    0.271232 ^ clkbuf_3_2__f_clk/A (sky130_fd_sc_hd__clkbuf_16)
     8    0.025756    0.047214    0.151748    0.422980 ^ clkbuf_3_2__f_clk/X (sky130_fd_sc_hd__clkbuf_16)
                                                         clknet_3_2__leaf_clk (net)
                      0.047409    0.002552    0.425532 ^ _1629_/CLK (sky130_fd_sc_hd__dfxtp_2)
                                  0.250000    0.675532   clock uncertainty
                                  0.000000    0.675532   clock reconvergence pessimism
                                 -0.031308    0.644224   library hold time
                                              0.644224   data required time
---------------------------------------------------------------------------------------------
                                              0.644224   data required time
                                             -1.488343   data arrival time
---------------------------------------------------------------------------------------------
                                              0.844119   slack (MET)


Startpoint: _1600_ (rising edge-triggered flip-flop clocked by clk)
Endpoint: _1604_ (rising edge-triggered flip-flop clocked by clk)
Path Group: clk
Path Type: min

Fanout         Cap        Slew       Delay        Time   Description
---------------------------------------------------------------------------------------------
                                  0.000000    0.000000   clock clk (rise edge)
                                  0.000000    0.000000   clock source latency
     1    0.021561    0.102711    0.071098    0.071098 ^ clk (in)
                                                         clk (net)
                      0.102734    0.000000    0.071098 ^ clkbuf_0_clk/A (sky130_fd_sc_hd__clkbuf_16)
     8    0.086373    0.103479    0.194327    0.265425 ^ clkbuf_0_clk/X (sky130_fd_sc_hd__clkbuf_16)
                                                         clknet_0_clk (net)
                      0.103970    0.005738    0.271164 ^ clkbuf_3_0__f_clk/A (sky130_fd_sc_hd__clkbuf_16)
     8    0.025019    0.046527    0.151075    0.422239 ^ clkbuf_3_0__f_clk/X (sky130_fd_sc_hd__clkbuf_16)
                                                         clknet_3_0__leaf_clk (net)
                      0.046555    0.001134    0.423373 ^ _1600_/CLK (sky130_fd_sc_hd__dfxtp_2)
     3    0.011061    0.041676    0.324578    0.747951 v _1600_/Q (sky130_fd_sc_hd__dfxtp_2)
                                                         u_dp.acc_q[0] (net)
                      0.041676    0.000752    0.748702 v _1348_/A (sky130_fd_sc_hd__nand3_2)
     3    0.011118    0.069275    0.077851    0.826553 ^ _1348_/Y (sky130_fd_sc_hd__nand3_2)
                                                         _0618_ (net)
                      0.069280    0.000495    0.827048 ^ _1350_/A (sky130_fd_sc_hd__nor2_2)
     3    0.011781    0.039627    0.058101    0.885149 v _1350_/Y (sky130_fd_sc_hd__nor2_2)
                                                         _0620_ (net)
                      0.039627    0.000209    0.885358 v _1353_/A (sky130_fd_sc_hd__nand2_2)
     3    0.010505    0.064000    0.072197    0.957556 ^ _1353_/Y (sky130_fd_sc_hd__nand2_2)
                                                         _0623_ (net)
                      0.064006    0.000491    0.958047 ^ _1355_/B (sky130_fd_sc_hd__or3_2)
     3    0.011147    0.065082    0.137058    1.095106 ^ _1355_/X (sky130_fd_sc_hd__or3_2)
                                                         _0625_ (net)
                      0.065089    0.000674    1.095780 ^ _1487_/C (sky130_fd_sc_hd__nand3_2)
     1    0.003375    0.042759    0.069137    1.164917 v _1487_/Y (sky130_fd_sc_hd__nand3_2)
                                                         _0728_ (net)
                      0.042759    0.000223    1.165140 v _1488_/A3 (sky130_fd_sc_hd__a31o_2)
     1    0.004118    0.036637    0.241283    1.406423 v _1488_/X (sky130_fd_sc_hd__a31o_2)
                                                         _0729_ (net)
                      0.036637    0.000276    1.406699 v _1489_/C1 (sky130_fd_sc_hd__o211a_2)
     1    0.002138    0.022239    0.104765    1.511464 v _1489_/X (sky130_fd_sc_hd__o211a_2)
                                                         _0032_ (net)
                      0.022239    0.000101    1.511565 v _1604_/D (sky130_fd_sc_hd__dfxtp_2)
                                              1.511565   data arrival time

                                  0.000000    0.000000   clock clk (rise edge)
                                  0.000000    0.000000   clock source latency
     1    0.021561    0.102711    0.071098    0.071098 ^ clk (in)
                                                         clk (net)
                      0.102734    0.000000    0.071098 ^ clkbuf_0_clk/A (sky130_fd_sc_hd__clkbuf_16)
     8    0.086373    0.103479    0.194327    0.265425 ^ clkbuf_0_clk/X (sky130_fd_sc_hd__clkbuf_16)
                                                         clknet_0_clk (net)
                      0.103982    0.005806    0.271232 ^ clkbuf_3_2__f_clk/A (sky130_fd_sc_hd__clkbuf_16)
     8    0.025756    0.047214    0.151748    0.422980 ^ clkbuf_3_2__f_clk/X (sky130_fd_sc_hd__clkbuf_16)
                                                         clknet_3_2__leaf_clk (net)
                      0.047235    0.001091    0.424071 ^ _1604_/CLK (sky130_fd_sc_hd__dfxtp_2)
                                  0.250000    0.674071   clock uncertainty
                                  0.000000    0.674071   clock reconvergence pessimism
                                 -0.036220    0.637851   library hold time
                                              0.637851   data required time
---------------------------------------------------------------------------------------------
                                              0.637851   data required time
                                             -1.511565   data arrival time
---------------------------------------------------------------------------------------------
                                              0.873714   slack (MET)


Startpoint: _1575_ (rising edge-triggered flip-flop clocked by clk)
Endpoint: _1575_ (rising edge-triggered flip-flop clocked by clk)
Path Group: clk
Path Type: min

Fanout         Cap        Slew       Delay        Time   Description
---------------------------------------------------------------------------------------------
                                  0.000000    0.000000   clock clk (rise edge)
                                  0.000000    0.000000   clock source latency
     1    0.021561    0.102711    0.071098    0.071098 ^ clk (in)
                                                         clk (net)
                      0.102734    0.000000    0.071098 ^ clkbuf_0_clk/A (sky130_fd_sc_hd__clkbuf_16)
     8    0.086373    0.103479    0.194327    0.265425 ^ clkbuf_0_clk/X (sky130_fd_sc_hd__clkbuf_16)
                                                         clknet_0_clk (net)
                      0.103964    0.005702    0.271128 ^ clkbuf_3_1__f_clk/A (sky130_fd_sc_hd__clkbuf_16)
     8    0.024574    0.045977    0.150956    0.422084 ^ clkbuf_3_1__f_clk/X (sky130_fd_sc_hd__clkbuf_16)
                                                         clknet_3_1__leaf_clk (net)
                      0.046028    0.001300    0.423384 ^ _1575_/CLK (sky130_fd_sc_hd__dfxtp_2)
     2    0.013893    0.079126    0.345982    0.769366 ^ _1575_/Q (sky130_fd_sc_hd__dfxtp_2)
                                                         ovf (net)
                      0.079126    0.000104    0.769470 ^ hold95/A (sky130_fd_sc_hd__dlygate4sd3_1)
     1    0.003159    0.056011    0.548289    1.317758 ^ hold95/X (sky130_fd_sc_hd__dlygate4sd3_1)
                                                         net95 (net)
                      0.056011    0.000235    1.317993 ^ _1410_/B1 (sky130_fd_sc_hd__a21o_2)
     1    0.003438    0.028652    0.085477    1.403471 ^ _1410_/X (sky130_fd_sc_hd__a21o_2)
                                                         _0680_ (net)
                      0.028653    0.000205    1.403676 ^ _1411_/B (sky130_fd_sc_hd__and2_2)
     1    0.002070    0.033687    0.118871    1.522547 ^ _1411_/X (sky130_fd_sc_hd__and2_2)
                                                         _0003_ (net)
                      0.033687    0.000094    1.522641 ^ _1575_/D (sky130_fd_sc_hd__dfxtp_2)
                                              1.522641   data arrival time

                                  0.000000    0.000000   clock clk (rise edge)
                                  0.000000    0.000000   clock source latency
     1    0.021561    0.102711    0.071098    0.071098 ^ clk (in)
                                                         clk (net)
                      0.102734    0.000000    0.071098 ^ clkbuf_0_clk/A (sky130_fd_sc_hd__clkbuf_16)
     8    0.086373    0.103479    0.194327    0.265425 ^ clkbuf_0_clk/X (sky130_fd_sc_hd__clkbuf_16)
                                                         clknet_0_clk (net)
                      0.103964    0.005702    0.271128 ^ clkbuf_3_1__f_clk/A (sky130_fd_sc_hd__clkbuf_16)
     8    0.024574    0.045977    0.150956    0.422084 ^ clkbuf_3_1__f_clk/X (sky130_fd_sc_hd__clkbuf_16)
                                                         clknet_3_1__leaf_clk (net)
                      0.046028    0.001300    0.423384 ^ _1575_/CLK (sky130_fd_sc_hd__dfxtp_2)
                                  0.250000    0.673384   clock uncertainty
                                  0.000000    0.673384   clock reconvergence pessimism
                                 -0.028711    0.644673   library hold time
                                              0.644673   data required time
---------------------------------------------------------------------------------------------
                                              0.644673   data required time
                                             -1.522641   data arrival time
---------------------------------------------------------------------------------------------
                                              0.877968   slack (MET)


Startpoint: _1610_ (rising edge-triggered flip-flop clocked by clk)
Endpoint: _1610_ (rising edge-triggered flip-flop clocked by clk)
Path Group: clk
Path Type: min

Fanout         Cap        Slew       Delay        Time   Description
---------------------------------------------------------------------------------------------
                                  0.000000    0.000000   clock clk (rise edge)
                                  0.000000    0.000000   clock source latency
     1    0.021561    0.102711    0.071098    0.071098 ^ clk (in)
                                                         clk (net)
                      0.102734    0.000000    0.071098 ^ clkbuf_0_clk/A (sky130_fd_sc_hd__clkbuf_16)
     8    0.086373    0.103479    0.194327    0.265425 ^ clkbuf_0_clk/X (sky130_fd_sc_hd__clkbuf_16)
                                                         clknet_0_clk (net)
                      0.103964    0.005702    0.271128 ^ clkbuf_3_1__f_clk/A (sky130_fd_sc_hd__clkbuf_16)
     8    0.024574    0.045977    0.150956    0.422084 ^ clkbuf_3_1__f_clk/X (sky130_fd_sc_hd__clkbuf_16)
                                                         clknet_3_1__leaf_clk (net)
                      0.046011    0.001087    0.423171 ^ _1610_/CLK (sky130_fd_sc_hd__dfxtp_2)
     5    0.022246    0.118887    0.374330    0.797501 ^ _1610_/Q (sky130_fd_sc_hd__dfxtp_2)
                                                         u_dp.acc_q[10] (net)
                      0.118900    0.001288    0.798789 ^ hold100/A (sky130_fd_sc_hd__dlygate4sd3_1)
     1    0.003861    0.062479    0.565494    1.364283 ^ hold100/X (sky130_fd_sc_hd__dlygate4sd3_1)
                                                         net100 (net)
                      0.062484    0.000289    1.364572 ^ _1511_/A1 (sky130_fd_sc_hd__o211a_2)
     1    0.002304    0.038693    0.167187    1.531759 ^ _1511_/X (sky130_fd_sc_hd__o211a_2)
                                                         _0038_ (net)
                      0.038693    0.000166    1.531925 ^ _1610_/D (sky130_fd_sc_hd__dfxtp_2)
                                              1.531925   data arrival time

                                  0.000000    0.000000   clock clk (rise edge)
                                  0.000000    0.000000   clock source latency
     1    0.021561    0.102711    0.071098    0.071098 ^ clk (in)
                                                         clk (net)
                      0.102734    0.000000    0.071098 ^ clkbuf_0_clk/A (sky130_fd_sc_hd__clkbuf_16)
     8    0.086373    0.103479    0.194327    0.265425 ^ clkbuf_0_clk/X (sky130_fd_sc_hd__clkbuf_16)
                                                         clknet_0_clk (net)
                      0.103964    0.005702    0.271128 ^ clkbuf_3_1__f_clk/A (sky130_fd_sc_hd__clkbuf_16)
     8    0.024574    0.045977    0.150956    0.422084 ^ clkbuf_3_1__f_clk/X (sky130_fd_sc_hd__clkbuf_16)
                                                         clknet_3_1__leaf_clk (net)
                      0.046011    0.001087    0.423171 ^ _1610_/CLK (sky130_fd_sc_hd__dfxtp_2)
                                  0.250000    0.673171   clock uncertainty
                                  0.000000    0.673171   clock reconvergence pessimism
                                 -0.029750    0.643421   library hold time
                                              0.643421   data required time
---------------------------------------------------------------------------------------------
                                              0.643421   data required time
                                             -1.531925   data arrival time
---------------------------------------------------------------------------------------------
                                              0.888504   slack (MET)


Startpoint: _1605_ (rising edge-triggered flip-flop clocked by clk)
Endpoint: _1605_ (rising edge-triggered flip-flop clocked by clk)
Path Group: clk
Path Type: min

Fanout         Cap        Slew       Delay        Time   Description
---------------------------------------------------------------------------------------------
                                  0.000000    0.000000   clock clk (rise edge)
                                  0.000000    0.000000   clock source latency
     1    0.021561    0.102711    0.071098    0.071098 ^ clk (in)
                                                         clk (net)
                      0.102734    0.000000    0.071098 ^ clkbuf_0_clk/A (sky130_fd_sc_hd__clkbuf_16)
     8    0.086373    0.103479    0.194327    0.265425 ^ clkbuf_0_clk/X (sky130_fd_sc_hd__clkbuf_16)
                                                         clknet_0_clk (net)
                      0.104003    0.005923    0.271348 ^ clkbuf_3_3__f_clk/A (sky130_fd_sc_hd__clkbuf_16)
     8    0.032521    0.053149    0.157302    0.428651 ^ clkbuf_3_3__f_clk/X (sky130_fd_sc_hd__clkbuf_16)
                                                         clknet_3_3__leaf_clk (net)
                      0.053181    0.001535    0.430186 ^ _1605_/CLK (sky130_fd_sc_hd__dfxtp_2)
     4    0.014812    0.083515    0.351784    0.781969 ^ _1605_/Q (sky130_fd_sc_hd__dfxtp_2)
                                                         u_dp.acc_q[5] (net)
                      0.083520    0.000745    0.782714 ^ hold91/A (sky130_fd_sc_hd__dlygate4sd3_1)
     2    0.010936    0.124474    0.607701    1.390415 ^ hold91/X (sky130_fd_sc_hd__dlygate4sd3_1)
                                                         net91 (net)
                      0.124478    0.000889    1.391304 ^ _1493_/A1 (sky130_fd_sc_hd__o211a_2)
     1    0.002447    0.039376    0.182102    1.573406 ^ _1493_/X (sky130_fd_sc_hd__o211a_2)
                                                         _0033_ (net)
                      0.039376    0.000174    1.573580 ^ _1605_/D (sky130_fd_sc_hd__dfxtp_2)
                                              1.573580   data arrival time

                                  0.000000    0.000000   clock clk (rise edge)
                                  0.000000    0.000000   clock source latency
     1    0.021561    0.102711    0.071098    0.071098 ^ clk (in)
                                                         clk (net)
                      0.102734    0.000000    0.071098 ^ clkbuf_0_clk/A (sky130_fd_sc_hd__clkbuf_16)
     8    0.086373    0.103479    0.194327    0.265425 ^ clkbuf_0_clk/X (sky130_fd_sc_hd__clkbuf_16)
                                                         clknet_0_clk (net)
                      0.104003    0.005923    0.271348 ^ clkbuf_3_3__f_clk/A (sky130_fd_sc_hd__clkbuf_16)
     8    0.032521    0.053149    0.157302    0.428651 ^ clkbuf_3_3__f_clk/X (sky130_fd_sc_hd__clkbuf_16)
                                                         clknet_3_3__leaf_clk (net)
                      0.053181    0.001535    0.430186 ^ _1605_/CLK (sky130_fd_sc_hd__dfxtp_2)
                                  0.250000    0.680186   clock uncertainty
                                  0.000000    0.680186   clock reconvergence pessimism
                                 -0.028949    0.651237   library hold time
                                              0.651237   data required time
---------------------------------------------------------------------------------------------
                                              0.651237   data required time
                                             -1.573580   data arrival time
---------------------------------------------------------------------------------------------
                                              0.922343   slack (MET)


Startpoint: _1635_ (rising edge-triggered flip-flop clocked by clk)
Endpoint: _1574_ (rising edge-triggered flip-flop clocked by clk)
Path Group: clk
Path Type: min

Fanout         Cap        Slew       Delay        Time   Description
---------------------------------------------------------------------------------------------
                                  0.000000    0.000000   clock clk (rise edge)
                                  0.000000    0.000000   clock source latency
     1    0.021561    0.102711    0.071098    0.071098 ^ clk (in)
                                                         clk (net)
                      0.102734    0.000000    0.071098 ^ clkbuf_0_clk/A (sky130_fd_sc_hd__clkbuf_16)
     8    0.086373    0.103479    0.194327    0.265425 ^ clkbuf_0_clk/X (sky130_fd_sc_hd__clkbuf_16)
                                                         clknet_0_clk (net)
                      0.104106    0.006458    0.271884 ^ clkbuf_3_6__f_clk/A (sky130_fd_sc_hd__clkbuf_16)
     8    0.025564    0.047064    0.151547    0.423430 ^ clkbuf_3_6__f_clk/X (sky130_fd_sc_hd__clkbuf_16)
                                                         clknet_3_6__leaf_clk (net)
                      0.047185    0.002019    0.425450 ^ _1635_/CLK (sky130_fd_sc_hd__dfxtp_2)
     1    0.003991    0.025415    0.306797    0.732246 v _1635_/Q (sky130_fd_sc_hd__dfxtp_2)
                                                         u_rst_sync.rst_ff2 (net)
                      0.025415    0.000291    0.732537 v fanout42/A (sky130_fd_sc_hd__clkdlybuf4s25_1)
    10    0.055491    0.408605    0.510278    1.242815 v fanout42/X (sky130_fd_sc_hd__clkdlybuf4s25_1)
                                                         net42 (net)
                      0.409110    0.010640    1.253456 v _0803_/A (sky130_fd_sc_hd__and2_2)
     1    0.001981    0.036635    0.316255    1.569710 v _0803_/X (sky130_fd_sc_hd__and2_2)
                                                         _0002_ (net)
                      0.036636    0.000091    1.569801 v _1574_/D (sky130_fd_sc_hd__dfxtp_2)
                                              1.569801   data arrival time

                                  0.000000    0.000000   clock clk (rise edge)
                                  0.000000    0.000000   clock source latency
     1    0.021561    0.102711    0.071098    0.071098 ^ clk (in)
                                                         clk (net)
                      0.102734    0.000000    0.071098 ^ clkbuf_0_clk/A (sky130_fd_sc_hd__clkbuf_16)
     8    0.086373    0.103479    0.194327    0.265425 ^ clkbuf_0_clk/X (sky130_fd_sc_hd__clkbuf_16)
                                                         clknet_0_clk (net)
                      0.104003    0.005923    0.271348 ^ clkbuf_3_3__f_clk/A (sky130_fd_sc_hd__clkbuf_16)
     8    0.032521    0.053149    0.157302    0.428651 ^ clkbuf_3_3__f_clk/X (sky130_fd_sc_hd__clkbuf_16)
                                                         clknet_3_3__leaf_clk (net)
                      0.053242    0.002110    0.430761 ^ _1574_/CLK (sky130_fd_sc_hd__dfxtp_2)
                                  0.250000    0.680761   clock uncertainty
                                  0.000000    0.680761   clock reconvergence pessimism
                                 -0.040784    0.639977   library hold time
                                              0.639977   data required time
---------------------------------------------------------------------------------------------
                                              0.639977   data required time
                                             -1.569801   data arrival time
---------------------------------------------------------------------------------------------
                                              0.929824   slack (MET)


Startpoint: _1635_ (rising edge-triggered flip-flop clocked by clk)
Endpoint: _1624_ (rising edge-triggered flip-flop clocked by clk)
Path Group: clk
Path Type: min

Fanout         Cap        Slew       Delay        Time   Description
---------------------------------------------------------------------------------------------
                                  0.000000    0.000000   clock clk (rise edge)
                                  0.000000    0.000000   clock source latency
     1    0.021561    0.102711    0.071098    0.071098 ^ clk (in)
                                                         clk (net)
                      0.102734    0.000000    0.071098 ^ clkbuf_0_clk/A (sky130_fd_sc_hd__clkbuf_16)
     8    0.086373    0.103479    0.194327    0.265425 ^ clkbuf_0_clk/X (sky130_fd_sc_hd__clkbuf_16)
                                                         clknet_0_clk (net)
                      0.104106    0.006458    0.271884 ^ clkbuf_3_6__f_clk/A (sky130_fd_sc_hd__clkbuf_16)
     8    0.025564    0.047064    0.151547    0.423430 ^ clkbuf_3_6__f_clk/X (sky130_fd_sc_hd__clkbuf_16)
                                                         clknet_3_6__leaf_clk (net)
                      0.047185    0.002019    0.425450 ^ _1635_/CLK (sky130_fd_sc_hd__dfxtp_2)
     1    0.003991    0.025415    0.306797    0.732246 v _1635_/Q (sky130_fd_sc_hd__dfxtp_2)
                                                         u_rst_sync.rst_ff2 (net)
                      0.025415    0.000291    0.732537 v fanout42/A (sky130_fd_sc_hd__clkdlybuf4s25_1)
    10    0.055491    0.408605    0.510278    1.242815 v fanout42/X (sky130_fd_sc_hd__clkdlybuf4s25_1)
                                                         net42 (net)
                      0.408782    0.004364    1.247180 v fanout41/A (sky130_fd_sc_hd__clkdlybuf4s25_1)
     9    0.034675    0.258493    0.531768    1.778947 v fanout41/X (sky130_fd_sc_hd__clkdlybuf4s25_1)
                                                         net41 (net)
                      0.258525    0.002888    1.781836 v _1562_/A (sky130_fd_sc_hd__and2_2)
     1    0.017286    0.065812    0.300689    2.082525 v _1562_/X (sky130_fd_sc_hd__and2_2)
                                                         _0052_ (net)
                      0.065894    0.002039    2.084563 v _1624_/D (sky130_fd_sc_hd__dfxtp_2)
                                              2.084563   data arrival time

                                  0.000000    0.000000   clock clk (rise edge)
                                  0.000000    0.000000   clock source latency
     1    0.021561    0.102711    0.071098    0.071098 ^ clk (in)
                                                         clk (net)
                      0.102734    0.000000    0.071098 ^ clkbuf_0_clk/A (sky130_fd_sc_hd__clkbuf_16)
     8    0.086373    0.103479    0.194327    0.265425 ^ clkbuf_0_clk/X (sky130_fd_sc_hd__clkbuf_16)
                                                         clknet_0_clk (net)
                      0.104003    0.005923    0.271348 ^ clkbuf_3_3__f_clk/A (sky130_fd_sc_hd__clkbuf_16)
     8    0.032521    0.053149    0.157302    0.428651 ^ clkbuf_3_3__f_clk/X (sky130_fd_sc_hd__clkbuf_16)
                                                         clknet_3_3__leaf_clk (net)
                      0.053267    0.002337    0.430988 ^ _1624_/CLK (sky130_fd_sc_hd__dfxtp_2)
                                  0.250000    0.680988   clock uncertainty
                                  0.000000    0.680988   clock reconvergence pessimism
                                 -0.052775    0.628213   library hold time
                                              0.628213   data required time
---------------------------------------------------------------------------------------------
                                              0.628213   data required time
                                             -2.084563   data arrival time
---------------------------------------------------------------------------------------------
                                              1.456351   slack (MET)


Startpoint: rst_n (input port clocked by clk)
Endpoint: _1636_ (rising edge-triggered flip-flop clocked by clk)
Path Group: clk
Path Type: min

Fanout         Cap        Slew       Delay        Time   Description
---------------------------------------------------------------------------------------------
                                  0.000000    0.000000   clock clk (rise edge)
                                  0.000000    0.000000   clock network delay (propagated)
                                  4.000000    4.000000 v input external delay
     1    0.006138    0.016096    0.010057    4.010057 v rst_n (in)
                                                         rst_n (net)
                      0.016103    0.000000    4.010057 v input1/A (sky130_fd_sc_hd__clkdlybuf4s25_1)
     1    0.003860    0.046646    0.236062    4.246119 v input1/X (sky130_fd_sc_hd__clkdlybuf4s25_1)
                                                         net1 (net)
                      0.046646    0.000289    4.246408 v _1636_/D (sky130_fd_sc_hd__dfxtp_2)
                                              4.246408   data arrival time

                                  0.000000    0.000000   clock clk (rise edge)
                                  0.000000    0.000000   clock source latency
     1    0.021561    0.102711    0.071098    0.071098 ^ clk (in)
                                                         clk (net)
                      0.102734    0.000000    0.071098 ^ clkbuf_0_clk/A (sky130_fd_sc_hd__clkbuf_16)
     8    0.086373    0.103479    0.194327    0.265425 ^ clkbuf_0_clk/X (sky130_fd_sc_hd__clkbuf_16)
                                                         clknet_0_clk (net)
                      0.104109    0.006475    0.271900 ^ clkbuf_3_7__f_clk/A (sky130_fd_sc_hd__clkbuf_16)
     8    0.028954    0.050032    0.154433    0.426333 ^ clkbuf_3_7__f_clk/X (sky130_fd_sc_hd__clkbuf_16)
                                                         clknet_3_7__leaf_clk (net)
                      0.050261    0.003364    0.429697 ^ _1636_/CLK (sky130_fd_sc_hd__dfxtp_2)
                                  0.250000    0.679697   clock uncertainty
                                  0.000000    0.679697   clock reconvergence pessimism
                                 -0.045552    0.634144   library hold time
                                              0.634144   data required time
---------------------------------------------------------------------------------------------
                                              0.634144   data required time
                                             -4.246408   data arrival time
---------------------------------------------------------------------------------------------
                                              3.612263   slack (MET)


Startpoint: _1579_ (rising edge-triggered flip-flop clocked by clk)
Endpoint: uo_out[3] (output port clocked by clk)
Path Group: clk
Path Type: min

Fanout         Cap        Slew       Delay        Time   Description
---------------------------------------------------------------------------------------------
                                  0.000000    0.000000   clock clk (rise edge)
                                  0.000000    0.000000   clock source latency
     1    0.021561    0.102711    0.071098    0.071098 ^ clk (in)
                                                         clk (net)
                      0.102734    0.000000    0.071098 ^ clkbuf_0_clk/A (sky130_fd_sc_hd__clkbuf_16)
     8    0.086373    0.103479    0.194327    0.265425 ^ clkbuf_0_clk/X (sky130_fd_sc_hd__clkbuf_16)
                                                         clknet_0_clk (net)
                      0.103974    0.005760    0.271185 ^ clkbuf_3_5__f_clk/A (sky130_fd_sc_hd__clkbuf_16)
     8    0.030700    0.051621    0.156320    0.427505 ^ clkbuf_3_5__f_clk/X (sky130_fd_sc_hd__clkbuf_16)
                                                         clknet_3_5__leaf_clk (net)
                      0.051632    0.001408    0.428913 ^ _1579_/CLK (sky130_fd_sc_hd__dfxtp_2)
     1    0.034790    0.091069    0.371178    0.800090 v _1579_/Q (sky130_fd_sc_hd__dfxtp_2)
                                                         uo_out[3] (net)
                      0.091118    0.001914    0.802005 v uo_out[3] (out)
                                              0.802005   data arrival time

                                  0.000000    0.000000   clock clk (rise edge)
                                  0.000000    0.000000   clock network delay (propagated)
                                  0.250000    0.250000   clock uncertainty
                                  0.000000    0.250000   clock reconvergence pessimism
                                 -4.000000   -3.750000   output external delay
                                             -3.750000   data required time
---------------------------------------------------------------------------------------------
                                             -3.750000   data required time
                                             -0.802005   data arrival time
---------------------------------------------------------------------------------------------
                                              4.552005   slack (MET)


Startpoint: _1583_ (rising edge-triggered flip-flop clocked by clk)
Endpoint: uo_out[7] (output port clocked by clk)
Path Group: clk
Path Type: min

Fanout         Cap        Slew       Delay        Time   Description
---------------------------------------------------------------------------------------------
                                  0.000000    0.000000   clock clk (rise edge)
                                  0.000000    0.000000   clock source latency
     1    0.021561    0.102711    0.071098    0.071098 ^ clk (in)
                                                         clk (net)
                      0.102734    0.000000    0.071098 ^ clkbuf_0_clk/A (sky130_fd_sc_hd__clkbuf_16)
     8    0.086373    0.103479    0.194327    0.265425 ^ clkbuf_0_clk/X (sky130_fd_sc_hd__clkbuf_16)
                                                         clknet_0_clk (net)
                      0.103974    0.005760    0.271185 ^ clkbuf_3_5__f_clk/A (sky130_fd_sc_hd__clkbuf_16)
     8    0.030700    0.051621    0.156320    0.427505 ^ clkbuf_3_5__f_clk/X (sky130_fd_sc_hd__clkbuf_16)
                                                         clknet_3_5__leaf_clk (net)
                      0.051632    0.001410    0.428915 ^ _1583_/CLK (sky130_fd_sc_hd__dfxtp_2)
     1    0.035448    0.090245    0.372387    0.801301 v _1583_/Q (sky130_fd_sc_hd__dfxtp_2)
                                                         uo_out[7] (net)
                      0.090303    0.002086    0.803387 v uo_out[7] (out)
                                              0.803387   data arrival time

                                  0.000000    0.000000   clock clk (rise edge)
                                  0.000000    0.000000   clock network delay (propagated)
                                  0.250000    0.250000   clock uncertainty
                                  0.000000    0.250000   clock reconvergence pessimism
                                 -4.000000   -3.750000   output external delay
                                             -3.750000   data required time
---------------------------------------------------------------------------------------------
                                             -3.750000   data required time
                                             -0.803387   data arrival time
---------------------------------------------------------------------------------------------
                                              4.553387   slack (MET)


Startpoint: _1576_ (rising edge-triggered flip-flop clocked by clk)
Endpoint: uo_out[0] (output port clocked by clk)
Path Group: clk
Path Type: min

Fanout         Cap        Slew       Delay        Time   Description
---------------------------------------------------------------------------------------------
                                  0.000000    0.000000   clock clk (rise edge)
                                  0.000000    0.000000   clock source latency
     1    0.021561    0.102711    0.071098    0.071098 ^ clk (in)
                                                         clk (net)
                      0.102734    0.000000    0.071098 ^ clkbuf_0_clk/A (sky130_fd_sc_hd__clkbuf_16)
     8    0.086373    0.103479    0.194327    0.265425 ^ clkbuf_0_clk/X (sky130_fd_sc_hd__clkbuf_16)
                                                         clknet_0_clk (net)
                      0.103974    0.005760    0.271185 ^ clkbuf_3_5__f_clk/A (sky130_fd_sc_hd__clkbuf_16)
     8    0.030700    0.051621    0.156320    0.427505 ^ clkbuf_3_5__f_clk/X (sky130_fd_sc_hd__clkbuf_16)
                                                         clknet_3_5__leaf_clk (net)
                      0.051632    0.001412    0.428916 ^ _1576_/CLK (sky130_fd_sc_hd__dfxtp_2)
     1    0.035587    0.090158    0.372719    0.801636 v _1576_/Q (sky130_fd_sc_hd__dfxtp_2)
                                                         uo_out[0] (net)
                      0.090212    0.002024    0.803660 v uo_out[0] (out)
                                              0.803660   data arrival time

                                  0.000000    0.000000   clock clk (rise edge)
                                  0.000000    0.000000   clock network delay (propagated)
                                  0.250000    0.250000   clock uncertainty
                                  0.000000    0.250000   clock reconvergence pessimism
                                 -4.000000   -3.750000   output external delay
                                             -3.750000   data required time
---------------------------------------------------------------------------------------------
                                             -3.750000   data required time
                                             -0.803660   data arrival time
---------------------------------------------------------------------------------------------
                                              4.553660   slack (MET)


Startpoint: _1582_ (rising edge-triggered flip-flop clocked by clk)
Endpoint: uo_out[6] (output port clocked by clk)
Path Group: clk
Path Type: min

Fanout         Cap        Slew       Delay        Time   Description
---------------------------------------------------------------------------------------------
                                  0.000000    0.000000   clock clk (rise edge)
                                  0.000000    0.000000   clock source latency
     1    0.021561    0.102711    0.071098    0.071098 ^ clk (in)
                                                         clk (net)
                      0.102734    0.000000    0.071098 ^ clkbuf_0_clk/A (sky130_fd_sc_hd__clkbuf_16)
     8    0.086373    0.103479    0.194327    0.265425 ^ clkbuf_0_clk/X (sky130_fd_sc_hd__clkbuf_16)
                                                         clknet_0_clk (net)
                      0.104003    0.005923    0.271348 ^ clkbuf_3_3__f_clk/A (sky130_fd_sc_hd__clkbuf_16)
     8    0.032521    0.053149    0.157302    0.428651 ^ clkbuf_3_3__f_clk/X (sky130_fd_sc_hd__clkbuf_16)
                                                         clknet_3_3__leaf_clk (net)
                      0.053274    0.002393    0.431044 ^ _1582_/CLK (sky130_fd_sc_hd__dfxtp_2)
     1    0.035592    0.090153    0.373349    0.804392 v _1582_/Q (sky130_fd_sc_hd__dfxtp_2)
                                                         uo_out[6] (net)
                      0.090207    0.002009    0.806402 v uo_out[6] (out)
                                              0.806402   data arrival time

                                  0.000000    0.000000   clock clk (rise edge)
                                  0.000000    0.000000   clock network delay (propagated)
                                  0.250000    0.250000   clock uncertainty
                                  0.000000    0.250000   clock reconvergence pessimism
                                 -4.000000   -3.750000   output external delay
                                             -3.750000   data required time
---------------------------------------------------------------------------------------------
                                             -3.750000   data required time
                                             -0.806402   data arrival time
---------------------------------------------------------------------------------------------
                                              4.556402   slack (MET)


Startpoint: _1577_ (rising edge-triggered flip-flop clocked by clk)
Endpoint: uo_out[1] (output port clocked by clk)
Path Group: clk
Path Type: min

Fanout         Cap        Slew       Delay        Time   Description
---------------------------------------------------------------------------------------------
                                  0.000000    0.000000   clock clk (rise edge)
                                  0.000000    0.000000   clock source latency
     1    0.021561    0.102711    0.071098    0.071098 ^ clk (in)
                                                         clk (net)
                      0.102734    0.000000    0.071098 ^ clkbuf_0_clk/A (sky130_fd_sc_hd__clkbuf_16)
     8    0.086373    0.103479    0.194327    0.265425 ^ clkbuf_0_clk/X (sky130_fd_sc_hd__clkbuf_16)
                                                         clknet_0_clk (net)
                      0.103777    0.004508    0.269933 ^ clkbuf_3_4__f_clk/A (sky130_fd_sc_hd__clkbuf_16)
     8    0.034323    0.054640    0.158363    0.428296 ^ clkbuf_3_4__f_clk/X (sky130_fd_sc_hd__clkbuf_16)
                                                         clknet_3_4__leaf_clk (net)
                      0.055034    0.003328    0.431624 ^ _1577_/CLK (sky130_fd_sc_hd__dfxtp_2)
     1    0.035492    0.090223    0.373703    0.805327 v _1577_/Q (sky130_fd_sc_hd__dfxtp_2)
                                                         uo_out[1] (net)
                      0.090284    0.002127    0.807455 v uo_out[1] (out)
                                              0.807455   data arrival time

                                  0.000000    0.000000   clock clk (rise edge)
                                  0.000000    0.000000   clock network delay (propagated)
                                  0.250000    0.250000   clock uncertainty
                                  0.000000    0.250000   clock reconvergence pessimism
                                 -4.000000   -3.750000   output external delay
                                             -3.750000   data required time
---------------------------------------------------------------------------------------------
                                             -3.750000   data required time
                                             -0.807455   data arrival time
---------------------------------------------------------------------------------------------
                                              4.557455   slack (MET)


Startpoint: _1581_ (rising edge-triggered flip-flop clocked by clk)
Endpoint: uo_out[5] (output port clocked by clk)
Path Group: clk
Path Type: min

Fanout         Cap        Slew       Delay        Time   Description
---------------------------------------------------------------------------------------------
                                  0.000000    0.000000   clock clk (rise edge)
                                  0.000000    0.000000   clock source latency
     1    0.021561    0.102711    0.071098    0.071098 ^ clk (in)
                                                         clk (net)
                      0.102734    0.000000    0.071098 ^ clkbuf_0_clk/A (sky130_fd_sc_hd__clkbuf_16)
     8    0.086373    0.103479    0.194327    0.265425 ^ clkbuf_0_clk/X (sky130_fd_sc_hd__clkbuf_16)
                                                         clknet_0_clk (net)
                      0.103777    0.004508    0.269933 ^ clkbuf_3_4__f_clk/A (sky130_fd_sc_hd__clkbuf_16)
     8    0.034323    0.054640    0.158363    0.428296 ^ clkbuf_3_4__f_clk/X (sky130_fd_sc_hd__clkbuf_16)
                                                         clknet_3_4__leaf_clk (net)
                      0.055023    0.003260    0.431555 ^ _1581_/CLK (sky130_fd_sc_hd__dfxtp_2)
     1    0.035733    0.090099    0.374246    0.805801 v _1581_/Q (sky130_fd_sc_hd__dfxtp_2)
                                                         uo_out[5] (net)
                      0.090153    0.002016    0.807817 v uo_out[5] (out)
                                              0.807817   data arrival time

                                  0.000000    0.000000   clock clk (rise edge)
                                  0.000000    0.000000   clock network delay (propagated)
                                  0.250000    0.250000   clock uncertainty
                                  0.000000    0.250000   clock reconvergence pessimism
                                 -4.000000   -3.750000   output external delay
                                             -3.750000   data required time
---------------------------------------------------------------------------------------------
                                             -3.750000   data required time
                                             -0.807817   data arrival time
---------------------------------------------------------------------------------------------
                                              4.557817   slack (MET)


Startpoint: _1578_ (rising edge-triggered flip-flop clocked by clk)
Endpoint: uo_out[2] (output port clocked by clk)
Path Group: clk
Path Type: min

Fanout         Cap        Slew       Delay        Time   Description
---------------------------------------------------------------------------------------------
                                  0.000000    0.000000   clock clk (rise edge)
                                  0.000000    0.000000   clock source latency
     1    0.021561    0.102711    0.071098    0.071098 ^ clk (in)
                                                         clk (net)
                      0.102734    0.000000    0.071098 ^ clkbuf_0_clk/A (sky130_fd_sc_hd__clkbuf_16)
     8    0.086373    0.103479    0.194327    0.265425 ^ clkbuf_0_clk/X (sky130_fd_sc_hd__clkbuf_16)
                                                         clknet_0_clk (net)
                      0.103777    0.004508    0.269933 ^ clkbuf_3_4__f_clk/A (sky130_fd_sc_hd__clkbuf_16)
     8    0.034323    0.054640    0.158363    0.428296 ^ clkbuf_3_4__f_clk/X (sky130_fd_sc_hd__clkbuf_16)
                                                         clknet_3_4__leaf_clk (net)
                      0.055038    0.003357    0.431653 ^ _1578_/CLK (sky130_fd_sc_hd__dfxtp_2)
     1    0.036133    0.090739    0.375020    0.806672 v _1578_/Q (sky130_fd_sc_hd__dfxtp_2)
                                                         uo_out[2] (net)
                      0.090792    0.002018    0.808690 v uo_out[2] (out)
                                              0.808690   data arrival time

                                  0.000000    0.000000   clock clk (rise edge)
                                  0.000000    0.000000   clock network delay (propagated)
                                  0.250000    0.250000   clock uncertainty
                                  0.000000    0.250000   clock reconvergence pessimism
                                 -4.000000   -3.750000   output external delay
                                             -3.750000   data required time
---------------------------------------------------------------------------------------------
                                             -3.750000   data required time
                                             -0.808690   data arrival time
---------------------------------------------------------------------------------------------
                                              4.558690   slack (MET)


Startpoint: _1580_ (rising edge-triggered flip-flop clocked by clk)
Endpoint: uo_out[4] (output port clocked by clk)
Path Group: clk
Path Type: min

Fanout         Cap        Slew       Delay        Time   Description
---------------------------------------------------------------------------------------------
                                  0.000000    0.000000   clock clk (rise edge)
                                  0.000000    0.000000   clock source latency
     1    0.021561    0.102711    0.071098    0.071098 ^ clk (in)
                                                         clk (net)
                      0.102734    0.000000    0.071098 ^ clkbuf_0_clk/A (sky130_fd_sc_hd__clkbuf_16)
     8    0.086373    0.103479    0.194327    0.265425 ^ clkbuf_0_clk/X (sky130_fd_sc_hd__clkbuf_16)
                                                         clknet_0_clk (net)
                      0.104003    0.005923    0.271348 ^ clkbuf_3_3__f_clk/A (sky130_fd_sc_hd__clkbuf_16)
     8    0.032521    0.053149    0.157302    0.428651 ^ clkbuf_3_3__f_clk/X (sky130_fd_sc_hd__clkbuf_16)
                                                         clknet_3_3__leaf_clk (net)
                      0.053267    0.002337    0.430987 ^ _1580_/CLK (sky130_fd_sc_hd__dfxtp_2)
     1    0.037800    0.094275    0.376791    0.807778 v _1580_/Q (sky130_fd_sc_hd__dfxtp_2)
                                                         uo_out[4] (net)
                      0.094371    0.002710    0.810488 v uo_out[4] (out)
                                              0.810488   data arrival time

                                  0.000000    0.000000   clock clk (rise edge)
                                  0.000000    0.000000   clock network delay (propagated)
                                  0.250000    0.250000   clock uncertainty
                                  0.000000    0.250000   clock reconvergence pessimism
                                 -4.000000   -3.750000   output external delay
                                             -3.750000   data required time
---------------------------------------------------------------------------------------------
                                             -3.750000   data required time
                                             -0.810488   data arrival time
---------------------------------------------------------------------------------------------
                                              4.560488   slack (MET)


Startpoint: _1575_ (rising edge-triggered flip-flop clocked by clk)
Endpoint: uio_out[5] (output port clocked by clk)
Path Group: clk
Path Type: min

Fanout         Cap        Slew       Delay        Time   Description
---------------------------------------------------------------------------------------------
                                  0.000000    0.000000   clock clk (rise edge)
                                  0.000000    0.000000   clock source latency
     1    0.021561    0.102711    0.071098    0.071098 ^ clk (in)
                                                         clk (net)
                      0.102734    0.000000    0.071098 ^ clkbuf_0_clk/A (sky130_fd_sc_hd__clkbuf_16)
     8    0.086373    0.103479    0.194327    0.265425 ^ clkbuf_0_clk/X (sky130_fd_sc_hd__clkbuf_16)
                                                         clknet_0_clk (net)
                      0.103964    0.005702    0.271128 ^ clkbuf_3_1__f_clk/A (sky130_fd_sc_hd__clkbuf_16)
     8    0.024574    0.045977    0.150956    0.422084 ^ clkbuf_3_1__f_clk/X (sky130_fd_sc_hd__clkbuf_16)
                                                         clknet_3_1__leaf_clk (net)
                      0.046028    0.001300    0.423384 ^ _1575_/CLK (sky130_fd_sc_hd__dfxtp_2)
     2    0.013568    0.045357    0.330139    0.753523 v _1575_/Q (sky130_fd_sc_hd__dfxtp_2)
                                                         ovf (net)
                      0.045362    0.000979    0.754502 v _1652_/A (sky130_fd_sc_hd__buf_2)
     1    0.034772    0.090666    0.180207    0.934709 v _1652_/X (sky130_fd_sc_hd__buf_2)
                                                         uio_out[5] (net)
                      0.090722    0.002035    0.936744 v uio_out[5] (out)
                                              0.936744   data arrival time

                                  0.000000    0.000000   clock clk (rise edge)
                                  0.000000    0.000000   clock network delay (propagated)
                                  0.250000    0.250000   clock uncertainty
                                  0.000000    0.250000   clock reconvergence pessimism
                                 -4.000000   -3.750000   output external delay
                                             -3.750000   data required time
---------------------------------------------------------------------------------------------
                                             -3.750000   data required time
                                             -0.936744   data arrival time
---------------------------------------------------------------------------------------------
                                              4.686744   slack (MET)


Startpoint: _1574_ (rising edge-triggered flip-flop clocked by clk)
Endpoint: uio_out[4] (output port clocked by clk)
Path Group: clk
Path Type: min

Fanout         Cap        Slew       Delay        Time   Description
---------------------------------------------------------------------------------------------
                                  0.000000    0.000000   clock clk (rise edge)
                                  0.000000    0.000000   clock source latency
     1    0.021561    0.102711    0.071098    0.071098 ^ clk (in)
                                                         clk (net)
                      0.102734    0.000000    0.071098 ^ clkbuf_0_clk/A (sky130_fd_sc_hd__clkbuf_16)
     8    0.086373    0.103479    0.194327    0.265425 ^ clkbuf_0_clk/X (sky130_fd_sc_hd__clkbuf_16)
                                                         clknet_0_clk (net)
                      0.104003    0.005923    0.271348 ^ clkbuf_3_3__f_clk/A (sky130_fd_sc_hd__clkbuf_16)
     8    0.032521    0.053149    0.157302    0.428651 ^ clkbuf_3_3__f_clk/X (sky130_fd_sc_hd__clkbuf_16)
                                                         clknet_3_3__leaf_clk (net)
                      0.053242    0.002110    0.430761 ^ _1574_/CLK (sky130_fd_sc_hd__dfxtp_2)
     3    0.013525    0.045288    0.332677    0.763438 v _1574_/Q (sky130_fd_sc_hd__dfxtp_2)
                                                         busy (net)
                      0.045288    0.000384    0.763822 v _1651_/A (sky130_fd_sc_hd__buf_2)
     1    0.035571    0.092855    0.181591    0.945414 v _1651_/X (sky130_fd_sc_hd__buf_2)
                                                         uio_out[4] (net)
                      0.092907    0.001989    0.947403 v uio_out[4] (out)
                                              0.947403   data arrival time

                                  0.000000    0.000000   clock clk (rise edge)
                                  0.000000    0.000000   clock network delay (propagated)
                                  0.250000    0.250000   clock uncertainty
                                  0.000000    0.250000   clock reconvergence pessimism
                                 -4.000000   -3.750000   output external delay
                                             -3.750000   data required time
---------------------------------------------------------------------------------------------
                                             -3.750000   data required time
                                             -0.947403   data arrival time
---------------------------------------------------------------------------------------------
                                              4.697402   slack (MET)



