
===========================================================================
report_checks -path_delay max (Setup)
============================================================================
======================= min_tt_025C_1v80 Corner ===================================

Startpoint: _1595_ (rising edge-triggered flip-flop clocked by clk)
Endpoint: _1622_ (rising edge-triggered flip-flop clocked by clk)
Path Group: clk
Path Type: max

Fanout         Cap        Slew       Delay        Time   Description
---------------------------------------------------------------------------------------------
                                  0.000000    0.000000   clock clk (rise edge)
                                  0.000000    0.000000   clock source latency
     1    0.018955    0.091051    0.062520    0.062520 ^ clk (in)
                                                         clk (net)
                      0.091057    0.000000    0.062520 ^ clkbuf_0_clk/A (sky130_fd_sc_hd__clkbuf_16)
     8    0.082146    0.098721    0.189527    0.252047 ^ clkbuf_0_clk/X (sky130_fd_sc_hd__clkbuf_16)
                                                         clknet_0_clk (net)
                      0.098760    0.001849    0.253897 ^ clkbuf_3_6__f_clk/A (sky130_fd_sc_hd__clkbuf_16)
     8    0.023487    0.044949    0.148317    0.402213 ^ clkbuf_3_6__f_clk/X (sky130_fd_sc_hd__clkbuf_16)
                                                         clknet_3_6__leaf_clk (net)
                      0.044953    0.000457    0.402670 ^ _1595_/CLK (sky130_fd_sc_hd__dfxtp_2)
     1    0.002450    0.021901    0.300485    0.703155 v _1595_/Q (sky130_fd_sc_hd__dfxtp_2)
                                                         u_dp.b_q[3] (net)
                      0.021901    0.000022    0.703177 v fanout51/A (sky130_fd_sc_hd__clkdlybuf4s25_1)
     7    0.046540    0.342846    0.468758    1.171935 v fanout51/X (sky130_fd_sc_hd__clkdlybuf4s25_1)
                                                         net51 (net)
                      0.342846    0.000949    1.172884 v fanout50/A (sky130_fd_sc_hd__clkdlybuf4s25_1)
    10    0.042206    0.311799    0.557969    1.730853 v fanout50/X (sky130_fd_sc_hd__clkdlybuf4s25_1)
                                                         net50 (net)
                      0.311800    0.001238    1.732091 v _0808_/B (sky130_fd_sc_hd__and3_2)
     3    0.009012    0.052593    0.333612    2.065703 v _0808_/X (sky130_fd_sc_hd__and3_2)
                                                         _0078_ (net)
                      0.052593    0.000099    2.065802 v _0811_/A (sky130_fd_sc_hd__or3_2)
     2    0.003919    0.080563    0.474799    2.540601 v _0811_/X (sky130_fd_sc_hd__or3_2)
                                                         _0081_ (net)
                      0.080563    0.000030    2.540632 v _0812_/B (sky130_fd_sc_hd__and2b_2)
     1    0.003679    0.037960    0.204585    2.745217 v _0812_/X (sky130_fd_sc_hd__and2b_2)
                                                         _0082_ (net)
                      0.037960    0.000059    2.745275 v fanout22/A (sky130_fd_sc_hd__clkdlybuf4s25_1)
     9    0.061844    0.451877    0.555964    3.301240 v fanout22/X (sky130_fd_sc_hd__clkdlybuf4s25_1)
                                                         net22 (net)
                      0.451886    0.002450    3.303689 v fanout21/A (sky130_fd_sc_hd__clkdlybuf4s25_1)
     7    0.052465    0.384849    0.636035    3.939724 v fanout21/X (sky130_fd_sc_hd__clkdlybuf4s25_1)
                                                         net21 (net)
                      0.384861    0.002406    3.942130 v fanout20/A (sky130_fd_sc_hd__clkdlybuf4s25_1)
    10    0.068156    0.496673    0.704197    4.646327 v fanout20/X (sky130_fd_sc_hd__clkdlybuf4s25_1)
                                                         net20 (net)
                      0.496674    0.001513    4.647840 v _0890_/A (sky130_fd_sc_hd__xor2_2)
     2    0.006906    0.126227    0.319156    4.966996 v _0890_/X (sky130_fd_sc_hd__xor2_2)
                                                         _0160_ (net)
                      0.126227    0.000042    4.967038 v _0893_/B (sky130_fd_sc_hd__or2_2)
     1    0.001816    0.050484    0.290744    5.257782 v _0893_/X (sky130_fd_sc_hd__or2_2)
                                                         _0163_ (net)
                      0.050484    0.000016    5.257798 v _0894_/B (sky130_fd_sc_hd__and2_2)
     3    0.020157    0.073057    0.233725    5.491523 v _0894_/X (sky130_fd_sc_hd__and2_2)
                                                         _0164_ (net)
                      0.073057    0.000123    5.491646 v _0895_/B (sky130_fd_sc_hd__nor2_2)
     2    0.015438    0.186319    0.175002    5.666648 ^ _0895_/Y (sky130_fd_sc_hd__nor2_2)
                                                         _0165_ (net)
                      0.186319    0.000033    5.666681 ^ _0896_/B (sky130_fd_sc_hd__xor2_2)
     2    0.013861    0.206131    0.229047    5.895728 ^ _0896_/X (sky130_fd_sc_hd__xor2_2)
                                                         _0166_ (net)
                      0.206131    0.000136    5.895864 ^ _0901_/B (sky130_fd_sc_hd__xnor2_2)
     2    0.006413    0.068260    0.092094    5.987958 v _0901_/Y (sky130_fd_sc_hd__xnor2_2)
                                                         _0171_ (net)
                      0.068260    0.000036    5.987995 v _0983_/A (sky130_fd_sc_hd__and2_2)
     1    0.004848    0.041814    0.180577    6.168571 v _0983_/X (sky130_fd_sc_hd__and2_2)
                                                         _0253_ (net)
                      0.041814    0.000051    6.168622 v _0984_/B (sky130_fd_sc_hd__nor2_2)
     2    0.015508    0.187015    0.163848    6.332471 ^ _0984_/Y (sky130_fd_sc_hd__nor2_2)
                                                         _0254_ (net)
                      0.187015    0.000219    6.332690 ^ _0985_/B (sky130_fd_sc_hd__xor2_2)
     2    0.014977    0.218094    0.238066    6.570755 ^ _0985_/X (sky130_fd_sc_hd__xor2_2)
                                                         _0255_ (net)
                      0.218094    0.000116    6.570871 ^ _0992_/A (sky130_fd_sc_hd__nand2_2)
     2    0.004782    0.059682    0.072281    6.643152 v _0992_/Y (sky130_fd_sc_hd__nand2_2)
                                                         _0262_ (net)
                      0.059682    0.000040    6.643192 v _0994_/A_N (sky130_fd_sc_hd__nand2b_2)
     1    0.002690    0.039715    0.170159    6.813351 v _0994_/Y (sky130_fd_sc_hd__nand2b_2)
                                                         _0264_ (net)
                      0.039715    0.000025    6.813376 v _1388_/A1 (sky130_fd_sc_hd__o221a_2)
     4    0.016932    0.079255    0.324374    7.137750 v _1388_/X (sky130_fd_sc_hd__o221a_2)
                                                         _0658_ (net)
                      0.079256    0.000476    7.138226 v _1393_/A2 (sky130_fd_sc_hd__o31ai_2)
     3    0.010917    0.292757    0.315608    7.453833 ^ _1393_/Y (sky130_fd_sc_hd__o31ai_2)
                                                         _0663_ (net)
                      0.292757    0.000209    7.454042 ^ _1394_/B (sky130_fd_sc_hd__nand2_2)
     2    0.007967    0.070934    0.104277    7.558320 v _1394_/Y (sky130_fd_sc_hd__nand2_2)
                                                         _0664_ (net)
                      0.070934    0.000091    7.558410 v _1405_/A2 (sky130_fd_sc_hd__o211ai_2)
     5    0.029476    0.378108    0.338733    7.897143 ^ _1405_/Y (sky130_fd_sc_hd__o211ai_2)
                                                         _0675_ (net)
                      0.378109    0.000386    7.897529 ^ _1473_/A1 (sky130_fd_sc_hd__a21bo_2)
     1    0.004084    0.042763    0.197734    8.095263 ^ _1473_/X (sky130_fd_sc_hd__a21bo_2)
                                                         _0718_ (net)
                      0.042763    0.000045    8.095308 ^ fanout16/A (sky130_fd_sc_hd__clkdlybuf4s25_1)
     5    0.025727    0.262947    0.400127    8.495436 ^ fanout16/X (sky130_fd_sc_hd__clkdlybuf4s25_1)
                                                         net16 (net)
                      0.262947    0.000120    8.495556 ^ fanout14/A (sky130_fd_sc_hd__clkdlybuf4s25_1)
    10    0.043066    0.431858    0.579968    9.075523 ^ fanout14/X (sky130_fd_sc_hd__clkdlybuf4s25_1)
                                                         net14 (net)
                      0.431858    0.000470    9.075994 ^ _1558_/B1 (sky130_fd_sc_hd__a31o_2)
     1    0.003853    0.048237    0.175244    9.251237 ^ _1558_/X (sky130_fd_sc_hd__a31o_2)
                                                         _0781_ (net)
                      0.048237    0.000053    9.251290 ^ _1559_/C1 (sky130_fd_sc_hd__o211a_2)
     1    0.001996    0.040408    0.148008    9.399299 ^ _1559_/X (sky130_fd_sc_hd__o211a_2)
                                                         _0050_ (net)
                      0.040408    0.000010    9.399308 ^ _1622_/D (sky130_fd_sc_hd__dfxtp_2)
                                              9.399308   data arrival time

                                 20.000000   20.000000   clock clk (rise edge)
                                  0.000000   20.000000   clock source latency
     1    0.018955    0.091051    0.062521   20.062521 ^ clk (in)
                                                         clk (net)
                      0.091057    0.000000   20.062521 ^ clkbuf_0_clk/A (sky130_fd_sc_hd__clkbuf_16)
     8    0.082146    0.098721    0.189527   20.252048 ^ clkbuf_0_clk/X (sky130_fd_sc_hd__clkbuf_16)
                                                         clknet_0_clk (net)
                      0.098751    0.001663   20.253710 ^ clkbuf_3_0__f_clk/A (sky130_fd_sc_hd__clkbuf_16)
     8    0.023126    0.044619    0.148093   20.401804 ^ clkbuf_3_0__f_clk/X (sky130_fd_sc_hd__clkbuf_16)
                                                         clknet_3_0__leaf_clk (net)
                      0.044619    0.000181   20.401985 ^ _1622_/CLK (sky130_fd_sc_hd__dfxtp_2)
                                 -0.250000   20.151985   clock uncertainty
                                  0.000000   20.151985   clock reconvergence pessimism
                                 -0.057836   20.094149   library setup time
                                             20.094149   data required time
---------------------------------------------------------------------------------------------
                                             20.094149   data required time
                                             -9.399308   data arrival time
---------------------------------------------------------------------------------------------
                                             10.694840   slack (MET)


Startpoint: _1595_ (rising edge-triggered flip-flop clocked by clk)
Endpoint: _1620_ (rising edge-triggered flip-flop clocked by clk)
Path Group: clk
Path Type: max

Fanout         Cap        Slew       Delay        Time   Description
---------------------------------------------------------------------------------------------
                                  0.000000    0.000000   clock clk (rise edge)
                                  0.000000    0.000000   clock source latency
     1    0.018955    0.091051    0.062520    0.062520 ^ clk (in)
                                                         clk (net)
                      0.091057    0.000000    0.062520 ^ clkbuf_0_clk/A (sky130_fd_sc_hd__clkbuf_16)
     8    0.082146    0.098721    0.189527    0.252047 ^ clkbuf_0_clk/X (sky130_fd_sc_hd__clkbuf_16)
                                                         clknet_0_clk (net)
                      0.098760    0.001849    0.253897 ^ clkbuf_3_6__f_clk/A (sky130_fd_sc_hd__clkbuf_16)
     8    0.023487    0.044949    0.148317    0.402213 ^ clkbuf_3_6__f_clk/X (sky130_fd_sc_hd__clkbuf_16)
                                                         clknet_3_6__leaf_clk (net)
                      0.044953    0.000457    0.402670 ^ _1595_/CLK (sky130_fd_sc_hd__dfxtp_2)
     1    0.002450    0.021901    0.300485    0.703155 v _1595_/Q (sky130_fd_sc_hd__dfxtp_2)
                                                         u_dp.b_q[3] (net)
                      0.021901    0.000022    0.703177 v fanout51/A (sky130_fd_sc_hd__clkdlybuf4s25_1)
     7    0.046540    0.342846    0.468758    1.171935 v fanout51/X (sky130_fd_sc_hd__clkdlybuf4s25_1)
                                                         net51 (net)
                      0.342846    0.000949    1.172884 v fanout50/A (sky130_fd_sc_hd__clkdlybuf4s25_1)
    10    0.042206    0.311799    0.557969    1.730853 v fanout50/X (sky130_fd_sc_hd__clkdlybuf4s25_1)
                                                         net50 (net)
                      0.311800    0.001238    1.732091 v _0808_/B (sky130_fd_sc_hd__and3_2)
     3    0.009012    0.052593    0.333612    2.065703 v _0808_/X (sky130_fd_sc_hd__and3_2)
                                                         _0078_ (net)
                      0.052593    0.000099    2.065802 v _0811_/A (sky130_fd_sc_hd__or3_2)
     2    0.003919    0.080563    0.474799    2.540601 v _0811_/X (sky130_fd_sc_hd__or3_2)
                                                         _0081_ (net)
                      0.080563    0.000030    2.540632 v _0812_/B (sky130_fd_sc_hd__and2b_2)
     1    0.003679    0.037960    0.204585    2.745217 v _0812_/X (sky130_fd_sc_hd__and2b_2)
                                                         _0082_ (net)
                      0.037960    0.000059    2.745275 v fanout22/A (sky130_fd_sc_hd__clkdlybuf4s25_1)
     9    0.061844    0.451877    0.555964    3.301240 v fanout22/X (sky130_fd_sc_hd__clkdlybuf4s25_1)
                                                         net22 (net)
                      0.451886    0.002450    3.303689 v fanout21/A (sky130_fd_sc_hd__clkdlybuf4s25_1)
     7    0.052465    0.384849    0.636035    3.939724 v fanout21/X (sky130_fd_sc_hd__clkdlybuf4s25_1)
                                                         net21 (net)
                      0.384861    0.002406    3.942130 v fanout20/A (sky130_fd_sc_hd__clkdlybuf4s25_1)
    10    0.068156    0.496673    0.704197    4.646327 v fanout20/X (sky130_fd_sc_hd__clkdlybuf4s25_1)
                                                         net20 (net)
                      0.496674    0.001513    4.647840 v _0890_/A (sky130_fd_sc_hd__xor2_2)
     2    0.006906    0.126227    0.319156    4.966996 v _0890_/X (sky130_fd_sc_hd__xor2_2)
                                                         _0160_ (net)
                      0.126227    0.000042    4.967038 v _0893_/B (sky130_fd_sc_hd__or2_2)
     1    0.001816    0.050484    0.290744    5.257782 v _0893_/X (sky130_fd_sc_hd__or2_2)
                                                         _0163_ (net)
                      0.050484    0.000016    5.257798 v _0894_/B (sky130_fd_sc_hd__and2_2)
     3    0.020157    0.073057    0.233725    5.491523 v _0894_/X (sky130_fd_sc_hd__and2_2)
                                                         _0164_ (net)
                      0.073057    0.000123    5.491646 v _0895_/B (sky130_fd_sc_hd__nor2_2)
     2    0.015438    0.186319    0.175002    5.666648 ^ _0895_/Y (sky130_fd_sc_hd__nor2_2)
                                                         _0165_ (net)
                      0.186319    0.000033    5.666681 ^ _0896_/B (sky130_fd_sc_hd__xor2_2)
     2    0.013861    0.206131    0.229047    5.895728 ^ _0896_/X (sky130_fd_sc_hd__xor2_2)
                                                         _0166_ (net)
                      0.206131    0.000136    5.895864 ^ _0901_/B (sky130_fd_sc_hd__xnor2_2)
     2    0.006413    0.068260    0.092094    5.987958 v _0901_/Y (sky130_fd_sc_hd__xnor2_2)
                                                         _0171_ (net)
                      0.068260    0.000036    5.987995 v _0983_/A (sky130_fd_sc_hd__and2_2)
     1    0.004848    0.041814    0.180577    6.168571 v _0983_/X (sky130_fd_sc_hd__and2_2)
                                                         _0253_ (net)
                      0.041814    0.000051    6.168622 v _0984_/B (sky130_fd_sc_hd__nor2_2)
     2    0.015508    0.187015    0.163848    6.332471 ^ _0984_/Y (sky130_fd_sc_hd__nor2_2)
                                                         _0254_ (net)
                      0.187015    0.000219    6.332690 ^ _0985_/B (sky130_fd_sc_hd__xor2_2)
     2    0.014977    0.218094    0.238066    6.570755 ^ _0985_/X (sky130_fd_sc_hd__xor2_2)
                                                         _0255_ (net)
                      0.218094    0.000116    6.570871 ^ _0992_/A (sky130_fd_sc_hd__nand2_2)
     2    0.004782    0.059682    0.072281    6.643152 v _0992_/Y (sky130_fd_sc_hd__nand2_2)
                                                         _0262_ (net)
                      0.059682    0.000040    6.643192 v _0994_/A_N (sky130_fd_sc_hd__nand2b_2)
     1    0.002690    0.039715    0.170159    6.813351 v _0994_/Y (sky130_fd_sc_hd__nand2b_2)
                                                         _0264_ (net)
                      0.039715    0.000025    6.813376 v _1388_/A1 (sky130_fd_sc_hd__o221a_2)
     4    0.016932    0.079255    0.324374    7.137750 v _1388_/X (sky130_fd_sc_hd__o221a_2)
                                                         _0658_ (net)
                      0.079256    0.000476    7.138226 v _1393_/A2 (sky130_fd_sc_hd__o31ai_2)
     3    0.010917    0.292757    0.315608    7.453833 ^ _1393_/Y (sky130_fd_sc_hd__o31ai_2)
                                                         _0663_ (net)
                      0.292757    0.000209    7.454042 ^ _1394_/B (sky130_fd_sc_hd__nand2_2)
     2    0.007967    0.070934    0.104277    7.558320 v _1394_/Y (sky130_fd_sc_hd__nand2_2)
                                                         _0664_ (net)
                      0.070934    0.000091    7.558410 v _1405_/A2 (sky130_fd_sc_hd__o211ai_2)
     5    0.029476    0.378108    0.338733    7.897143 ^ _1405_/Y (sky130_fd_sc_hd__o211ai_2)
                                                         _0675_ (net)
                      0.378109    0.000386    7.897529 ^ _1473_/A1 (sky130_fd_sc_hd__a21bo_2)
     1    0.004084    0.042763    0.197734    8.095263 ^ _1473_/X (sky130_fd_sc_hd__a21bo_2)
                                                         _0718_ (net)
                      0.042763    0.000045    8.095308 ^ fanout16/A (sky130_fd_sc_hd__clkdlybuf4s25_1)
     5    0.025727    0.262947    0.400127    8.495436 ^ fanout16/X (sky130_fd_sc_hd__clkdlybuf4s25_1)
                                                         net16 (net)
                      0.262947    0.000120    8.495556 ^ fanout14/A (sky130_fd_sc_hd__clkdlybuf4s25_1)
    10    0.043066    0.431858    0.579968    9.075523 ^ fanout14/X (sky130_fd_sc_hd__clkdlybuf4s25_1)
                                                         net14 (net)
                      0.431858    0.000631    9.076156 ^ _1551_/B1 (sky130_fd_sc_hd__a31o_2)
     1    0.002894    0.044261    0.169049    9.245204 ^ _1551_/X (sky130_fd_sc_hd__a31o_2)
                                                         _0776_ (net)
                      0.044261    0.000028    9.245232 ^ _1552_/C1 (sky130_fd_sc_hd__o211a_2)
     1    0.002682    0.043630    0.151017    9.396249 ^ _1552_/X (sky130_fd_sc_hd__o211a_2)
                                                         _0048_ (net)
                      0.043630    0.000030    9.396278 ^ _1620_/D (sky130_fd_sc_hd__dfxtp_2)
                                              9.396278   data arrival time

                                 20.000000   20.000000   clock clk (rise edge)
                                  0.000000   20.000000   clock source latency
     1    0.018955    0.091051    0.062521   20.062521 ^ clk (in)
                                                         clk (net)
                      0.091057    0.000000   20.062521 ^ clkbuf_0_clk/A (sky130_fd_sc_hd__clkbuf_16)
     8    0.082146    0.098721    0.189527   20.252048 ^ clkbuf_0_clk/X (sky130_fd_sc_hd__clkbuf_16)
                                                         clknet_0_clk (net)
                      0.098751    0.001663   20.253710 ^ clkbuf_3_0__f_clk/A (sky130_fd_sc_hd__clkbuf_16)
     8    0.023126    0.044619    0.148093   20.401804 ^ clkbuf_3_0__f_clk/X (sky130_fd_sc_hd__clkbuf_16)
                                                         clknet_3_0__leaf_clk (net)
                      0.044623    0.000401   20.402205 ^ _1620_/CLK (sky130_fd_sc_hd__dfxtp_2)
                                 -0.250000   20.152206   clock uncertainty
                                  0.000000   20.152206   clock reconvergence pessimism
                                 -0.058595   20.093611   library setup time
                                             20.093611   data required time
---------------------------------------------------------------------------------------------
                                             20.093611   data required time
                                             -9.396278   data arrival time
---------------------------------------------------------------------------------------------
                                             10.697332   slack (MET)


Startpoint: _1595_ (rising edge-triggered flip-flop clocked by clk)
Endpoint: _1618_ (rising edge-triggered flip-flop clocked by clk)
Path Group: clk
Path Type: max

Fanout         Cap        Slew       Delay        Time   Description
---------------------------------------------------------------------------------------------
                                  0.000000    0.000000   clock clk (rise edge)
                                  0.000000    0.000000   clock source latency
     1    0.018955    0.091051    0.062520    0.062520 ^ clk (in)
                                                         clk (net)
                      0.091057    0.000000    0.062520 ^ clkbuf_0_clk/A (sky130_fd_sc_hd__clkbuf_16)
     8    0.082146    0.098721    0.189527    0.252047 ^ clkbuf_0_clk/X (sky130_fd_sc_hd__clkbuf_16)
                                                         clknet_0_clk (net)
                      0.098760    0.001849    0.253897 ^ clkbuf_3_6__f_clk/A (sky130_fd_sc_hd__clkbuf_16)
     8    0.023487    0.044949    0.148317    0.402213 ^ clkbuf_3_6__f_clk/X (sky130_fd_sc_hd__clkbuf_16)
                                                         clknet_3_6__leaf_clk (net)
                      0.044953    0.000457    0.402670 ^ _1595_/CLK (sky130_fd_sc_hd__dfxtp_2)
     1    0.002450    0.021901    0.300485    0.703155 v _1595_/Q (sky130_fd_sc_hd__dfxtp_2)
                                                         u_dp.b_q[3] (net)
                      0.021901    0.000022    0.703177 v fanout51/A (sky130_fd_sc_hd__clkdlybuf4s25_1)
     7    0.046540    0.342846    0.468758    1.171935 v fanout51/X (sky130_fd_sc_hd__clkdlybuf4s25_1)
                                                         net51 (net)
                      0.342846    0.000949    1.172884 v fanout50/A (sky130_fd_sc_hd__clkdlybuf4s25_1)
    10    0.042206    0.311799    0.557969    1.730853 v fanout50/X (sky130_fd_sc_hd__clkdlybuf4s25_1)
                                                         net50 (net)
                      0.311800    0.001238    1.732091 v _0808_/B (sky130_fd_sc_hd__and3_2)
     3    0.009012    0.052593    0.333612    2.065703 v _0808_/X (sky130_fd_sc_hd__and3_2)
                                                         _0078_ (net)
                      0.052593    0.000099    2.065802 v _0811_/A (sky130_fd_sc_hd__or3_2)
     2    0.003919    0.080563    0.474799    2.540601 v _0811_/X (sky130_fd_sc_hd__or3_2)
                                                         _0081_ (net)
                      0.080563    0.000030    2.540632 v _0812_/B (sky130_fd_sc_hd__and2b_2)
     1    0.003679    0.037960    0.204585    2.745217 v _0812_/X (sky130_fd_sc_hd__and2b_2)
                                                         _0082_ (net)
                      0.037960    0.000059    2.745275 v fanout22/A (sky130_fd_sc_hd__clkdlybuf4s25_1)
     9    0.061844    0.451877    0.555964    3.301240 v fanout22/X (sky130_fd_sc_hd__clkdlybuf4s25_1)
                                                         net22 (net)
                      0.451886    0.002450    3.303689 v fanout21/A (sky130_fd_sc_hd__clkdlybuf4s25_1)
     7    0.052465    0.384849    0.636035    3.939724 v fanout21/X (sky130_fd_sc_hd__clkdlybuf4s25_1)
                                                         net21 (net)
                      0.384861    0.002406    3.942130 v fanout20/A (sky130_fd_sc_hd__clkdlybuf4s25_1)
    10    0.068156    0.496673    0.704197    4.646327 v fanout20/X (sky130_fd_sc_hd__clkdlybuf4s25_1)
                                                         net20 (net)
                      0.496674    0.001513    4.647840 v _0890_/A (sky130_fd_sc_hd__xor2_2)
     2    0.006906    0.126227    0.319156    4.966996 v _0890_/X (sky130_fd_sc_hd__xor2_2)
                                                         _0160_ (net)
                      0.126227    0.000042    4.967038 v _0893_/B (sky130_fd_sc_hd__or2_2)
     1    0.001816    0.050484    0.290744    5.257782 v _0893_/X (sky130_fd_sc_hd__or2_2)
                                                         _0163_ (net)
                      0.050484    0.000016    5.257798 v _0894_/B (sky130_fd_sc_hd__and2_2)
     3    0.020157    0.073057    0.233725    5.491523 v _0894_/X (sky130_fd_sc_hd__and2_2)
                                                         _0164_ (net)
                      0.073057    0.000123    5.491646 v _0895_/B (sky130_fd_sc_hd__nor2_2)
     2    0.015438    0.186319    0.175002    5.666648 ^ _0895_/Y (sky130_fd_sc_hd__nor2_2)
                                                         _0165_ (net)
                      0.186319    0.000033    5.666681 ^ _0896_/B (sky130_fd_sc_hd__xor2_2)
     2    0.013861    0.206131    0.229047    5.895728 ^ _0896_/X (sky130_fd_sc_hd__xor2_2)
                                                         _0166_ (net)
                      0.206131    0.000136    5.895864 ^ _0901_/B (sky130_fd_sc_hd__xnor2_2)
     2    0.006413    0.068260    0.092094    5.987958 v _0901_/Y (sky130_fd_sc_hd__xnor2_2)
                                                         _0171_ (net)
                      0.068260    0.000036    5.987995 v _0983_/A (sky130_fd_sc_hd__and2_2)
     1    0.004848    0.041814    0.180577    6.168571 v _0983_/X (sky130_fd_sc_hd__and2_2)
                                                         _0253_ (net)
                      0.041814    0.000051    6.168622 v _0984_/B (sky130_fd_sc_hd__nor2_2)
     2    0.015508    0.187015    0.163848    6.332471 ^ _0984_/Y (sky130_fd_sc_hd__nor2_2)
                                                         _0254_ (net)
                      0.187015    0.000219    6.332690 ^ _0985_/B (sky130_fd_sc_hd__xor2_2)
     2    0.014977    0.218094    0.238066    6.570755 ^ _0985_/X (sky130_fd_sc_hd__xor2_2)
                                                         _0255_ (net)
                      0.218094    0.000116    6.570871 ^ _0992_/A (sky130_fd_sc_hd__nand2_2)
     2    0.004782    0.059682    0.072281    6.643152 v _0992_/Y (sky130_fd_sc_hd__nand2_2)
                                                         _0262_ (net)
                      0.059682    0.000040    6.643192 v _0994_/A_N (sky130_fd_sc_hd__nand2b_2)
     1    0.002690    0.039715    0.170159    6.813351 v _0994_/Y (sky130_fd_sc_hd__nand2b_2)
                                                         _0264_ (net)
                      0.039715    0.000025    6.813376 v _1388_/A1 (sky130_fd_sc_hd__o221a_2)
     4    0.016932    0.079255    0.324374    7.137750 v _1388_/X (sky130_fd_sc_hd__o221a_2)
                                                         _0658_ (net)
                      0.079256    0.000476    7.138226 v _1393_/A2 (sky130_fd_sc_hd__o31ai_2)
     3    0.010917    0.292757    0.315608    7.453833 ^ _1393_/Y (sky130_fd_sc_hd__o31ai_2)
                                                         _0663_ (net)
                      0.292757    0.000209    7.454042 ^ _1394_/B (sky130_fd_sc_hd__nand2_2)
     2    0.007967    0.070934    0.104277    7.558320 v _1394_/Y (sky130_fd_sc_hd__nand2_2)
                                                         _0664_ (net)
                      0.070934    0.000091    7.558410 v _1405_/A2 (sky130_fd_sc_hd__o211ai_2)
     5    0.029476    0.378108    0.338733    7.897143 ^ _1405_/Y (sky130_fd_sc_hd__o211ai_2)
                                                         _0675_ (net)
                      0.378109    0.000386    7.897529 ^ _1473_/A1 (sky130_fd_sc_hd__a21bo_2)
     1    0.004084    0.042763    0.197734    8.095263 ^ _1473_/X (sky130_fd_sc_hd__a21bo_2)
                                                         _0718_ (net)
                      0.042763    0.000045    8.095308 ^ fanout16/A (sky130_fd_sc_hd__clkdlybuf4s25_1)
     5    0.025727    0.262947    0.400127    8.495436 ^ fanout16/X (sky130_fd_sc_hd__clkdlybuf4s25_1)
                                                         net16 (net)
                      0.262947    0.000120    8.495556 ^ fanout14/A (sky130_fd_sc_hd__clkdlybuf4s25_1)
    10    0.043066    0.431858    0.579968    9.075523 ^ fanout14/X (sky130_fd_sc_hd__clkdlybuf4s25_1)
                                                         net14 (net)
                      0.431858    0.000743    9.076266 ^ _1544_/B1 (sky130_fd_sc_hd__a31o_2)
     1    0.003033    0.044737    0.169951    9.246218 ^ _1544_/X (sky130_fd_sc_hd__a31o_2)
                                                         _0771_ (net)
                      0.044737    0.000031    9.246248 ^ _1545_/C1 (sky130_fd_sc_hd__o211a_2)
     1    0.002241    0.041605    0.148446    9.394694 ^ _1545_/X (sky130_fd_sc_hd__o211a_2)
                                                         _0046_ (net)
                      0.041605    0.000021    9.394715 ^ _1618_/D (sky130_fd_sc_hd__dfxtp_2)
                                              9.394715   data arrival time

                                 20.000000   20.000000   clock clk (rise edge)
                                  0.000000   20.000000   clock source latency
     1    0.018955    0.091051    0.062521   20.062521 ^ clk (in)
                                                         clk (net)
                      0.091057    0.000000   20.062521 ^ clkbuf_0_clk/A (sky130_fd_sc_hd__clkbuf_16)
     8    0.082146    0.098721    0.189527   20.252048 ^ clkbuf_0_clk/X (sky130_fd_sc_hd__clkbuf_16)
                                                         clknet_0_clk (net)
                      0.098751    0.001663   20.253710 ^ clkbuf_3_0__f_clk/A (sky130_fd_sc_hd__clkbuf_16)
     8    0.023126    0.044619    0.148093   20.401804 ^ clkbuf_3_0__f_clk/X (sky130_fd_sc_hd__clkbuf_16)
                                                         clknet_3_0__leaf_clk (net)
                      0.044623    0.000396   20.402199 ^ _1618_/CLK (sky130_fd_sc_hd__dfxtp_2)
                                 -0.250000   20.152201   clock uncertainty
                                  0.000000   20.152201   clock reconvergence pessimism
                                 -0.058118   20.094084   library setup time
                                             20.094084   data required time
---------------------------------------------------------------------------------------------
                                             20.094084   data required time
                                             -9.394715   data arrival time
---------------------------------------------------------------------------------------------
                                             10.699368   slack (MET)


Startpoint: _1595_ (rising edge-triggered flip-flop clocked by clk)
Endpoint: _1604_ (rising edge-triggered flip-flop clocked by clk)
Path Group: clk
Path Type: max

Fanout         Cap        Slew       Delay        Time   Description
---------------------------------------------------------------------------------------------
                                  0.000000    0.000000   clock clk (rise edge)
                                  0.000000    0.000000   clock source latency
     1    0.018955    0.091051    0.062520    0.062520 ^ clk (in)
                                                         clk (net)
                      0.091057    0.000000    0.062520 ^ clkbuf_0_clk/A (sky130_fd_sc_hd__clkbuf_16)
     8    0.082146    0.098721    0.189527    0.252047 ^ clkbuf_0_clk/X (sky130_fd_sc_hd__clkbuf_16)
                                                         clknet_0_clk (net)
                      0.098760    0.001849    0.253897 ^ clkbuf_3_6__f_clk/A (sky130_fd_sc_hd__clkbuf_16)
     8    0.023487    0.044949    0.148317    0.402213 ^ clkbuf_3_6__f_clk/X (sky130_fd_sc_hd__clkbuf_16)
                                                         clknet_3_6__leaf_clk (net)
                      0.044953    0.000457    0.402670 ^ _1595_/CLK (sky130_fd_sc_hd__dfxtp_2)
     1    0.002450    0.021901    0.300485    0.703155 v _1595_/Q (sky130_fd_sc_hd__dfxtp_2)
                                                         u_dp.b_q[3] (net)
                      0.021901    0.000022    0.703177 v fanout51/A (sky130_fd_sc_hd__clkdlybuf4s25_1)
     7    0.046540    0.342846    0.468758    1.171935 v fanout51/X (sky130_fd_sc_hd__clkdlybuf4s25_1)
                                                         net51 (net)
                      0.342846    0.000949    1.172884 v fanout50/A (sky130_fd_sc_hd__clkdlybuf4s25_1)
    10    0.042206    0.311799    0.557969    1.730853 v fanout50/X (sky130_fd_sc_hd__clkdlybuf4s25_1)
                                                         net50 (net)
                      0.311800    0.001238    1.732091 v _0808_/B (sky130_fd_sc_hd__and3_2)
     3    0.009012    0.052593    0.333612    2.065703 v _0808_/X (sky130_fd_sc_hd__and3_2)
                                                         _0078_ (net)
                      0.052593    0.000099    2.065802 v _0811_/A (sky130_fd_sc_hd__or3_2)
     2    0.003919    0.080563    0.474799    2.540601 v _0811_/X (sky130_fd_sc_hd__or3_2)
                                                         _0081_ (net)
                      0.080563    0.000030    2.540632 v _0812_/B (sky130_fd_sc_hd__and2b_2)
     1    0.003679    0.037960    0.204585    2.745217 v _0812_/X (sky130_fd_sc_hd__and2b_2)
                                                         _0082_ (net)
                      0.037960    0.000059    2.745275 v fanout22/A (sky130_fd_sc_hd__clkdlybuf4s25_1)
     9    0.061844    0.451877    0.555964    3.301240 v fanout22/X (sky130_fd_sc_hd__clkdlybuf4s25_1)
                                                         net22 (net)
                      0.451886    0.002450    3.303689 v fanout21/A (sky130_fd_sc_hd__clkdlybuf4s25_1)
     7    0.052465    0.384849    0.636035    3.939724 v fanout21/X (sky130_fd_sc_hd__clkdlybuf4s25_1)
                                                         net21 (net)
                      0.384861    0.002406    3.942130 v fanout20/A (sky130_fd_sc_hd__clkdlybuf4s25_1)
    10    0.068156    0.496673    0.704197    4.646327 v fanout20/X (sky130_fd_sc_hd__clkdlybuf4s25_1)
                                                         net20 (net)
                      0.496674    0.001513    4.647840 v _0890_/A (sky130_fd_sc_hd__xor2_2)
     2    0.006906    0.126227    0.319156    4.966996 v _0890_/X (sky130_fd_sc_hd__xor2_2)
                                                         _0160_ (net)
                      0.126227    0.000042    4.967038 v _0893_/B (sky130_fd_sc_hd__or2_2)
     1    0.001816    0.050484    0.290744    5.257782 v _0893_/X (sky130_fd_sc_hd__or2_2)
                                                         _0163_ (net)
                      0.050484    0.000016    5.257798 v _0894_/B (sky130_fd_sc_hd__and2_2)
     3    0.020157    0.073057    0.233725    5.491523 v _0894_/X (sky130_fd_sc_hd__and2_2)
                                                         _0164_ (net)
                      0.073057    0.000123    5.491646 v _0895_/B (sky130_fd_sc_hd__nor2_2)
     2    0.015438    0.186319    0.175002    5.666648 ^ _0895_/Y (sky130_fd_sc_hd__nor2_2)
                                                         _0165_ (net)
                      0.186319    0.000033    5.666681 ^ _0896_/B (sky130_fd_sc_hd__xor2_2)
     2    0.013861    0.206131    0.229047    5.895728 ^ _0896_/X (sky130_fd_sc_hd__xor2_2)
                                                         _0166_ (net)
                      0.206131    0.000136    5.895864 ^ _0901_/B (sky130_fd_sc_hd__xnor2_2)
     2    0.006413    0.068260    0.092094    5.987958 v _0901_/Y (sky130_fd_sc_hd__xnor2_2)
                                                         _0171_ (net)
                      0.068260    0.000036    5.987995 v _0983_/A (sky130_fd_sc_hd__and2_2)
     1    0.004848    0.041814    0.180577    6.168571 v _0983_/X (sky130_fd_sc_hd__and2_2)
                                                         _0253_ (net)
                      0.041814    0.000051    6.168622 v _0984_/B (sky130_fd_sc_hd__nor2_2)
     2    0.015508    0.187015    0.163848    6.332471 ^ _0984_/Y (sky130_fd_sc_hd__nor2_2)
                                                         _0254_ (net)
                      0.187015    0.000219    6.332690 ^ _0985_/B (sky130_fd_sc_hd__xor2_2)
     2    0.014977    0.218094    0.238066    6.570755 ^ _0985_/X (sky130_fd_sc_hd__xor2_2)
                                                         _0255_ (net)
                      0.218094    0.000116    6.570871 ^ _0992_/A (sky130_fd_sc_hd__nand2_2)
     2    0.004782    0.059682    0.072281    6.643152 v _0992_/Y (sky130_fd_sc_hd__nand2_2)
                                                         _0262_ (net)
                      0.059682    0.000040    6.643192 v _0994_/A_N (sky130_fd_sc_hd__nand2b_2)
     1    0.002690    0.039715    0.170159    6.813351 v _0994_/Y (sky130_fd_sc_hd__nand2b_2)
                                                         _0264_ (net)
                      0.039715    0.000025    6.813376 v _1388_/A1 (sky130_fd_sc_hd__o221a_2)
     4    0.016932    0.079255    0.324374    7.137750 v _1388_/X (sky130_fd_sc_hd__o221a_2)
                                                         _0658_ (net)
                      0.079256    0.000476    7.138226 v _1393_/A2 (sky130_fd_sc_hd__o31ai_2)
     3    0.010917    0.292757    0.315608    7.453833 ^ _1393_/Y (sky130_fd_sc_hd__o31ai_2)
                                                         _0663_ (net)
                      0.292757    0.000209    7.454042 ^ _1394_/B (sky130_fd_sc_hd__nand2_2)
     2    0.007967    0.070934    0.104277    7.558320 v _1394_/Y (sky130_fd_sc_hd__nand2_2)
                                                         _0664_ (net)
                      0.070934    0.000091    7.558410 v _1405_/A2 (sky130_fd_sc_hd__o211ai_2)
     5    0.029476    0.378108    0.338733    7.897143 ^ _1405_/Y (sky130_fd_sc_hd__o211ai_2)
                                                         _0675_ (net)
                      0.378109    0.000386    7.897529 ^ _1473_/A1 (sky130_fd_sc_hd__a21bo_2)
     1    0.004084    0.042763    0.197734    8.095263 ^ _1473_/X (sky130_fd_sc_hd__a21bo_2)
                                                         _0718_ (net)
                      0.042763    0.000045    8.095308 ^ fanout16/A (sky130_fd_sc_hd__clkdlybuf4s25_1)
     5    0.025727    0.262947    0.400127    8.495436 ^ fanout16/X (sky130_fd_sc_hd__clkdlybuf4s25_1)
                                                         net16 (net)
                      0.262947    0.000473    8.495909 ^ fanout15/A (sky130_fd_sc_hd__clkdlybuf4s25_1)
    10    0.041655    0.418100    0.570390    9.066299 ^ fanout15/X (sky130_fd_sc_hd__clkdlybuf4s25_1)
                                                         net15 (net)
                      0.418100    0.001235    9.067534 ^ _1488_/B1 (sky130_fd_sc_hd__a31o_2)
     1    0.003881    0.047901    0.173796    9.241331 ^ _1488_/X (sky130_fd_sc_hd__a31o_2)
                                                         _0729_ (net)
                      0.047901    0.000055    9.241385 ^ _1489_/C1 (sky130_fd_sc_hd__o211a_2)
     1    0.002067    0.041478    0.148342    9.389728 ^ _1489_/X (sky130_fd_sc_hd__o211a_2)
                                                         _0032_ (net)
                      0.041478    0.000010    9.389737 ^ _1604_/D (sky130_fd_sc_hd__dfxtp_2)
                                              9.389737   data arrival time

                                 20.000000   20.000000   clock clk (rise edge)
                                  0.000000   20.000000   clock source latency
     1    0.018955    0.091051    0.062521   20.062521 ^ clk (in)
                                                         clk (net)
                      0.091057    0.000000   20.062521 ^ clkbuf_0_clk/A (sky130_fd_sc_hd__clkbuf_16)
     8    0.082146    0.098721    0.189527   20.252048 ^ clkbuf_0_clk/X (sky130_fd_sc_hd__clkbuf_16)
                                                         clknet_0_clk (net)
                      0.098744    0.001503   20.253550 ^ clkbuf_3_2__f_clk/A (sky130_fd_sc_hd__clkbuf_16)
     8    0.023860    0.045280    0.148692   20.402243 ^ clkbuf_3_2__f_clk/X (sky130_fd_sc_hd__clkbuf_16)
                                                         clknet_3_2__leaf_clk (net)
                      0.045280    0.000151   20.402393 ^ _1604_/CLK (sky130_fd_sc_hd__dfxtp_2)
                                 -0.250000   20.152393   clock uncertainty
                                  0.000000   20.152393   clock reconvergence pessimism
                                 -0.057991   20.094402   library setup time
                                             20.094402   data required time
---------------------------------------------------------------------------------------------
                                             20.094402   data required time
                                             -9.389737   data arrival time
---------------------------------------------------------------------------------------------
                                             10.704666   slack (MET)


Startpoint: _1595_ (rising edge-triggered flip-flop clocked by clk)
Endpoint: _1609_ (rising edge-triggered flip-flop clocked by clk)
Path Group: clk
Path Type: max

Fanout         Cap        Slew       Delay        Time   Description
---------------------------------------------------------------------------------------------
                                  0.000000    0.000000   clock clk (rise edge)
                                  0.000000    0.000000   clock source latency
     1    0.018955    0.091051    0.062520    0.062520 ^ clk (in)
                                                         clk (net)
                      0.091057    0.000000    0.062520 ^ clkbuf_0_clk/A (sky130_fd_sc_hd__clkbuf_16)
     8    0.082146    0.098721    0.189527    0.252047 ^ clkbuf_0_clk/X (sky130_fd_sc_hd__clkbuf_16)
                                                         clknet_0_clk (net)
                      0.098760    0.001849    0.253897 ^ clkbuf_3_6__f_clk/A (sky130_fd_sc_hd__clkbuf_16)
     8    0.023487    0.044949    0.148317    0.402213 ^ clkbuf_3_6__f_clk/X (sky130_fd_sc_hd__clkbuf_16)
                                                         clknet_3_6__leaf_clk (net)
                      0.044953    0.000457    0.402670 ^ _1595_/CLK (sky130_fd_sc_hd__dfxtp_2)
     1    0.002450    0.021901    0.300485    0.703155 v _1595_/Q (sky130_fd_sc_hd__dfxtp_2)
                                                         u_dp.b_q[3] (net)
                      0.021901    0.000022    0.703177 v fanout51/A (sky130_fd_sc_hd__clkdlybuf4s25_1)
     7    0.046540    0.342846    0.468758    1.171935 v fanout51/X (sky130_fd_sc_hd__clkdlybuf4s25_1)
                                                         net51 (net)
                      0.342846    0.000949    1.172884 v fanout50/A (sky130_fd_sc_hd__clkdlybuf4s25_1)
    10    0.042206    0.311799    0.557969    1.730853 v fanout50/X (sky130_fd_sc_hd__clkdlybuf4s25_1)
                                                         net50 (net)
                      0.311800    0.001238    1.732091 v _0808_/B (sky130_fd_sc_hd__and3_2)
     3    0.009012    0.052593    0.333612    2.065703 v _0808_/X (sky130_fd_sc_hd__and3_2)
                                                         _0078_ (net)
                      0.052593    0.000099    2.065802 v _0811_/A (sky130_fd_sc_hd__or3_2)
     2    0.003919    0.080563    0.474799    2.540601 v _0811_/X (sky130_fd_sc_hd__or3_2)
                                                         _0081_ (net)
                      0.080563    0.000030    2.540632 v _0812_/B (sky130_fd_sc_hd__and2b_2)
     1    0.003679    0.037960    0.204585    2.745217 v _0812_/X (sky130_fd_sc_hd__and2b_2)
                                                         _0082_ (net)
                      0.037960    0.000059    2.745275 v fanout22/A (sky130_fd_sc_hd__clkdlybuf4s25_1)
     9    0.061844    0.451877    0.555964    3.301240 v fanout22/X (sky130_fd_sc_hd__clkdlybuf4s25_1)
                                                         net22 (net)
                      0.451886    0.002450    3.303689 v fanout21/A (sky130_fd_sc_hd__clkdlybuf4s25_1)
     7    0.052465    0.384849    0.636035    3.939724 v fanout21/X (sky130_fd_sc_hd__clkdlybuf4s25_1)
                                                         net21 (net)
                      0.384861    0.002406    3.942130 v fanout20/A (sky130_fd_sc_hd__clkdlybuf4s25_1)
    10    0.068156    0.496673    0.704197    4.646327 v fanout20/X (sky130_fd_sc_hd__clkdlybuf4s25_1)
                                                         net20 (net)
                      0.496674    0.001513    4.647840 v _0890_/A (sky130_fd_sc_hd__xor2_2)
     2    0.006906    0.126227    0.319156    4.966996 v _0890_/X (sky130_fd_sc_hd__xor2_2)
                                                         _0160_ (net)
                      0.126227    0.000042    4.967038 v _0893_/B (sky130_fd_sc_hd__or2_2)
     1    0.001816    0.050484    0.290744    5.257782 v _0893_/X (sky130_fd_sc_hd__or2_2)
                                                         _0163_ (net)
                      0.050484    0.000016    5.257798 v _0894_/B (sky130_fd_sc_hd__and2_2)
     3    0.020157    0.073057    0.233725    5.491523 v _0894_/X (sky130_fd_sc_hd__and2_2)
                                                         _0164_ (net)
                      0.073057    0.000123    5.491646 v _0895_/B (sky130_fd_sc_hd__nor2_2)
     2    0.015438    0.186319    0.175002    5.666648 ^ _0895_/Y (sky130_fd_sc_hd__nor2_2)
                                                         _0165_ (net)
                      0.186319    0.000033    5.666681 ^ _0896_/B (sky130_fd_sc_hd__xor2_2)
     2    0.013861    0.206131    0.229047    5.895728 ^ _0896_/X (sky130_fd_sc_hd__xor2_2)
                                                         _0166_ (net)
                      0.206131    0.000136    5.895864 ^ _0901_/B (sky130_fd_sc_hd__xnor2_2)
     2    0.006413    0.068260    0.092094    5.987958 v _0901_/Y (sky130_fd_sc_hd__xnor2_2)
                                                         _0171_ (net)
                      0.068260    0.000036    5.987995 v _0983_/A (sky130_fd_sc_hd__and2_2)
     1    0.004848    0.041814    0.180577    6.168571 v _0983_/X (sky130_fd_sc_hd__and2_2)
                                                         _0253_ (net)
                      0.041814    0.000051    6.168622 v _0984_/B (sky130_fd_sc_hd__nor2_2)
     2    0.015508    0.187015    0.163848    6.332471 ^ _0984_/Y (sky130_fd_sc_hd__nor2_2)
                                                         _0254_ (net)
                      0.187015    0.000219    6.332690 ^ _0985_/B (sky130_fd_sc_hd__xor2_2)
     2    0.014977    0.218094    0.238066    6.570755 ^ _0985_/X (sky130_fd_sc_hd__xor2_2)
                                                         _0255_ (net)
                      0.218094    0.000116    6.570871 ^ _0992_/A (sky130_fd_sc_hd__nand2_2)
     2    0.004782    0.059682    0.072281    6.643152 v _0992_/Y (sky130_fd_sc_hd__nand2_2)
                                                         _0262_ (net)
                      0.059682    0.000040    6.643192 v _0994_/A_N (sky130_fd_sc_hd__nand2b_2)
     1    0.002690    0.039715    0.170159    6.813351 v _0994_/Y (sky130_fd_sc_hd__nand2b_2)
                                                         _0264_ (net)
                      0.039715    0.000025    6.813376 v _1388_/A1 (sky130_fd_sc_hd__o221a_2)
     4    0.016932    0.079255    0.324374    7.137750 v _1388_/X (sky130_fd_sc_hd__o221a_2)
                                                         _0658_ (net)
                      0.079256    0.000476    7.138226 v _1393_/A2 (sky130_fd_sc_hd__o31ai_2)
     3    0.010917    0.292757    0.315608    7.453833 ^ _1393_/Y (sky130_fd_sc_hd__o31ai_2)
                                                         _0663_ (net)
                      0.292757    0.000209    7.454042 ^ _1394_/B (sky130_fd_sc_hd__nand2_2)
     2    0.007967    0.070934    0.104277    7.558320 v _1394_/Y (sky130_fd_sc_hd__nand2_2)
                                                         _0664_ (net)
                      0.070934    0.000091    7.558410 v _1405_/A2 (sky130_fd_sc_hd__o211ai_2)
     5    0.029476    0.378108    0.338733    7.897143 ^ _1405_/Y (sky130_fd_sc_hd__o211ai_2)
                                                         _0675_ (net)
                      0.378109    0.000386    7.897529 ^ _1473_/A1 (sky130_fd_sc_hd__a21bo_2)
     1    0.004084    0.042763    0.197734    8.095263 ^ _1473_/X (sky130_fd_sc_hd__a21bo_2)
                                                         _0718_ (net)
                      0.042763    0.000045    8.095308 ^ fanout16/A (sky130_fd_sc_hd__clkdlybuf4s25_1)
     5    0.025727    0.262947    0.400127    8.495436 ^ fanout16/X (sky130_fd_sc_hd__clkdlybuf4s25_1)
                                                         net16 (net)
                      0.262947    0.000473    8.495909 ^ fanout15/A (sky130_fd_sc_hd__clkdlybuf4s25_1)
    10    0.041655    0.418100    0.570390    9.066299 ^ fanout15/X (sky130_fd_sc_hd__clkdlybuf4s25_1)
                                                         net15 (net)
                      0.418100    0.000474    9.066773 ^ _1506_/B1 (sky130_fd_sc_hd__a31o_2)
     1    0.003652    0.046877    0.172332    9.239106 ^ _1506_/X (sky130_fd_sc_hd__a31o_2)
                                                         _0742_ (net)
                      0.046877    0.000049    9.239155 ^ _1507_/C1 (sky130_fd_sc_hd__o211a_2)
     1    0.002161    0.041325    0.148606    9.387761 ^ _1507_/X (sky130_fd_sc_hd__o211a_2)
                                                         _0037_ (net)
                      0.041325    0.000020    9.387781 ^ _1609_/D (sky130_fd_sc_hd__dfxtp_2)
                                              9.387781   data arrival time

                                 20.000000   20.000000   clock clk (rise edge)
                                  0.000000   20.000000   clock source latency
     1    0.018955    0.091051    0.062521   20.062521 ^ clk (in)
                                                         clk (net)
                      0.091057    0.000000   20.062521 ^ clkbuf_0_clk/A (sky130_fd_sc_hd__clkbuf_16)
     8    0.082146    0.098721    0.189527   20.252048 ^ clkbuf_0_clk/X (sky130_fd_sc_hd__clkbuf_16)
                                                         clknet_0_clk (net)
                      0.098750    0.001636   20.253683 ^ clkbuf_3_1__f_clk/A (sky130_fd_sc_hd__clkbuf_16)
     8    0.022745    0.044279    0.147780   20.401464 ^ clkbuf_3_1__f_clk/X (sky130_fd_sc_hd__clkbuf_16)
                                                         clknet_3_1__leaf_clk (net)
                      0.044279    0.000126   20.401590 ^ _1609_/CLK (sky130_fd_sc_hd__dfxtp_2)
                                 -0.250000   20.151590   clock uncertainty
                                  0.000000   20.151590   clock reconvergence pessimism
                                 -0.058102   20.093489   library setup time
                                             20.093489   data required time
---------------------------------------------------------------------------------------------
                                             20.093489   data required time
                                             -9.387781   data arrival time
---------------------------------------------------------------------------------------------
                                             10.705707   slack (MET)


Startpoint: _1595_ (rising edge-triggered flip-flop clocked by clk)
Endpoint: _1600_ (rising edge-triggered flip-flop clocked by clk)
Path Group: clk
Path Type: max

Fanout         Cap        Slew       Delay        Time   Description
---------------------------------------------------------------------------------------------
                                  0.000000    0.000000   clock clk (rise edge)
                                  0.000000    0.000000   clock source latency
     1    0.018955    0.091051    0.062520    0.062520 ^ clk (in)
                                                         clk (net)
                      0.091057    0.000000    0.062520 ^ clkbuf_0_clk/A (sky130_fd_sc_hd__clkbuf_16)
     8    0.082146    0.098721    0.189527    0.252047 ^ clkbuf_0_clk/X (sky130_fd_sc_hd__clkbuf_16)
                                                         clknet_0_clk (net)
                      0.098760    0.001849    0.253897 ^ clkbuf_3_6__f_clk/A (sky130_fd_sc_hd__clkbuf_16)
     8    0.023487    0.044949    0.148317    0.402213 ^ clkbuf_3_6__f_clk/X (sky130_fd_sc_hd__clkbuf_16)
                                                         clknet_3_6__leaf_clk (net)
                      0.044953    0.000457    0.402670 ^ _1595_/CLK (sky130_fd_sc_hd__dfxtp_2)
     1    0.002450    0.021901    0.300485    0.703155 v _1595_/Q (sky130_fd_sc_hd__dfxtp_2)
                                                         u_dp.b_q[3] (net)
                      0.021901    0.000022    0.703177 v fanout51/A (sky130_fd_sc_hd__clkdlybuf4s25_1)
     7    0.046540    0.342846    0.468758    1.171935 v fanout51/X (sky130_fd_sc_hd__clkdlybuf4s25_1)
                                                         net51 (net)
                      0.342846    0.000949    1.172884 v fanout50/A (sky130_fd_sc_hd__clkdlybuf4s25_1)
    10    0.042206    0.311799    0.557969    1.730853 v fanout50/X (sky130_fd_sc_hd__clkdlybuf4s25_1)
                                                         net50 (net)
                      0.311800    0.001238    1.732091 v _0808_/B (sky130_fd_sc_hd__and3_2)
     3    0.009012    0.052593    0.333612    2.065703 v _0808_/X (sky130_fd_sc_hd__and3_2)
                                                         _0078_ (net)
                      0.052593    0.000099    2.065802 v _0811_/A (sky130_fd_sc_hd__or3_2)
     2    0.003919    0.080563    0.474799    2.540601 v _0811_/X (sky130_fd_sc_hd__or3_2)
                                                         _0081_ (net)
                      0.080563    0.000030    2.540632 v _0812_/B (sky130_fd_sc_hd__and2b_2)
     1    0.003679    0.037960    0.204585    2.745217 v _0812_/X (sky130_fd_sc_hd__and2b_2)
                                                         _0082_ (net)
                      0.037960    0.000059    2.745275 v fanout22/A (sky130_fd_sc_hd__clkdlybuf4s25_1)
     9    0.061844    0.451877    0.555964    3.301240 v fanout22/X (sky130_fd_sc_hd__clkdlybuf4s25_1)
                                                         net22 (net)
                      0.451886    0.002450    3.303689 v fanout21/A (sky130_fd_sc_hd__clkdlybuf4s25_1)
     7    0.052465    0.384849    0.636035    3.939724 v fanout21/X (sky130_fd_sc_hd__clkdlybuf4s25_1)
                                                         net21 (net)
                      0.384861    0.002406    3.942130 v fanout20/A (sky130_fd_sc_hd__clkdlybuf4s25_1)
    10    0.068156    0.496673    0.704197    4.646327 v fanout20/X (sky130_fd_sc_hd__clkdlybuf4s25_1)
                                                         net20 (net)
                      0.496674    0.001513    4.647840 v _0890_/A (sky130_fd_sc_hd__xor2_2)
     2    0.006906    0.126227    0.319156    4.966996 v _0890_/X (sky130_fd_sc_hd__xor2_2)
                                                         _0160_ (net)
                      0.126227    0.000042    4.967038 v _0893_/B (sky130_fd_sc_hd__or2_2)
     1    0.001816    0.050484    0.290744    5.257782 v _0893_/X (sky130_fd_sc_hd__or2_2)
                                                         _0163_ (net)
                      0.050484    0.000016    5.257798 v _0894_/B (sky130_fd_sc_hd__and2_2)
     3    0.020157    0.073057    0.233725    5.491523 v _0894_/X (sky130_fd_sc_hd__and2_2)
                                                         _0164_ (net)
                      0.073057    0.000123    5.491646 v _0895_/B (sky130_fd_sc_hd__nor2_2)
     2    0.015438    0.186319    0.175002    5.666648 ^ _0895_/Y (sky130_fd_sc_hd__nor2_2)
                                                         _0165_ (net)
                      0.186319    0.000033    5.666681 ^ _0896_/B (sky130_fd_sc_hd__xor2_2)
     2    0.013861    0.206131    0.229047    5.895728 ^ _0896_/X (sky130_fd_sc_hd__xor2_2)
                                                         _0166_ (net)
                      0.206131    0.000136    5.895864 ^ _0901_/B (sky130_fd_sc_hd__xnor2_2)
     2    0.006413    0.068260    0.092094    5.987958 v _0901_/Y (sky130_fd_sc_hd__xnor2_2)
                                                         _0171_ (net)
                      0.068260    0.000036    5.987995 v _0983_/A (sky130_fd_sc_hd__and2_2)
     1    0.004848    0.041814    0.180577    6.168571 v _0983_/X (sky130_fd_sc_hd__and2_2)
                                                         _0253_ (net)
                      0.041814    0.000051    6.168622 v _0984_/B (sky130_fd_sc_hd__nor2_2)
     2    0.015508    0.187015    0.163848    6.332471 ^ _0984_/Y (sky130_fd_sc_hd__nor2_2)
                                                         _0254_ (net)
                      0.187015    0.000219    6.332690 ^ _0985_/B (sky130_fd_sc_hd__xor2_2)
     2    0.014977    0.218094    0.238066    6.570755 ^ _0985_/X (sky130_fd_sc_hd__xor2_2)
                                                         _0255_ (net)
                      0.218094    0.000116    6.570871 ^ _0992_/A (sky130_fd_sc_hd__nand2_2)
     2    0.004782    0.059682    0.072281    6.643152 v _0992_/Y (sky130_fd_sc_hd__nand2_2)
                                                         _0262_ (net)
                      0.059682    0.000040    6.643192 v _0994_/A_N (sky130_fd_sc_hd__nand2b_2)
     1    0.002690    0.039715    0.170159    6.813351 v _0994_/Y (sky130_fd_sc_hd__nand2b_2)
                                                         _0264_ (net)
                      0.039715    0.000025    6.813376 v _1388_/A1 (sky130_fd_sc_hd__o221a_2)
     4    0.016932    0.079255    0.324374    7.137750 v _1388_/X (sky130_fd_sc_hd__o221a_2)
                                                         _0658_ (net)
                      0.079256    0.000476    7.138226 v _1393_/A2 (sky130_fd_sc_hd__o31ai_2)
     3    0.010917    0.292757    0.315608    7.453833 ^ _1393_/Y (sky130_fd_sc_hd__o31ai_2)
                                                         _0663_ (net)
                      0.292757    0.000209    7.454042 ^ _1394_/B (sky130_fd_sc_hd__nand2_2)
     2    0.007967    0.070934    0.104277    7.558320 v _1394_/Y (sky130_fd_sc_hd__nand2_2)
                                                         _0664_ (net)
                      0.070934    0.000091    7.558410 v _1405_/A2 (sky130_fd_sc_hd__o211ai_2)
     5    0.029476    0.378108    0.338733    7.897143 ^ _1405_/Y (sky130_fd_sc_hd__o211ai_2)
                                                         _0675_ (net)
                      0.378109    0.000386    7.897529 ^ _1473_/A1 (sky130_fd_sc_hd__a21bo_2)
     1    0.004084    0.042763    0.197734    8.095263 ^ _1473_/X (sky130_fd_sc_hd__a21bo_2)
                                                         _0718_ (net)
                      0.042763    0.000045    8.095308 ^ fanout16/A (sky130_fd_sc_hd__clkdlybuf4s25_1)
     5    0.025727    0.262947    0.400127    8.495436 ^ fanout16/X (sky130_fd_sc_hd__clkdlybuf4s25_1)
                                                         net16 (net)
                      0.262947    0.000473    8.495909 ^ fanout15/A (sky130_fd_sc_hd__clkdlybuf4s25_1)
    10    0.041655    0.418100    0.570390    9.066299 ^ fanout15/X (sky130_fd_sc_hd__clkdlybuf4s25_1)
                                                         net15 (net)
                      0.418100    0.000169    9.066468 ^ _1475_/B1 (sky130_fd_sc_hd__a31o_2)
     1    0.003540    0.046386    0.171616    9.238084 ^ _1475_/X (sky130_fd_sc_hd__a31o_2)
                                                         _0720_ (net)
                      0.046386    0.000043    9.238126 ^ _1476_/C1 (sky130_fd_sc_hd__o211a_2)
     1    0.001989    0.040376    0.147396    9.385522 ^ _1476_/X (sky130_fd_sc_hd__o211a_2)
                                                         _0028_ (net)
                      0.040376    0.000018    9.385540 ^ _1600_/D (sky130_fd_sc_hd__dfxtp_2)
                                              9.385540   data arrival time

                                 20.000000   20.000000   clock clk (rise edge)
                                  0.000000   20.000000   clock source latency
     1    0.018955    0.091051    0.062521   20.062521 ^ clk (in)
                                                         clk (net)
                      0.091057    0.000000   20.062521 ^ clkbuf_0_clk/A (sky130_fd_sc_hd__clkbuf_16)
     8    0.082146    0.098721    0.189527   20.252048 ^ clkbuf_0_clk/X (sky130_fd_sc_hd__clkbuf_16)
                                                         clknet_0_clk (net)
                      0.098751    0.001663   20.253710 ^ clkbuf_3_0__f_clk/A (sky130_fd_sc_hd__clkbuf_16)
     8    0.023126    0.044619    0.148093   20.401804 ^ clkbuf_3_0__f_clk/X (sky130_fd_sc_hd__clkbuf_16)
                                                         clknet_3_0__leaf_clk (net)
                      0.044619    0.000139   20.401941 ^ _1600_/CLK (sky130_fd_sc_hd__dfxtp_2)
                                 -0.250000   20.151943   clock uncertainty
                                  0.000000   20.151943   clock reconvergence pessimism
                                 -0.057828   20.094116   library setup time
                                             20.094116   data required time
---------------------------------------------------------------------------------------------
                                             20.094116   data required time
                                             -9.385540   data arrival time
---------------------------------------------------------------------------------------------
                                             10.708575   slack (MET)


Startpoint: _1595_ (rising edge-triggered flip-flop clocked by clk)
Endpoint: _1603_ (rising edge-triggered flip-flop clocked by clk)
Path Group: clk
Path Type: max

Fanout         Cap        Slew       Delay        Time   Description
---------------------------------------------------------------------------------------------
                                  0.000000    0.000000   clock clk (rise edge)
                                  0.000000    0.000000   clock source latency
     1    0.018955    0.091051    0.062520    0.062520 ^ clk (in)
                                                         clk (net)
                      0.091057    0.000000    0.062520 ^ clkbuf_0_clk/A (sky130_fd_sc_hd__clkbuf_16)
     8    0.082146    0.098721    0.189527    0.252047 ^ clkbuf_0_clk/X (sky130_fd_sc_hd__clkbuf_16)
                                                         clknet_0_clk (net)
                      0.098760    0.001849    0.253897 ^ clkbuf_3_6__f_clk/A (sky130_fd_sc_hd__clkbuf_16)
     8    0.023487    0.044949    0.148317    0.402213 ^ clkbuf_3_6__f_clk/X (sky130_fd_sc_hd__clkbuf_16)
                                                         clknet_3_6__leaf_clk (net)
                      0.044953    0.000457    0.402670 ^ _1595_/CLK (sky130_fd_sc_hd__dfxtp_2)
     1    0.002450    0.021901    0.300485    0.703155 v _1595_/Q (sky130_fd_sc_hd__dfxtp_2)
                                                         u_dp.b_q[3] (net)
                      0.021901    0.000022    0.703177 v fanout51/A (sky130_fd_sc_hd__clkdlybuf4s25_1)
     7    0.046540    0.342846    0.468758    1.171935 v fanout51/X (sky130_fd_sc_hd__clkdlybuf4s25_1)
                                                         net51 (net)
                      0.342846    0.000949    1.172884 v fanout50/A (sky130_fd_sc_hd__clkdlybuf4s25_1)
    10    0.042206    0.311799    0.557969    1.730853 v fanout50/X (sky130_fd_sc_hd__clkdlybuf4s25_1)
                                                         net50 (net)
                      0.311800    0.001238    1.732091 v _0808_/B (sky130_fd_sc_hd__and3_2)
     3    0.009012    0.052593    0.333612    2.065703 v _0808_/X (sky130_fd_sc_hd__and3_2)
                                                         _0078_ (net)
                      0.052593    0.000099    2.065802 v _0811_/A (sky130_fd_sc_hd__or3_2)
     2    0.003919    0.080563    0.474799    2.540601 v _0811_/X (sky130_fd_sc_hd__or3_2)
                                                         _0081_ (net)
                      0.080563    0.000030    2.540632 v _0812_/B (sky130_fd_sc_hd__and2b_2)
     1    0.003679    0.037960    0.204585    2.745217 v _0812_/X (sky130_fd_sc_hd__and2b_2)
                                                         _0082_ (net)
                      0.037960    0.000059    2.745275 v fanout22/A (sky130_fd_sc_hd__clkdlybuf4s25_1)
     9    0.061844    0.451877    0.555964    3.301240 v fanout22/X (sky130_fd_sc_hd__clkdlybuf4s25_1)
                                                         net22 (net)
                      0.451886    0.002450    3.303689 v fanout21/A (sky130_fd_sc_hd__clkdlybuf4s25_1)
     7    0.052465    0.384849    0.636035    3.939724 v fanout21/X (sky130_fd_sc_hd__clkdlybuf4s25_1)
                                                         net21 (net)
                      0.384861    0.002406    3.942130 v fanout20/A (sky130_fd_sc_hd__clkdlybuf4s25_1)
    10    0.068156    0.496673    0.704197    4.646327 v fanout20/X (sky130_fd_sc_hd__clkdlybuf4s25_1)
                                                         net20 (net)
                      0.496674    0.001513    4.647840 v _0890_/A (sky130_fd_sc_hd__xor2_2)
     2    0.006906    0.126227    0.319156    4.966996 v _0890_/X (sky130_fd_sc_hd__xor2_2)
                                                         _0160_ (net)
                      0.126227    0.000042    4.967038 v _0893_/B (sky130_fd_sc_hd__or2_2)
     1    0.001816    0.050484    0.290744    5.257782 v _0893_/X (sky130_fd_sc_hd__or2_2)
                                                         _0163_ (net)
                      0.050484    0.000016    5.257798 v _0894_/B (sky130_fd_sc_hd__and2_2)
     3    0.020157    0.073057    0.233725    5.491523 v _0894_/X (sky130_fd_sc_hd__and2_2)
                                                         _0164_ (net)
                      0.073057    0.000123    5.491646 v _0895_/B (sky130_fd_sc_hd__nor2_2)
     2    0.015438    0.186319    0.175002    5.666648 ^ _0895_/Y (sky130_fd_sc_hd__nor2_2)
                                                         _0165_ (net)
                      0.186319    0.000033    5.666681 ^ _0896_/B (sky130_fd_sc_hd__xor2_2)
     2    0.013861    0.206131    0.229047    5.895728 ^ _0896_/X (sky130_fd_sc_hd__xor2_2)
                                                         _0166_ (net)
                      0.206131    0.000136    5.895864 ^ _0901_/B (sky130_fd_sc_hd__xnor2_2)
     2    0.006413    0.068260    0.092094    5.987958 v _0901_/Y (sky130_fd_sc_hd__xnor2_2)
                                                         _0171_ (net)
                      0.068260    0.000036    5.987995 v _0983_/A (sky130_fd_sc_hd__and2_2)
     1    0.004848    0.041814    0.180577    6.168571 v _0983_/X (sky130_fd_sc_hd__and2_2)
                                                         _0253_ (net)
                      0.041814    0.000051    6.168622 v _0984_/B (sky130_fd_sc_hd__nor2_2)
     2    0.015508    0.187015    0.163848    6.332471 ^ _0984_/Y (sky130_fd_sc_hd__nor2_2)
                                                         _0254_ (net)
                      0.187015    0.000219    6.332690 ^ _0985_/B (sky130_fd_sc_hd__xor2_2)
     2    0.014977    0.218094    0.238066    6.570755 ^ _0985_/X (sky130_fd_sc_hd__xor2_2)
                                                         _0255_ (net)
                      0.218094    0.000116    6.570871 ^ _0992_/A (sky130_fd_sc_hd__nand2_2)
     2    0.004782    0.059682    0.072281    6.643152 v _0992_/Y (sky130_fd_sc_hd__nand2_2)
                                                         _0262_ (net)
                      0.059682    0.000040    6.643192 v _0994_/A_N (sky130_fd_sc_hd__nand2b_2)
     1    0.002690    0.039715    0.170159    6.813351 v _0994_/Y (sky130_fd_sc_hd__nand2b_2)
                                                         _0264_ (net)
                      0.039715    0.000025    6.813376 v _1388_/A1 (sky130_fd_sc_hd__o221a_2)
     4    0.016932    0.079255    0.324374    7.137750 v _1388_/X (sky130_fd_sc_hd__o221a_2)
                                                         _0658_ (net)
                      0.079256    0.000476    7.138226 v _1393_/A2 (sky130_fd_sc_hd__o31ai_2)
     3    0.010917    0.292757    0.315608    7.453833 ^ _1393_/Y (sky130_fd_sc_hd__o31ai_2)
                                                         _0663_ (net)
                      0.292757    0.000209    7.454042 ^ _1394_/B (sky130_fd_sc_hd__nand2_2)
     2    0.007967    0.070934    0.104277    7.558320 v _1394_/Y (sky130_fd_sc_hd__nand2_2)
                                                         _0664_ (net)
                      0.070934    0.000091    7.558410 v _1405_/A2 (sky130_fd_sc_hd__o211ai_2)
     5    0.029476    0.378108    0.338733    7.897143 ^ _1405_/Y (sky130_fd_sc_hd__o211ai_2)
                                                         _0675_ (net)
                      0.378109    0.000386    7.897529 ^ _1473_/A1 (sky130_fd_sc_hd__a21bo_2)
     1    0.004084    0.042763    0.197734    8.095263 ^ _1473_/X (sky130_fd_sc_hd__a21bo_2)
                                                         _0718_ (net)
                      0.042763    0.000045    8.095308 ^ fanout16/A (sky130_fd_sc_hd__clkdlybuf4s25_1)
     5    0.025727    0.262947    0.400127    8.495436 ^ fanout16/X (sky130_fd_sc_hd__clkdlybuf4s25_1)
                                                         net16 (net)
                      0.262947    0.000473    8.495909 ^ fanout15/A (sky130_fd_sc_hd__clkdlybuf4s25_1)
    10    0.041655    0.418100    0.570390    9.066299 ^ fanout15/X (sky130_fd_sc_hd__clkdlybuf4s25_1)
                                                         net15 (net)
                      0.418100    0.001262    9.067561 ^ _1485_/B1 (sky130_fd_sc_hd__a31o_2)
     1    0.002492    0.043404    0.164918    9.232479 ^ _1485_/X (sky130_fd_sc_hd__a31o_2)
                                                         _0727_ (net)
                      0.043404    0.000009    9.232488 ^ _1486_/C1 (sky130_fd_sc_hd__o211a_2)
     1    0.002404    0.043220    0.149041    9.381529 ^ _1486_/X (sky130_fd_sc_hd__o211a_2)
                                                         _0031_ (net)
                      0.043220    0.000026    9.381555 ^ _1603_/D (sky130_fd_sc_hd__dfxtp_2)
                                              9.381555   data arrival time

                                 20.000000   20.000000   clock clk (rise edge)
                                  0.000000   20.000000   clock source latency
     1    0.018955    0.091051    0.062521   20.062521 ^ clk (in)
                                                         clk (net)
                      0.091057    0.000000   20.062521 ^ clkbuf_0_clk/A (sky130_fd_sc_hd__clkbuf_16)
     8    0.082146    0.098721    0.189527   20.252048 ^ clkbuf_0_clk/X (sky130_fd_sc_hd__clkbuf_16)
                                                         clknet_0_clk (net)
                      0.098744    0.001503   20.253550 ^ clkbuf_3_2__f_clk/A (sky130_fd_sc_hd__clkbuf_16)
     8    0.023860    0.045280    0.148692   20.402243 ^ clkbuf_3_2__f_clk/X (sky130_fd_sc_hd__clkbuf_16)
                                                         clknet_3_2__leaf_clk (net)
                      0.045280    0.000082   20.402325 ^ _1603_/CLK (sky130_fd_sc_hd__dfxtp_2)
                                 -0.250000   20.152325   clock uncertainty
                                  0.000000   20.152325   clock reconvergence pessimism
                                 -0.058401   20.093924   library setup time
                                             20.093924   data required time
---------------------------------------------------------------------------------------------
                                             20.093924   data required time
                                             -9.381555   data arrival time
---------------------------------------------------------------------------------------------
                                             10.712369   slack (MET)


Startpoint: _1595_ (rising edge-triggered flip-flop clocked by clk)
Endpoint: _1606_ (rising edge-triggered flip-flop clocked by clk)
Path Group: clk
Path Type: max

Fanout         Cap        Slew       Delay        Time   Description
---------------------------------------------------------------------------------------------
                                  0.000000    0.000000   clock clk (rise edge)
                                  0.000000    0.000000   clock source latency
     1    0.018955    0.091051    0.062520    0.062520 ^ clk (in)
                                                         clk (net)
                      0.091057    0.000000    0.062520 ^ clkbuf_0_clk/A (sky130_fd_sc_hd__clkbuf_16)
     8    0.082146    0.098721    0.189527    0.252047 ^ clkbuf_0_clk/X (sky130_fd_sc_hd__clkbuf_16)
                                                         clknet_0_clk (net)
                      0.098760    0.001849    0.253897 ^ clkbuf_3_6__f_clk/A (sky130_fd_sc_hd__clkbuf_16)
     8    0.023487    0.044949    0.148317    0.402213 ^ clkbuf_3_6__f_clk/X (sky130_fd_sc_hd__clkbuf_16)
                                                         clknet_3_6__leaf_clk (net)
                      0.044953    0.000457    0.402670 ^ _1595_/CLK (sky130_fd_sc_hd__dfxtp_2)
     1    0.002450    0.021901    0.300485    0.703155 v _1595_/Q (sky130_fd_sc_hd__dfxtp_2)
                                                         u_dp.b_q[3] (net)
                      0.021901    0.000022    0.703177 v fanout51/A (sky130_fd_sc_hd__clkdlybuf4s25_1)
     7    0.046540    0.342846    0.468758    1.171935 v fanout51/X (sky130_fd_sc_hd__clkdlybuf4s25_1)
                                                         net51 (net)
                      0.342846    0.000949    1.172884 v fanout50/A (sky130_fd_sc_hd__clkdlybuf4s25_1)
    10    0.042206    0.311799    0.557969    1.730853 v fanout50/X (sky130_fd_sc_hd__clkdlybuf4s25_1)
                                                         net50 (net)
                      0.311800    0.001238    1.732091 v _0808_/B (sky130_fd_sc_hd__and3_2)
     3    0.009012    0.052593    0.333612    2.065703 v _0808_/X (sky130_fd_sc_hd__and3_2)
                                                         _0078_ (net)
                      0.052593    0.000099    2.065802 v _0811_/A (sky130_fd_sc_hd__or3_2)
     2    0.003919    0.080563    0.474799    2.540601 v _0811_/X (sky130_fd_sc_hd__or3_2)
                                                         _0081_ (net)
                      0.080563    0.000030    2.540632 v _0812_/B (sky130_fd_sc_hd__and2b_2)
     1    0.003679    0.037960    0.204585    2.745217 v _0812_/X (sky130_fd_sc_hd__and2b_2)
                                                         _0082_ (net)
                      0.037960    0.000059    2.745275 v fanout22/A (sky130_fd_sc_hd__clkdlybuf4s25_1)
     9    0.061844    0.451877    0.555964    3.301240 v fanout22/X (sky130_fd_sc_hd__clkdlybuf4s25_1)
                                                         net22 (net)
                      0.451886    0.002450    3.303689 v fanout21/A (sky130_fd_sc_hd__clkdlybuf4s25_1)
     7    0.052465    0.384849    0.636035    3.939724 v fanout21/X (sky130_fd_sc_hd__clkdlybuf4s25_1)
                                                         net21 (net)
                      0.384861    0.002406    3.942130 v fanout20/A (sky130_fd_sc_hd__clkdlybuf4s25_1)
    10    0.068156    0.496673    0.704197    4.646327 v fanout20/X (sky130_fd_sc_hd__clkdlybuf4s25_1)
                                                         net20 (net)
                      0.496674    0.001513    4.647840 v _0890_/A (sky130_fd_sc_hd__xor2_2)
     2    0.006906    0.126227    0.319156    4.966996 v _0890_/X (sky130_fd_sc_hd__xor2_2)
                                                         _0160_ (net)
                      0.126227    0.000042    4.967038 v _0893_/B (sky130_fd_sc_hd__or2_2)
     1    0.001816    0.050484    0.290744    5.257782 v _0893_/X (sky130_fd_sc_hd__or2_2)
                                                         _0163_ (net)
                      0.050484    0.000016    5.257798 v _0894_/B (sky130_fd_sc_hd__and2_2)
     3    0.020157    0.073057    0.233725    5.491523 v _0894_/X (sky130_fd_sc_hd__and2_2)
                                                         _0164_ (net)
                      0.073057    0.000123    5.491646 v _0895_/B (sky130_fd_sc_hd__nor2_2)
     2    0.015438    0.186319    0.175002    5.666648 ^ _0895_/Y (sky130_fd_sc_hd__nor2_2)
                                                         _0165_ (net)
                      0.186319    0.000033    5.666681 ^ _0896_/B (sky130_fd_sc_hd__xor2_2)
     2    0.013861    0.206131    0.229047    5.895728 ^ _0896_/X (sky130_fd_sc_hd__xor2_2)
                                                         _0166_ (net)
                      0.206131    0.000136    5.895864 ^ _0901_/B (sky130_fd_sc_hd__xnor2_2)
     2    0.006413    0.068260    0.092094    5.987958 v _0901_/Y (sky130_fd_sc_hd__xnor2_2)
                                                         _0171_ (net)
                      0.068260    0.000036    5.987995 v _0983_/A (sky130_fd_sc_hd__and2_2)
     1    0.004848    0.041814    0.180577    6.168571 v _0983_/X (sky130_fd_sc_hd__and2_2)
                                                         _0253_ (net)
                      0.041814    0.000051    6.168622 v _0984_/B (sky130_fd_sc_hd__nor2_2)
     2    0.015508    0.187015    0.163848    6.332471 ^ _0984_/Y (sky130_fd_sc_hd__nor2_2)
                                                         _0254_ (net)
                      0.187015    0.000219    6.332690 ^ _0985_/B (sky130_fd_sc_hd__xor2_2)
     2    0.014977    0.218094    0.238066    6.570755 ^ _0985_/X (sky130_fd_sc_hd__xor2_2)
                                                         _0255_ (net)
                      0.218094    0.000116    6.570871 ^ _0992_/A (sky130_fd_sc_hd__nand2_2)
     2    0.004782    0.059682    0.072281    6.643152 v _0992_/Y (sky130_fd_sc_hd__nand2_2)
                                                         _0262_ (net)
                      0.059682    0.000040    6.643192 v _0994_/A_N (sky130_fd_sc_hd__nand2b_2)
     1    0.002690    0.039715    0.170159    6.813351 v _0994_/Y (sky130_fd_sc_hd__nand2b_2)
                                                         _0264_ (net)
                      0.039715    0.000025    6.813376 v _1388_/A1 (sky130_fd_sc_hd__o221a_2)
     4    0.016932    0.079255    0.324374    7.137750 v _1388_/X (sky130_fd_sc_hd__o221a_2)
                                                         _0658_ (net)
                      0.079256    0.000476    7.138226 v _1393_/A2 (sky130_fd_sc_hd__o31ai_2)
     3    0.010917    0.292757    0.315608    7.453833 ^ _1393_/Y (sky130_fd_sc_hd__o31ai_2)
                                                         _0663_ (net)
                      0.292757    0.000209    7.454042 ^ _1394_/B (sky130_fd_sc_hd__nand2_2)
     2    0.007967    0.070934    0.104277    7.558320 v _1394_/Y (sky130_fd_sc_hd__nand2_2)
                                                         _0664_ (net)
                      0.070934    0.000091    7.558410 v _1405_/A2 (sky130_fd_sc_hd__o211ai_2)
     5    0.029476    0.378108    0.338733    7.897143 ^ _1405_/Y (sky130_fd_sc_hd__o211ai_2)
                                                         _0675_ (net)
                      0.378109    0.000386    7.897529 ^ _1473_/A1 (sky130_fd_sc_hd__a21bo_2)
     1    0.004084    0.042763    0.197734    8.095263 ^ _1473_/X (sky130_fd_sc_hd__a21bo_2)
                                                         _0718_ (net)
                      0.042763    0.000045    8.095308 ^ fanout16/A (sky130_fd_sc_hd__clkdlybuf4s25_1)
     5    0.025727    0.262947    0.400127    8.495436 ^ fanout16/X (sky130_fd_sc_hd__clkdlybuf4s25_1)
                                                         net16 (net)
                      0.262947    0.000473    8.495909 ^ fanout15/A (sky130_fd_sc_hd__clkdlybuf4s25_1)
    10    0.041655    0.418100    0.570390    9.066299 ^ fanout15/X (sky130_fd_sc_hd__clkdlybuf4s25_1)
                                                         net15 (net)
                      0.418100    0.001048    9.067348 ^ _1495_/B1 (sky130_fd_sc_hd__a31o_2)
     1    0.003504    0.046229    0.171386    9.238732 ^ _1495_/X (sky130_fd_sc_hd__a31o_2)
                                                         _0734_ (net)
                      0.046229    0.000043    9.238775 ^ _1496_/C1 (sky130_fd_sc_hd__o211a_2)
     1    0.002034    0.042039    0.147626    9.386401 ^ _1496_/X (sky130_fd_sc_hd__o211a_2)
                                                         _0034_ (net)
                      0.042039    0.000009    9.386410 ^ _1606_/D (sky130_fd_sc_hd__dfxtp_2)
                                              9.386410   data arrival time

                                 20.000000   20.000000   clock clk (rise edge)
                                  0.000000   20.000000   clock source latency
     1    0.018955    0.091051    0.062521   20.062521 ^ clk (in)
                                                         clk (net)
                      0.091057    0.000000   20.062521 ^ clkbuf_0_clk/A (sky130_fd_sc_hd__clkbuf_16)
     8    0.082146    0.098721    0.189527   20.252048 ^ clkbuf_0_clk/X (sky130_fd_sc_hd__clkbuf_16)
                                                         clknet_0_clk (net)
                      0.098731    0.001092   20.253139 ^ clkbuf_3_4__f_clk/A (sky130_fd_sc_hd__clkbuf_16)
     8    0.030458    0.051472    0.154428   20.407568 ^ clkbuf_3_4__f_clk/X (sky130_fd_sc_hd__clkbuf_16)
                                                         clknet_3_4__leaf_clk (net)
                      0.051474    0.000547   20.408115 ^ _1606_/CLK (sky130_fd_sc_hd__dfxtp_2)
                                 -0.250000   20.158115   clock uncertainty
                                  0.000000   20.158115   clock reconvergence pessimism
                                 -0.057208   20.100908   library setup time
                                             20.100908   data required time
---------------------------------------------------------------------------------------------
                                             20.100908   data required time
                                             -9.386410   data arrival time
---------------------------------------------------------------------------------------------
                                             10.714498   slack (MET)


Startpoint: _1595_ (rising edge-triggered flip-flop clocked by clk)
Endpoint: _1621_ (rising edge-triggered flip-flop clocked by clk)
Path Group: clk
Path Type: max

Fanout         Cap        Slew       Delay        Time   Description
---------------------------------------------------------------------------------------------
                                  0.000000    0.000000   clock clk (rise edge)
                                  0.000000    0.000000   clock source latency
     1    0.018955    0.091051    0.062520    0.062520 ^ clk (in)
                                                         clk (net)
                      0.091057    0.000000    0.062520 ^ clkbuf_0_clk/A (sky130_fd_sc_hd__clkbuf_16)
     8    0.082146    0.098721    0.189527    0.252047 ^ clkbuf_0_clk/X (sky130_fd_sc_hd__clkbuf_16)
                                                         clknet_0_clk (net)
                      0.098760    0.001849    0.253897 ^ clkbuf_3_6__f_clk/A (sky130_fd_sc_hd__clkbuf_16)
     8    0.023487    0.044949    0.148317    0.402213 ^ clkbuf_3_6__f_clk/X (sky130_fd_sc_hd__clkbuf_16)
                                                         clknet_3_6__leaf_clk (net)
                      0.044953    0.000457    0.402670 ^ _1595_/CLK (sky130_fd_sc_hd__dfxtp_2)
     1    0.002450    0.021901    0.300485    0.703155 v _1595_/Q (sky130_fd_sc_hd__dfxtp_2)
                                                         u_dp.b_q[3] (net)
                      0.021901    0.000022    0.703177 v fanout51/A (sky130_fd_sc_hd__clkdlybuf4s25_1)
     7    0.046540    0.342846    0.468758    1.171935 v fanout51/X (sky130_fd_sc_hd__clkdlybuf4s25_1)
                                                         net51 (net)
                      0.342846    0.000949    1.172884 v fanout50/A (sky130_fd_sc_hd__clkdlybuf4s25_1)
    10    0.042206    0.311799    0.557969    1.730853 v fanout50/X (sky130_fd_sc_hd__clkdlybuf4s25_1)
                                                         net50 (net)
                      0.311800    0.001238    1.732091 v _0808_/B (sky130_fd_sc_hd__and3_2)
     3    0.009012    0.052593    0.333612    2.065703 v _0808_/X (sky130_fd_sc_hd__and3_2)
                                                         _0078_ (net)
                      0.052593    0.000099    2.065802 v _0811_/A (sky130_fd_sc_hd__or3_2)
     2    0.003919    0.080563    0.474799    2.540601 v _0811_/X (sky130_fd_sc_hd__or3_2)
                                                         _0081_ (net)
                      0.080563    0.000030    2.540632 v _0812_/B (sky130_fd_sc_hd__and2b_2)
     1    0.003679    0.037960    0.204585    2.745217 v _0812_/X (sky130_fd_sc_hd__and2b_2)
                                                         _0082_ (net)
                      0.037960    0.000059    2.745275 v fanout22/A (sky130_fd_sc_hd__clkdlybuf4s25_1)
     9    0.061844    0.451877    0.555964    3.301240 v fanout22/X (sky130_fd_sc_hd__clkdlybuf4s25_1)
                                                         net22 (net)
                      0.451886    0.002450    3.303689 v fanout21/A (sky130_fd_sc_hd__clkdlybuf4s25_1)
     7    0.052465    0.384849    0.636035    3.939724 v fanout21/X (sky130_fd_sc_hd__clkdlybuf4s25_1)
                                                         net21 (net)
                      0.384861    0.002406    3.942130 v fanout20/A (sky130_fd_sc_hd__clkdlybuf4s25_1)
    10    0.068156    0.496673    0.704197    4.646327 v fanout20/X (sky130_fd_sc_hd__clkdlybuf4s25_1)
                                                         net20 (net)
                      0.496674    0.001513    4.647840 v _0890_/A (sky130_fd_sc_hd__xor2_2)
     2    0.006906    0.126227    0.319156    4.966996 v _0890_/X (sky130_fd_sc_hd__xor2_2)
                                                         _0160_ (net)
                      0.126227    0.000042    4.967038 v _0893_/B (sky130_fd_sc_hd__or2_2)
     1    0.001816    0.050484    0.290744    5.257782 v _0893_/X (sky130_fd_sc_hd__or2_2)
                                                         _0163_ (net)
                      0.050484    0.000016    5.257798 v _0894_/B (sky130_fd_sc_hd__and2_2)
     3    0.020157    0.073057    0.233725    5.491523 v _0894_/X (sky130_fd_sc_hd__and2_2)
                                                         _0164_ (net)
                      0.073057    0.000123    5.491646 v _0895_/B (sky130_fd_sc_hd__nor2_2)
     2    0.015438    0.186319    0.175002    5.666648 ^ _0895_/Y (sky130_fd_sc_hd__nor2_2)
                                                         _0165_ (net)
                      0.186319    0.000033    5.666681 ^ _0896_/B (sky130_fd_sc_hd__xor2_2)
     2    0.013861    0.206131    0.229047    5.895728 ^ _0896_/X (sky130_fd_sc_hd__xor2_2)
                                                         _0166_ (net)
                      0.206131    0.000136    5.895864 ^ _0901_/B (sky130_fd_sc_hd__xnor2_2)
     2    0.006413    0.068260    0.092094    5.987958 v _0901_/Y (sky130_fd_sc_hd__xnor2_2)
                                                         _0171_ (net)
                      0.068260    0.000036    5.987995 v _0983_/A (sky130_fd_sc_hd__and2_2)
     1    0.004848    0.041814    0.180577    6.168571 v _0983_/X (sky130_fd_sc_hd__and2_2)
                                                         _0253_ (net)
                      0.041814    0.000051    6.168622 v _0984_/B (sky130_fd_sc_hd__nor2_2)
     2    0.015508    0.187015    0.163848    6.332471 ^ _0984_/Y (sky130_fd_sc_hd__nor2_2)
                                                         _0254_ (net)
                      0.187015    0.000219    6.332690 ^ _0985_/B (sky130_fd_sc_hd__xor2_2)
     2    0.014977    0.218094    0.238066    6.570755 ^ _0985_/X (sky130_fd_sc_hd__xor2_2)
                                                         _0255_ (net)
                      0.218094    0.000116    6.570871 ^ _0992_/A (sky130_fd_sc_hd__nand2_2)
     2    0.004782    0.059682    0.072281    6.643152 v _0992_/Y (sky130_fd_sc_hd__nand2_2)
                                                         _0262_ (net)
                      0.059682    0.000040    6.643192 v _0994_/A_N (sky130_fd_sc_hd__nand2b_2)
     1    0.002690    0.039715    0.170159    6.813351 v _0994_/Y (sky130_fd_sc_hd__nand2b_2)
                                                         _0264_ (net)
                      0.039715    0.000025    6.813376 v _1388_/A1 (sky130_fd_sc_hd__o221a_2)
     4    0.016932    0.079255    0.324374    7.137750 v _1388_/X (sky130_fd_sc_hd__o221a_2)
                                                         _0658_ (net)
                      0.079256    0.000476    7.138226 v _1393_/A2 (sky130_fd_sc_hd__o31ai_2)
     3    0.010917    0.292757    0.315608    7.453833 ^ _1393_/Y (sky130_fd_sc_hd__o31ai_2)
                                                         _0663_ (net)
                      0.292757    0.000209    7.454042 ^ _1394_/B (sky130_fd_sc_hd__nand2_2)
     2    0.007967    0.070934    0.104277    7.558320 v _1394_/Y (sky130_fd_sc_hd__nand2_2)
                                                         _0664_ (net)
                      0.070934    0.000091    7.558410 v _1405_/A2 (sky130_fd_sc_hd__o211ai_2)
     5    0.029476    0.378108    0.338733    7.897143 ^ _1405_/Y (sky130_fd_sc_hd__o211ai_2)
                                                         _0675_ (net)
                      0.378109    0.000386    7.897529 ^ _1473_/A1 (sky130_fd_sc_hd__a21bo_2)
     1    0.004084    0.042763    0.197734    8.095263 ^ _1473_/X (sky130_fd_sc_hd__a21bo_2)
                                                         _0718_ (net)
                      0.042763    0.000045    8.095308 ^ fanout16/A (sky130_fd_sc_hd__clkdlybuf4s25_1)
     5    0.025727    0.262947    0.400127    8.495436 ^ fanout16/X (sky130_fd_sc_hd__clkdlybuf4s25_1)
                                                         net16 (net)
                      0.262947    0.000120    8.495556 ^ fanout14/A (sky130_fd_sc_hd__clkdlybuf4s25_1)
    10    0.043066    0.431858    0.579968    9.075523 ^ fanout14/X (sky130_fd_sc_hd__clkdlybuf4s25_1)
                                                         net14 (net)
                      0.431858    0.000600    9.076124 ^ _1555_/B1 (sky130_fd_sc_hd__a21o_2)
     1    0.003447    0.039230    0.150650    9.226774 ^ _1555_/X (sky130_fd_sc_hd__a21o_2)
                                                         _0779_ (net)
                      0.039230    0.000041    9.226815 ^ _1556_/C1 (sky130_fd_sc_hd__o211a_2)
     1    0.002847    0.044549    0.150487    9.377302 ^ _1556_/X (sky130_fd_sc_hd__o211a_2)
                                                         _0049_ (net)
                      0.044549    0.000033    9.377335 ^ _1621_/D (sky130_fd_sc_hd__dfxtp_2)
                                              9.377335   data arrival time

                                 20.000000   20.000000   clock clk (rise edge)
                                  0.000000   20.000000   clock source latency
     1    0.018955    0.091051    0.062521   20.062521 ^ clk (in)
                                                         clk (net)
                      0.091057    0.000000   20.062521 ^ clkbuf_0_clk/A (sky130_fd_sc_hd__clkbuf_16)
     8    0.082146    0.098721    0.189527   20.252048 ^ clkbuf_0_clk/X (sky130_fd_sc_hd__clkbuf_16)
                                                         clknet_0_clk (net)
                      0.098751    0.001663   20.253710 ^ clkbuf_3_0__f_clk/A (sky130_fd_sc_hd__clkbuf_16)
     8    0.023126    0.044619    0.148093   20.401804 ^ clkbuf_3_0__f_clk/X (sky130_fd_sc_hd__clkbuf_16)
                                                         clknet_3_0__leaf_clk (net)
                      0.044622    0.000380   20.402184 ^ _1621_/CLK (sky130_fd_sc_hd__dfxtp_2)
                                 -0.250000   20.152185   clock uncertainty
                                  0.000000   20.152185   clock reconvergence pessimism
                                 -0.058812   20.093372   library setup time
                                             20.093372   data required time
---------------------------------------------------------------------------------------------
                                             20.093372   data required time
                                             -9.377335   data arrival time
---------------------------------------------------------------------------------------------
                                             10.716038   slack (MET)


Startpoint: _1595_ (rising edge-triggered flip-flop clocked by clk)
Endpoint: _1619_ (rising edge-triggered flip-flop clocked by clk)
Path Group: clk
Path Type: max

Fanout         Cap        Slew       Delay        Time   Description
---------------------------------------------------------------------------------------------
                                  0.000000    0.000000   clock clk (rise edge)
                                  0.000000    0.000000   clock source latency
     1    0.018955    0.091051    0.062520    0.062520 ^ clk (in)
                                                         clk (net)
                      0.091057    0.000000    0.062520 ^ clkbuf_0_clk/A (sky130_fd_sc_hd__clkbuf_16)
     8    0.082146    0.098721    0.189527    0.252047 ^ clkbuf_0_clk/X (sky130_fd_sc_hd__clkbuf_16)
                                                         clknet_0_clk (net)
                      0.098760    0.001849    0.253897 ^ clkbuf_3_6__f_clk/A (sky130_fd_sc_hd__clkbuf_16)
     8    0.023487    0.044949    0.148317    0.402213 ^ clkbuf_3_6__f_clk/X (sky130_fd_sc_hd__clkbuf_16)
                                                         clknet_3_6__leaf_clk (net)
                      0.044953    0.000457    0.402670 ^ _1595_/CLK (sky130_fd_sc_hd__dfxtp_2)
     1    0.002450    0.021901    0.300485    0.703155 v _1595_/Q (sky130_fd_sc_hd__dfxtp_2)
                                                         u_dp.b_q[3] (net)
                      0.021901    0.000022    0.703177 v fanout51/A (sky130_fd_sc_hd__clkdlybuf4s25_1)
     7    0.046540    0.342846    0.468758    1.171935 v fanout51/X (sky130_fd_sc_hd__clkdlybuf4s25_1)
                                                         net51 (net)
                      0.342846    0.000949    1.172884 v fanout50/A (sky130_fd_sc_hd__clkdlybuf4s25_1)
    10    0.042206    0.311799    0.557969    1.730853 v fanout50/X (sky130_fd_sc_hd__clkdlybuf4s25_1)
                                                         net50 (net)
                      0.311800    0.001238    1.732091 v _0808_/B (sky130_fd_sc_hd__and3_2)
     3    0.009012    0.052593    0.333612    2.065703 v _0808_/X (sky130_fd_sc_hd__and3_2)
                                                         _0078_ (net)
                      0.052593    0.000099    2.065802 v _0811_/A (sky130_fd_sc_hd__or3_2)
     2    0.003919    0.080563    0.474799    2.540601 v _0811_/X (sky130_fd_sc_hd__or3_2)
                                                         _0081_ (net)
                      0.080563    0.000030    2.540632 v _0812_/B (sky130_fd_sc_hd__and2b_2)
     1    0.003679    0.037960    0.204585    2.745217 v _0812_/X (sky130_fd_sc_hd__and2b_2)
                                                         _0082_ (net)
                      0.037960    0.000059    2.745275 v fanout22/A (sky130_fd_sc_hd__clkdlybuf4s25_1)
     9    0.061844    0.451877    0.555964    3.301240 v fanout22/X (sky130_fd_sc_hd__clkdlybuf4s25_1)
                                                         net22 (net)
                      0.451886    0.002450    3.303689 v fanout21/A (sky130_fd_sc_hd__clkdlybuf4s25_1)
     7    0.052465    0.384849    0.636035    3.939724 v fanout21/X (sky130_fd_sc_hd__clkdlybuf4s25_1)
                                                         net21 (net)
                      0.384861    0.002406    3.942130 v fanout20/A (sky130_fd_sc_hd__clkdlybuf4s25_1)
    10    0.068156    0.496673    0.704197    4.646327 v fanout20/X (sky130_fd_sc_hd__clkdlybuf4s25_1)
                                                         net20 (net)
                      0.496674    0.001513    4.647840 v _0890_/A (sky130_fd_sc_hd__xor2_2)
     2    0.006906    0.126227    0.319156    4.966996 v _0890_/X (sky130_fd_sc_hd__xor2_2)
                                                         _0160_ (net)
                      0.126227    0.000042    4.967038 v _0893_/B (sky130_fd_sc_hd__or2_2)
     1    0.001816    0.050484    0.290744    5.257782 v _0893_/X (sky130_fd_sc_hd__or2_2)
                                                         _0163_ (net)
                      0.050484    0.000016    5.257798 v _0894_/B (sky130_fd_sc_hd__and2_2)
     3    0.020157    0.073057    0.233725    5.491523 v _0894_/X (sky130_fd_sc_hd__and2_2)
                                                         _0164_ (net)
                      0.073057    0.000123    5.491646 v _0895_/B (sky130_fd_sc_hd__nor2_2)
     2    0.015438    0.186319    0.175002    5.666648 ^ _0895_/Y (sky130_fd_sc_hd__nor2_2)
                                                         _0165_ (net)
                      0.186319    0.000033    5.666681 ^ _0896_/B (sky130_fd_sc_hd__xor2_2)
     2    0.013861    0.206131    0.229047    5.895728 ^ _0896_/X (sky130_fd_sc_hd__xor2_2)
                                                         _0166_ (net)
                      0.206131    0.000136    5.895864 ^ _0901_/B (sky130_fd_sc_hd__xnor2_2)
     2    0.006413    0.068260    0.092094    5.987958 v _0901_/Y (sky130_fd_sc_hd__xnor2_2)
                                                         _0171_ (net)
                      0.068260    0.000036    5.987995 v _0983_/A (sky130_fd_sc_hd__and2_2)
     1    0.004848    0.041814    0.180577    6.168571 v _0983_/X (sky130_fd_sc_hd__and2_2)
                                                         _0253_ (net)
                      0.041814    0.000051    6.168622 v _0984_/B (sky130_fd_sc_hd__nor2_2)
     2    0.015508    0.187015    0.163848    6.332471 ^ _0984_/Y (sky130_fd_sc_hd__nor2_2)
                                                         _0254_ (net)
                      0.187015    0.000219    6.332690 ^ _0985_/B (sky130_fd_sc_hd__xor2_2)
     2    0.014977    0.218094    0.238066    6.570755 ^ _0985_/X (sky130_fd_sc_hd__xor2_2)
                                                         _0255_ (net)
                      0.218094    0.000116    6.570871 ^ _0992_/A (sky130_fd_sc_hd__nand2_2)
     2    0.004782    0.059682    0.072281    6.643152 v _0992_/Y (sky130_fd_sc_hd__nand2_2)
                                                         _0262_ (net)
                      0.059682    0.000040    6.643192 v _0994_/A_N (sky130_fd_sc_hd__nand2b_2)
     1    0.002690    0.039715    0.170159    6.813351 v _0994_/Y (sky130_fd_sc_hd__nand2b_2)
                                                         _0264_ (net)
                      0.039715    0.000025    6.813376 v _1388_/A1 (sky130_fd_sc_hd__o221a_2)
     4    0.016932    0.079255    0.324374    7.137750 v _1388_/X (sky130_fd_sc_hd__o221a_2)
                                                         _0658_ (net)
                      0.079256    0.000476    7.138226 v _1393_/A2 (sky130_fd_sc_hd__o31ai_2)
     3    0.010917    0.292757    0.315608    7.453833 ^ _1393_/Y (sky130_fd_sc_hd__o31ai_2)
                                                         _0663_ (net)
                      0.292757    0.000209    7.454042 ^ _1394_/B (sky130_fd_sc_hd__nand2_2)
     2    0.007967    0.070934    0.104277    7.558320 v _1394_/Y (sky130_fd_sc_hd__nand2_2)
                                                         _0664_ (net)
                      0.070934    0.000091    7.558410 v _1405_/A2 (sky130_fd_sc_hd__o211ai_2)
     5    0.029476    0.378108    0.338733    7.897143 ^ _1405_/Y (sky130_fd_sc_hd__o211ai_2)
                                                         _0675_ (net)
                      0.378109    0.000386    7.897529 ^ _1473_/A1 (sky130_fd_sc_hd__a21bo_2)
     1    0.004084    0.042763    0.197734    8.095263 ^ _1473_/X (sky130_fd_sc_hd__a21bo_2)
                                                         _0718_ (net)
                      0.042763    0.000045    8.095308 ^ fanout16/A (sky130_fd_sc_hd__clkdlybuf4s25_1)
     5    0.025727    0.262947    0.400127    8.495436 ^ fanout16/X (sky130_fd_sc_hd__clkdlybuf4s25_1)
                                                         net16 (net)
                      0.262947    0.000120    8.495556 ^ fanout14/A (sky130_fd_sc_hd__clkdlybuf4s25_1)
    10    0.043066    0.431858    0.579968    9.075523 ^ fanout14/X (sky130_fd_sc_hd__clkdlybuf4s25_1)
                                                         net14 (net)
                      0.431858    0.000730    9.076254 ^ _1548_/B1 (sky130_fd_sc_hd__a21o_2)
     1    0.003781    0.040557    0.152466    9.228720 ^ _1548_/X (sky130_fd_sc_hd__a21o_2)
                                                         _0774_ (net)
                      0.040557    0.000050    9.228769 ^ _1549_/C1 (sky130_fd_sc_hd__o211a_2)
     1    0.002050    0.040671    0.145979    9.374748 ^ _1549_/X (sky130_fd_sc_hd__o211a_2)
                                                         _0047_ (net)
                      0.040671    0.000019    9.374767 ^ _1619_/D (sky130_fd_sc_hd__dfxtp_2)
                                              9.374767   data arrival time

                                 20.000000   20.000000   clock clk (rise edge)
                                  0.000000   20.000000   clock source latency
     1    0.018955    0.091051    0.062521   20.062521 ^ clk (in)
                                                         clk (net)
                      0.091057    0.000000   20.062521 ^ clkbuf_0_clk/A (sky130_fd_sc_hd__clkbuf_16)
     8    0.082146    0.098721    0.189527   20.252048 ^ clkbuf_0_clk/X (sky130_fd_sc_hd__clkbuf_16)
                                                         clknet_0_clk (net)
                      0.098751    0.001663   20.253710 ^ clkbuf_3_0__f_clk/A (sky130_fd_sc_hd__clkbuf_16)
     8    0.023126    0.044619    0.148093   20.401804 ^ clkbuf_3_0__f_clk/X (sky130_fd_sc_hd__clkbuf_16)
                                                         clknet_3_0__leaf_clk (net)
                      0.044622    0.000387   20.402191 ^ _1619_/CLK (sky130_fd_sc_hd__dfxtp_2)
                                 -0.250000   20.152191   clock uncertainty
                                  0.000000   20.152191   clock reconvergence pessimism
                                 -0.057897   20.094296   library setup time
                                             20.094296   data required time
---------------------------------------------------------------------------------------------
                                             20.094296   data required time
                                             -9.374767   data arrival time
---------------------------------------------------------------------------------------------
                                             10.719528   slack (MET)


Startpoint: _1595_ (rising edge-triggered flip-flop clocked by clk)
Endpoint: _1610_ (rising edge-triggered flip-flop clocked by clk)
Path Group: clk
Path Type: max

Fanout         Cap        Slew       Delay        Time   Description
---------------------------------------------------------------------------------------------
                                  0.000000    0.000000   clock clk (rise edge)
                                  0.000000    0.000000   clock source latency
     1    0.018955    0.091051    0.062520    0.062520 ^ clk (in)
                                                         clk (net)
                      0.091057    0.000000    0.062520 ^ clkbuf_0_clk/A (sky130_fd_sc_hd__clkbuf_16)
     8    0.082146    0.098721    0.189527    0.252047 ^ clkbuf_0_clk/X (sky130_fd_sc_hd__clkbuf_16)
                                                         clknet_0_clk (net)
                      0.098760    0.001849    0.253897 ^ clkbuf_3_6__f_clk/A (sky130_fd_sc_hd__clkbuf_16)
     8    0.023487    0.044949    0.148317    0.402213 ^ clkbuf_3_6__f_clk/X (sky130_fd_sc_hd__clkbuf_16)
                                                         clknet_3_6__leaf_clk (net)
                      0.044953    0.000457    0.402670 ^ _1595_/CLK (sky130_fd_sc_hd__dfxtp_2)
     1    0.002450    0.021901    0.300485    0.703155 v _1595_/Q (sky130_fd_sc_hd__dfxtp_2)
                                                         u_dp.b_q[3] (net)
                      0.021901    0.000022    0.703177 v fanout51/A (sky130_fd_sc_hd__clkdlybuf4s25_1)
     7    0.046540    0.342846    0.468758    1.171935 v fanout51/X (sky130_fd_sc_hd__clkdlybuf4s25_1)
                                                         net51 (net)
                      0.342846    0.000949    1.172884 v fanout50/A (sky130_fd_sc_hd__clkdlybuf4s25_1)
    10    0.042206    0.311799    0.557969    1.730853 v fanout50/X (sky130_fd_sc_hd__clkdlybuf4s25_1)
                                                         net50 (net)
                      0.311800    0.001238    1.732091 v _0808_/B (sky130_fd_sc_hd__and3_2)
     3    0.009012    0.052593    0.333612    2.065703 v _0808_/X (sky130_fd_sc_hd__and3_2)
                                                         _0078_ (net)
                      0.052593    0.000099    2.065802 v _0811_/A (sky130_fd_sc_hd__or3_2)
     2    0.003919    0.080563    0.474799    2.540601 v _0811_/X (sky130_fd_sc_hd__or3_2)
                                                         _0081_ (net)
                      0.080563    0.000030    2.540632 v _0812_/B (sky130_fd_sc_hd__and2b_2)
     1    0.003679    0.037960    0.204585    2.745217 v _0812_/X (sky130_fd_sc_hd__and2b_2)
                                                         _0082_ (net)
                      0.037960    0.000059    2.745275 v fanout22/A (sky130_fd_sc_hd__clkdlybuf4s25_1)
     9    0.061844    0.451877    0.555964    3.301240 v fanout22/X (sky130_fd_sc_hd__clkdlybuf4s25_1)
                                                         net22 (net)
                      0.451886    0.002450    3.303689 v fanout21/A (sky130_fd_sc_hd__clkdlybuf4s25_1)
     7    0.052465    0.384849    0.636035    3.939724 v fanout21/X (sky130_fd_sc_hd__clkdlybuf4s25_1)
                                                         net21 (net)
                      0.384861    0.002406    3.942130 v fanout20/A (sky130_fd_sc_hd__clkdlybuf4s25_1)
    10    0.068156    0.496673    0.704197    4.646327 v fanout20/X (sky130_fd_sc_hd__clkdlybuf4s25_1)
                                                         net20 (net)
                      0.496674    0.001513    4.647840 v _0890_/A (sky130_fd_sc_hd__xor2_2)
     2    0.006906    0.126227    0.319156    4.966996 v _0890_/X (sky130_fd_sc_hd__xor2_2)
                                                         _0160_ (net)
                      0.126227    0.000042    4.967038 v _0893_/B (sky130_fd_sc_hd__or2_2)
     1    0.001816    0.050484    0.290744    5.257782 v _0893_/X (sky130_fd_sc_hd__or2_2)
                                                         _0163_ (net)
                      0.050484    0.000016    5.257798 v _0894_/B (sky130_fd_sc_hd__and2_2)
     3    0.020157    0.073057    0.233725    5.491523 v _0894_/X (sky130_fd_sc_hd__and2_2)
                                                         _0164_ (net)
                      0.073057    0.000123    5.491646 v _0895_/B (sky130_fd_sc_hd__nor2_2)
     2    0.015438    0.186319    0.175002    5.666648 ^ _0895_/Y (sky130_fd_sc_hd__nor2_2)
                                                         _0165_ (net)
                      0.186319    0.000033    5.666681 ^ _0896_/B (sky130_fd_sc_hd__xor2_2)
     2    0.013861    0.206131    0.229047    5.895728 ^ _0896_/X (sky130_fd_sc_hd__xor2_2)
                                                         _0166_ (net)
                      0.206131    0.000136    5.895864 ^ _0901_/B (sky130_fd_sc_hd__xnor2_2)
     2    0.006413    0.068260    0.092094    5.987958 v _0901_/Y (sky130_fd_sc_hd__xnor2_2)
                                                         _0171_ (net)
                      0.068260    0.000036    5.987995 v _0983_/A (sky130_fd_sc_hd__and2_2)
     1    0.004848    0.041814    0.180577    6.168571 v _0983_/X (sky130_fd_sc_hd__and2_2)
                                                         _0253_ (net)
                      0.041814    0.000051    6.168622 v _0984_/B (sky130_fd_sc_hd__nor2_2)
     2    0.015508    0.187015    0.163848    6.332471 ^ _0984_/Y (sky130_fd_sc_hd__nor2_2)
                                                         _0254_ (net)
                      0.187015    0.000219    6.332690 ^ _0985_/B (sky130_fd_sc_hd__xor2_2)
     2    0.014977    0.218094    0.238066    6.570755 ^ _0985_/X (sky130_fd_sc_hd__xor2_2)
                                                         _0255_ (net)
                      0.218094    0.000116    6.570871 ^ _0992_/A (sky130_fd_sc_hd__nand2_2)
     2    0.004782    0.059682    0.072281    6.643152 v _0992_/Y (sky130_fd_sc_hd__nand2_2)
                                                         _0262_ (net)
                      0.059682    0.000040    6.643192 v _0994_/A_N (sky130_fd_sc_hd__nand2b_2)
     1    0.002690    0.039715    0.170159    6.813351 v _0994_/Y (sky130_fd_sc_hd__nand2b_2)
                                                         _0264_ (net)
                      0.039715    0.000025    6.813376 v _1388_/A1 (sky130_fd_sc_hd__o221a_2)
     4    0.016932    0.079255    0.324374    7.137750 v _1388_/X (sky130_fd_sc_hd__o221a_2)
                                                         _0658_ (net)
                      0.079256    0.000476    7.138226 v _1393_/A2 (sky130_fd_sc_hd__o31ai_2)
     3    0.010917    0.292757    0.315608    7.453833 ^ _1393_/Y (sky130_fd_sc_hd__o31ai_2)
                                                         _0663_ (net)
                      0.292757    0.000209    7.454042 ^ _1394_/B (sky130_fd_sc_hd__nand2_2)
     2    0.007967    0.070934    0.104277    7.558320 v _1394_/Y (sky130_fd_sc_hd__nand2_2)
                                                         _0664_ (net)
                      0.070934    0.000091    7.558410 v _1405_/A2 (sky130_fd_sc_hd__o211ai_2)
     5    0.029476    0.378108    0.338733    7.897143 ^ _1405_/Y (sky130_fd_sc_hd__o211ai_2)
                                                         _0675_ (net)
                      0.378109    0.000386    7.897529 ^ _1473_/A1 (sky130_fd_sc_hd__a21bo_2)
     1    0.004084    0.042763    0.197734    8.095263 ^ _1473_/X (sky130_fd_sc_hd__a21bo_2)
                                                         _0718_ (net)
                      0.042763    0.000045    8.095308 ^ fanout16/A (sky130_fd_sc_hd__clkdlybuf4s25_1)
     5    0.025727    0.262947    0.400127    8.495436 ^ fanout16/X (sky130_fd_sc_hd__clkdlybuf4s25_1)
                                                         net16 (net)
                      0.262947    0.000120    8.495556 ^ fanout14/A (sky130_fd_sc_hd__clkdlybuf4s25_1)
    10    0.043066    0.431858    0.579968    9.075523 ^ fanout14/X (sky130_fd_sc_hd__clkdlybuf4s25_1)
                                                         net14 (net)
                      0.431858    0.000995    9.076518 ^ _1510_/B1 (sky130_fd_sc_hd__a21o_2)
     1    0.003271    0.038544    0.149698    9.226216 ^ _1510_/X (sky130_fd_sc_hd__a21o_2)
                                                         _0745_ (net)
                      0.038544    0.000036    9.226252 ^ _1511_/C1 (sky130_fd_sc_hd__o211a_2)
     1    0.002169    0.041368    0.146097    9.372350 ^ _1511_/X (sky130_fd_sc_hd__o211a_2)
                                                         _0038_ (net)
                      0.041368    0.000020    9.372370 ^ _1610_/D (sky130_fd_sc_hd__dfxtp_2)
                                              9.372370   data arrival time

                                 20.000000   20.000000   clock clk (rise edge)
                                  0.000000   20.000000   clock source latency
     1    0.018955    0.091051    0.062521   20.062521 ^ clk (in)
                                                         clk (net)
                      0.091057    0.000000   20.062521 ^ clkbuf_0_clk/A (sky130_fd_sc_hd__clkbuf_16)
     8    0.082146    0.098721    0.189527   20.252048 ^ clkbuf_0_clk/X (sky130_fd_sc_hd__clkbuf_16)
                                                         clknet_0_clk (net)
                      0.098750    0.001636   20.253683 ^ clkbuf_3_1__f_clk/A (sky130_fd_sc_hd__clkbuf_16)
     8    0.022745    0.044279    0.147780   20.401464 ^ clkbuf_3_1__f_clk/X (sky130_fd_sc_hd__clkbuf_16)
                                                         clknet_3_1__leaf_clk (net)
                      0.044279    0.000133   20.401598 ^ _1610_/CLK (sky130_fd_sc_hd__dfxtp_2)
                                 -0.250000   20.151598   clock uncertainty
                                  0.000000   20.151598   clock reconvergence pessimism
                                 -0.058112   20.093487   library setup time
                                             20.093487   data required time
---------------------------------------------------------------------------------------------
                                             20.093487   data required time
                                             -9.372370   data arrival time
---------------------------------------------------------------------------------------------
                                             10.721117   slack (MET)


Startpoint: _1595_ (rising edge-triggered flip-flop clocked by clk)
Endpoint: _1602_ (rising edge-triggered flip-flop clocked by clk)
Path Group: clk
Path Type: max

Fanout         Cap        Slew       Delay        Time   Description
---------------------------------------------------------------------------------------------
                                  0.000000    0.000000   clock clk (rise edge)
                                  0.000000    0.000000   clock source latency
     1    0.018955    0.091051    0.062520    0.062520 ^ clk (in)
                                                         clk (net)
                      0.091057    0.000000    0.062520 ^ clkbuf_0_clk/A (sky130_fd_sc_hd__clkbuf_16)
     8    0.082146    0.098721    0.189527    0.252047 ^ clkbuf_0_clk/X (sky130_fd_sc_hd__clkbuf_16)
                                                         clknet_0_clk (net)
                      0.098760    0.001849    0.253897 ^ clkbuf_3_6__f_clk/A (sky130_fd_sc_hd__clkbuf_16)
     8    0.023487    0.044949    0.148317    0.402213 ^ clkbuf_3_6__f_clk/X (sky130_fd_sc_hd__clkbuf_16)
                                                         clknet_3_6__leaf_clk (net)
                      0.044953    0.000457    0.402670 ^ _1595_/CLK (sky130_fd_sc_hd__dfxtp_2)
     1    0.002450    0.021901    0.300485    0.703155 v _1595_/Q (sky130_fd_sc_hd__dfxtp_2)
                                                         u_dp.b_q[3] (net)
                      0.021901    0.000022    0.703177 v fanout51/A (sky130_fd_sc_hd__clkdlybuf4s25_1)
     7    0.046540    0.342846    0.468758    1.171935 v fanout51/X (sky130_fd_sc_hd__clkdlybuf4s25_1)
                                                         net51 (net)
                      0.342846    0.000949    1.172884 v fanout50/A (sky130_fd_sc_hd__clkdlybuf4s25_1)
    10    0.042206    0.311799    0.557969    1.730853 v fanout50/X (sky130_fd_sc_hd__clkdlybuf4s25_1)
                                                         net50 (net)
                      0.311800    0.001238    1.732091 v _0808_/B (sky130_fd_sc_hd__and3_2)
     3    0.009012    0.052593    0.333612    2.065703 v _0808_/X (sky130_fd_sc_hd__and3_2)
                                                         _0078_ (net)
                      0.052593    0.000099    2.065802 v _0811_/A (sky130_fd_sc_hd__or3_2)
     2    0.003919    0.080563    0.474799    2.540601 v _0811_/X (sky130_fd_sc_hd__or3_2)
                                                         _0081_ (net)
                      0.080563    0.000030    2.540632 v _0812_/B (sky130_fd_sc_hd__and2b_2)
     1    0.003679    0.037960    0.204585    2.745217 v _0812_/X (sky130_fd_sc_hd__and2b_2)
                                                         _0082_ (net)
                      0.037960    0.000059    2.745275 v fanout22/A (sky130_fd_sc_hd__clkdlybuf4s25_1)
     9    0.061844    0.451877    0.555964    3.301240 v fanout22/X (sky130_fd_sc_hd__clkdlybuf4s25_1)
                                                         net22 (net)
                      0.451886    0.002450    3.303689 v fanout21/A (sky130_fd_sc_hd__clkdlybuf4s25_1)
     7    0.052465    0.384849    0.636035    3.939724 v fanout21/X (sky130_fd_sc_hd__clkdlybuf4s25_1)
                                                         net21 (net)
                      0.384861    0.002406    3.942130 v fanout20/A (sky130_fd_sc_hd__clkdlybuf4s25_1)
    10    0.068156    0.496673    0.704197    4.646327 v fanout20/X (sky130_fd_sc_hd__clkdlybuf4s25_1)
                                                         net20 (net)
                      0.496674    0.001513    4.647840 v _0890_/A (sky130_fd_sc_hd__xor2_2)
     2    0.006906    0.126227    0.319156    4.966996 v _0890_/X (sky130_fd_sc_hd__xor2_2)
                                                         _0160_ (net)
                      0.126227    0.000042    4.967038 v _0893_/B (sky130_fd_sc_hd__or2_2)
     1    0.001816    0.050484    0.290744    5.257782 v _0893_/X (sky130_fd_sc_hd__or2_2)
                                                         _0163_ (net)
                      0.050484    0.000016    5.257798 v _0894_/B (sky130_fd_sc_hd__and2_2)
     3    0.020157    0.073057    0.233725    5.491523 v _0894_/X (sky130_fd_sc_hd__and2_2)
                                                         _0164_ (net)
                      0.073057    0.000123    5.491646 v _0895_/B (sky130_fd_sc_hd__nor2_2)
     2    0.015438    0.186319    0.175002    5.666648 ^ _0895_/Y (sky130_fd_sc_hd__nor2_2)
                                                         _0165_ (net)
                      0.186319    0.000033    5.666681 ^ _0896_/B (sky130_fd_sc_hd__xor2_2)
     2    0.013861    0.206131    0.229047    5.895728 ^ _0896_/X (sky130_fd_sc_hd__xor2_2)
                                                         _0166_ (net)
                      0.206131    0.000136    5.895864 ^ _0901_/B (sky130_fd_sc_hd__xnor2_2)
     2    0.006413    0.068260    0.092094    5.987958 v _0901_/Y (sky130_fd_sc_hd__xnor2_2)
                                                         _0171_ (net)
                      0.068260    0.000036    5.987995 v _0983_/A (sky130_fd_sc_hd__and2_2)
     1    0.004848    0.041814    0.180577    6.168571 v _0983_/X (sky130_fd_sc_hd__and2_2)
                                                         _0253_ (net)
                      0.041814    0.000051    6.168622 v _0984_/B (sky130_fd_sc_hd__nor2_2)
     2    0.015508    0.187015    0.163848    6.332471 ^ _0984_/Y (sky130_fd_sc_hd__nor2_2)
                                                         _0254_ (net)
                      0.187015    0.000219    6.332690 ^ _0985_/B (sky130_fd_sc_hd__xor2_2)
     2    0.014977    0.218094    0.238066    6.570755 ^ _0985_/X (sky130_fd_sc_hd__xor2_2)
                                                         _0255_ (net)
                      0.218094    0.000116    6.570871 ^ _0992_/A (sky130_fd_sc_hd__nand2_2)
     2    0.004782    0.059682    0.072281    6.643152 v _0992_/Y (sky130_fd_sc_hd__nand2_2)
                                                         _0262_ (net)
                      0.059682    0.000040    6.643192 v _0994_/A_N (sky130_fd_sc_hd__nand2b_2)
     1    0.002690    0.039715    0.170159    6.813351 v _0994_/Y (sky130_fd_sc_hd__nand2b_2)
                                                         _0264_ (net)
                      0.039715    0.000025    6.813376 v _1388_/A1 (sky130_fd_sc_hd__o221a_2)
     4    0.016932    0.079255    0.324374    7.137750 v _1388_/X (sky130_fd_sc_hd__o221a_2)
                                                         _0658_ (net)
                      0.079256    0.000476    7.138226 v _1393_/A2 (sky130_fd_sc_hd__o31ai_2)
     3    0.010917    0.292757    0.315608    7.453833 ^ _1393_/Y (sky130_fd_sc_hd__o31ai_2)
                                                         _0663_ (net)
                      0.292757    0.000209    7.454042 ^ _1394_/B (sky130_fd_sc_hd__nand2_2)
     2    0.007967    0.070934    0.104277    7.558320 v _1394_/Y (sky130_fd_sc_hd__nand2_2)
                                                         _0664_ (net)
                      0.070934    0.000091    7.558410 v _1405_/A2 (sky130_fd_sc_hd__o211ai_2)
     5    0.029476    0.378108    0.338733    7.897143 ^ _1405_/Y (sky130_fd_sc_hd__o211ai_2)
                                                         _0675_ (net)
                      0.378109    0.000386    7.897529 ^ _1473_/A1 (sky130_fd_sc_hd__a21bo_2)
     1    0.004084    0.042763    0.197734    8.095263 ^ _1473_/X (sky130_fd_sc_hd__a21bo_2)
                                                         _0718_ (net)
                      0.042763    0.000045    8.095308 ^ fanout16/A (sky130_fd_sc_hd__clkdlybuf4s25_1)
     5    0.025727    0.262947    0.400127    8.495436 ^ fanout16/X (sky130_fd_sc_hd__clkdlybuf4s25_1)
                                                         net16 (net)
                      0.262947    0.000473    8.495909 ^ fanout15/A (sky130_fd_sc_hd__clkdlybuf4s25_1)
    10    0.041655    0.418100    0.570390    9.066299 ^ fanout15/X (sky130_fd_sc_hd__clkdlybuf4s25_1)
                                                         net15 (net)
                      0.418100    0.000256    9.066555 ^ _1482_/B1 (sky130_fd_sc_hd__a31o_2)
     1    0.002485    0.043375    0.164872    9.231426 ^ _1482_/X (sky130_fd_sc_hd__a31o_2)
                                                         _0725_ (net)
                      0.043375    0.000009    9.231436 ^ _1483_/C1 (sky130_fd_sc_hd__o211a_2)
     1    0.002187    0.041458    0.147693    9.379128 ^ _1483_/X (sky130_fd_sc_hd__o211a_2)
                                                         _0030_ (net)
                      0.041458    0.000012    9.379141 ^ _1602_/D (sky130_fd_sc_hd__dfxtp_2)
                                              9.379141   data arrival time

                                 20.000000   20.000000   clock clk (rise edge)
                                  0.000000   20.000000   clock source latency
     1    0.018955    0.091051    0.062521   20.062521 ^ clk (in)
                                                         clk (net)
                      0.091057    0.000000   20.062521 ^ clkbuf_0_clk/A (sky130_fd_sc_hd__clkbuf_16)
     8    0.082146    0.098721    0.189527   20.252048 ^ clkbuf_0_clk/X (sky130_fd_sc_hd__clkbuf_16)
                                                         clknet_0_clk (net)
                      0.098747    0.001574   20.253622 ^ clkbuf_3_3__f_clk/A (sky130_fd_sc_hd__clkbuf_16)
     8    0.029606    0.050750    0.153836   20.407457 ^ clkbuf_3_3__f_clk/X (sky130_fd_sc_hd__clkbuf_16)
                                                         clknet_3_3__leaf_clk (net)
                      0.050750    0.000298   20.407757 ^ _1602_/CLK (sky130_fd_sc_hd__dfxtp_2)
                                 -0.250000   20.157757   clock uncertainty
                                  0.000000   20.157757   clock reconvergence pessimism
                                 -0.057178   20.100578   library setup time
                                             20.100578   data required time
---------------------------------------------------------------------------------------------
                                             20.100578   data required time
                                             -9.379141   data arrival time
---------------------------------------------------------------------------------------------
                                             10.721437   slack (MET)


Startpoint: _1595_ (rising edge-triggered flip-flop clocked by clk)
Endpoint: _1615_ (rising edge-triggered flip-flop clocked by clk)
Path Group: clk
Path Type: max

Fanout         Cap        Slew       Delay        Time   Description
---------------------------------------------------------------------------------------------
                                  0.000000    0.000000   clock clk (rise edge)
                                  0.000000    0.000000   clock source latency
     1    0.018955    0.091051    0.062520    0.062520 ^ clk (in)
                                                         clk (net)
                      0.091057    0.000000    0.062520 ^ clkbuf_0_clk/A (sky130_fd_sc_hd__clkbuf_16)
     8    0.082146    0.098721    0.189527    0.252047 ^ clkbuf_0_clk/X (sky130_fd_sc_hd__clkbuf_16)
                                                         clknet_0_clk (net)
                      0.098760    0.001849    0.253897 ^ clkbuf_3_6__f_clk/A (sky130_fd_sc_hd__clkbuf_16)
     8    0.023487    0.044949    0.148317    0.402213 ^ clkbuf_3_6__f_clk/X (sky130_fd_sc_hd__clkbuf_16)
                                                         clknet_3_6__leaf_clk (net)
                      0.044953    0.000457    0.402670 ^ _1595_/CLK (sky130_fd_sc_hd__dfxtp_2)
     1    0.002450    0.021901    0.300485    0.703155 v _1595_/Q (sky130_fd_sc_hd__dfxtp_2)
                                                         u_dp.b_q[3] (net)
                      0.021901    0.000022    0.703177 v fanout51/A (sky130_fd_sc_hd__clkdlybuf4s25_1)
     7    0.046540    0.342846    0.468758    1.171935 v fanout51/X (sky130_fd_sc_hd__clkdlybuf4s25_1)
                                                         net51 (net)
                      0.342846    0.000949    1.172884 v fanout50/A (sky130_fd_sc_hd__clkdlybuf4s25_1)
    10    0.042206    0.311799    0.557969    1.730853 v fanout50/X (sky130_fd_sc_hd__clkdlybuf4s25_1)
                                                         net50 (net)
                      0.311800    0.001238    1.732091 v _0808_/B (sky130_fd_sc_hd__and3_2)
     3    0.009012    0.052593    0.333612    2.065703 v _0808_/X (sky130_fd_sc_hd__and3_2)
                                                         _0078_ (net)
                      0.052593    0.000099    2.065802 v _0811_/A (sky130_fd_sc_hd__or3_2)
     2    0.003919    0.080563    0.474799    2.540601 v _0811_/X (sky130_fd_sc_hd__or3_2)
                                                         _0081_ (net)
                      0.080563    0.000030    2.540632 v _0812_/B (sky130_fd_sc_hd__and2b_2)
     1    0.003679    0.037960    0.204585    2.745217 v _0812_/X (sky130_fd_sc_hd__and2b_2)
                                                         _0082_ (net)
                      0.037960    0.000059    2.745275 v fanout22/A (sky130_fd_sc_hd__clkdlybuf4s25_1)
     9    0.061844    0.451877    0.555964    3.301240 v fanout22/X (sky130_fd_sc_hd__clkdlybuf4s25_1)
                                                         net22 (net)
                      0.451886    0.002450    3.303689 v fanout21/A (sky130_fd_sc_hd__clkdlybuf4s25_1)
     7    0.052465    0.384849    0.636035    3.939724 v fanout21/X (sky130_fd_sc_hd__clkdlybuf4s25_1)
                                                         net21 (net)
                      0.384861    0.002406    3.942130 v fanout20/A (sky130_fd_sc_hd__clkdlybuf4s25_1)
    10    0.068156    0.496673    0.704197    4.646327 v fanout20/X (sky130_fd_sc_hd__clkdlybuf4s25_1)
                                                         net20 (net)
                      0.496674    0.001513    4.647840 v _0890_/A (sky130_fd_sc_hd__xor2_2)
     2    0.006906    0.126227    0.319156    4.966996 v _0890_/X (sky130_fd_sc_hd__xor2_2)
                                                         _0160_ (net)
                      0.126227    0.000042    4.967038 v _0893_/B (sky130_fd_sc_hd__or2_2)
     1    0.001816    0.050484    0.290744    5.257782 v _0893_/X (sky130_fd_sc_hd__or2_2)
                                                         _0163_ (net)
                      0.050484    0.000016    5.257798 v _0894_/B (sky130_fd_sc_hd__and2_2)
     3    0.020157    0.073057    0.233725    5.491523 v _0894_/X (sky130_fd_sc_hd__and2_2)
                                                         _0164_ (net)
                      0.073057    0.000123    5.491646 v _0895_/B (sky130_fd_sc_hd__nor2_2)
     2    0.015438    0.186319    0.175002    5.666648 ^ _0895_/Y (sky130_fd_sc_hd__nor2_2)
                                                         _0165_ (net)
                      0.186319    0.000033    5.666681 ^ _0896_/B (sky130_fd_sc_hd__xor2_2)
     2    0.013861    0.206131    0.229047    5.895728 ^ _0896_/X (sky130_fd_sc_hd__xor2_2)
                                                         _0166_ (net)
                      0.206131    0.000136    5.895864 ^ _0901_/B (sky130_fd_sc_hd__xnor2_2)
     2    0.006413    0.068260    0.092094    5.987958 v _0901_/Y (sky130_fd_sc_hd__xnor2_2)
                                                         _0171_ (net)
                      0.068260    0.000036    5.987995 v _0983_/A (sky130_fd_sc_hd__and2_2)
     1    0.004848    0.041814    0.180577    6.168571 v _0983_/X (sky130_fd_sc_hd__and2_2)
                                                         _0253_ (net)
                      0.041814    0.000051    6.168622 v _0984_/B (sky130_fd_sc_hd__nor2_2)
     2    0.015508    0.187015    0.163848    6.332471 ^ _0984_/Y (sky130_fd_sc_hd__nor2_2)
                                                         _0254_ (net)
                      0.187015    0.000219    6.332690 ^ _0985_/B (sky130_fd_sc_hd__xor2_2)
     2    0.014977    0.218094    0.238066    6.570755 ^ _0985_/X (sky130_fd_sc_hd__xor2_2)
                                                         _0255_ (net)
                      0.218094    0.000116    6.570871 ^ _0992_/A (sky130_fd_sc_hd__nand2_2)
     2    0.004782    0.059682    0.072281    6.643152 v _0992_/Y (sky130_fd_sc_hd__nand2_2)
                                                         _0262_ (net)
                      0.059682    0.000040    6.643192 v _0994_/A_N (sky130_fd_sc_hd__nand2b_2)
     1    0.002690    0.039715    0.170159    6.813351 v _0994_/Y (sky130_fd_sc_hd__nand2b_2)
                                                         _0264_ (net)
                      0.039715    0.000025    6.813376 v _1388_/A1 (sky130_fd_sc_hd__o221a_2)
     4    0.016932    0.079255    0.324374    7.137750 v _1388_/X (sky130_fd_sc_hd__o221a_2)
                                                         _0658_ (net)
                      0.079256    0.000476    7.138226 v _1393_/A2 (sky130_fd_sc_hd__o31ai_2)
     3    0.010917    0.292757    0.315608    7.453833 ^ _1393_/Y (sky130_fd_sc_hd__o31ai_2)
                                                         _0663_ (net)
                      0.292757    0.000209    7.454042 ^ _1394_/B (sky130_fd_sc_hd__nand2_2)
     2    0.007967    0.070934    0.104277    7.558320 v _1394_/Y (sky130_fd_sc_hd__nand2_2)
                                                         _0664_ (net)
                      0.070934    0.000091    7.558410 v _1405_/A2 (sky130_fd_sc_hd__o211ai_2)
     5    0.029476    0.378108    0.338733    7.897143 ^ _1405_/Y (sky130_fd_sc_hd__o211ai_2)
                                                         _0675_ (net)
                      0.378109    0.000386    7.897529 ^ _1473_/A1 (sky130_fd_sc_hd__a21bo_2)
     1    0.004084    0.042763    0.197734    8.095263 ^ _1473_/X (sky130_fd_sc_hd__a21bo_2)
                                                         _0718_ (net)
                      0.042763    0.000045    8.095308 ^ fanout16/A (sky130_fd_sc_hd__clkdlybuf4s25_1)
     5    0.025727    0.262947    0.400127    8.495436 ^ fanout16/X (sky130_fd_sc_hd__clkdlybuf4s25_1)
                                                         net16 (net)
                      0.262947    0.000120    8.495556 ^ fanout14/A (sky130_fd_sc_hd__clkdlybuf4s25_1)
    10    0.043066    0.431858    0.579968    9.075523 ^ fanout14/X (sky130_fd_sc_hd__clkdlybuf4s25_1)
                                                         net14 (net)
                      0.431858    0.000997    9.076521 ^ _1532_/B1 (sky130_fd_sc_hd__a21o_2)
     1    0.002951    0.037474    0.147959    9.224480 ^ _1532_/X (sky130_fd_sc_hd__a21o_2)
                                                         _0762_ (net)
                      0.037474    0.000028    9.224508 ^ _1533_/C1 (sky130_fd_sc_hd__o211a_2)
     1    0.002106    0.041682    0.145380    9.369888 ^ _1533_/X (sky130_fd_sc_hd__o211a_2)
                                                         _0043_ (net)
                      0.041682    0.000020    9.369907 ^ _1615_/D (sky130_fd_sc_hd__dfxtp_2)
                                              9.369907   data arrival time

                                 20.000000   20.000000   clock clk (rise edge)
                                  0.000000   20.000000   clock source latency
     1    0.018955    0.091051    0.062521   20.062521 ^ clk (in)
                                                         clk (net)
                      0.091057    0.000000   20.062521 ^ clkbuf_0_clk/A (sky130_fd_sc_hd__clkbuf_16)
     8    0.082146    0.098721    0.189527   20.252048 ^ clkbuf_0_clk/X (sky130_fd_sc_hd__clkbuf_16)
                                                         clknet_0_clk (net)
                      0.098750    0.001636   20.253683 ^ clkbuf_3_1__f_clk/A (sky130_fd_sc_hd__clkbuf_16)
     8    0.022745    0.044279    0.147780   20.401464 ^ clkbuf_3_1__f_clk/X (sky130_fd_sc_hd__clkbuf_16)
                                                         clknet_3_1__leaf_clk (net)
                      0.044280    0.000208   20.401672 ^ _1615_/CLK (sky130_fd_sc_hd__dfxtp_2)
                                 -0.250000   20.151672   clock uncertainty
                                  0.000000   20.151672   clock reconvergence pessimism
                                 -0.058186   20.093487   library setup time
                                             20.093487   data required time
---------------------------------------------------------------------------------------------
                                             20.093487   data required time
                                             -9.369907   data arrival time
---------------------------------------------------------------------------------------------
                                             10.723578   slack (MET)


Startpoint: _1595_ (rising edge-triggered flip-flop clocked by clk)
Endpoint: _1612_ (rising edge-triggered flip-flop clocked by clk)
Path Group: clk
Path Type: max

Fanout         Cap        Slew       Delay        Time   Description
---------------------------------------------------------------------------------------------
                                  0.000000    0.000000   clock clk (rise edge)
                                  0.000000    0.000000   clock source latency
     1    0.018955    0.091051    0.062520    0.062520 ^ clk (in)
                                                         clk (net)
                      0.091057    0.000000    0.062520 ^ clkbuf_0_clk/A (sky130_fd_sc_hd__clkbuf_16)
     8    0.082146    0.098721    0.189527    0.252047 ^ clkbuf_0_clk/X (sky130_fd_sc_hd__clkbuf_16)
                                                         clknet_0_clk (net)
                      0.098760    0.001849    0.253897 ^ clkbuf_3_6__f_clk/A (sky130_fd_sc_hd__clkbuf_16)
     8    0.023487    0.044949    0.148317    0.402213 ^ clkbuf_3_6__f_clk/X (sky130_fd_sc_hd__clkbuf_16)
                                                         clknet_3_6__leaf_clk (net)
                      0.044953    0.000457    0.402670 ^ _1595_/CLK (sky130_fd_sc_hd__dfxtp_2)
     1    0.002450    0.021901    0.300485    0.703155 v _1595_/Q (sky130_fd_sc_hd__dfxtp_2)
                                                         u_dp.b_q[3] (net)
                      0.021901    0.000022    0.703177 v fanout51/A (sky130_fd_sc_hd__clkdlybuf4s25_1)
     7    0.046540    0.342846    0.468758    1.171935 v fanout51/X (sky130_fd_sc_hd__clkdlybuf4s25_1)
                                                         net51 (net)
                      0.342846    0.000949    1.172884 v fanout50/A (sky130_fd_sc_hd__clkdlybuf4s25_1)
    10    0.042206    0.311799    0.557969    1.730853 v fanout50/X (sky130_fd_sc_hd__clkdlybuf4s25_1)
                                                         net50 (net)
                      0.311800    0.001238    1.732091 v _0808_/B (sky130_fd_sc_hd__and3_2)
     3    0.009012    0.052593    0.333612    2.065703 v _0808_/X (sky130_fd_sc_hd__and3_2)
                                                         _0078_ (net)
                      0.052593    0.000099    2.065802 v _0811_/A (sky130_fd_sc_hd__or3_2)
     2    0.003919    0.080563    0.474799    2.540601 v _0811_/X (sky130_fd_sc_hd__or3_2)
                                                         _0081_ (net)
                      0.080563    0.000030    2.540632 v _0812_/B (sky130_fd_sc_hd__and2b_2)
     1    0.003679    0.037960    0.204585    2.745217 v _0812_/X (sky130_fd_sc_hd__and2b_2)
                                                         _0082_ (net)
                      0.037960    0.000059    2.745275 v fanout22/A (sky130_fd_sc_hd__clkdlybuf4s25_1)
     9    0.061844    0.451877    0.555964    3.301240 v fanout22/X (sky130_fd_sc_hd__clkdlybuf4s25_1)
                                                         net22 (net)
                      0.451886    0.002450    3.303689 v fanout21/A (sky130_fd_sc_hd__clkdlybuf4s25_1)
     7    0.052465    0.384849    0.636035    3.939724 v fanout21/X (sky130_fd_sc_hd__clkdlybuf4s25_1)
                                                         net21 (net)
                      0.384861    0.002406    3.942130 v fanout20/A (sky130_fd_sc_hd__clkdlybuf4s25_1)
    10    0.068156    0.496673    0.704197    4.646327 v fanout20/X (sky130_fd_sc_hd__clkdlybuf4s25_1)
                                                         net20 (net)
                      0.496674    0.001513    4.647840 v _0890_/A (sky130_fd_sc_hd__xor2_2)
     2    0.006906    0.126227    0.319156    4.966996 v _0890_/X (sky130_fd_sc_hd__xor2_2)
                                                         _0160_ (net)
                      0.126227    0.000042    4.967038 v _0893_/B (sky130_fd_sc_hd__or2_2)
     1    0.001816    0.050484    0.290744    5.257782 v _0893_/X (sky130_fd_sc_hd__or2_2)
                                                         _0163_ (net)
                      0.050484    0.000016    5.257798 v _0894_/B (sky130_fd_sc_hd__and2_2)
     3    0.020157    0.073057    0.233725    5.491523 v _0894_/X (sky130_fd_sc_hd__and2_2)
                                                         _0164_ (net)
                      0.073057    0.000123    5.491646 v _0895_/B (sky130_fd_sc_hd__nor2_2)
     2    0.015438    0.186319    0.175002    5.666648 ^ _0895_/Y (sky130_fd_sc_hd__nor2_2)
                                                         _0165_ (net)
                      0.186319    0.000033    5.666681 ^ _0896_/B (sky130_fd_sc_hd__xor2_2)
     2    0.013861    0.206131    0.229047    5.895728 ^ _0896_/X (sky130_fd_sc_hd__xor2_2)
                                                         _0166_ (net)
                      0.206131    0.000136    5.895864 ^ _0901_/B (sky130_fd_sc_hd__xnor2_2)
     2    0.006413    0.068260    0.092094    5.987958 v _0901_/Y (sky130_fd_sc_hd__xnor2_2)
                                                         _0171_ (net)
                      0.068260    0.000036    5.987995 v _0983_/A (sky130_fd_sc_hd__and2_2)
     1    0.004848    0.041814    0.180577    6.168571 v _0983_/X (sky130_fd_sc_hd__and2_2)
                                                         _0253_ (net)
                      0.041814    0.000051    6.168622 v _0984_/B (sky130_fd_sc_hd__nor2_2)
     2    0.015508    0.187015    0.163848    6.332471 ^ _0984_/Y (sky130_fd_sc_hd__nor2_2)
                                                         _0254_ (net)
                      0.187015    0.000219    6.332690 ^ _0985_/B (sky130_fd_sc_hd__xor2_2)
     2    0.014977    0.218094    0.238066    6.570755 ^ _0985_/X (sky130_fd_sc_hd__xor2_2)
                                                         _0255_ (net)
                      0.218094    0.000116    6.570871 ^ _0992_/A (sky130_fd_sc_hd__nand2_2)
     2    0.004782    0.059682    0.072281    6.643152 v _0992_/Y (sky130_fd_sc_hd__nand2_2)
                                                         _0262_ (net)
                      0.059682    0.000040    6.643192 v _0994_/A_N (sky130_fd_sc_hd__nand2b_2)
     1    0.002690    0.039715    0.170159    6.813351 v _0994_/Y (sky130_fd_sc_hd__nand2b_2)
                                                         _0264_ (net)
                      0.039715    0.000025    6.813376 v _1388_/A1 (sky130_fd_sc_hd__o221a_2)
     4    0.016932    0.079255    0.324374    7.137750 v _1388_/X (sky130_fd_sc_hd__o221a_2)
                                                         _0658_ (net)
                      0.079256    0.000476    7.138226 v _1393_/A2 (sky130_fd_sc_hd__o31ai_2)
     3    0.010917    0.292757    0.315608    7.453833 ^ _1393_/Y (sky130_fd_sc_hd__o31ai_2)
                                                         _0663_ (net)
                      0.292757    0.000209    7.454042 ^ _1394_/B (sky130_fd_sc_hd__nand2_2)
     2    0.007967    0.070934    0.104277    7.558320 v _1394_/Y (sky130_fd_sc_hd__nand2_2)
                                                         _0664_ (net)
                      0.070934    0.000091    7.558410 v _1405_/A2 (sky130_fd_sc_hd__o211ai_2)
     5    0.029476    0.378108    0.338733    7.897143 ^ _1405_/Y (sky130_fd_sc_hd__o211ai_2)
                                                         _0675_ (net)
                      0.378109    0.000386    7.897529 ^ _1473_/A1 (sky130_fd_sc_hd__a21bo_2)
     1    0.004084    0.042763    0.197734    8.095263 ^ _1473_/X (sky130_fd_sc_hd__a21bo_2)
                                                         _0718_ (net)
                      0.042763    0.000045    8.095308 ^ fanout16/A (sky130_fd_sc_hd__clkdlybuf4s25_1)
     5    0.025727    0.262947    0.400127    8.495436 ^ fanout16/X (sky130_fd_sc_hd__clkdlybuf4s25_1)
                                                         net16 (net)
                      0.262947    0.000120    8.495556 ^ fanout14/A (sky130_fd_sc_hd__clkdlybuf4s25_1)
    10    0.043066    0.431858    0.579968    9.075523 ^ fanout14/X (sky130_fd_sc_hd__clkdlybuf4s25_1)
                                                         net14 (net)
                      0.431858    0.000957    9.076480 ^ _1520_/B1 (sky130_fd_sc_hd__a21o_2)
     1    0.002631    0.036429    0.146229    9.222709 ^ _1520_/X (sky130_fd_sc_hd__a21o_2)
                                                         _0753_ (net)
                      0.036429    0.000011    9.222720 ^ _1521_/C1 (sky130_fd_sc_hd__o211a_2)
     1    0.002314    0.042117    0.146343    9.369063 ^ _1521_/X (sky130_fd_sc_hd__o211a_2)
                                                         _0040_ (net)
                      0.042117    0.000022    9.369085 ^ _1612_/D (sky130_fd_sc_hd__dfxtp_2)
                                              9.369085   data arrival time

                                 20.000000   20.000000   clock clk (rise edge)
                                  0.000000   20.000000   clock source latency
     1    0.018955    0.091051    0.062521   20.062521 ^ clk (in)
                                                         clk (net)
                      0.091057    0.000000   20.062521 ^ clkbuf_0_clk/A (sky130_fd_sc_hd__clkbuf_16)
     8    0.082146    0.098721    0.189527   20.252048 ^ clkbuf_0_clk/X (sky130_fd_sc_hd__clkbuf_16)
                                                         clknet_0_clk (net)
                      0.098750    0.001636   20.253683 ^ clkbuf_3_1__f_clk/A (sky130_fd_sc_hd__clkbuf_16)
     8    0.022745    0.044279    0.147780   20.401464 ^ clkbuf_3_1__f_clk/X (sky130_fd_sc_hd__clkbuf_16)
                                                         clknet_3_1__leaf_clk (net)
                      0.044279    0.000160   20.401625 ^ _1612_/CLK (sky130_fd_sc_hd__dfxtp_2)
                                 -0.250000   20.151625   clock uncertainty
                                  0.000000   20.151625   clock reconvergence pessimism
                                 -0.058289   20.093336   library setup time
                                             20.093336   data required time
---------------------------------------------------------------------------------------------
                                             20.093336   data required time
                                             -9.369085   data arrival time
---------------------------------------------------------------------------------------------
                                             10.724250   slack (MET)


Startpoint: _1595_ (rising edge-triggered flip-flop clocked by clk)
Endpoint: _1601_ (rising edge-triggered flip-flop clocked by clk)
Path Group: clk
Path Type: max

Fanout         Cap        Slew       Delay        Time   Description
---------------------------------------------------------------------------------------------
                                  0.000000    0.000000   clock clk (rise edge)
                                  0.000000    0.000000   clock source latency
     1    0.018955    0.091051    0.062520    0.062520 ^ clk (in)
                                                         clk (net)
                      0.091057    0.000000    0.062520 ^ clkbuf_0_clk/A (sky130_fd_sc_hd__clkbuf_16)
     8    0.082146    0.098721    0.189527    0.252047 ^ clkbuf_0_clk/X (sky130_fd_sc_hd__clkbuf_16)
                                                         clknet_0_clk (net)
                      0.098760    0.001849    0.253897 ^ clkbuf_3_6__f_clk/A (sky130_fd_sc_hd__clkbuf_16)
     8    0.023487    0.044949    0.148317    0.402213 ^ clkbuf_3_6__f_clk/X (sky130_fd_sc_hd__clkbuf_16)
                                                         clknet_3_6__leaf_clk (net)
                      0.044953    0.000457    0.402670 ^ _1595_/CLK (sky130_fd_sc_hd__dfxtp_2)
     1    0.002450    0.021901    0.300485    0.703155 v _1595_/Q (sky130_fd_sc_hd__dfxtp_2)
                                                         u_dp.b_q[3] (net)
                      0.021901    0.000022    0.703177 v fanout51/A (sky130_fd_sc_hd__clkdlybuf4s25_1)
     7    0.046540    0.342846    0.468758    1.171935 v fanout51/X (sky130_fd_sc_hd__clkdlybuf4s25_1)
                                                         net51 (net)
                      0.342846    0.000949    1.172884 v fanout50/A (sky130_fd_sc_hd__clkdlybuf4s25_1)
    10    0.042206    0.311799    0.557969    1.730853 v fanout50/X (sky130_fd_sc_hd__clkdlybuf4s25_1)
                                                         net50 (net)
                      0.311800    0.001238    1.732091 v _0808_/B (sky130_fd_sc_hd__and3_2)
     3    0.009012    0.052593    0.333612    2.065703 v _0808_/X (sky130_fd_sc_hd__and3_2)
                                                         _0078_ (net)
                      0.052593    0.000099    2.065802 v _0811_/A (sky130_fd_sc_hd__or3_2)
     2    0.003919    0.080563    0.474799    2.540601 v _0811_/X (sky130_fd_sc_hd__or3_2)
                                                         _0081_ (net)
                      0.080563    0.000030    2.540632 v _0812_/B (sky130_fd_sc_hd__and2b_2)
     1    0.003679    0.037960    0.204585    2.745217 v _0812_/X (sky130_fd_sc_hd__and2b_2)
                                                         _0082_ (net)
                      0.037960    0.000059    2.745275 v fanout22/A (sky130_fd_sc_hd__clkdlybuf4s25_1)
     9    0.061844    0.451877    0.555964    3.301240 v fanout22/X (sky130_fd_sc_hd__clkdlybuf4s25_1)
                                                         net22 (net)
                      0.451886    0.002450    3.303689 v fanout21/A (sky130_fd_sc_hd__clkdlybuf4s25_1)
     7    0.052465    0.384849    0.636035    3.939724 v fanout21/X (sky130_fd_sc_hd__clkdlybuf4s25_1)
                                                         net21 (net)
                      0.384861    0.002406    3.942130 v fanout20/A (sky130_fd_sc_hd__clkdlybuf4s25_1)
    10    0.068156    0.496673    0.704197    4.646327 v fanout20/X (sky130_fd_sc_hd__clkdlybuf4s25_1)
                                                         net20 (net)
                      0.496674    0.001513    4.647840 v _0890_/A (sky130_fd_sc_hd__xor2_2)
     2    0.006906    0.126227    0.319156    4.966996 v _0890_/X (sky130_fd_sc_hd__xor2_2)
                                                         _0160_ (net)
                      0.126227    0.000042    4.967038 v _0893_/B (sky130_fd_sc_hd__or2_2)
     1    0.001816    0.050484    0.290744    5.257782 v _0893_/X (sky130_fd_sc_hd__or2_2)
                                                         _0163_ (net)
                      0.050484    0.000016    5.257798 v _0894_/B (sky130_fd_sc_hd__and2_2)
     3    0.020157    0.073057    0.233725    5.491523 v _0894_/X (sky130_fd_sc_hd__and2_2)
                                                         _0164_ (net)
                      0.073057    0.000123    5.491646 v _0895_/B (sky130_fd_sc_hd__nor2_2)
     2    0.015438    0.186319    0.175002    5.666648 ^ _0895_/Y (sky130_fd_sc_hd__nor2_2)
                                                         _0165_ (net)
                      0.186319    0.000033    5.666681 ^ _0896_/B (sky130_fd_sc_hd__xor2_2)
     2    0.013861    0.206131    0.229047    5.895728 ^ _0896_/X (sky130_fd_sc_hd__xor2_2)
                                                         _0166_ (net)
                      0.206131    0.000136    5.895864 ^ _0901_/B (sky130_fd_sc_hd__xnor2_2)
     2    0.006413    0.068260    0.092094    5.987958 v _0901_/Y (sky130_fd_sc_hd__xnor2_2)
                                                         _0171_ (net)
                      0.068260    0.000036    5.987995 v _0983_/A (sky130_fd_sc_hd__and2_2)
     1    0.004848    0.041814    0.180577    6.168571 v _0983_/X (sky130_fd_sc_hd__and2_2)
                                                         _0253_ (net)
                      0.041814    0.000051    6.168622 v _0984_/B (sky130_fd_sc_hd__nor2_2)
     2    0.015508    0.187015    0.163848    6.332471 ^ _0984_/Y (sky130_fd_sc_hd__nor2_2)
                                                         _0254_ (net)
                      0.187015    0.000219    6.332690 ^ _0985_/B (sky130_fd_sc_hd__xor2_2)
     2    0.014977    0.218094    0.238066    6.570755 ^ _0985_/X (sky130_fd_sc_hd__xor2_2)
                                                         _0255_ (net)
                      0.218094    0.000116    6.570871 ^ _0992_/A (sky130_fd_sc_hd__nand2_2)
     2    0.004782    0.059682    0.072281    6.643152 v _0992_/Y (sky130_fd_sc_hd__nand2_2)
                                                         _0262_ (net)
                      0.059682    0.000040    6.643192 v _0994_/A_N (sky130_fd_sc_hd__nand2b_2)
     1    0.002690    0.039715    0.170159    6.813351 v _0994_/Y (sky130_fd_sc_hd__nand2b_2)
                                                         _0264_ (net)
                      0.039715    0.000025    6.813376 v _1388_/A1 (sky130_fd_sc_hd__o221a_2)
     4    0.016932    0.079255    0.324374    7.137750 v _1388_/X (sky130_fd_sc_hd__o221a_2)
                                                         _0658_ (net)
                      0.079256    0.000476    7.138226 v _1393_/A2 (sky130_fd_sc_hd__o31ai_2)
     3    0.010917    0.292757    0.315608    7.453833 ^ _1393_/Y (sky130_fd_sc_hd__o31ai_2)
                                                         _0663_ (net)
                      0.292757    0.000209    7.454042 ^ _1394_/B (sky130_fd_sc_hd__nand2_2)
     2    0.007967    0.070934    0.104277    7.558320 v _1394_/Y (sky130_fd_sc_hd__nand2_2)
                                                         _0664_ (net)
                      0.070934    0.000091    7.558410 v _1405_/A2 (sky130_fd_sc_hd__o211ai_2)
     5    0.029476    0.378108    0.338733    7.897143 ^ _1405_/Y (sky130_fd_sc_hd__o211ai_2)
                                                         _0675_ (net)
                      0.378109    0.000386    7.897529 ^ _1473_/A1 (sky130_fd_sc_hd__a21bo_2)
     1    0.004084    0.042763    0.197734    8.095263 ^ _1473_/X (sky130_fd_sc_hd__a21bo_2)
                                                         _0718_ (net)
                      0.042763    0.000045    8.095308 ^ fanout16/A (sky130_fd_sc_hd__clkdlybuf4s25_1)
     5    0.025727    0.262947    0.400127    8.495436 ^ fanout16/X (sky130_fd_sc_hd__clkdlybuf4s25_1)
                                                         net16 (net)
                      0.262947    0.000473    8.495909 ^ fanout15/A (sky130_fd_sc_hd__clkdlybuf4s25_1)
    10    0.041655    0.418100    0.570390    9.066299 ^ fanout15/X (sky130_fd_sc_hd__clkdlybuf4s25_1)
                                                         net15 (net)
                      0.418100    0.000275    9.066574 ^ _1479_/B1 (sky130_fd_sc_hd__a21o_2)
     1    0.003169    0.037804    0.147962    9.214536 ^ _1479_/X (sky130_fd_sc_hd__a21o_2)
                                                         _0723_ (net)
                      0.037804    0.000034    9.214570 ^ _1480_/C1 (sky130_fd_sc_hd__o211a_2)
     1    0.002800    0.044322    0.149763    9.364333 ^ _1480_/X (sky130_fd_sc_hd__o211a_2)
                                                         _0029_ (net)
                      0.044322    0.000021    9.364354 ^ _1601_/D (sky130_fd_sc_hd__dfxtp_2)
                                              9.364354   data arrival time

                                 20.000000   20.000000   clock clk (rise edge)
                                  0.000000   20.000000   clock source latency
     1    0.018955    0.091051    0.062521   20.062521 ^ clk (in)
                                                         clk (net)
                      0.091057    0.000000   20.062521 ^ clkbuf_0_clk/A (sky130_fd_sc_hd__clkbuf_16)
     8    0.082146    0.098721    0.189527   20.252048 ^ clkbuf_0_clk/X (sky130_fd_sc_hd__clkbuf_16)
                                                         clknet_0_clk (net)
                      0.098751    0.001663   20.253710 ^ clkbuf_3_0__f_clk/A (sky130_fd_sc_hd__clkbuf_16)
     8    0.023126    0.044619    0.148093   20.401804 ^ clkbuf_3_0__f_clk/X (sky130_fd_sc_hd__clkbuf_16)
                                                         clknet_3_0__leaf_clk (net)
                      0.044619    0.000140   20.401943 ^ _1601_/CLK (sky130_fd_sc_hd__dfxtp_2)
                                 -0.250000   20.151945   clock uncertainty
                                  0.000000   20.151945   clock reconvergence pessimism
                                 -0.058759   20.093185   library setup time
                                             20.093185   data required time
---------------------------------------------------------------------------------------------
                                             20.093185   data required time
                                             -9.364354   data arrival time
---------------------------------------------------------------------------------------------
                                             10.728832   slack (MET)


Startpoint: _1595_ (rising edge-triggered flip-flop clocked by clk)
Endpoint: _1613_ (rising edge-triggered flip-flop clocked by clk)
Path Group: clk
Path Type: max

Fanout         Cap        Slew       Delay        Time   Description
---------------------------------------------------------------------------------------------
                                  0.000000    0.000000   clock clk (rise edge)
                                  0.000000    0.000000   clock source latency
     1    0.018955    0.091051    0.062520    0.062520 ^ clk (in)
                                                         clk (net)
                      0.091057    0.000000    0.062520 ^ clkbuf_0_clk/A (sky130_fd_sc_hd__clkbuf_16)
     8    0.082146    0.098721    0.189527    0.252047 ^ clkbuf_0_clk/X (sky130_fd_sc_hd__clkbuf_16)
                                                         clknet_0_clk (net)
                      0.098760    0.001849    0.253897 ^ clkbuf_3_6__f_clk/A (sky130_fd_sc_hd__clkbuf_16)
     8    0.023487    0.044949    0.148317    0.402213 ^ clkbuf_3_6__f_clk/X (sky130_fd_sc_hd__clkbuf_16)
                                                         clknet_3_6__leaf_clk (net)
                      0.044953    0.000457    0.402670 ^ _1595_/CLK (sky130_fd_sc_hd__dfxtp_2)
     1    0.002450    0.021901    0.300485    0.703155 v _1595_/Q (sky130_fd_sc_hd__dfxtp_2)
                                                         u_dp.b_q[3] (net)
                      0.021901    0.000022    0.703177 v fanout51/A (sky130_fd_sc_hd__clkdlybuf4s25_1)
     7    0.046540    0.342846    0.468758    1.171935 v fanout51/X (sky130_fd_sc_hd__clkdlybuf4s25_1)
                                                         net51 (net)
                      0.342846    0.000949    1.172884 v fanout50/A (sky130_fd_sc_hd__clkdlybuf4s25_1)
    10    0.042206    0.311799    0.557969    1.730853 v fanout50/X (sky130_fd_sc_hd__clkdlybuf4s25_1)
                                                         net50 (net)
                      0.311800    0.001238    1.732091 v _0808_/B (sky130_fd_sc_hd__and3_2)
     3    0.009012    0.052593    0.333612    2.065703 v _0808_/X (sky130_fd_sc_hd__and3_2)
                                                         _0078_ (net)
                      0.052593    0.000099    2.065802 v _0811_/A (sky130_fd_sc_hd__or3_2)
     2    0.003919    0.080563    0.474799    2.540601 v _0811_/X (sky130_fd_sc_hd__or3_2)
                                                         _0081_ (net)
                      0.080563    0.000030    2.540632 v _0812_/B (sky130_fd_sc_hd__and2b_2)
     1    0.003679    0.037960    0.204585    2.745217 v _0812_/X (sky130_fd_sc_hd__and2b_2)
                                                         _0082_ (net)
                      0.037960    0.000059    2.745275 v fanout22/A (sky130_fd_sc_hd__clkdlybuf4s25_1)
     9    0.061844    0.451877    0.555964    3.301240 v fanout22/X (sky130_fd_sc_hd__clkdlybuf4s25_1)
                                                         net22 (net)
                      0.451886    0.002450    3.303689 v fanout21/A (sky130_fd_sc_hd__clkdlybuf4s25_1)
     7    0.052465    0.384849    0.636035    3.939724 v fanout21/X (sky130_fd_sc_hd__clkdlybuf4s25_1)
                                                         net21 (net)
                      0.384861    0.002406    3.942130 v fanout20/A (sky130_fd_sc_hd__clkdlybuf4s25_1)
    10    0.068156    0.496673    0.704197    4.646327 v fanout20/X (sky130_fd_sc_hd__clkdlybuf4s25_1)
                                                         net20 (net)
                      0.496674    0.001513    4.647840 v _0890_/A (sky130_fd_sc_hd__xor2_2)
     2    0.006906    0.126227    0.319156    4.966996 v _0890_/X (sky130_fd_sc_hd__xor2_2)
                                                         _0160_ (net)
                      0.126227    0.000042    4.967038 v _0893_/B (sky130_fd_sc_hd__or2_2)
     1    0.001816    0.050484    0.290744    5.257782 v _0893_/X (sky130_fd_sc_hd__or2_2)
                                                         _0163_ (net)
                      0.050484    0.000016    5.257798 v _0894_/B (sky130_fd_sc_hd__and2_2)
     3    0.020157    0.073057    0.233725    5.491523 v _0894_/X (sky130_fd_sc_hd__and2_2)
                                                         _0164_ (net)
                      0.073057    0.000123    5.491646 v _0895_/B (sky130_fd_sc_hd__nor2_2)
     2    0.015438    0.186319    0.175002    5.666648 ^ _0895_/Y (sky130_fd_sc_hd__nor2_2)
                                                         _0165_ (net)
                      0.186319    0.000033    5.666681 ^ _0896_/B (sky130_fd_sc_hd__xor2_2)
     2    0.013861    0.206131    0.229047    5.895728 ^ _0896_/X (sky130_fd_sc_hd__xor2_2)
                                                         _0166_ (net)
                      0.206131    0.000136    5.895864 ^ _0901_/B (sky130_fd_sc_hd__xnor2_2)
     2    0.006413    0.068260    0.092094    5.987958 v _0901_/Y (sky130_fd_sc_hd__xnor2_2)
                                                         _0171_ (net)
                      0.068260    0.000036    5.987995 v _0983_/A (sky130_fd_sc_hd__and2_2)
     1    0.004848    0.041814    0.180577    6.168571 v _0983_/X (sky130_fd_sc_hd__and2_2)
                                                         _0253_ (net)
                      0.041814    0.000051    6.168622 v _0984_/B (sky130_fd_sc_hd__nor2_2)
     2    0.015508    0.187015    0.163848    6.332471 ^ _0984_/Y (sky130_fd_sc_hd__nor2_2)
                                                         _0254_ (net)
                      0.187015    0.000219    6.332690 ^ _0985_/B (sky130_fd_sc_hd__xor2_2)
     2    0.014977    0.218094    0.238066    6.570755 ^ _0985_/X (sky130_fd_sc_hd__xor2_2)
                                                         _0255_ (net)
                      0.218094    0.000116    6.570871 ^ _0992_/A (sky130_fd_sc_hd__nand2_2)
     2    0.004782    0.059682    0.072281    6.643152 v _0992_/Y (sky130_fd_sc_hd__nand2_2)
                                                         _0262_ (net)
                      0.059682    0.000040    6.643192 v _0994_/A_N (sky130_fd_sc_hd__nand2b_2)
     1    0.002690    0.039715    0.170159    6.813351 v _0994_/Y (sky130_fd_sc_hd__nand2b_2)
                                                         _0264_ (net)
                      0.039715    0.000025    6.813376 v _1388_/A1 (sky130_fd_sc_hd__o221a_2)
     4    0.016932    0.079255    0.324374    7.137750 v _1388_/X (sky130_fd_sc_hd__o221a_2)
                                                         _0658_ (net)
                      0.079256    0.000476    7.138226 v _1393_/A2 (sky130_fd_sc_hd__o31ai_2)
     3    0.010917    0.292757    0.315608    7.453833 ^ _1393_/Y (sky130_fd_sc_hd__o31ai_2)
                                                         _0663_ (net)
                      0.292757    0.000209    7.454042 ^ _1394_/B (sky130_fd_sc_hd__nand2_2)
     2    0.007967    0.070934    0.104277    7.558320 v _1394_/Y (sky130_fd_sc_hd__nand2_2)
                                                         _0664_ (net)
                      0.070934    0.000091    7.558410 v _1405_/A2 (sky130_fd_sc_hd__o211ai_2)
     5    0.029476    0.378108    0.338733    7.897143 ^ _1405_/Y (sky130_fd_sc_hd__o211ai_2)
                                                         _0675_ (net)
                      0.378109    0.000386    7.897529 ^ _1473_/A1 (sky130_fd_sc_hd__a21bo_2)
     1    0.004084    0.042763    0.197734    8.095263 ^ _1473_/X (sky130_fd_sc_hd__a21bo_2)
                                                         _0718_ (net)
                      0.042763    0.000045    8.095308 ^ fanout16/A (sky130_fd_sc_hd__clkdlybuf4s25_1)
     5    0.025727    0.262947    0.400127    8.495436 ^ fanout16/X (sky130_fd_sc_hd__clkdlybuf4s25_1)
                                                         net16 (net)
                      0.262947    0.000120    8.495556 ^ fanout14/A (sky130_fd_sc_hd__clkdlybuf4s25_1)
    10    0.043066    0.431858    0.579968    9.075523 ^ fanout14/X (sky130_fd_sc_hd__clkdlybuf4s25_1)
                                                         net14 (net)
                      0.431858    0.001070    9.076594 ^ _1524_/B1 (sky130_fd_sc_hd__a21o_2)
     1    0.003277    0.038566    0.149729    9.226323 ^ _1524_/X (sky130_fd_sc_hd__a21o_2)
                                                         _0756_ (net)
                      0.038566    0.000036    9.226359 ^ _1525_/C1 (sky130_fd_sc_hd__o211a_2)
     1    0.001960    0.040968    0.144818    9.371177 ^ _1525_/X (sky130_fd_sc_hd__o211a_2)
                                                         _0041_ (net)
                      0.040968    0.000009    9.371186 ^ _1613_/D (sky130_fd_sc_hd__dfxtp_2)
                                              9.371186   data arrival time

                                 20.000000   20.000000   clock clk (rise edge)
                                  0.000000   20.000000   clock source latency
     1    0.018955    0.091051    0.062521   20.062521 ^ clk (in)
                                                         clk (net)
                      0.091057    0.000000   20.062521 ^ clkbuf_0_clk/A (sky130_fd_sc_hd__clkbuf_16)
     8    0.082146    0.098721    0.189527   20.252048 ^ clkbuf_0_clk/X (sky130_fd_sc_hd__clkbuf_16)
                                                         clknet_0_clk (net)
                      0.098731    0.001092   20.253139 ^ clkbuf_3_4__f_clk/A (sky130_fd_sc_hd__clkbuf_16)
     8    0.030458    0.051472    0.154428   20.407568 ^ clkbuf_3_4__f_clk/X (sky130_fd_sc_hd__clkbuf_16)
                                                         clknet_3_4__leaf_clk (net)
                      0.051473    0.000432   20.407999 ^ _1613_/CLK (sky130_fd_sc_hd__dfxtp_2)
                                 -0.250000   20.158001   clock uncertainty
                                  0.000000   20.158001   clock reconvergence pessimism
                                 -0.056956   20.101044   library setup time
                                             20.101044   data required time
---------------------------------------------------------------------------------------------
                                             20.101044   data required time
                                             -9.371186   data arrival time
---------------------------------------------------------------------------------------------
                                             10.729857   slack (MET)


Startpoint: _1595_ (rising edge-triggered flip-flop clocked by clk)
Endpoint: _1608_ (rising edge-triggered flip-flop clocked by clk)
Path Group: clk
Path Type: max

Fanout         Cap        Slew       Delay        Time   Description
---------------------------------------------------------------------------------------------
                                  0.000000    0.000000   clock clk (rise edge)
                                  0.000000    0.000000   clock source latency
     1    0.018955    0.091051    0.062520    0.062520 ^ clk (in)
                                                         clk (net)
                      0.091057    0.000000    0.062520 ^ clkbuf_0_clk/A (sky130_fd_sc_hd__clkbuf_16)
     8    0.082146    0.098721    0.189527    0.252047 ^ clkbuf_0_clk/X (sky130_fd_sc_hd__clkbuf_16)
                                                         clknet_0_clk (net)
                      0.098760    0.001849    0.253897 ^ clkbuf_3_6__f_clk/A (sky130_fd_sc_hd__clkbuf_16)
     8    0.023487    0.044949    0.148317    0.402213 ^ clkbuf_3_6__f_clk/X (sky130_fd_sc_hd__clkbuf_16)
                                                         clknet_3_6__leaf_clk (net)
                      0.044953    0.000457    0.402670 ^ _1595_/CLK (sky130_fd_sc_hd__dfxtp_2)
     1    0.002450    0.021901    0.300485    0.703155 v _1595_/Q (sky130_fd_sc_hd__dfxtp_2)
                                                         u_dp.b_q[3] (net)
                      0.021901    0.000022    0.703177 v fanout51/A (sky130_fd_sc_hd__clkdlybuf4s25_1)
     7    0.046540    0.342846    0.468758    1.171935 v fanout51/X (sky130_fd_sc_hd__clkdlybuf4s25_1)
                                                         net51 (net)
                      0.342846    0.000949    1.172884 v fanout50/A (sky130_fd_sc_hd__clkdlybuf4s25_1)
    10    0.042206    0.311799    0.557969    1.730853 v fanout50/X (sky130_fd_sc_hd__clkdlybuf4s25_1)
                                                         net50 (net)
                      0.311800    0.001238    1.732091 v _0808_/B (sky130_fd_sc_hd__and3_2)
     3    0.009012    0.052593    0.333612    2.065703 v _0808_/X (sky130_fd_sc_hd__and3_2)
                                                         _0078_ (net)
                      0.052593    0.000099    2.065802 v _0811_/A (sky130_fd_sc_hd__or3_2)
     2    0.003919    0.080563    0.474799    2.540601 v _0811_/X (sky130_fd_sc_hd__or3_2)
                                                         _0081_ (net)
                      0.080563    0.000030    2.540632 v _0812_/B (sky130_fd_sc_hd__and2b_2)
     1    0.003679    0.037960    0.204585    2.745217 v _0812_/X (sky130_fd_sc_hd__and2b_2)
                                                         _0082_ (net)
                      0.037960    0.000059    2.745275 v fanout22/A (sky130_fd_sc_hd__clkdlybuf4s25_1)
     9    0.061844    0.451877    0.555964    3.301240 v fanout22/X (sky130_fd_sc_hd__clkdlybuf4s25_1)
                                                         net22 (net)
                      0.451886    0.002450    3.303689 v fanout21/A (sky130_fd_sc_hd__clkdlybuf4s25_1)
     7    0.052465    0.384849    0.636035    3.939724 v fanout21/X (sky130_fd_sc_hd__clkdlybuf4s25_1)
                                                         net21 (net)
                      0.384861    0.002406    3.942130 v fanout20/A (sky130_fd_sc_hd__clkdlybuf4s25_1)
    10    0.068156    0.496673    0.704197    4.646327 v fanout20/X (sky130_fd_sc_hd__clkdlybuf4s25_1)
                                                         net20 (net)
                      0.496674    0.001513    4.647840 v _0890_/A (sky130_fd_sc_hd__xor2_2)
     2    0.006906    0.126227    0.319156    4.966996 v _0890_/X (sky130_fd_sc_hd__xor2_2)
                                                         _0160_ (net)
                      0.126227    0.000042    4.967038 v _0893_/B (sky130_fd_sc_hd__or2_2)
     1    0.001816    0.050484    0.290744    5.257782 v _0893_/X (sky130_fd_sc_hd__or2_2)
                                                         _0163_ (net)
                      0.050484    0.000016    5.257798 v _0894_/B (sky130_fd_sc_hd__and2_2)
     3    0.020157    0.073057    0.233725    5.491523 v _0894_/X (sky130_fd_sc_hd__and2_2)
                                                         _0164_ (net)
                      0.073057    0.000123    5.491646 v _0895_/B (sky130_fd_sc_hd__nor2_2)
     2    0.015438    0.186319    0.175002    5.666648 ^ _0895_/Y (sky130_fd_sc_hd__nor2_2)
                                                         _0165_ (net)
                      0.186319    0.000033    5.666681 ^ _0896_/B (sky130_fd_sc_hd__xor2_2)
     2    0.013861    0.206131    0.229047    5.895728 ^ _0896_/X (sky130_fd_sc_hd__xor2_2)
                                                         _0166_ (net)
                      0.206131    0.000136    5.895864 ^ _0901_/B (sky130_fd_sc_hd__xnor2_2)
     2    0.006413    0.068260    0.092094    5.987958 v _0901_/Y (sky130_fd_sc_hd__xnor2_2)
                                                         _0171_ (net)
                      0.068260    0.000036    5.987995 v _0983_/A (sky130_fd_sc_hd__and2_2)
     1    0.004848    0.041814    0.180577    6.168571 v _0983_/X (sky130_fd_sc_hd__and2_2)
                                                         _0253_ (net)
                      0.041814    0.000051    6.168622 v _0984_/B (sky130_fd_sc_hd__nor2_2)
     2    0.015508    0.187015    0.163848    6.332471 ^ _0984_/Y (sky130_fd_sc_hd__nor2_2)
                                                         _0254_ (net)
                      0.187015    0.000219    6.332690 ^ _0985_/B (sky130_fd_sc_hd__xor2_2)
     2    0.014977    0.218094    0.238066    6.570755 ^ _0985_/X (sky130_fd_sc_hd__xor2_2)
                                                         _0255_ (net)
                      0.218094    0.000116    6.570871 ^ _0992_/A (sky130_fd_sc_hd__nand2_2)
     2    0.004782    0.059682    0.072281    6.643152 v _0992_/Y (sky130_fd_sc_hd__nand2_2)
                                                         _0262_ (net)
                      0.059682    0.000040    6.643192 v _0994_/A_N (sky130_fd_sc_hd__nand2b_2)
     1    0.002690    0.039715    0.170159    6.813351 v _0994_/Y (sky130_fd_sc_hd__nand2b_2)
                                                         _0264_ (net)
                      0.039715    0.000025    6.813376 v _1388_/A1 (sky130_fd_sc_hd__o221a_2)
     4    0.016932    0.079255    0.324374    7.137750 v _1388_/X (sky130_fd_sc_hd__o221a_2)
                                                         _0658_ (net)
                      0.079256    0.000476    7.138226 v _1393_/A2 (sky130_fd_sc_hd__o31ai_2)
     3    0.010917    0.292757    0.315608    7.453833 ^ _1393_/Y (sky130_fd_sc_hd__o31ai_2)
                                                         _0663_ (net)
                      0.292757    0.000209    7.454042 ^ _1394_/B (sky130_fd_sc_hd__nand2_2)
     2    0.007967    0.070934    0.104277    7.558320 v _1394_/Y (sky130_fd_sc_hd__nand2_2)
                                                         _0664_ (net)
                      0.070934    0.000091    7.558410 v _1405_/A2 (sky130_fd_sc_hd__o211ai_2)
     5    0.029476    0.378108    0.338733    7.897143 ^ _1405_/Y (sky130_fd_sc_hd__o211ai_2)
                                                         _0675_ (net)
                      0.378109    0.000386    7.897529 ^ _1473_/A1 (sky130_fd_sc_hd__a21bo_2)
     1    0.004084    0.042763    0.197734    8.095263 ^ _1473_/X (sky130_fd_sc_hd__a21bo_2)
                                                         _0718_ (net)
                      0.042763    0.000045    8.095308 ^ fanout16/A (sky130_fd_sc_hd__clkdlybuf4s25_1)
     5    0.025727    0.262947    0.400127    8.495436 ^ fanout16/X (sky130_fd_sc_hd__clkdlybuf4s25_1)
                                                         net16 (net)
                      0.262947    0.000473    8.495909 ^ fanout15/A (sky130_fd_sc_hd__clkdlybuf4s25_1)
    10    0.041655    0.418100    0.570390    9.066299 ^ fanout15/X (sky130_fd_sc_hd__clkdlybuf4s25_1)
                                                         net15 (net)
                      0.418100    0.000531    9.066831 ^ _1502_/B1 (sky130_fd_sc_hd__a21o_2)
     1    0.002675    0.036181    0.145309    9.212139 ^ _1502_/X (sky130_fd_sc_hd__a21o_2)
                                                         _0739_ (net)
                      0.036181    0.000012    9.212151 ^ _1503_/C1 (sky130_fd_sc_hd__o211a_2)
     1    0.002997    0.045628    0.150473    9.362624 ^ _1503_/X (sky130_fd_sc_hd__o211a_2)
                                                         _0036_ (net)
                      0.045628    0.000035    9.362659 ^ _1608_/D (sky130_fd_sc_hd__dfxtp_2)
                                              9.362659   data arrival time

                                 20.000000   20.000000   clock clk (rise edge)
                                  0.000000   20.000000   clock source latency
     1    0.018955    0.091051    0.062521   20.062521 ^ clk (in)
                                                         clk (net)
                      0.091057    0.000000   20.062521 ^ clkbuf_0_clk/A (sky130_fd_sc_hd__clkbuf_16)
     8    0.082146    0.098721    0.189527   20.252048 ^ clkbuf_0_clk/X (sky130_fd_sc_hd__clkbuf_16)
                                                         clknet_0_clk (net)
                      0.098750    0.001636   20.253683 ^ clkbuf_3_1__f_clk/A (sky130_fd_sc_hd__clkbuf_16)
     8    0.022745    0.044279    0.147780   20.401464 ^ clkbuf_3_1__f_clk/X (sky130_fd_sc_hd__clkbuf_16)
                                                         clknet_3_1__leaf_clk (net)
                      0.044279    0.000190   20.401655 ^ _1608_/CLK (sky130_fd_sc_hd__dfxtp_2)
                                 -0.250000   20.151655   clock uncertainty
                                  0.000000   20.151655   clock reconvergence pessimism
                                 -0.059117   20.092539   library setup time
                                             20.092539   data required time
---------------------------------------------------------------------------------------------
                                             20.092539   data required time
                                             -9.362659   data arrival time
---------------------------------------------------------------------------------------------
                                             10.729879   slack (MET)


Startpoint: _1595_ (rising edge-triggered flip-flop clocked by clk)
Endpoint: _1614_ (rising edge-triggered flip-flop clocked by clk)
Path Group: clk
Path Type: max

Fanout         Cap        Slew       Delay        Time   Description
---------------------------------------------------------------------------------------------
                                  0.000000    0.000000   clock clk (rise edge)
                                  0.000000    0.000000   clock source latency
     1    0.018955    0.091051    0.062520    0.062520 ^ clk (in)
                                                         clk (net)
                      0.091057    0.000000    0.062520 ^ clkbuf_0_clk/A (sky130_fd_sc_hd__clkbuf_16)
     8    0.082146    0.098721    0.189527    0.252047 ^ clkbuf_0_clk/X (sky130_fd_sc_hd__clkbuf_16)
                                                         clknet_0_clk (net)
                      0.098760    0.001849    0.253897 ^ clkbuf_3_6__f_clk/A (sky130_fd_sc_hd__clkbuf_16)
     8    0.023487    0.044949    0.148317    0.402213 ^ clkbuf_3_6__f_clk/X (sky130_fd_sc_hd__clkbuf_16)
                                                         clknet_3_6__leaf_clk (net)
                      0.044953    0.000457    0.402670 ^ _1595_/CLK (sky130_fd_sc_hd__dfxtp_2)
     1    0.002450    0.021901    0.300485    0.703155 v _1595_/Q (sky130_fd_sc_hd__dfxtp_2)
                                                         u_dp.b_q[3] (net)
                      0.021901    0.000022    0.703177 v fanout51/A (sky130_fd_sc_hd__clkdlybuf4s25_1)
     7    0.046540    0.342846    0.468758    1.171935 v fanout51/X (sky130_fd_sc_hd__clkdlybuf4s25_1)
                                                         net51 (net)
                      0.342846    0.000949    1.172884 v fanout50/A (sky130_fd_sc_hd__clkdlybuf4s25_1)
    10    0.042206    0.311799    0.557969    1.730853 v fanout50/X (sky130_fd_sc_hd__clkdlybuf4s25_1)
                                                         net50 (net)
                      0.311800    0.001238    1.732091 v _0808_/B (sky130_fd_sc_hd__and3_2)
     3    0.009012    0.052593    0.333612    2.065703 v _0808_/X (sky130_fd_sc_hd__and3_2)
                                                         _0078_ (net)
                      0.052593    0.000099    2.065802 v _0811_/A (sky130_fd_sc_hd__or3_2)
     2    0.003919    0.080563    0.474799    2.540601 v _0811_/X (sky130_fd_sc_hd__or3_2)
                                                         _0081_ (net)
                      0.080563    0.000030    2.540632 v _0812_/B (sky130_fd_sc_hd__and2b_2)
     1    0.003679    0.037960    0.204585    2.745217 v _0812_/X (sky130_fd_sc_hd__and2b_2)
                                                         _0082_ (net)
                      0.037960    0.000059    2.745275 v fanout22/A (sky130_fd_sc_hd__clkdlybuf4s25_1)
     9    0.061844    0.451877    0.555964    3.301240 v fanout22/X (sky130_fd_sc_hd__clkdlybuf4s25_1)
                                                         net22 (net)
                      0.451886    0.002450    3.303689 v fanout21/A (sky130_fd_sc_hd__clkdlybuf4s25_1)
     7    0.052465    0.384849    0.636035    3.939724 v fanout21/X (sky130_fd_sc_hd__clkdlybuf4s25_1)
                                                         net21 (net)
                      0.384861    0.002406    3.942130 v fanout20/A (sky130_fd_sc_hd__clkdlybuf4s25_1)
    10    0.068156    0.496673    0.704197    4.646327 v fanout20/X (sky130_fd_sc_hd__clkdlybuf4s25_1)
                                                         net20 (net)
                      0.496674    0.001513    4.647840 v _0890_/A (sky130_fd_sc_hd__xor2_2)
     2    0.006906    0.126227    0.319156    4.966996 v _0890_/X (sky130_fd_sc_hd__xor2_2)
                                                         _0160_ (net)
                      0.126227    0.000042    4.967038 v _0893_/B (sky130_fd_sc_hd__or2_2)
     1    0.001816    0.050484    0.290744    5.257782 v _0893_/X (sky130_fd_sc_hd__or2_2)
                                                         _0163_ (net)
                      0.050484    0.000016    5.257798 v _0894_/B (sky130_fd_sc_hd__and2_2)
     3    0.020157    0.073057    0.233725    5.491523 v _0894_/X (sky130_fd_sc_hd__and2_2)
                                                         _0164_ (net)
                      0.073057    0.000123    5.491646 v _0895_/B (sky130_fd_sc_hd__nor2_2)
     2    0.015438    0.186319    0.175002    5.666648 ^ _0895_/Y (sky130_fd_sc_hd__nor2_2)
                                                         _0165_ (net)
                      0.186319    0.000033    5.666681 ^ _0896_/B (sky130_fd_sc_hd__xor2_2)
     2    0.013861    0.206131    0.229047    5.895728 ^ _0896_/X (sky130_fd_sc_hd__xor2_2)
                                                         _0166_ (net)
                      0.206131    0.000136    5.895864 ^ _0901_/B (sky130_fd_sc_hd__xnor2_2)
     2    0.006413    0.068260    0.092094    5.987958 v _0901_/Y (sky130_fd_sc_hd__xnor2_2)
                                                         _0171_ (net)
                      0.068260    0.000036    5.987995 v _0983_/A (sky130_fd_sc_hd__and2_2)
     1    0.004848    0.041814    0.180577    6.168571 v _0983_/X (sky130_fd_sc_hd__and2_2)
                                                         _0253_ (net)
                      0.041814    0.000051    6.168622 v _0984_/B (sky130_fd_sc_hd__nor2_2)
     2    0.015508    0.187015    0.163848    6.332471 ^ _0984_/Y (sky130_fd_sc_hd__nor2_2)
                                                         _0254_ (net)
                      0.187015    0.000219    6.332690 ^ _0985_/B (sky130_fd_sc_hd__xor2_2)
     2    0.014977    0.218094    0.238066    6.570755 ^ _0985_/X (sky130_fd_sc_hd__xor2_2)
                                                         _0255_ (net)
                      0.218094    0.000116    6.570871 ^ _0992_/A (sky130_fd_sc_hd__nand2_2)
     2    0.004782    0.059682    0.072281    6.643152 v _0992_/Y (sky130_fd_sc_hd__nand2_2)
                                                         _0262_ (net)
                      0.059682    0.000040    6.643192 v _0994_/A_N (sky130_fd_sc_hd__nand2b_2)
     1    0.002690    0.039715    0.170159    6.813351 v _0994_/Y (sky130_fd_sc_hd__nand2b_2)
                                                         _0264_ (net)
                      0.039715    0.000025    6.813376 v _1388_/A1 (sky130_fd_sc_hd__o221a_2)
     4    0.016932    0.079255    0.324374    7.137750 v _1388_/X (sky130_fd_sc_hd__o221a_2)
                                                         _0658_ (net)
                      0.079256    0.000476    7.138226 v _1393_/A2 (sky130_fd_sc_hd__o31ai_2)
     3    0.010917    0.292757    0.315608    7.453833 ^ _1393_/Y (sky130_fd_sc_hd__o31ai_2)
                                                         _0663_ (net)
                      0.292757    0.000209    7.454042 ^ _1394_/B (sky130_fd_sc_hd__nand2_2)
     2    0.007967    0.070934    0.104277    7.558320 v _1394_/Y (sky130_fd_sc_hd__nand2_2)
                                                         _0664_ (net)
                      0.070934    0.000091    7.558410 v _1405_/A2 (sky130_fd_sc_hd__o211ai_2)
     5    0.029476    0.378108    0.338733    7.897143 ^ _1405_/Y (sky130_fd_sc_hd__o211ai_2)
                                                         _0675_ (net)
                      0.378109    0.000386    7.897529 ^ _1473_/A1 (sky130_fd_sc_hd__a21bo_2)
     1    0.004084    0.042763    0.197734    8.095263 ^ _1473_/X (sky130_fd_sc_hd__a21bo_2)
                                                         _0718_ (net)
                      0.042763    0.000045    8.095308 ^ fanout16/A (sky130_fd_sc_hd__clkdlybuf4s25_1)
     5    0.025727    0.262947    0.400127    8.495436 ^ fanout16/X (sky130_fd_sc_hd__clkdlybuf4s25_1)
                                                         net16 (net)
                      0.262947    0.000120    8.495556 ^ fanout14/A (sky130_fd_sc_hd__clkdlybuf4s25_1)
    10    0.043066    0.431858    0.579968    9.075523 ^ fanout14/X (sky130_fd_sc_hd__clkdlybuf4s25_1)
                                                         net14 (net)
                      0.431858    0.001032    9.076556 ^ _1528_/B1 (sky130_fd_sc_hd__a21o_2)
     1    0.002864    0.037191    0.147489    9.224045 ^ _1528_/X (sky130_fd_sc_hd__a21o_2)
                                                         _0759_ (net)
                      0.037191    0.000027    9.224072 ^ _1529_/C1 (sky130_fd_sc_hd__o211a_2)
     1    0.002162    0.041334    0.145641    9.369713 ^ _1529_/X (sky130_fd_sc_hd__o211a_2)
                                                         _0042_ (net)
                      0.041334    0.000020    9.369733 ^ _1614_/D (sky130_fd_sc_hd__dfxtp_2)
                                              9.369733   data arrival time

                                 20.000000   20.000000   clock clk (rise edge)
                                  0.000000   20.000000   clock source latency
     1    0.018955    0.091051    0.062521   20.062521 ^ clk (in)
                                                         clk (net)
                      0.091057    0.000000   20.062521 ^ clkbuf_0_clk/A (sky130_fd_sc_hd__clkbuf_16)
     8    0.082146    0.098721    0.189527   20.252048 ^ clkbuf_0_clk/X (sky130_fd_sc_hd__clkbuf_16)
                                                         clknet_0_clk (net)
                      0.098731    0.001092   20.253139 ^ clkbuf_3_4__f_clk/A (sky130_fd_sc_hd__clkbuf_16)
     8    0.030458    0.051472    0.154428   20.407568 ^ clkbuf_3_4__f_clk/X (sky130_fd_sc_hd__clkbuf_16)
                                                         clknet_3_4__leaf_clk (net)
                      0.051473    0.000449   20.408018 ^ _1614_/CLK (sky130_fd_sc_hd__dfxtp_2)
                                 -0.250000   20.158018   clock uncertainty
                                  0.000000   20.158018   clock reconvergence pessimism
                                 -0.057042   20.100975   library setup time
                                             20.100975   data required time
---------------------------------------------------------------------------------------------
                                             20.100975   data required time
                                             -9.369733   data arrival time
---------------------------------------------------------------------------------------------
                                             10.731243   slack (MET)


Startpoint: _1595_ (rising edge-triggered flip-flop clocked by clk)
Endpoint: _1605_ (rising edge-triggered flip-flop clocked by clk)
Path Group: clk
Path Type: max

Fanout         Cap        Slew       Delay        Time   Description
---------------------------------------------------------------------------------------------
                                  0.000000    0.000000   clock clk (rise edge)
                                  0.000000    0.000000   clock source latency
     1    0.018955    0.091051    0.062520    0.062520 ^ clk (in)
                                                         clk (net)
                      0.091057    0.000000    0.062520 ^ clkbuf_0_clk/A (sky130_fd_sc_hd__clkbuf_16)
     8    0.082146    0.098721    0.189527    0.252047 ^ clkbuf_0_clk/X (sky130_fd_sc_hd__clkbuf_16)
                                                         clknet_0_clk (net)
                      0.098760    0.001849    0.253897 ^ clkbuf_3_6__f_clk/A (sky130_fd_sc_hd__clkbuf_16)
     8    0.023487    0.044949    0.148317    0.402213 ^ clkbuf_3_6__f_clk/X (sky130_fd_sc_hd__clkbuf_16)
                                                         clknet_3_6__leaf_clk (net)
                      0.044953    0.000457    0.402670 ^ _1595_/CLK (sky130_fd_sc_hd__dfxtp_2)
     1    0.002450    0.021901    0.300485    0.703155 v _1595_/Q (sky130_fd_sc_hd__dfxtp_2)
                                                         u_dp.b_q[3] (net)
                      0.021901    0.000022    0.703177 v fanout51/A (sky130_fd_sc_hd__clkdlybuf4s25_1)
     7    0.046540    0.342846    0.468758    1.171935 v fanout51/X (sky130_fd_sc_hd__clkdlybuf4s25_1)
                                                         net51 (net)
                      0.342846    0.000949    1.172884 v fanout50/A (sky130_fd_sc_hd__clkdlybuf4s25_1)
    10    0.042206    0.311799    0.557969    1.730853 v fanout50/X (sky130_fd_sc_hd__clkdlybuf4s25_1)
                                                         net50 (net)
                      0.311800    0.001238    1.732091 v _0808_/B (sky130_fd_sc_hd__and3_2)
     3    0.009012    0.052593    0.333612    2.065703 v _0808_/X (sky130_fd_sc_hd__and3_2)
                                                         _0078_ (net)
                      0.052593    0.000099    2.065802 v _0811_/A (sky130_fd_sc_hd__or3_2)
     2    0.003919    0.080563    0.474799    2.540601 v _0811_/X (sky130_fd_sc_hd__or3_2)
                                                         _0081_ (net)
                      0.080563    0.000030    2.540632 v _0812_/B (sky130_fd_sc_hd__and2b_2)
     1    0.003679    0.037960    0.204585    2.745217 v _0812_/X (sky130_fd_sc_hd__and2b_2)
                                                         _0082_ (net)
                      0.037960    0.000059    2.745275 v fanout22/A (sky130_fd_sc_hd__clkdlybuf4s25_1)
     9    0.061844    0.451877    0.555964    3.301240 v fanout22/X (sky130_fd_sc_hd__clkdlybuf4s25_1)
                                                         net22 (net)
                      0.451886    0.002450    3.303689 v fanout21/A (sky130_fd_sc_hd__clkdlybuf4s25_1)
     7    0.052465    0.384849    0.636035    3.939724 v fanout21/X (sky130_fd_sc_hd__clkdlybuf4s25_1)
                                                         net21 (net)
                      0.384861    0.002406    3.942130 v fanout20/A (sky130_fd_sc_hd__clkdlybuf4s25_1)
    10    0.068156    0.496673    0.704197    4.646327 v fanout20/X (sky130_fd_sc_hd__clkdlybuf4s25_1)
                                                         net20 (net)
                      0.496674    0.001513    4.647840 v _0890_/A (sky130_fd_sc_hd__xor2_2)
     2    0.006906    0.126227    0.319156    4.966996 v _0890_/X (sky130_fd_sc_hd__xor2_2)
                                                         _0160_ (net)
                      0.126227    0.000042    4.967038 v _0893_/B (sky130_fd_sc_hd__or2_2)
     1    0.001816    0.050484    0.290744    5.257782 v _0893_/X (sky130_fd_sc_hd__or2_2)
                                                         _0163_ (net)
                      0.050484    0.000016    5.257798 v _0894_/B (sky130_fd_sc_hd__and2_2)
     3    0.020157    0.073057    0.233725    5.491523 v _0894_/X (sky130_fd_sc_hd__and2_2)
                                                         _0164_ (net)
                      0.073057    0.000123    5.491646 v _0895_/B (sky130_fd_sc_hd__nor2_2)
     2    0.015438    0.186319    0.175002    5.666648 ^ _0895_/Y (sky130_fd_sc_hd__nor2_2)
                                                         _0165_ (net)
                      0.186319    0.000033    5.666681 ^ _0896_/B (sky130_fd_sc_hd__xor2_2)
     2    0.013861    0.206131    0.229047    5.895728 ^ _0896_/X (sky130_fd_sc_hd__xor2_2)
                                                         _0166_ (net)
                      0.206131    0.000136    5.895864 ^ _0901_/B (sky130_fd_sc_hd__xnor2_2)
     2    0.006413    0.068260    0.092094    5.987958 v _0901_/Y (sky130_fd_sc_hd__xnor2_2)
                                                         _0171_ (net)
                      0.068260    0.000036    5.987995 v _0983_/A (sky130_fd_sc_hd__and2_2)
     1    0.004848    0.041814    0.180577    6.168571 v _0983_/X (sky130_fd_sc_hd__and2_2)
                                                         _0253_ (net)
                      0.041814    0.000051    6.168622 v _0984_/B (sky130_fd_sc_hd__nor2_2)
     2    0.015508    0.187015    0.163848    6.332471 ^ _0984_/Y (sky130_fd_sc_hd__nor2_2)
                                                         _0254_ (net)
                      0.187015    0.000219    6.332690 ^ _0985_/B (sky130_fd_sc_hd__xor2_2)
     2    0.014977    0.218094    0.238066    6.570755 ^ _0985_/X (sky130_fd_sc_hd__xor2_2)
                                                         _0255_ (net)
                      0.218094    0.000116    6.570871 ^ _0992_/A (sky130_fd_sc_hd__nand2_2)
     2    0.004782    0.059682    0.072281    6.643152 v _0992_/Y (sky130_fd_sc_hd__nand2_2)
                                                         _0262_ (net)
                      0.059682    0.000040    6.643192 v _0994_/A_N (sky130_fd_sc_hd__nand2b_2)
     1    0.002690    0.039715    0.170159    6.813351 v _0994_/Y (sky130_fd_sc_hd__nand2b_2)
                                                         _0264_ (net)
                      0.039715    0.000025    6.813376 v _1388_/A1 (sky130_fd_sc_hd__o221a_2)
     4    0.016932    0.079255    0.324374    7.137750 v _1388_/X (sky130_fd_sc_hd__o221a_2)
                                                         _0658_ (net)
                      0.079256    0.000476    7.138226 v _1393_/A2 (sky130_fd_sc_hd__o31ai_2)
     3    0.010917    0.292757    0.315608    7.453833 ^ _1393_/Y (sky130_fd_sc_hd__o31ai_2)
                                                         _0663_ (net)
                      0.292757    0.000209    7.454042 ^ _1394_/B (sky130_fd_sc_hd__nand2_2)
     2    0.007967    0.070934    0.104277    7.558320 v _1394_/Y (sky130_fd_sc_hd__nand2_2)
                                                         _0664_ (net)
                      0.070934    0.000091    7.558410 v _1405_/A2 (sky130_fd_sc_hd__o211ai_2)
     5    0.029476    0.378108    0.338733    7.897143 ^ _1405_/Y (sky130_fd_sc_hd__o211ai_2)
                                                         _0675_ (net)
                      0.378109    0.000386    7.897529 ^ _1473_/A1 (sky130_fd_sc_hd__a21bo_2)
     1    0.004084    0.042763    0.197734    8.095263 ^ _1473_/X (sky130_fd_sc_hd__a21bo_2)
                                                         _0718_ (net)
                      0.042763    0.000045    8.095308 ^ fanout16/A (sky130_fd_sc_hd__clkdlybuf4s25_1)
     5    0.025727    0.262947    0.400127    8.495436 ^ fanout16/X (sky130_fd_sc_hd__clkdlybuf4s25_1)
                                                         net16 (net)
                      0.262947    0.000473    8.495909 ^ fanout15/A (sky130_fd_sc_hd__clkdlybuf4s25_1)
    10    0.041655    0.418100    0.570390    9.066299 ^ fanout15/X (sky130_fd_sc_hd__clkdlybuf4s25_1)
                                                         net15 (net)
                      0.418100    0.001131    9.067430 ^ _1492_/B1 (sky130_fd_sc_hd__a21o_2)
     1    0.004086    0.041424    0.152886    9.220315 ^ _1492_/X (sky130_fd_sc_hd__a21o_2)
                                                         _0732_ (net)
                      0.041424    0.000065    9.220380 ^ _1493_/C1 (sky130_fd_sc_hd__o211a_2)
     1    0.002306    0.042713    0.147826    9.368206 ^ _1493_/X (sky130_fd_sc_hd__o211a_2)
                                                         _0033_ (net)
                      0.042713    0.000024    9.368230 ^ _1605_/D (sky130_fd_sc_hd__dfxtp_2)
                                              9.368230   data arrival time

                                 20.000000   20.000000   clock clk (rise edge)
                                  0.000000   20.000000   clock source latency
     1    0.018955    0.091051    0.062521   20.062521 ^ clk (in)
                                                         clk (net)
                      0.091057    0.000000   20.062521 ^ clkbuf_0_clk/A (sky130_fd_sc_hd__clkbuf_16)
     8    0.082146    0.098721    0.189527   20.252048 ^ clkbuf_0_clk/X (sky130_fd_sc_hd__clkbuf_16)
                                                         clknet_0_clk (net)
                      0.098747    0.001574   20.253622 ^ clkbuf_3_3__f_clk/A (sky130_fd_sc_hd__clkbuf_16)
     8    0.029606    0.050750    0.153836   20.407457 ^ clkbuf_3_3__f_clk/X (sky130_fd_sc_hd__clkbuf_16)
                                                         clknet_3_3__leaf_clk (net)
                      0.050750    0.000272   20.407730 ^ _1605_/CLK (sky130_fd_sc_hd__dfxtp_2)
                                 -0.250000   20.157730   clock uncertainty
                                  0.000000   20.157730   clock reconvergence pessimism
                                 -0.057474   20.100256   library setup time
                                             20.100256   data required time
---------------------------------------------------------------------------------------------
                                             20.100256   data required time
                                             -9.368230   data arrival time
---------------------------------------------------------------------------------------------
                                             10.732026   slack (MET)


Startpoint: _1595_ (rising edge-triggered flip-flop clocked by clk)
Endpoint: _1607_ (rising edge-triggered flip-flop clocked by clk)
Path Group: clk
Path Type: max

Fanout         Cap        Slew       Delay        Time   Description
---------------------------------------------------------------------------------------------
                                  0.000000    0.000000   clock clk (rise edge)
                                  0.000000    0.000000   clock source latency
     1    0.018955    0.091051    0.062520    0.062520 ^ clk (in)
                                                         clk (net)
                      0.091057    0.000000    0.062520 ^ clkbuf_0_clk/A (sky130_fd_sc_hd__clkbuf_16)
     8    0.082146    0.098721    0.189527    0.252047 ^ clkbuf_0_clk/X (sky130_fd_sc_hd__clkbuf_16)
                                                         clknet_0_clk (net)
                      0.098760    0.001849    0.253897 ^ clkbuf_3_6__f_clk/A (sky130_fd_sc_hd__clkbuf_16)
     8    0.023487    0.044949    0.148317    0.402213 ^ clkbuf_3_6__f_clk/X (sky130_fd_sc_hd__clkbuf_16)
                                                         clknet_3_6__leaf_clk (net)
                      0.044953    0.000457    0.402670 ^ _1595_/CLK (sky130_fd_sc_hd__dfxtp_2)
     1    0.002450    0.021901    0.300485    0.703155 v _1595_/Q (sky130_fd_sc_hd__dfxtp_2)
                                                         u_dp.b_q[3] (net)
                      0.021901    0.000022    0.703177 v fanout51/A (sky130_fd_sc_hd__clkdlybuf4s25_1)
     7    0.046540    0.342846    0.468758    1.171935 v fanout51/X (sky130_fd_sc_hd__clkdlybuf4s25_1)
                                                         net51 (net)
                      0.342846    0.000949    1.172884 v fanout50/A (sky130_fd_sc_hd__clkdlybuf4s25_1)
    10    0.042206    0.311799    0.557969    1.730853 v fanout50/X (sky130_fd_sc_hd__clkdlybuf4s25_1)
                                                         net50 (net)
                      0.311800    0.001238    1.732091 v _0808_/B (sky130_fd_sc_hd__and3_2)
     3    0.009012    0.052593    0.333612    2.065703 v _0808_/X (sky130_fd_sc_hd__and3_2)
                                                         _0078_ (net)
                      0.052593    0.000099    2.065802 v _0811_/A (sky130_fd_sc_hd__or3_2)
     2    0.003919    0.080563    0.474799    2.540601 v _0811_/X (sky130_fd_sc_hd__or3_2)
                                                         _0081_ (net)
                      0.080563    0.000030    2.540632 v _0812_/B (sky130_fd_sc_hd__and2b_2)
     1    0.003679    0.037960    0.204585    2.745217 v _0812_/X (sky130_fd_sc_hd__and2b_2)
                                                         _0082_ (net)
                      0.037960    0.000059    2.745275 v fanout22/A (sky130_fd_sc_hd__clkdlybuf4s25_1)
     9    0.061844    0.451877    0.555964    3.301240 v fanout22/X (sky130_fd_sc_hd__clkdlybuf4s25_1)
                                                         net22 (net)
                      0.451886    0.002450    3.303689 v fanout21/A (sky130_fd_sc_hd__clkdlybuf4s25_1)
     7    0.052465    0.384849    0.636035    3.939724 v fanout21/X (sky130_fd_sc_hd__clkdlybuf4s25_1)
                                                         net21 (net)
                      0.384861    0.002406    3.942130 v fanout20/A (sky130_fd_sc_hd__clkdlybuf4s25_1)
    10    0.068156    0.496673    0.704197    4.646327 v fanout20/X (sky130_fd_sc_hd__clkdlybuf4s25_1)
                                                         net20 (net)
                      0.496674    0.001513    4.647840 v _0890_/A (sky130_fd_sc_hd__xor2_2)
     2    0.006906    0.126227    0.319156    4.966996 v _0890_/X (sky130_fd_sc_hd__xor2_2)
                                                         _0160_ (net)
                      0.126227    0.000042    4.967038 v _0893_/B (sky130_fd_sc_hd__or2_2)
     1    0.001816    0.050484    0.290744    5.257782 v _0893_/X (sky130_fd_sc_hd__or2_2)
                                                         _0163_ (net)
                      0.050484    0.000016    5.257798 v _0894_/B (sky130_fd_sc_hd__and2_2)
     3    0.020157    0.073057    0.233725    5.491523 v _0894_/X (sky130_fd_sc_hd__and2_2)
                                                         _0164_ (net)
                      0.073057    0.000123    5.491646 v _0895_/B (sky130_fd_sc_hd__nor2_2)
     2    0.015438    0.186319    0.175002    5.666648 ^ _0895_/Y (sky130_fd_sc_hd__nor2_2)
                                                         _0165_ (net)
                      0.186319    0.000033    5.666681 ^ _0896_/B (sky130_fd_sc_hd__xor2_2)
     2    0.013861    0.206131    0.229047    5.895728 ^ _0896_/X (sky130_fd_sc_hd__xor2_2)
                                                         _0166_ (net)
                      0.206131    0.000136    5.895864 ^ _0901_/B (sky130_fd_sc_hd__xnor2_2)
     2    0.006413    0.068260    0.092094    5.987958 v _0901_/Y (sky130_fd_sc_hd__xnor2_2)
                                                         _0171_ (net)
                      0.068260    0.000036    5.987995 v _0983_/A (sky130_fd_sc_hd__and2_2)
     1    0.004848    0.041814    0.180577    6.168571 v _0983_/X (sky130_fd_sc_hd__and2_2)
                                                         _0253_ (net)
                      0.041814    0.000051    6.168622 v _0984_/B (sky130_fd_sc_hd__nor2_2)
     2    0.015508    0.187015    0.163848    6.332471 ^ _0984_/Y (sky130_fd_sc_hd__nor2_2)
                                                         _0254_ (net)
                      0.187015    0.000219    6.332690 ^ _0985_/B (sky130_fd_sc_hd__xor2_2)
     2    0.014977    0.218094    0.238066    6.570755 ^ _0985_/X (sky130_fd_sc_hd__xor2_2)
                                                         _0255_ (net)
                      0.218094    0.000116    6.570871 ^ _0992_/A (sky130_fd_sc_hd__nand2_2)
     2    0.004782    0.059682    0.072281    6.643152 v _0992_/Y (sky130_fd_sc_hd__nand2_2)
                                                         _0262_ (net)
                      0.059682    0.000040    6.643192 v _0994_/A_N (sky130_fd_sc_hd__nand2b_2)
     1    0.002690    0.039715    0.170159    6.813351 v _0994_/Y (sky130_fd_sc_hd__nand2b_2)
                                                         _0264_ (net)
                      0.039715    0.000025    6.813376 v _1388_/A1 (sky130_fd_sc_hd__o221a_2)
     4    0.016932    0.079255    0.324374    7.137750 v _1388_/X (sky130_fd_sc_hd__o221a_2)
                                                         _0658_ (net)
                      0.079256    0.000476    7.138226 v _1393_/A2 (sky130_fd_sc_hd__o31ai_2)
     3    0.010917    0.292757    0.315608    7.453833 ^ _1393_/Y (sky130_fd_sc_hd__o31ai_2)
                                                         _0663_ (net)
                      0.292757    0.000209    7.454042 ^ _1394_/B (sky130_fd_sc_hd__nand2_2)
     2    0.007967    0.070934    0.104277    7.558320 v _1394_/Y (sky130_fd_sc_hd__nand2_2)
                                                         _0664_ (net)
                      0.070934    0.000091    7.558410 v _1405_/A2 (sky130_fd_sc_hd__o211ai_2)
     5    0.029476    0.378108    0.338733    7.897143 ^ _1405_/Y (sky130_fd_sc_hd__o211ai_2)
                                                         _0675_ (net)
                      0.378109    0.000386    7.897529 ^ _1473_/A1 (sky130_fd_sc_hd__a21bo_2)
     1    0.004084    0.042763    0.197734    8.095263 ^ _1473_/X (sky130_fd_sc_hd__a21bo_2)
                                                         _0718_ (net)
                      0.042763    0.000045    8.095308 ^ fanout16/A (sky130_fd_sc_hd__clkdlybuf4s25_1)
     5    0.025727    0.262947    0.400127    8.495436 ^ fanout16/X (sky130_fd_sc_hd__clkdlybuf4s25_1)
                                                         net16 (net)
                      0.262947    0.000473    8.495909 ^ fanout15/A (sky130_fd_sc_hd__clkdlybuf4s25_1)
    10    0.041655    0.418100    0.570390    9.066299 ^ fanout15/X (sky130_fd_sc_hd__clkdlybuf4s25_1)
                                                         net15 (net)
                      0.418100    0.000866    9.067165 ^ _1498_/B1 (sky130_fd_sc_hd__a21o_2)
     1    0.003041    0.037385    0.147277    9.214442 ^ _1498_/X (sky130_fd_sc_hd__a21o_2)
                                                         _0736_ (net)
                      0.037385    0.000029    9.214471 ^ _1499_/C1 (sky130_fd_sc_hd__o211a_2)
     1    0.002419    0.043297    0.147282    9.361753 ^ _1499_/X (sky130_fd_sc_hd__o211a_2)
                                                         _0035_ (net)
                      0.043297    0.000026    9.361779 ^ _1607_/D (sky130_fd_sc_hd__dfxtp_2)
                                              9.361779   data arrival time

                                 20.000000   20.000000   clock clk (rise edge)
                                  0.000000   20.000000   clock source latency
     1    0.018955    0.091051    0.062521   20.062521 ^ clk (in)
                                                         clk (net)
                      0.091057    0.000000   20.062521 ^ clkbuf_0_clk/A (sky130_fd_sc_hd__clkbuf_16)
     8    0.082146    0.098721    0.189527   20.252048 ^ clkbuf_0_clk/X (sky130_fd_sc_hd__clkbuf_16)
                                                         clknet_0_clk (net)
                      0.098731    0.001092   20.253139 ^ clkbuf_3_4__f_clk/A (sky130_fd_sc_hd__clkbuf_16)
     8    0.030458    0.051472    0.154428   20.407568 ^ clkbuf_3_4__f_clk/X (sky130_fd_sc_hd__clkbuf_16)
                                                         clknet_3_4__leaf_clk (net)
                      0.051473    0.000357   20.407925 ^ _1607_/CLK (sky130_fd_sc_hd__dfxtp_2)
                                 -0.250000   20.157927   clock uncertainty
                                  0.000000   20.157927   clock reconvergence pessimism
                                 -0.057504   20.100422   library setup time
                                             20.100422   data required time
---------------------------------------------------------------------------------------------
                                             20.100422   data required time
                                             -9.361779   data arrival time
---------------------------------------------------------------------------------------------
                                             10.738643   slack (MET)


Startpoint: _1595_ (rising edge-triggered flip-flop clocked by clk)
Endpoint: _1616_ (rising edge-triggered flip-flop clocked by clk)
Path Group: clk
Path Type: max

Fanout         Cap        Slew       Delay        Time   Description
---------------------------------------------------------------------------------------------
                                  0.000000    0.000000   clock clk (rise edge)
                                  0.000000    0.000000   clock source latency
     1    0.018955    0.091051    0.062520    0.062520 ^ clk (in)
                                                         clk (net)
                      0.091057    0.000000    0.062520 ^ clkbuf_0_clk/A (sky130_fd_sc_hd__clkbuf_16)
     8    0.082146    0.098721    0.189527    0.252047 ^ clkbuf_0_clk/X (sky130_fd_sc_hd__clkbuf_16)
                                                         clknet_0_clk (net)
                      0.098760    0.001849    0.253897 ^ clkbuf_3_6__f_clk/A (sky130_fd_sc_hd__clkbuf_16)
     8    0.023487    0.044949    0.148317    0.402213 ^ clkbuf_3_6__f_clk/X (sky130_fd_sc_hd__clkbuf_16)
                                                         clknet_3_6__leaf_clk (net)
                      0.044953    0.000457    0.402670 ^ _1595_/CLK (sky130_fd_sc_hd__dfxtp_2)
     1    0.002450    0.021901    0.300485    0.703155 v _1595_/Q (sky130_fd_sc_hd__dfxtp_2)
                                                         u_dp.b_q[3] (net)
                      0.021901    0.000022    0.703177 v fanout51/A (sky130_fd_sc_hd__clkdlybuf4s25_1)
     7    0.046540    0.342846    0.468758    1.171935 v fanout51/X (sky130_fd_sc_hd__clkdlybuf4s25_1)
                                                         net51 (net)
                      0.342846    0.000949    1.172884 v fanout50/A (sky130_fd_sc_hd__clkdlybuf4s25_1)
    10    0.042206    0.311799    0.557969    1.730853 v fanout50/X (sky130_fd_sc_hd__clkdlybuf4s25_1)
                                                         net50 (net)
                      0.311800    0.001238    1.732091 v _0808_/B (sky130_fd_sc_hd__and3_2)
     3    0.009012    0.052593    0.333612    2.065703 v _0808_/X (sky130_fd_sc_hd__and3_2)
                                                         _0078_ (net)
                      0.052593    0.000099    2.065802 v _0811_/A (sky130_fd_sc_hd__or3_2)
     2    0.003919    0.080563    0.474799    2.540601 v _0811_/X (sky130_fd_sc_hd__or3_2)
                                                         _0081_ (net)
                      0.080563    0.000030    2.540632 v _0812_/B (sky130_fd_sc_hd__and2b_2)
     1    0.003679    0.037960    0.204585    2.745217 v _0812_/X (sky130_fd_sc_hd__and2b_2)
                                                         _0082_ (net)
                      0.037960    0.000059    2.745275 v fanout22/A (sky130_fd_sc_hd__clkdlybuf4s25_1)
     9    0.061844    0.451877    0.555964    3.301240 v fanout22/X (sky130_fd_sc_hd__clkdlybuf4s25_1)
                                                         net22 (net)
                      0.451886    0.002450    3.303689 v fanout21/A (sky130_fd_sc_hd__clkdlybuf4s25_1)
     7    0.052465    0.384849    0.636035    3.939724 v fanout21/X (sky130_fd_sc_hd__clkdlybuf4s25_1)
                                                         net21 (net)
                      0.384861    0.002406    3.942130 v fanout20/A (sky130_fd_sc_hd__clkdlybuf4s25_1)
    10    0.068156    0.496673    0.704197    4.646327 v fanout20/X (sky130_fd_sc_hd__clkdlybuf4s25_1)
                                                         net20 (net)
                      0.496674    0.001513    4.647840 v _0890_/A (sky130_fd_sc_hd__xor2_2)
     2    0.006906    0.126227    0.319156    4.966996 v _0890_/X (sky130_fd_sc_hd__xor2_2)
                                                         _0160_ (net)
                      0.126227    0.000042    4.967038 v _0893_/B (sky130_fd_sc_hd__or2_2)
     1    0.001816    0.050484    0.290744    5.257782 v _0893_/X (sky130_fd_sc_hd__or2_2)
                                                         _0163_ (net)
                      0.050484    0.000016    5.257798 v _0894_/B (sky130_fd_sc_hd__and2_2)
     3    0.020157    0.073057    0.233725    5.491523 v _0894_/X (sky130_fd_sc_hd__and2_2)
                                                         _0164_ (net)
                      0.073057    0.000123    5.491646 v _0895_/B (sky130_fd_sc_hd__nor2_2)
     2    0.015438    0.186319    0.175002    5.666648 ^ _0895_/Y (sky130_fd_sc_hd__nor2_2)
                                                         _0165_ (net)
                      0.186319    0.000033    5.666681 ^ _0896_/B (sky130_fd_sc_hd__xor2_2)
     2    0.013861    0.206131    0.229047    5.895728 ^ _0896_/X (sky130_fd_sc_hd__xor2_2)
                                                         _0166_ (net)
                      0.206131    0.000136    5.895864 ^ _0901_/B (sky130_fd_sc_hd__xnor2_2)
     2    0.006413    0.068260    0.092094    5.987958 v _0901_/Y (sky130_fd_sc_hd__xnor2_2)
                                                         _0171_ (net)
                      0.068260    0.000036    5.987995 v _0983_/A (sky130_fd_sc_hd__and2_2)
     1    0.004848    0.041814    0.180577    6.168571 v _0983_/X (sky130_fd_sc_hd__and2_2)
                                                         _0253_ (net)
                      0.041814    0.000051    6.168622 v _0984_/B (sky130_fd_sc_hd__nor2_2)
     2    0.015508    0.187015    0.163848    6.332471 ^ _0984_/Y (sky130_fd_sc_hd__nor2_2)
                                                         _0254_ (net)
                      0.187015    0.000219    6.332690 ^ _0985_/B (sky130_fd_sc_hd__xor2_2)
     2    0.014977    0.218094    0.238066    6.570755 ^ _0985_/X (sky130_fd_sc_hd__xor2_2)
                                                         _0255_ (net)
                      0.218094    0.000116    6.570871 ^ _0992_/A (sky130_fd_sc_hd__nand2_2)
     2    0.004782    0.059682    0.072281    6.643152 v _0992_/Y (sky130_fd_sc_hd__nand2_2)
                                                         _0262_ (net)
                      0.059682    0.000040    6.643192 v _0994_/A_N (sky130_fd_sc_hd__nand2b_2)
     1    0.002690    0.039715    0.170159    6.813351 v _0994_/Y (sky130_fd_sc_hd__nand2b_2)
                                                         _0264_ (net)
                      0.039715    0.000025    6.813376 v _1388_/A1 (sky130_fd_sc_hd__o221a_2)
     4    0.016932    0.079255    0.324374    7.137750 v _1388_/X (sky130_fd_sc_hd__o221a_2)
                                                         _0658_ (net)
                      0.079256    0.000476    7.138226 v _1393_/A2 (sky130_fd_sc_hd__o31ai_2)
     3    0.010917    0.292757    0.315608    7.453833 ^ _1393_/Y (sky130_fd_sc_hd__o31ai_2)
                                                         _0663_ (net)
                      0.292757    0.000133    7.453967 ^ _1406_/A2 (sky130_fd_sc_hd__a21o_2)
     1    0.009248    0.060253    0.201745    7.655712 ^ _1406_/X (sky130_fd_sc_hd__a21o_2)
                                                         _0676_ (net)
                      0.060253    0.000102    7.655814 ^ _1407_/B (sky130_fd_sc_hd__xnor2_2)
     4    0.022140    0.125040    0.116230    7.772044 v _1407_/Y (sky130_fd_sc_hd__xnor2_2)
                                                         _0677_ (net)
                      0.125040    0.000147    7.772190 v _1408_/B (sky130_fd_sc_hd__or2_2)
     4    0.020868    0.099860    0.364452    8.136642 v _1408_/X (sky130_fd_sc_hd__or2_2)
                                                         _0678_ (net)
                      0.099860    0.000167    8.136809 v fanout17/A (sky130_fd_sc_hd__clkdlybuf4s25_1)
    10    0.037260    0.275873    0.454240    8.591050 v fanout17/X (sky130_fd_sc_hd__clkdlybuf4s25_1)
                                                         net17 (net)
                      0.275873    0.000516    8.591566 v _1535_/A2 (sky130_fd_sc_hd__a31o_2)
     1    0.003987    0.040184    0.321889    8.913455 v _1535_/X (sky130_fd_sc_hd__a31o_2)
                                                         _0764_ (net)
                      0.040184    0.000062    8.913517 v _1536_/C1 (sky130_fd_sc_hd__o211a_2)
     1    0.002608    0.040406    0.108117    9.021634 v _1536_/X (sky130_fd_sc_hd__o211a_2)
                                                         _0044_ (net)
                      0.040406    0.000028    9.021662 v _1616_/D (sky130_fd_sc_hd__dfxtp_2)
                                              9.021662   data arrival time

                                 20.000000   20.000000   clock clk (rise edge)
                                  0.000000   20.000000   clock source latency
     1    0.018955    0.091051    0.062521   20.062521 ^ clk (in)
                                                         clk (net)
                      0.091057    0.000000   20.062521 ^ clkbuf_0_clk/A (sky130_fd_sc_hd__clkbuf_16)
     8    0.082146    0.098721    0.189527   20.252048 ^ clkbuf_0_clk/X (sky130_fd_sc_hd__clkbuf_16)
                                                         clknet_0_clk (net)
                      0.098750    0.001636   20.253683 ^ clkbuf_3_1__f_clk/A (sky130_fd_sc_hd__clkbuf_16)
     8    0.022745    0.044279    0.147780   20.401464 ^ clkbuf_3_1__f_clk/X (sky130_fd_sc_hd__clkbuf_16)
                                                         clknet_3_1__leaf_clk (net)
                      0.044280    0.000213   20.401678 ^ _1616_/CLK (sky130_fd_sc_hd__dfxtp_2)
                                 -0.250000   20.151678   clock uncertainty
                                  0.000000   20.151678   clock reconvergence pessimism
                                 -0.111048   20.040630   library setup time
                                             20.040630   data required time
---------------------------------------------------------------------------------------------
                                             20.040630   data required time
                                             -9.021662   data arrival time
---------------------------------------------------------------------------------------------
                                             11.018970   slack (MET)


Startpoint: _1595_ (rising edge-triggered flip-flop clocked by clk)
Endpoint: _1617_ (rising edge-triggered flip-flop clocked by clk)
Path Group: clk
Path Type: max

Fanout         Cap        Slew       Delay        Time   Description
---------------------------------------------------------------------------------------------
                                  0.000000    0.000000   clock clk (rise edge)
                                  0.000000    0.000000   clock source latency
     1    0.018955    0.091051    0.062520    0.062520 ^ clk (in)
                                                         clk (net)
                      0.091057    0.000000    0.062520 ^ clkbuf_0_clk/A (sky130_fd_sc_hd__clkbuf_16)
     8    0.082146    0.098721    0.189527    0.252047 ^ clkbuf_0_clk/X (sky130_fd_sc_hd__clkbuf_16)
                                                         clknet_0_clk (net)
                      0.098760    0.001849    0.253897 ^ clkbuf_3_6__f_clk/A (sky130_fd_sc_hd__clkbuf_16)
     8    0.023487    0.044949    0.148317    0.402213 ^ clkbuf_3_6__f_clk/X (sky130_fd_sc_hd__clkbuf_16)
                                                         clknet_3_6__leaf_clk (net)
                      0.044953    0.000457    0.402670 ^ _1595_/CLK (sky130_fd_sc_hd__dfxtp_2)
     1    0.002450    0.021901    0.300485    0.703155 v _1595_/Q (sky130_fd_sc_hd__dfxtp_2)
                                                         u_dp.b_q[3] (net)
                      0.021901    0.000022    0.703177 v fanout51/A (sky130_fd_sc_hd__clkdlybuf4s25_1)
     7    0.046540    0.342846    0.468758    1.171935 v fanout51/X (sky130_fd_sc_hd__clkdlybuf4s25_1)
                                                         net51 (net)
                      0.342846    0.000949    1.172884 v fanout50/A (sky130_fd_sc_hd__clkdlybuf4s25_1)
    10    0.042206    0.311799    0.557969    1.730853 v fanout50/X (sky130_fd_sc_hd__clkdlybuf4s25_1)
                                                         net50 (net)
                      0.311800    0.001238    1.732091 v _0808_/B (sky130_fd_sc_hd__and3_2)
     3    0.009012    0.052593    0.333612    2.065703 v _0808_/X (sky130_fd_sc_hd__and3_2)
                                                         _0078_ (net)
                      0.052593    0.000099    2.065802 v _0811_/A (sky130_fd_sc_hd__or3_2)
     2    0.003919    0.080563    0.474799    2.540601 v _0811_/X (sky130_fd_sc_hd__or3_2)
                                                         _0081_ (net)
                      0.080563    0.000030    2.540632 v _0812_/B (sky130_fd_sc_hd__and2b_2)
     1    0.003679    0.037960    0.204585    2.745217 v _0812_/X (sky130_fd_sc_hd__and2b_2)
                                                         _0082_ (net)
                      0.037960    0.000059    2.745275 v fanout22/A (sky130_fd_sc_hd__clkdlybuf4s25_1)
     9    0.061844    0.451877    0.555964    3.301240 v fanout22/X (sky130_fd_sc_hd__clkdlybuf4s25_1)
                                                         net22 (net)
                      0.451886    0.002450    3.303689 v fanout21/A (sky130_fd_sc_hd__clkdlybuf4s25_1)
     7    0.052465    0.384849    0.636035    3.939724 v fanout21/X (sky130_fd_sc_hd__clkdlybuf4s25_1)
                                                         net21 (net)
                      0.384861    0.002406    3.942130 v fanout20/A (sky130_fd_sc_hd__clkdlybuf4s25_1)
    10    0.068156    0.496673    0.704197    4.646327 v fanout20/X (sky130_fd_sc_hd__clkdlybuf4s25_1)
                                                         net20 (net)
                      0.496674    0.001513    4.647840 v _0890_/A (sky130_fd_sc_hd__xor2_2)
     2    0.006906    0.126227    0.319156    4.966996 v _0890_/X (sky130_fd_sc_hd__xor2_2)
                                                         _0160_ (net)
                      0.126227    0.000042    4.967038 v _0893_/B (sky130_fd_sc_hd__or2_2)
     1    0.001816    0.050484    0.290744    5.257782 v _0893_/X (sky130_fd_sc_hd__or2_2)
                                                         _0163_ (net)
                      0.050484    0.000016    5.257798 v _0894_/B (sky130_fd_sc_hd__and2_2)
     3    0.020157    0.073057    0.233725    5.491523 v _0894_/X (sky130_fd_sc_hd__and2_2)
                                                         _0164_ (net)
                      0.073057    0.000123    5.491646 v _0895_/B (sky130_fd_sc_hd__nor2_2)
     2    0.015438    0.186319    0.175002    5.666648 ^ _0895_/Y (sky130_fd_sc_hd__nor2_2)
                                                         _0165_ (net)
                      0.186319    0.000033    5.666681 ^ _0896_/B (sky130_fd_sc_hd__xor2_2)
     2    0.013861    0.206131    0.229047    5.895728 ^ _0896_/X (sky130_fd_sc_hd__xor2_2)
                                                         _0166_ (net)
                      0.206131    0.000136    5.895864 ^ _0901_/B (sky130_fd_sc_hd__xnor2_2)
     2    0.006413    0.068260    0.092094    5.987958 v _0901_/Y (sky130_fd_sc_hd__xnor2_2)
                                                         _0171_ (net)
                      0.068260    0.000036    5.987995 v _0983_/A (sky130_fd_sc_hd__and2_2)
     1    0.004848    0.041814    0.180577    6.168571 v _0983_/X (sky130_fd_sc_hd__and2_2)
                                                         _0253_ (net)
                      0.041814    0.000051    6.168622 v _0984_/B (sky130_fd_sc_hd__nor2_2)
     2    0.015508    0.187015    0.163848    6.332471 ^ _0984_/Y (sky130_fd_sc_hd__nor2_2)
                                                         _0254_ (net)
                      0.187015    0.000219    6.332690 ^ _0985_/B (sky130_fd_sc_hd__xor2_2)
     2    0.014977    0.218094    0.238066    6.570755 ^ _0985_/X (sky130_fd_sc_hd__xor2_2)
                                                         _0255_ (net)
                      0.218094    0.000116    6.570871 ^ _0992_/A (sky130_fd_sc_hd__nand2_2)
     2    0.004782    0.059682    0.072281    6.643152 v _0992_/Y (sky130_fd_sc_hd__nand2_2)
                                                         _0262_ (net)
                      0.059682    0.000040    6.643192 v _0994_/A_N (sky130_fd_sc_hd__nand2b_2)
     1    0.002690    0.039715    0.170159    6.813351 v _0994_/Y (sky130_fd_sc_hd__nand2b_2)
                                                         _0264_ (net)
                      0.039715    0.000025    6.813376 v _1388_/A1 (sky130_fd_sc_hd__o221a_2)
     4    0.016932    0.079255    0.324374    7.137750 v _1388_/X (sky130_fd_sc_hd__o221a_2)
                                                         _0658_ (net)
                      0.079256    0.000476    7.138226 v _1393_/A2 (sky130_fd_sc_hd__o31ai_2)
     3    0.010917    0.292757    0.315608    7.453833 ^ _1393_/Y (sky130_fd_sc_hd__o31ai_2)
                                                         _0663_ (net)
                      0.292757    0.000209    7.454042 ^ _1394_/B (sky130_fd_sc_hd__nand2_2)
     2    0.007967    0.070934    0.104277    7.558320 v _1394_/Y (sky130_fd_sc_hd__nand2_2)
                                                         _0664_ (net)
                      0.070934    0.000091    7.558410 v _1405_/A2 (sky130_fd_sc_hd__o211ai_2)
     5    0.029476    0.378108    0.338733    7.897143 ^ _1405_/Y (sky130_fd_sc_hd__o211ai_2)
                                                         _0675_ (net)
                      0.378109    0.000386    7.897529 ^ _1473_/A1 (sky130_fd_sc_hd__a21bo_2)
     1    0.004084    0.042763    0.197734    8.095263 ^ _1473_/X (sky130_fd_sc_hd__a21bo_2)
                                                         _0718_ (net)
                      0.042763    0.000045    8.095308 ^ fanout16/A (sky130_fd_sc_hd__clkdlybuf4s25_1)
     5    0.025727    0.262947    0.400127    8.495436 ^ fanout16/X (sky130_fd_sc_hd__clkdlybuf4s25_1)
                                                         net16 (net)
                      0.262947    0.000894    8.496330 ^ _1539_/B1 (sky130_fd_sc_hd__a31o_2)
     1    0.003005    0.038818    0.148259    8.644589 ^ _1539_/X (sky130_fd_sc_hd__a31o_2)
                                                         _0767_ (net)
                      0.038818    0.000029    8.644619 ^ _1540_/C1 (sky130_fd_sc_hd__o211a_2)
     1    0.002607    0.044216    0.148880    8.793499 ^ _1540_/X (sky130_fd_sc_hd__o211a_2)
                                                         _0045_ (net)
                      0.044216    0.000031    8.793530 ^ _1617_/D (sky130_fd_sc_hd__dfxtp_2)
                                              8.793530   data arrival time

                                 20.000000   20.000000   clock clk (rise edge)
                                  0.000000   20.000000   clock source latency
     1    0.018955    0.091051    0.062521   20.062521 ^ clk (in)
                                                         clk (net)
                      0.091057    0.000000   20.062521 ^ clkbuf_0_clk/A (sky130_fd_sc_hd__clkbuf_16)
     8    0.082146    0.098721    0.189527   20.252048 ^ clkbuf_0_clk/X (sky130_fd_sc_hd__clkbuf_16)
                                                         clknet_0_clk (net)
                      0.098750    0.001636   20.253683 ^ clkbuf_3_1__f_clk/A (sky130_fd_sc_hd__clkbuf_16)
     8    0.022745    0.044279    0.147780   20.401464 ^ clkbuf_3_1__f_clk/X (sky130_fd_sc_hd__clkbuf_16)
                                                         clknet_3_1__leaf_clk (net)
                      0.044280    0.000206   20.401670 ^ _1617_/CLK (sky130_fd_sc_hd__dfxtp_2)
                                 -0.250000   20.151670   clock uncertainty
                                  0.000000   20.151670   clock reconvergence pessimism
                                 -0.058784   20.092888   library setup time
                                             20.092888   data required time
---------------------------------------------------------------------------------------------
                                             20.092888   data required time
                                             -8.793530   data arrival time
---------------------------------------------------------------------------------------------
                                             11.299358   slack (MET)


Startpoint: _1595_ (rising edge-triggered flip-flop clocked by clk)
Endpoint: _1611_ (rising edge-triggered flip-flop clocked by clk)
Path Group: clk
Path Type: max

Fanout         Cap        Slew       Delay        Time   Description
---------------------------------------------------------------------------------------------
                                  0.000000    0.000000   clock clk (rise edge)
                                  0.000000    0.000000   clock source latency
     1    0.018955    0.091051    0.062520    0.062520 ^ clk (in)
                                                         clk (net)
                      0.091057    0.000000    0.062520 ^ clkbuf_0_clk/A (sky130_fd_sc_hd__clkbuf_16)
     8    0.082146    0.098721    0.189527    0.252047 ^ clkbuf_0_clk/X (sky130_fd_sc_hd__clkbuf_16)
                                                         clknet_0_clk (net)
                      0.098760    0.001849    0.253897 ^ clkbuf_3_6__f_clk/A (sky130_fd_sc_hd__clkbuf_16)
     8    0.023487    0.044949    0.148317    0.402213 ^ clkbuf_3_6__f_clk/X (sky130_fd_sc_hd__clkbuf_16)
                                                         clknet_3_6__leaf_clk (net)
                      0.044953    0.000457    0.402670 ^ _1595_/CLK (sky130_fd_sc_hd__dfxtp_2)
     1    0.002450    0.021901    0.300485    0.703155 v _1595_/Q (sky130_fd_sc_hd__dfxtp_2)
                                                         u_dp.b_q[3] (net)
                      0.021901    0.000022    0.703177 v fanout51/A (sky130_fd_sc_hd__clkdlybuf4s25_1)
     7    0.046540    0.342846    0.468758    1.171935 v fanout51/X (sky130_fd_sc_hd__clkdlybuf4s25_1)
                                                         net51 (net)
                      0.342846    0.000949    1.172884 v fanout50/A (sky130_fd_sc_hd__clkdlybuf4s25_1)
    10    0.042206    0.311799    0.557969    1.730853 v fanout50/X (sky130_fd_sc_hd__clkdlybuf4s25_1)
                                                         net50 (net)
                      0.311800    0.001238    1.732091 v _0808_/B (sky130_fd_sc_hd__and3_2)
     3    0.009012    0.052593    0.333612    2.065703 v _0808_/X (sky130_fd_sc_hd__and3_2)
                                                         _0078_ (net)
                      0.052593    0.000099    2.065802 v _0811_/A (sky130_fd_sc_hd__or3_2)
     2    0.003919    0.080563    0.474799    2.540601 v _0811_/X (sky130_fd_sc_hd__or3_2)
                                                         _0081_ (net)
                      0.080563    0.000030    2.540632 v _0812_/B (sky130_fd_sc_hd__and2b_2)
     1    0.003679    0.037960    0.204585    2.745217 v _0812_/X (sky130_fd_sc_hd__and2b_2)
                                                         _0082_ (net)
                      0.037960    0.000059    2.745275 v fanout22/A (sky130_fd_sc_hd__clkdlybuf4s25_1)
     9    0.061844    0.451877    0.555964    3.301240 v fanout22/X (sky130_fd_sc_hd__clkdlybuf4s25_1)
                                                         net22 (net)
                      0.451886    0.002450    3.303689 v fanout21/A (sky130_fd_sc_hd__clkdlybuf4s25_1)
     7    0.052465    0.384849    0.636035    3.939724 v fanout21/X (sky130_fd_sc_hd__clkdlybuf4s25_1)
                                                         net21 (net)
                      0.384861    0.002406    3.942130 v fanout20/A (sky130_fd_sc_hd__clkdlybuf4s25_1)
    10    0.068156    0.496673    0.704197    4.646327 v fanout20/X (sky130_fd_sc_hd__clkdlybuf4s25_1)
                                                         net20 (net)
                      0.496674    0.001513    4.647840 v _0890_/A (sky130_fd_sc_hd__xor2_2)
     2    0.006906    0.126227    0.319156    4.966996 v _0890_/X (sky130_fd_sc_hd__xor2_2)
                                                         _0160_ (net)
                      0.126227    0.000042    4.967038 v _0893_/B (sky130_fd_sc_hd__or2_2)
     1    0.001816    0.050484    0.290744    5.257782 v _0893_/X (sky130_fd_sc_hd__or2_2)
                                                         _0163_ (net)
                      0.050484    0.000016    5.257798 v _0894_/B (sky130_fd_sc_hd__and2_2)
     3    0.020157    0.073057    0.233725    5.491523 v _0894_/X (sky130_fd_sc_hd__and2_2)
                                                         _0164_ (net)
                      0.073057    0.000123    5.491646 v _0895_/B (sky130_fd_sc_hd__nor2_2)
     2    0.015438    0.186319    0.175002    5.666648 ^ _0895_/Y (sky130_fd_sc_hd__nor2_2)
                                                         _0165_ (net)
                      0.186319    0.000033    5.666681 ^ _0896_/B (sky130_fd_sc_hd__xor2_2)
     2    0.013861    0.206131    0.229047    5.895728 ^ _0896_/X (sky130_fd_sc_hd__xor2_2)
                                                         _0166_ (net)
                      0.206131    0.000136    5.895864 ^ _0901_/B (sky130_fd_sc_hd__xnor2_2)
     2    0.006413    0.068260    0.092094    5.987958 v _0901_/Y (sky130_fd_sc_hd__xnor2_2)
                                                         _0171_ (net)
                      0.068260    0.000036    5.987995 v _0983_/A (sky130_fd_sc_hd__and2_2)
     1    0.004848    0.041814    0.180577    6.168571 v _0983_/X (sky130_fd_sc_hd__and2_2)
                                                         _0253_ (net)
                      0.041814    0.000051    6.168622 v _0984_/B (sky130_fd_sc_hd__nor2_2)
     2    0.015508    0.187015    0.163848    6.332471 ^ _0984_/Y (sky130_fd_sc_hd__nor2_2)
                                                         _0254_ (net)
                      0.187015    0.000219    6.332690 ^ _0985_/B (sky130_fd_sc_hd__xor2_2)
     2    0.014977    0.218094    0.238066    6.570755 ^ _0985_/X (sky130_fd_sc_hd__xor2_2)
                                                         _0255_ (net)
                      0.218094    0.000116    6.570871 ^ _0992_/A (sky130_fd_sc_hd__nand2_2)
     2    0.004782    0.059682    0.072281    6.643152 v _0992_/Y (sky130_fd_sc_hd__nand2_2)
                                                         _0262_ (net)
                      0.059682    0.000040    6.643192 v _0994_/A_N (sky130_fd_sc_hd__nand2b_2)
     1    0.002690    0.039715    0.170159    6.813351 v _0994_/Y (sky130_fd_sc_hd__nand2b_2)
                                                         _0264_ (net)
                      0.039715    0.000025    6.813376 v _1388_/A1 (sky130_fd_sc_hd__o221a_2)
     4    0.016932    0.079255    0.324374    7.137750 v _1388_/X (sky130_fd_sc_hd__o221a_2)
                                                         _0658_ (net)
                      0.079256    0.000476    7.138226 v _1393_/A2 (sky130_fd_sc_hd__o31ai_2)
     3    0.010917    0.292757    0.315608    7.453833 ^ _1393_/Y (sky130_fd_sc_hd__o31ai_2)
                                                         _0663_ (net)
                      0.292757    0.000209    7.454042 ^ _1394_/B (sky130_fd_sc_hd__nand2_2)
     2    0.007967    0.070934    0.104277    7.558320 v _1394_/Y (sky130_fd_sc_hd__nand2_2)
                                                         _0664_ (net)
                      0.070934    0.000091    7.558410 v _1405_/A2 (sky130_fd_sc_hd__o211ai_2)
     5    0.029476    0.378108    0.338733    7.897143 ^ _1405_/Y (sky130_fd_sc_hd__o211ai_2)
                                                         _0675_ (net)
                      0.378109    0.000386    7.897529 ^ _1473_/A1 (sky130_fd_sc_hd__a21bo_2)
     1    0.004084    0.042763    0.197734    8.095263 ^ _1473_/X (sky130_fd_sc_hd__a21bo_2)
                                                         _0718_ (net)
                      0.042763    0.000045    8.095308 ^ fanout16/A (sky130_fd_sc_hd__clkdlybuf4s25_1)
     5    0.025727    0.262947    0.400127    8.495436 ^ fanout16/X (sky130_fd_sc_hd__clkdlybuf4s25_1)
                                                         net16 (net)
                      0.262947    0.000729    8.496165 ^ _1515_/B1 (sky130_fd_sc_hd__a31o_2)
     1    0.003793    0.042495    0.152753    8.648918 ^ _1515_/X (sky130_fd_sc_hd__a31o_2)
                                                         _0749_ (net)
                      0.042495    0.000050    8.648968 ^ _1516_/C1 (sky130_fd_sc_hd__o211a_2)
     1    0.002335    0.042221    0.148333    8.797301 ^ _1516_/X (sky130_fd_sc_hd__o211a_2)
                                                         _0039_ (net)
                      0.042221    0.000023    8.797324 ^ _1611_/D (sky130_fd_sc_hd__dfxtp_2)
                                              8.797324   data arrival time

                                 20.000000   20.000000   clock clk (rise edge)
                                  0.000000   20.000000   clock source latency
     1    0.018955    0.091051    0.062521   20.062521 ^ clk (in)
                                                         clk (net)
                      0.091057    0.000000   20.062521 ^ clkbuf_0_clk/A (sky130_fd_sc_hd__clkbuf_16)
     8    0.082146    0.098721    0.189527   20.252048 ^ clkbuf_0_clk/X (sky130_fd_sc_hd__clkbuf_16)
                                                         clknet_0_clk (net)
                      0.098731    0.001092   20.253139 ^ clkbuf_3_4__f_clk/A (sky130_fd_sc_hd__clkbuf_16)
     8    0.030458    0.051472    0.154428   20.407568 ^ clkbuf_3_4__f_clk/X (sky130_fd_sc_hd__clkbuf_16)
                                                         clknet_3_4__leaf_clk (net)
                      0.051473    0.000405   20.407972 ^ _1611_/CLK (sky130_fd_sc_hd__dfxtp_2)
                                 -0.250000   20.157974   clock uncertainty
                                  0.000000   20.157974   clock reconvergence pessimism
                                 -0.057251   20.100721   library setup time
                                             20.100721   data required time
---------------------------------------------------------------------------------------------
                                             20.100721   data required time
                                             -8.797324   data arrival time
---------------------------------------------------------------------------------------------
                                             11.303397   slack (MET)


Startpoint: _1595_ (rising edge-triggered flip-flop clocked by clk)
Endpoint: _1575_ (rising edge-triggered flip-flop clocked by clk)
Path Group: clk
Path Type: max

Fanout         Cap        Slew       Delay        Time   Description
---------------------------------------------------------------------------------------------
                                  0.000000    0.000000   clock clk (rise edge)
                                  0.000000    0.000000   clock source latency
     1    0.018955    0.091051    0.062520    0.062520 ^ clk (in)
                                                         clk (net)
                      0.091057    0.000000    0.062520 ^ clkbuf_0_clk/A (sky130_fd_sc_hd__clkbuf_16)
     8    0.082146    0.098721    0.189527    0.252047 ^ clkbuf_0_clk/X (sky130_fd_sc_hd__clkbuf_16)
                                                         clknet_0_clk (net)
                      0.098760    0.001849    0.253897 ^ clkbuf_3_6__f_clk/A (sky130_fd_sc_hd__clkbuf_16)
     8    0.023487    0.044949    0.148317    0.402213 ^ clkbuf_3_6__f_clk/X (sky130_fd_sc_hd__clkbuf_16)
                                                         clknet_3_6__leaf_clk (net)
                      0.044953    0.000457    0.402670 ^ _1595_/CLK (sky130_fd_sc_hd__dfxtp_2)
     1    0.002450    0.021901    0.300485    0.703155 v _1595_/Q (sky130_fd_sc_hd__dfxtp_2)
                                                         u_dp.b_q[3] (net)
                      0.021901    0.000022    0.703177 v fanout51/A (sky130_fd_sc_hd__clkdlybuf4s25_1)
     7    0.046540    0.342846    0.468758    1.171935 v fanout51/X (sky130_fd_sc_hd__clkdlybuf4s25_1)
                                                         net51 (net)
                      0.342846    0.000949    1.172884 v fanout50/A (sky130_fd_sc_hd__clkdlybuf4s25_1)
    10    0.042206    0.311799    0.557969    1.730853 v fanout50/X (sky130_fd_sc_hd__clkdlybuf4s25_1)
                                                         net50 (net)
                      0.311800    0.001238    1.732091 v _0808_/B (sky130_fd_sc_hd__and3_2)
     3    0.009012    0.052593    0.333612    2.065703 v _0808_/X (sky130_fd_sc_hd__and3_2)
                                                         _0078_ (net)
                      0.052593    0.000099    2.065802 v _0811_/A (sky130_fd_sc_hd__or3_2)
     2    0.003919    0.080563    0.474799    2.540601 v _0811_/X (sky130_fd_sc_hd__or3_2)
                                                         _0081_ (net)
                      0.080563    0.000030    2.540632 v _0812_/B (sky130_fd_sc_hd__and2b_2)
     1    0.003679    0.037960    0.204585    2.745217 v _0812_/X (sky130_fd_sc_hd__and2b_2)
                                                         _0082_ (net)
                      0.037960    0.000059    2.745275 v fanout22/A (sky130_fd_sc_hd__clkdlybuf4s25_1)
     9    0.061844    0.451877    0.555964    3.301240 v fanout22/X (sky130_fd_sc_hd__clkdlybuf4s25_1)
                                                         net22 (net)
                      0.451886    0.002450    3.303689 v fanout21/A (sky130_fd_sc_hd__clkdlybuf4s25_1)
     7    0.052465    0.384849    0.636035    3.939724 v fanout21/X (sky130_fd_sc_hd__clkdlybuf4s25_1)
                                                         net21 (net)
                      0.384861    0.002406    3.942130 v fanout20/A (sky130_fd_sc_hd__clkdlybuf4s25_1)
    10    0.068156    0.496673    0.704197    4.646327 v fanout20/X (sky130_fd_sc_hd__clkdlybuf4s25_1)
                                                         net20 (net)
                      0.496674    0.001513    4.647840 v _0890_/A (sky130_fd_sc_hd__xor2_2)
     2    0.006906    0.126227    0.319156    4.966996 v _0890_/X (sky130_fd_sc_hd__xor2_2)
                                                         _0160_ (net)
                      0.126227    0.000042    4.967038 v _0893_/B (sky130_fd_sc_hd__or2_2)
     1    0.001816    0.050484    0.290744    5.257782 v _0893_/X (sky130_fd_sc_hd__or2_2)
                                                         _0163_ (net)
                      0.050484    0.000016    5.257798 v _0894_/B (sky130_fd_sc_hd__and2_2)
     3    0.020157    0.073057    0.233725    5.491523 v _0894_/X (sky130_fd_sc_hd__and2_2)
                                                         _0164_ (net)
                      0.073057    0.000123    5.491646 v _0895_/B (sky130_fd_sc_hd__nor2_2)
     2    0.015438    0.186319    0.175002    5.666648 ^ _0895_/Y (sky130_fd_sc_hd__nor2_2)
                                                         _0165_ (net)
                      0.186319    0.000033    5.666681 ^ _0896_/B (sky130_fd_sc_hd__xor2_2)
     2    0.013861    0.206131    0.229047    5.895728 ^ _0896_/X (sky130_fd_sc_hd__xor2_2)
                                                         _0166_ (net)
                      0.206131    0.000136    5.895864 ^ _0901_/B (sky130_fd_sc_hd__xnor2_2)
     2    0.006413    0.068260    0.092094    5.987958 v _0901_/Y (sky130_fd_sc_hd__xnor2_2)
                                                         _0171_ (net)
                      0.068260    0.000036    5.987995 v _0983_/A (sky130_fd_sc_hd__and2_2)
     1    0.004848    0.041814    0.180577    6.168571 v _0983_/X (sky130_fd_sc_hd__and2_2)
                                                         _0253_ (net)
                      0.041814    0.000051    6.168622 v _0984_/B (sky130_fd_sc_hd__nor2_2)
     2    0.015508    0.187015    0.163848    6.332471 ^ _0984_/Y (sky130_fd_sc_hd__nor2_2)
                                                         _0254_ (net)
                      0.187015    0.000219    6.332690 ^ _0985_/B (sky130_fd_sc_hd__xor2_2)
     2    0.014977    0.218094    0.238066    6.570755 ^ _0985_/X (sky130_fd_sc_hd__xor2_2)
                                                         _0255_ (net)
                      0.218094    0.000116    6.570871 ^ _0992_/A (sky130_fd_sc_hd__nand2_2)
     2    0.004782    0.059682    0.072281    6.643152 v _0992_/Y (sky130_fd_sc_hd__nand2_2)
                                                         _0262_ (net)
                      0.059682    0.000040    6.643192 v _0994_/A_N (sky130_fd_sc_hd__nand2b_2)
     1    0.002690    0.039715    0.170159    6.813351 v _0994_/Y (sky130_fd_sc_hd__nand2b_2)
                                                         _0264_ (net)
                      0.039715    0.000025    6.813376 v _1388_/A1 (sky130_fd_sc_hd__o221a_2)
     4    0.016932    0.079255    0.324374    7.137750 v _1388_/X (sky130_fd_sc_hd__o221a_2)
                                                         _0658_ (net)
                      0.079256    0.000476    7.138226 v _1393_/A2 (sky130_fd_sc_hd__o31ai_2)
     3    0.010917    0.292757    0.315608    7.453833 ^ _1393_/Y (sky130_fd_sc_hd__o31ai_2)
                                                         _0663_ (net)
                      0.292757    0.000209    7.454042 ^ _1394_/B (sky130_fd_sc_hd__nand2_2)
     2    0.007967    0.070934    0.104277    7.558320 v _1394_/Y (sky130_fd_sc_hd__nand2_2)
                                                         _0664_ (net)
                      0.070934    0.000091    7.558410 v _1405_/A2 (sky130_fd_sc_hd__o211ai_2)
     5    0.029476    0.378108    0.338733    7.897143 ^ _1405_/Y (sky130_fd_sc_hd__o211ai_2)
                                                         _0675_ (net)
                      0.378108    0.000377    7.897520 ^ _1409_/A (sky130_fd_sc_hd__xnor2_2)
     1    0.002402    0.068153    0.105229    8.002748 v _1409_/Y (sky130_fd_sc_hd__xnor2_2)
                                                         _0679_ (net)
                      0.068153    0.000010    8.002759 v _1410_/A2 (sky130_fd_sc_hd__a21o_2)
     1    0.003000    0.033858    0.212564    8.215322 v _1410_/X (sky130_fd_sc_hd__a21o_2)
                                                         _0680_ (net)
                      0.033858    0.000041    8.215364 v _1411_/B (sky130_fd_sc_hd__and2_2)
     1    0.002011    0.034372    0.173666    8.389030 v _1411_/X (sky130_fd_sc_hd__and2_2)
                                                         _0003_ (net)
                      0.034372    0.000010    8.389040 v _1575_/D (sky130_fd_sc_hd__dfxtp_2)
                                              8.389040   data arrival time

                                 20.000000   20.000000   clock clk (rise edge)
                                  0.000000   20.000000   clock source latency
     1    0.018955    0.091051    0.062521   20.062521 ^ clk (in)
                                                         clk (net)
                      0.091057    0.000000   20.062521 ^ clkbuf_0_clk/A (sky130_fd_sc_hd__clkbuf_16)
     8    0.082146    0.098721    0.189527   20.252048 ^ clkbuf_0_clk/X (sky130_fd_sc_hd__clkbuf_16)
                                                         clknet_0_clk (net)
                      0.098750    0.001636   20.253683 ^ clkbuf_3_1__f_clk/A (sky130_fd_sc_hd__clkbuf_16)
     8    0.022745    0.044279    0.147780   20.401464 ^ clkbuf_3_1__f_clk/X (sky130_fd_sc_hd__clkbuf_16)
                                                         clknet_3_1__leaf_clk (net)
                      0.044279    0.000192   20.401655 ^ _1575_/CLK (sky130_fd_sc_hd__dfxtp_2)
                                 -0.250000   20.151657   clock uncertainty
                                  0.000000   20.151657   clock reconvergence pessimism
                                 -0.108414   20.043242   library setup time
                                             20.043242   data required time
---------------------------------------------------------------------------------------------
                                             20.043242   data required time
                                             -8.389040   data arrival time
---------------------------------------------------------------------------------------------
                                             11.654202   slack (MET)


Startpoint: _1595_ (rising edge-triggered flip-flop clocked by clk)
Endpoint: _1623_ (rising edge-triggered flip-flop clocked by clk)
Path Group: clk
Path Type: max

Fanout         Cap        Slew       Delay        Time   Description
---------------------------------------------------------------------------------------------
                                  0.000000    0.000000   clock clk (rise edge)
                                  0.000000    0.000000   clock source latency
     1    0.018955    0.091051    0.062520    0.062520 ^ clk (in)
                                                         clk (net)
                      0.091057    0.000000    0.062520 ^ clkbuf_0_clk/A (sky130_fd_sc_hd__clkbuf_16)
     8    0.082146    0.098721    0.189527    0.252047 ^ clkbuf_0_clk/X (sky130_fd_sc_hd__clkbuf_16)
                                                         clknet_0_clk (net)
                      0.098760    0.001849    0.253897 ^ clkbuf_3_6__f_clk/A (sky130_fd_sc_hd__clkbuf_16)
     8    0.023487    0.044949    0.148317    0.402213 ^ clkbuf_3_6__f_clk/X (sky130_fd_sc_hd__clkbuf_16)
                                                         clknet_3_6__leaf_clk (net)
                      0.044953    0.000457    0.402670 ^ _1595_/CLK (sky130_fd_sc_hd__dfxtp_2)
     1    0.002450    0.021901    0.300485    0.703155 v _1595_/Q (sky130_fd_sc_hd__dfxtp_2)
                                                         u_dp.b_q[3] (net)
                      0.021901    0.000022    0.703177 v fanout51/A (sky130_fd_sc_hd__clkdlybuf4s25_1)
     7    0.046540    0.342846    0.468758    1.171935 v fanout51/X (sky130_fd_sc_hd__clkdlybuf4s25_1)
                                                         net51 (net)
                      0.342846    0.000949    1.172884 v fanout50/A (sky130_fd_sc_hd__clkdlybuf4s25_1)
    10    0.042206    0.311799    0.557969    1.730853 v fanout50/X (sky130_fd_sc_hd__clkdlybuf4s25_1)
                                                         net50 (net)
                      0.311800    0.001238    1.732091 v _0808_/B (sky130_fd_sc_hd__and3_2)
     3    0.009012    0.052593    0.333612    2.065703 v _0808_/X (sky130_fd_sc_hd__and3_2)
                                                         _0078_ (net)
                      0.052593    0.000099    2.065802 v _0811_/A (sky130_fd_sc_hd__or3_2)
     2    0.003919    0.080563    0.474799    2.540601 v _0811_/X (sky130_fd_sc_hd__or3_2)
                                                         _0081_ (net)
                      0.080563    0.000030    2.540632 v _0812_/B (sky130_fd_sc_hd__and2b_2)
     1    0.003679    0.037960    0.204585    2.745217 v _0812_/X (sky130_fd_sc_hd__and2b_2)
                                                         _0082_ (net)
                      0.037960    0.000059    2.745275 v fanout22/A (sky130_fd_sc_hd__clkdlybuf4s25_1)
     9    0.061844    0.451877    0.555964    3.301240 v fanout22/X (sky130_fd_sc_hd__clkdlybuf4s25_1)
                                                         net22 (net)
                      0.451886    0.002450    3.303689 v fanout21/A (sky130_fd_sc_hd__clkdlybuf4s25_1)
     7    0.052465    0.384849    0.636035    3.939724 v fanout21/X (sky130_fd_sc_hd__clkdlybuf4s25_1)
                                                         net21 (net)
                      0.384861    0.002406    3.942130 v fanout20/A (sky130_fd_sc_hd__clkdlybuf4s25_1)
    10    0.068156    0.496673    0.704197    4.646327 v fanout20/X (sky130_fd_sc_hd__clkdlybuf4s25_1)
                                                         net20 (net)
                      0.496674    0.001513    4.647840 v _0890_/A (sky130_fd_sc_hd__xor2_2)
     2    0.006906    0.126227    0.319156    4.966996 v _0890_/X (sky130_fd_sc_hd__xor2_2)
                                                         _0160_ (net)
                      0.126227    0.000042    4.967038 v _0893_/B (sky130_fd_sc_hd__or2_2)
     1    0.001816    0.050484    0.290744    5.257782 v _0893_/X (sky130_fd_sc_hd__or2_2)
                                                         _0163_ (net)
                      0.050484    0.000016    5.257798 v _0894_/B (sky130_fd_sc_hd__and2_2)
     3    0.020157    0.073057    0.233725    5.491523 v _0894_/X (sky130_fd_sc_hd__and2_2)
                                                         _0164_ (net)
                      0.073057    0.000123    5.491646 v _0895_/B (sky130_fd_sc_hd__nor2_2)
     2    0.015438    0.186319    0.175002    5.666648 ^ _0895_/Y (sky130_fd_sc_hd__nor2_2)
                                                         _0165_ (net)
                      0.186319    0.000033    5.666681 ^ _0896_/B (sky130_fd_sc_hd__xor2_2)
     2    0.013861    0.206131    0.229047    5.895728 ^ _0896_/X (sky130_fd_sc_hd__xor2_2)
                                                         _0166_ (net)
                      0.206131    0.000136    5.895864 ^ _0901_/B (sky130_fd_sc_hd__xnor2_2)
     2    0.006413    0.068260    0.092094    5.987958 v _0901_/Y (sky130_fd_sc_hd__xnor2_2)
                                                         _0171_ (net)
                      0.068260    0.000036    5.987995 v _0983_/A (sky130_fd_sc_hd__and2_2)
     1    0.004848    0.041814    0.180577    6.168571 v _0983_/X (sky130_fd_sc_hd__and2_2)
                                                         _0253_ (net)
                      0.041814    0.000051    6.168622 v _0984_/B (sky130_fd_sc_hd__nor2_2)
     2    0.015508    0.187015    0.163848    6.332471 ^ _0984_/Y (sky130_fd_sc_hd__nor2_2)
                                                         _0254_ (net)
                      0.187015    0.000219    6.332690 ^ _0985_/B (sky130_fd_sc_hd__xor2_2)
     2    0.014977    0.218094    0.238066    6.570755 ^ _0985_/X (sky130_fd_sc_hd__xor2_2)
                                                         _0255_ (net)
                      0.218094    0.000116    6.570871 ^ _0992_/A (sky130_fd_sc_hd__nand2_2)
     2    0.004782    0.059682    0.072281    6.643152 v _0992_/Y (sky130_fd_sc_hd__nand2_2)
                                                         _0262_ (net)
                      0.059682    0.000040    6.643192 v _0994_/A_N (sky130_fd_sc_hd__nand2b_2)
     1    0.002690    0.039715    0.170159    6.813351 v _0994_/Y (sky130_fd_sc_hd__nand2b_2)
                                                         _0264_ (net)
                      0.039715    0.000025    6.813376 v _1388_/A1 (sky130_fd_sc_hd__o221a_2)
     4    0.016932    0.079255    0.324374    7.137750 v _1388_/X (sky130_fd_sc_hd__o221a_2)
                                                         _0658_ (net)
                      0.079256    0.000476    7.138226 v _1393_/A2 (sky130_fd_sc_hd__o31ai_2)
     3    0.010917    0.292757    0.315608    7.453833 ^ _1393_/Y (sky130_fd_sc_hd__o31ai_2)
                                                         _0663_ (net)
                      0.292757    0.000209    7.454042 ^ _1394_/B (sky130_fd_sc_hd__nand2_2)
     2    0.007967    0.070934    0.104277    7.558320 v _1394_/Y (sky130_fd_sc_hd__nand2_2)
                                                         _0664_ (net)
                      0.070934    0.000091    7.558410 v _1405_/A2 (sky130_fd_sc_hd__o211ai_2)
     5    0.029476    0.378108    0.338733    7.897143 ^ _1405_/Y (sky130_fd_sc_hd__o211ai_2)
                                                         _0675_ (net)
                      0.378108    0.000328    7.897470 ^ _1560_/B (sky130_fd_sc_hd__nand2_2)
     1    0.002865    0.073208    0.078179    7.975650 v _1560_/Y (sky130_fd_sc_hd__nand2_2)
                                                         _0782_ (net)
                      0.073208    0.000028    7.975678 v _1561_/C1 (sky130_fd_sc_hd__o211a_2)
     1    0.003360    0.042093    0.125616    8.101295 v _1561_/X (sky130_fd_sc_hd__o211a_2)
                                                         _0051_ (net)
                      0.042093    0.000047    8.101341 v _1623_/D (sky130_fd_sc_hd__dfxtp_2)
                                              8.101341   data arrival time

                                 20.000000   20.000000   clock clk (rise edge)
                                  0.000000   20.000000   clock source latency
     1    0.018955    0.091051    0.062521   20.062521 ^ clk (in)
                                                         clk (net)
                      0.091057    0.000000   20.062521 ^ clkbuf_0_clk/A (sky130_fd_sc_hd__clkbuf_16)
     8    0.082146    0.098721    0.189527   20.252048 ^ clkbuf_0_clk/X (sky130_fd_sc_hd__clkbuf_16)
                                                         clknet_0_clk (net)
                      0.098751    0.001663   20.253710 ^ clkbuf_3_0__f_clk/A (sky130_fd_sc_hd__clkbuf_16)
     8    0.023126    0.044619    0.148093   20.401804 ^ clkbuf_3_0__f_clk/X (sky130_fd_sc_hd__clkbuf_16)
                                                         clknet_3_0__leaf_clk (net)
                      0.044620    0.000268   20.402071 ^ _1623_/CLK (sky130_fd_sc_hd__dfxtp_2)
                                 -0.250000   20.152073   clock uncertainty
                                  0.000000   20.152073   clock reconvergence pessimism
                                 -0.111705   20.040369   library setup time
                                             20.040369   data required time
---------------------------------------------------------------------------------------------
                                             20.040369   data required time
                                             -8.101341   data arrival time
---------------------------------------------------------------------------------------------
                                             11.939027   slack (MET)


Startpoint: uio_in[2] (input port clocked by clk)
Endpoint: _1587_ (rising edge-triggered flip-flop clocked by clk)
Path Group: clk
Path Type: max

Fanout         Cap        Slew       Delay        Time   Description
---------------------------------------------------------------------------------------------
                                  0.000000    0.000000   clock clk (rise edge)
                                  0.000000    0.000000   clock network delay (propagated)
                                  4.000000    4.000000 v input external delay
     1    0.003391    0.010006    0.005412    4.005412 v uio_in[2] (in)
                                                         uio_in[2] (net)
                      0.010006    0.000000    4.005412 v input12/A (sky130_fd_sc_hd__clkdlybuf4s25_1)
     5    0.014304    0.116001    0.293590    4.299003 v input12/X (sky130_fd_sc_hd__clkdlybuf4s25_1)
                                                         net12 (net)
                      0.116001    0.000261    4.299264 v _0805_/B (sky130_fd_sc_hd__or3_2)
     2    0.007312    0.091452    0.491378    4.790642 v _0805_/X (sky130_fd_sc_hd__or3_2)
                                                         _0075_ (net)
                      0.091452    0.000110    4.790752 v _1438_/B (sky130_fd_sc_hd__or3b_2)
     9    0.030184    0.159293    0.568726    5.359478 v _1438_/X (sky130_fd_sc_hd__or3b_2)
                                                         _0699_ (net)
                      0.159299    0.001099    5.360578 v _1445_/B (sky130_fd_sc_hd__or2_2)
     1    0.005251    0.062100    0.324094    5.684671 v _1445_/X (sky130_fd_sc_hd__or2_2)
                                                         _0703_ (net)
                      0.062100    0.000095    5.684767 v _1446_/B1 (sky130_fd_sc_hd__o211a_2)
     1    0.003391    0.042076    0.137262    5.822029 v _1446_/X (sky130_fd_sc_hd__o211a_2)
                                                         _0015_ (net)
                      0.042076    0.000045    5.822074 v _1587_/D (sky130_fd_sc_hd__dfxtp_2)
                                              5.822074   data arrival time

                                 20.000000   20.000000   clock clk (rise edge)
                                  0.000000   20.000000   clock source latency
     1    0.018955    0.091051    0.062521   20.062521 ^ clk (in)
                                                         clk (net)
                      0.091057    0.000000   20.062521 ^ clkbuf_0_clk/A (sky130_fd_sc_hd__clkbuf_16)
     8    0.082146    0.098721    0.189527   20.252048 ^ clkbuf_0_clk/X (sky130_fd_sc_hd__clkbuf_16)
                                                         clknet_0_clk (net)
                      0.098760    0.001849   20.253897 ^ clkbuf_3_6__f_clk/A (sky130_fd_sc_hd__clkbuf_16)
     8    0.023487    0.044949    0.148317   20.402214 ^ clkbuf_3_6__f_clk/X (sky130_fd_sc_hd__clkbuf_16)
                                                         clknet_3_6__leaf_clk (net)
                      0.044962    0.000698   20.402912 ^ _1587_/CLK (sky130_fd_sc_hd__dfxtp_2)
                                 -0.250000   20.152912   clock uncertainty
                                  0.000000   20.152912   clock reconvergence pessimism
                                 -0.111617   20.041296   library setup time
                                             20.041296   data required time
---------------------------------------------------------------------------------------------
                                             20.041296   data required time
                                             -5.822074   data arrival time
---------------------------------------------------------------------------------------------
                                             14.219222   slack (MET)


Startpoint: uio_in[2] (input port clocked by clk)
Endpoint: _1586_ (rising edge-triggered flip-flop clocked by clk)
Path Group: clk
Path Type: max

Fanout         Cap        Slew       Delay        Time   Description
---------------------------------------------------------------------------------------------
                                  0.000000    0.000000   clock clk (rise edge)
                                  0.000000    0.000000   clock network delay (propagated)
                                  4.000000    4.000000 v input external delay
     1    0.003391    0.010006    0.005412    4.005412 v uio_in[2] (in)
                                                         uio_in[2] (net)
                      0.010006    0.000000    4.005412 v input12/A (sky130_fd_sc_hd__clkdlybuf4s25_1)
     5    0.014304    0.116001    0.293590    4.299003 v input12/X (sky130_fd_sc_hd__clkdlybuf4s25_1)
                                                         net12 (net)
                      0.116001    0.000261    4.299264 v _0805_/B (sky130_fd_sc_hd__or3_2)
     2    0.007312    0.091452    0.491378    4.790642 v _0805_/X (sky130_fd_sc_hd__or3_2)
                                                         _0075_ (net)
                      0.091452    0.000110    4.790752 v _1438_/B (sky130_fd_sc_hd__or3b_2)
     9    0.030184    0.159293    0.568726    5.359478 v _1438_/X (sky130_fd_sc_hd__or3b_2)
                                                         _0699_ (net)
                      0.159295    0.000731    5.360209 v _1443_/B (sky130_fd_sc_hd__or2_2)
     1    0.005301    0.062281    0.324304    5.684513 v _1443_/X (sky130_fd_sc_hd__or2_2)
                                                         _0702_ (net)
                      0.062281    0.000107    5.684619 v _1444_/B1 (sky130_fd_sc_hd__o211a_2)
     1    0.002031    0.038049    0.131901    5.816521 v _1444_/X (sky130_fd_sc_hd__o211a_2)
                                                         _0014_ (net)
                      0.038049    0.000011    5.816532 v _1586_/D (sky130_fd_sc_hd__dfxtp_2)
                                              5.816532   data arrival time

                                 20.000000   20.000000   clock clk (rise edge)
                                  0.000000   20.000000   clock source latency
     1    0.018955    0.091051    0.062521   20.062521 ^ clk (in)
                                                         clk (net)
                      0.091057    0.000000   20.062521 ^ clkbuf_0_clk/A (sky130_fd_sc_hd__clkbuf_16)
     8    0.082146    0.098721    0.189527   20.252048 ^ clkbuf_0_clk/X (sky130_fd_sc_hd__clkbuf_16)
                                                         clknet_0_clk (net)
                      0.098760    0.001849   20.253897 ^ clkbuf_3_6__f_clk/A (sky130_fd_sc_hd__clkbuf_16)
     8    0.023487    0.044949    0.148317   20.402214 ^ clkbuf_3_6__f_clk/X (sky130_fd_sc_hd__clkbuf_16)
                                                         clknet_3_6__leaf_clk (net)
                      0.044964    0.000730   20.402945 ^ _1586_/CLK (sky130_fd_sc_hd__dfxtp_2)
                                 -0.250000   20.152945   clock uncertainty
                                  0.000000   20.152945   clock reconvergence pessimism
                                 -0.109859   20.043085   library setup time
                                             20.043085   data required time
---------------------------------------------------------------------------------------------
                                             20.043085   data required time
                                             -5.816532   data arrival time
---------------------------------------------------------------------------------------------
                                             14.226555   slack (MET)


Startpoint: uio_in[2] (input port clocked by clk)
Endpoint: _1585_ (rising edge-triggered flip-flop clocked by clk)
Path Group: clk
Path Type: max

Fanout         Cap        Slew       Delay        Time   Description
---------------------------------------------------------------------------------------------
                                  0.000000    0.000000   clock clk (rise edge)
                                  0.000000    0.000000   clock network delay (propagated)
                                  4.000000    4.000000 v input external delay
     1    0.003391    0.010006    0.005412    4.005412 v uio_in[2] (in)
                                                         uio_in[2] (net)
                      0.010006    0.000000    4.005412 v input12/A (sky130_fd_sc_hd__clkdlybuf4s25_1)
     5    0.014304    0.116001    0.293590    4.299003 v input12/X (sky130_fd_sc_hd__clkdlybuf4s25_1)
                                                         net12 (net)
                      0.116001    0.000261    4.299264 v _0805_/B (sky130_fd_sc_hd__or3_2)
     2    0.007312    0.091452    0.491378    4.790642 v _0805_/X (sky130_fd_sc_hd__or3_2)
                                                         _0075_ (net)
                      0.091452    0.000110    4.790752 v _1438_/B (sky130_fd_sc_hd__or3b_2)
     9    0.030184    0.159293    0.568726    5.359478 v _1438_/X (sky130_fd_sc_hd__or3b_2)
                                                         _0699_ (net)
                      0.159297    0.000956    5.360435 v _1441_/B (sky130_fd_sc_hd__or2_2)
     1    0.005427    0.062545    0.324846    5.685280 v _1441_/X (sky130_fd_sc_hd__or2_2)
                                                         _0701_ (net)
                      0.062545    0.000114    5.685395 v _1442_/B1 (sky130_fd_sc_hd__o211a_2)
     1    0.002050    0.038168    0.132100    5.817495 v _1442_/X (sky130_fd_sc_hd__o211a_2)
                                                         _0013_ (net)
                      0.038168    0.000010    5.817504 v _1585_/D (sky130_fd_sc_hd__dfxtp_2)
                                              5.817504   data arrival time

                                 20.000000   20.000000   clock clk (rise edge)
                                  0.000000   20.000000   clock source latency
     1    0.018955    0.091051    0.062521   20.062521 ^ clk (in)
                                                         clk (net)
                      0.091057    0.000000   20.062521 ^ clkbuf_0_clk/A (sky130_fd_sc_hd__clkbuf_16)
     8    0.082146    0.098721    0.189527   20.252048 ^ clkbuf_0_clk/X (sky130_fd_sc_hd__clkbuf_16)
                                                         clknet_0_clk (net)
                      0.098760    0.001858   20.253906 ^ clkbuf_3_7__f_clk/A (sky130_fd_sc_hd__clkbuf_16)
     8    0.026342    0.047567    0.150941   20.404846 ^ clkbuf_3_7__f_clk/X (sky130_fd_sc_hd__clkbuf_16)
                                                         clknet_3_7__leaf_clk (net)
                      0.047586    0.000878   20.405724 ^ _1585_/CLK (sky130_fd_sc_hd__dfxtp_2)
                                 -0.250000   20.155725   clock uncertainty
                                  0.000000   20.155725   clock reconvergence pessimism
                                 -0.109299   20.046425   library setup time
                                             20.046425   data required time
---------------------------------------------------------------------------------------------
                                             20.046425   data required time
                                             -5.817504   data arrival time
---------------------------------------------------------------------------------------------
                                             14.228921   slack (MET)


Startpoint: uio_in[2] (input port clocked by clk)
Endpoint: _1588_ (rising edge-triggered flip-flop clocked by clk)
Path Group: clk
Path Type: max

Fanout         Cap        Slew       Delay        Time   Description
---------------------------------------------------------------------------------------------
                                  0.000000    0.000000   clock clk (rise edge)
                                  0.000000    0.000000   clock network delay (propagated)
                                  4.000000    4.000000 v input external delay
     1    0.003391    0.010006    0.005412    4.005412 v uio_in[2] (in)
                                                         uio_in[2] (net)
                      0.010006    0.000000    4.005412 v input12/A (sky130_fd_sc_hd__clkdlybuf4s25_1)
     5    0.014304    0.116001    0.293590    4.299003 v input12/X (sky130_fd_sc_hd__clkdlybuf4s25_1)
                                                         net12 (net)
                      0.116001    0.000261    4.299264 v _0805_/B (sky130_fd_sc_hd__or3_2)
     2    0.007312    0.091452    0.491378    4.790642 v _0805_/X (sky130_fd_sc_hd__or3_2)
                                                         _0075_ (net)
                      0.091452    0.000110    4.790752 v _1438_/B (sky130_fd_sc_hd__or3b_2)
     9    0.030184    0.159293    0.568726    5.359478 v _1438_/X (sky130_fd_sc_hd__or3b_2)
                                                         _0699_ (net)
                      0.159297    0.000956    5.360435 v _1447_/B (sky130_fd_sc_hd__or2_2)
     1    0.003431    0.056158    0.314633    5.675067 v _1447_/X (sky130_fd_sc_hd__or2_2)
                                                         _0704_ (net)
                      0.056158    0.000043    5.675110 v _1448_/B1 (sky130_fd_sc_hd__o211a_2)
     1    0.002621    0.039975    0.131431    5.806541 v _1448_/X (sky130_fd_sc_hd__o211a_2)
                                                         _0016_ (net)
                      0.039975    0.000028    5.806569 v _1588_/D (sky130_fd_sc_hd__dfxtp_2)
                                              5.806569   data arrival time

                                 20.000000   20.000000   clock clk (rise edge)
                                  0.000000   20.000000   clock source latency
     1    0.018955    0.091051    0.062521   20.062521 ^ clk (in)
                                                         clk (net)
                      0.091057    0.000000   20.062521 ^ clkbuf_0_clk/A (sky130_fd_sc_hd__clkbuf_16)
     8    0.082146    0.098721    0.189527   20.252048 ^ clkbuf_0_clk/X (sky130_fd_sc_hd__clkbuf_16)
                                                         clknet_0_clk (net)
                      0.098760    0.001858   20.253906 ^ clkbuf_3_7__f_clk/A (sky130_fd_sc_hd__clkbuf_16)
     8    0.026342    0.047567    0.150941   20.404846 ^ clkbuf_3_7__f_clk/X (sky130_fd_sc_hd__clkbuf_16)
                                                         clknet_3_7__leaf_clk (net)
                      0.047590    0.000949   20.405794 ^ _1588_/CLK (sky130_fd_sc_hd__dfxtp_2)
                                 -0.250000   20.155796   clock uncertainty
                                  0.000000   20.155796   clock reconvergence pessimism
                                 -0.110087   20.045710   library setup time
                                             20.045710   data required time
---------------------------------------------------------------------------------------------
                                             20.045710   data required time
                                             -5.806569   data arrival time
---------------------------------------------------------------------------------------------
                                             14.239141   slack (MET)


Startpoint: uio_in[2] (input port clocked by clk)
Endpoint: _1589_ (rising edge-triggered flip-flop clocked by clk)
Path Group: clk
Path Type: max

Fanout         Cap        Slew       Delay        Time   Description
---------------------------------------------------------------------------------------------
                                  0.000000    0.000000   clock clk (rise edge)
                                  0.000000    0.000000   clock network delay (propagated)
                                  4.000000    4.000000 v input external delay
     1    0.003391    0.010006    0.005412    4.005412 v uio_in[2] (in)
                                                         uio_in[2] (net)
                      0.010006    0.000000    4.005412 v input12/A (sky130_fd_sc_hd__clkdlybuf4s25_1)
     5    0.014304    0.116001    0.293590    4.299003 v input12/X (sky130_fd_sc_hd__clkdlybuf4s25_1)
                                                         net12 (net)
                      0.116001    0.000261    4.299264 v _0805_/B (sky130_fd_sc_hd__or3_2)
     2    0.007312    0.091452    0.491378    4.790642 v _0805_/X (sky130_fd_sc_hd__or3_2)
                                                         _0075_ (net)
                      0.091452    0.000110    4.790752 v _1438_/B (sky130_fd_sc_hd__or3b_2)
     9    0.030184    0.159293    0.568726    5.359478 v _1438_/X (sky130_fd_sc_hd__or3b_2)
                                                         _0699_ (net)
                      0.159298    0.001039    5.360518 v _1449_/B (sky130_fd_sc_hd__or2_2)
     1    0.002999    0.054554    0.311895    5.672412 v _1449_/X (sky130_fd_sc_hd__or2_2)
                                                         _0705_ (net)
                      0.054554    0.000029    5.672441 v _1450_/B1 (sky130_fd_sc_hd__o211a_2)
     1    0.002548    0.039566    0.130397    5.802839 v _1450_/X (sky130_fd_sc_hd__o211a_2)
                                                         _0017_ (net)
                      0.039566    0.000027    5.802866 v _1589_/D (sky130_fd_sc_hd__dfxtp_2)
                                              5.802866   data arrival time

                                 20.000000   20.000000   clock clk (rise edge)
                                  0.000000   20.000000   clock source latency
     1    0.018955    0.091051    0.062521   20.062521 ^ clk (in)
                                                         clk (net)
                      0.091057    0.000000   20.062521 ^ clkbuf_0_clk/A (sky130_fd_sc_hd__clkbuf_16)
     8    0.082146    0.098721    0.189527   20.252048 ^ clkbuf_0_clk/X (sky130_fd_sc_hd__clkbuf_16)
                                                         clknet_0_clk (net)
                      0.098760    0.001849   20.253897 ^ clkbuf_3_6__f_clk/A (sky130_fd_sc_hd__clkbuf_16)
     8    0.023487    0.044949    0.148317   20.402214 ^ clkbuf_3_6__f_clk/X (sky130_fd_sc_hd__clkbuf_16)
                                                         clknet_3_6__leaf_clk (net)
                      0.044965    0.000755   20.402969 ^ _1589_/CLK (sky130_fd_sc_hd__dfxtp_2)
                                 -0.250000   20.152969   clock uncertainty
                                  0.000000   20.152969   clock reconvergence pessimism
                                 -0.110521   20.042448   library setup time
                                             20.042448   data required time
---------------------------------------------------------------------------------------------
                                             20.042448   data required time
                                             -5.802866   data arrival time
---------------------------------------------------------------------------------------------
                                             14.239582   slack (MET)


Startpoint: uio_in[2] (input port clocked by clk)
Endpoint: _1584_ (rising edge-triggered flip-flop clocked by clk)
Path Group: clk
Path Type: max

Fanout         Cap        Slew       Delay        Time   Description
---------------------------------------------------------------------------------------------
                                  0.000000    0.000000   clock clk (rise edge)
                                  0.000000    0.000000   clock network delay (propagated)
                                  4.000000    4.000000 v input external delay
     1    0.003391    0.010006    0.005412    4.005412 v uio_in[2] (in)
                                                         uio_in[2] (net)
                      0.010006    0.000000    4.005412 v input12/A (sky130_fd_sc_hd__clkdlybuf4s25_1)
     5    0.014304    0.116001    0.293590    4.299003 v input12/X (sky130_fd_sc_hd__clkdlybuf4s25_1)
                                                         net12 (net)
                      0.116001    0.000261    4.299264 v _0805_/B (sky130_fd_sc_hd__or3_2)
     2    0.007312    0.091452    0.491378    4.790642 v _0805_/X (sky130_fd_sc_hd__or3_2)
                                                         _0075_ (net)
                      0.091452    0.000110    4.790752 v _1438_/B (sky130_fd_sc_hd__or3b_2)
     9    0.030184    0.159293    0.568726    5.359478 v _1438_/X (sky130_fd_sc_hd__or3b_2)
                                                         _0699_ (net)
                      0.159293    0.000474    5.359952 v _1439_/B (sky130_fd_sc_hd__or2_2)
     1    0.003544    0.056625    0.315350    5.675303 v _1439_/X (sky130_fd_sc_hd__or2_2)
                                                         _0700_ (net)
                      0.056625    0.000044    5.675346 v _1440_/B1 (sky130_fd_sc_hd__o211a_2)
     1    0.002097    0.038279    0.129549    5.804895 v _1440_/X (sky130_fd_sc_hd__o211a_2)
                                                         _0012_ (net)
                      0.038279    0.000019    5.804914 v _1584_/D (sky130_fd_sc_hd__dfxtp_2)
                                              5.804914   data arrival time

                                 20.000000   20.000000   clock clk (rise edge)
                                  0.000000   20.000000   clock source latency
     1    0.018955    0.091051    0.062521   20.062521 ^ clk (in)
                                                         clk (net)
                      0.091057    0.000000   20.062521 ^ clkbuf_0_clk/A (sky130_fd_sc_hd__clkbuf_16)
     8    0.082146    0.098721    0.189527   20.252048 ^ clkbuf_0_clk/X (sky130_fd_sc_hd__clkbuf_16)
                                                         clknet_0_clk (net)
                      0.098751    0.001656   20.253704 ^ clkbuf_3_5__f_clk/A (sky130_fd_sc_hd__clkbuf_16)
     8    0.028082    0.049460    0.152783   20.406487 ^ clkbuf_3_5__f_clk/X (sky130_fd_sc_hd__clkbuf_16)
                                                         clknet_3_5__leaf_clk (net)
                      0.049460    0.000222   20.406708 ^ _1584_/CLK (sky130_fd_sc_hd__dfxtp_2)
                                 -0.250000   20.156710   clock uncertainty
                                  0.000000   20.156710   clock reconvergence pessimism
                                 -0.108910   20.047798   library setup time
                                             20.047798   data required time
---------------------------------------------------------------------------------------------
                                             20.047798   data required time
                                             -5.804914   data arrival time
---------------------------------------------------------------------------------------------
                                             14.242885   slack (MET)


Startpoint: uio_in[2] (input port clocked by clk)
Endpoint: _1591_ (rising edge-triggered flip-flop clocked by clk)
Path Group: clk
Path Type: max

Fanout         Cap        Slew       Delay        Time   Description
---------------------------------------------------------------------------------------------
                                  0.000000    0.000000   clock clk (rise edge)
                                  0.000000    0.000000   clock network delay (propagated)
                                  4.000000    4.000000 v input external delay
     1    0.003391    0.010006    0.005412    4.005412 v uio_in[2] (in)
                                                         uio_in[2] (net)
                      0.010006    0.000000    4.005412 v input12/A (sky130_fd_sc_hd__clkdlybuf4s25_1)
     5    0.014304    0.116001    0.293590    4.299003 v input12/X (sky130_fd_sc_hd__clkdlybuf4s25_1)
                                                         net12 (net)
                      0.116001    0.000261    4.299264 v _0805_/B (sky130_fd_sc_hd__or3_2)
     2    0.007312    0.091452    0.491378    4.790642 v _0805_/X (sky130_fd_sc_hd__or3_2)
                                                         _0075_ (net)
                      0.091452    0.000110    4.790752 v _1438_/B (sky130_fd_sc_hd__or3b_2)
     9    0.030184    0.159293    0.568726    5.359478 v _1438_/X (sky130_fd_sc_hd__or3b_2)
                                                         _0699_ (net)
                      0.159293    0.000526    5.360004 v _1453_/B (sky130_fd_sc_hd__or2_2)
     1    0.002877    0.054185    0.311120    5.671124 v _1453_/X (sky130_fd_sc_hd__or2_2)
                                                         _0707_ (net)
                      0.054185    0.000028    5.671152 v _1454_/B1 (sky130_fd_sc_hd__o211a_2)
     1    0.002248    0.038735    0.129025    5.800177 v _1454_/X (sky130_fd_sc_hd__o211a_2)
                                                         _0019_ (net)
                      0.038735    0.000023    5.800200 v _1591_/D (sky130_fd_sc_hd__dfxtp_2)
                                              5.800200   data arrival time

                                 20.000000   20.000000   clock clk (rise edge)
                                  0.000000   20.000000   clock source latency
     1    0.018955    0.091051    0.062521   20.062521 ^ clk (in)
                                                         clk (net)
                      0.091057    0.000000   20.062521 ^ clkbuf_0_clk/A (sky130_fd_sc_hd__clkbuf_16)
     8    0.082146    0.098721    0.189527   20.252048 ^ clkbuf_0_clk/X (sky130_fd_sc_hd__clkbuf_16)
                                                         clknet_0_clk (net)
                      0.098751    0.001656   20.253704 ^ clkbuf_3_5__f_clk/A (sky130_fd_sc_hd__clkbuf_16)
     8    0.028082    0.049460    0.152783   20.406487 ^ clkbuf_3_5__f_clk/X (sky130_fd_sc_hd__clkbuf_16)
                                                         clknet_3_5__leaf_clk (net)
                      0.049460    0.000266   20.406752 ^ _1591_/CLK (sky130_fd_sc_hd__dfxtp_2)
                                 -0.250000   20.156754   clock uncertainty
                                  0.000000   20.156754   clock reconvergence pessimism
                                 -0.109109   20.047644   library setup time
                                             20.047644   data required time
---------------------------------------------------------------------------------------------
                                             20.047644   data required time
                                             -5.800200   data arrival time
---------------------------------------------------------------------------------------------
                                             14.247444   slack (MET)


Startpoint: uio_in[2] (input port clocked by clk)
Endpoint: _1590_ (rising edge-triggered flip-flop clocked by clk)
Path Group: clk
Path Type: max

Fanout         Cap        Slew       Delay        Time   Description
---------------------------------------------------------------------------------------------
                                  0.000000    0.000000   clock clk (rise edge)
                                  0.000000    0.000000   clock network delay (propagated)
                                  4.000000    4.000000 v input external delay
     1    0.003391    0.010006    0.005412    4.005412 v uio_in[2] (in)
                                                         uio_in[2] (net)
                      0.010006    0.000000    4.005412 v input12/A (sky130_fd_sc_hd__clkdlybuf4s25_1)
     5    0.014304    0.116001    0.293590    4.299003 v input12/X (sky130_fd_sc_hd__clkdlybuf4s25_1)
                                                         net12 (net)
                      0.116001    0.000261    4.299264 v _0805_/B (sky130_fd_sc_hd__or3_2)
     2    0.007312    0.091452    0.491378    4.790642 v _0805_/X (sky130_fd_sc_hd__or3_2)
                                                         _0075_ (net)
                      0.091452    0.000110    4.790752 v _1438_/B (sky130_fd_sc_hd__or3b_2)
     9    0.030184    0.159293    0.568726    5.359478 v _1438_/X (sky130_fd_sc_hd__or3b_2)
                                                         _0699_ (net)
                      0.159297    0.000927    5.360405 v _1452_/A2 (sky130_fd_sc_hd__o211a_2)
     1    0.002212    0.038615    0.274171    5.634576 v _1452_/X (sky130_fd_sc_hd__o211a_2)
                                                         _0018_ (net)
                      0.038615    0.000014    5.634590 v _1590_/D (sky130_fd_sc_hd__dfxtp_2)
                                              5.634590   data arrival time

                                 20.000000   20.000000   clock clk (rise edge)
                                  0.000000   20.000000   clock source latency
     1    0.018955    0.091051    0.062521   20.062521 ^ clk (in)
                                                         clk (net)
                      0.091057    0.000000   20.062521 ^ clkbuf_0_clk/A (sky130_fd_sc_hd__clkbuf_16)
     8    0.082146    0.098721    0.189527   20.252048 ^ clkbuf_0_clk/X (sky130_fd_sc_hd__clkbuf_16)
                                                         clknet_0_clk (net)
                      0.098760    0.001858   20.253906 ^ clkbuf_3_7__f_clk/A (sky130_fd_sc_hd__clkbuf_16)
     8    0.026342    0.047567    0.150941   20.404846 ^ clkbuf_3_7__f_clk/X (sky130_fd_sc_hd__clkbuf_16)
                                                         clknet_3_7__leaf_clk (net)
                      0.047593    0.000993   20.405840 ^ _1590_/CLK (sky130_fd_sc_hd__dfxtp_2)
                                 -0.250000   20.155840   clock uncertainty
                                  0.000000   20.155840   clock reconvergence pessimism
                                 -0.109493   20.046347   library setup time
                                             20.046347   data required time
---------------------------------------------------------------------------------------------
                                             20.046347   data required time
                                             -5.634590   data arrival time
---------------------------------------------------------------------------------------------
                                             14.411757   slack (MET)


Startpoint: uio_in[1] (input port clocked by clk)
Endpoint: _1574_ (rising edge-triggered flip-flop clocked by clk)
Path Group: clk
Path Type: max

Fanout         Cap        Slew       Delay        Time   Description
---------------------------------------------------------------------------------------------
                                  0.000000    0.000000   clock clk (rise edge)
                                  0.000000    0.000000   clock network delay (propagated)
                                  4.000000    4.000000 ^ input external delay
     1    0.003748    0.023845    0.013617    4.013617 ^ uio_in[1] (in)
                                                         uio_in[1] (net)
                      0.023845    0.000000    4.013617 ^ input11/A (sky130_fd_sc_hd__clkdlybuf4s25_1)
     8    0.026949    0.275152    0.401829    4.415446 ^ input11/X (sky130_fd_sc_hd__clkdlybuf4s25_1)
                                                         net11 (net)
                      0.275152    0.000665    4.416111 ^ _0797_/A (sky130_fd_sc_hd__nor2_2)
     3    0.008708    0.071051    0.093520    4.509631 v _0797_/Y (sky130_fd_sc_hd__nor2_2)
                                                         _0070_ (net)
                      0.071051    0.000060    4.509691 v _0802_/C (sky130_fd_sc_hd__and3_2)
     1    0.007631    0.049100    0.231326    4.741017 v _0802_/X (sky130_fd_sc_hd__and3_2)
                                                         _0073_ (net)
                      0.049100    0.000083    4.741100 v fanout28/A (sky130_fd_sc_hd__clkdlybuf4s25_1)
    10    0.043792    0.323497    0.465770    5.206870 v fanout28/X (sky130_fd_sc_hd__clkdlybuf4s25_1)
                                                         net28 (net)
                      0.323497    0.000234    5.207104 v _0803_/B (sky130_fd_sc_hd__and2_2)
     1    0.001953    0.035586    0.307750    5.514854 v _0803_/X (sky130_fd_sc_hd__and2_2)
                                                         _0002_ (net)
                      0.035586    0.000009    5.514863 v _1574_/D (sky130_fd_sc_hd__dfxtp_2)
                                              5.514863   data arrival time

                                 20.000000   20.000000   clock clk (rise edge)
                                  0.000000   20.000000   clock source latency
     1    0.018955    0.091051    0.062521   20.062521 ^ clk (in)
                                                         clk (net)
                      0.091057    0.000000   20.062521 ^ clkbuf_0_clk/A (sky130_fd_sc_hd__clkbuf_16)
     8    0.082146    0.098721    0.189527   20.252048 ^ clkbuf_0_clk/X (sky130_fd_sc_hd__clkbuf_16)
                                                         clknet_0_clk (net)
                      0.098747    0.001574   20.253622 ^ clkbuf_3_3__f_clk/A (sky130_fd_sc_hd__clkbuf_16)
     8    0.029606    0.050750    0.153836   20.407457 ^ clkbuf_3_3__f_clk/X (sky130_fd_sc_hd__clkbuf_16)
                                                         clknet_3_3__leaf_clk (net)
                      0.050751    0.000451   20.407909 ^ _1574_/CLK (sky130_fd_sc_hd__dfxtp_2)
                                 -0.250000   20.157909   clock uncertainty
                                  0.000000   20.157909   clock reconvergence pessimism
                                 -0.107433   20.050476   library setup time
                                             20.050476   data required time
---------------------------------------------------------------------------------------------
                                             20.050476   data required time
                                             -5.514863   data arrival time
---------------------------------------------------------------------------------------------
                                             14.535612   slack (MET)


Startpoint: _1574_ (rising edge-triggered flip-flop clocked by clk)
Endpoint: uio_out[4] (output port clocked by clk)
Path Group: clk
Path Type: max

Fanout         Cap        Slew       Delay        Time   Description
---------------------------------------------------------------------------------------------
                                  0.000000    0.000000   clock clk (rise edge)
                                  0.000000    0.000000   clock source latency
     1    0.018955    0.091051    0.062520    0.062520 ^ clk (in)
                                                         clk (net)
                      0.091057    0.000000    0.062520 ^ clkbuf_0_clk/A (sky130_fd_sc_hd__clkbuf_16)
     8    0.082146    0.098721    0.189527    0.252047 ^ clkbuf_0_clk/X (sky130_fd_sc_hd__clkbuf_16)
                                                         clknet_0_clk (net)
                      0.098747    0.001573    0.253621 ^ clkbuf_3_3__f_clk/A (sky130_fd_sc_hd__clkbuf_16)
     8    0.029606    0.050750    0.153836    0.407457 ^ clkbuf_3_3__f_clk/X (sky130_fd_sc_hd__clkbuf_16)
                                                         clknet_3_3__leaf_clk (net)
                      0.050751    0.000451    0.407908 ^ _1574_/CLK (sky130_fd_sc_hd__dfxtp_2)
     3    0.013372    0.076606    0.346159    0.754067 ^ _1574_/Q (sky130_fd_sc_hd__dfxtp_2)
                                                         busy (net)
                      0.076606    0.000052    0.754118 ^ _1651_/A (sky130_fd_sc_hd__buf_2)
     1    0.035245    0.174796    0.213287    0.967406 ^ _1651_/X (sky130_fd_sc_hd__buf_2)
                                                         uio_out[4] (net)
                      0.174796    0.000221    0.967627 ^ uio_out[4] (out)
                                              0.967627   data arrival time

                                 20.000000   20.000000   clock clk (rise edge)
                                  0.000000   20.000000   clock network delay (propagated)
                                 -0.250000   19.750002   clock uncertainty
                                  0.000000   19.750002   clock reconvergence pessimism
                                 -4.000000   15.750001   output external delay
                                             15.750001   data required time
---------------------------------------------------------------------------------------------
                                             15.750001   data required time
                                             -0.967627   data arrival time
---------------------------------------------------------------------------------------------
                                             14.782374   slack (MET)


Startpoint: uio_in[2] (input port clocked by clk)
Endpoint: _1592_ (rising edge-triggered flip-flop clocked by clk)
Path Group: clk
Path Type: max

Fanout         Cap        Slew       Delay        Time   Description
---------------------------------------------------------------------------------------------
                                  0.000000    0.000000   clock clk (rise edge)
                                  0.000000    0.000000   clock network delay (propagated)
                                  4.000000    4.000000 ^ input external delay
     1    0.003616    0.023271    0.013154    4.013155 ^ uio_in[2] (in)
                                                         uio_in[2] (net)
                      0.023271    0.000000    4.013155 ^ input12/A (sky130_fd_sc_hd__clkdlybuf4s25_1)
     5    0.014954    0.158893    0.319699    4.332853 ^ input12/X (sky130_fd_sc_hd__clkdlybuf4s25_1)
                                                         net12 (net)
                      0.158893    0.000234    4.333087 ^ _0804_/A_N (sky130_fd_sc_hd__and2b_2)
     3    0.009019    0.050639    0.254311    4.587398 v _0804_/X (sky130_fd_sc_hd__and2b_2)
                                                         _0074_ (net)
                      0.050639    0.000071    4.587470 v _1455_/C (sky130_fd_sc_hd__and3_2)
     8    0.019069    0.073574    0.253242    4.840712 v _1455_/X (sky130_fd_sc_hd__and3_2)
                                                         _0708_ (net)
                      0.073574    0.000112    4.840824 v _1457_/B (sky130_fd_sc_hd__or2_2)
     1    0.003813    0.057798    0.283222    5.124046 v _1457_/X (sky130_fd_sc_hd__or2_2)
                                                         _0710_ (net)
                      0.057798    0.000048    5.124094 v _1458_/B1 (sky130_fd_sc_hd__o211a_2)
     1    0.002579    0.039665    0.132021    5.256115 v _1458_/X (sky130_fd_sc_hd__o211a_2)
                                                         _0020_ (net)
                      0.039665    0.000029    5.256144 v _1592_/D (sky130_fd_sc_hd__dfxtp_2)
                                              5.256144   data arrival time

                                 20.000000   20.000000   clock clk (rise edge)
                                  0.000000   20.000000   clock source latency
     1    0.018955    0.091051    0.062521   20.062521 ^ clk (in)
                                                         clk (net)
                      0.091057    0.000000   20.062521 ^ clkbuf_0_clk/A (sky130_fd_sc_hd__clkbuf_16)
     8    0.082146    0.098721    0.189527   20.252048 ^ clkbuf_0_clk/X (sky130_fd_sc_hd__clkbuf_16)
                                                         clknet_0_clk (net)
                      0.098751    0.001656   20.253704 ^ clkbuf_3_5__f_clk/A (sky130_fd_sc_hd__clkbuf_16)
     8    0.028082    0.049460    0.152783   20.406487 ^ clkbuf_3_5__f_clk/X (sky130_fd_sc_hd__clkbuf_16)
                                                         clknet_3_5__leaf_clk (net)
                      0.049460    0.000203   20.406689 ^ _1592_/CLK (sky130_fd_sc_hd__dfxtp_2)
                                 -0.250000   20.156689   clock uncertainty
                                  0.000000   20.156689   clock reconvergence pessimism
                                 -0.109515   20.047174   library setup time
                                             20.047174   data required time
---------------------------------------------------------------------------------------------
                                             20.047174   data required time
                                             -5.256144   data arrival time
---------------------------------------------------------------------------------------------
                                             14.791031   slack (MET)


Startpoint: uio_in[2] (input port clocked by clk)
Endpoint: _1597_ (rising edge-triggered flip-flop clocked by clk)
Path Group: clk
Path Type: max

Fanout         Cap        Slew       Delay        Time   Description
---------------------------------------------------------------------------------------------
                                  0.000000    0.000000   clock clk (rise edge)
                                  0.000000    0.000000   clock network delay (propagated)
                                  4.000000    4.000000 ^ input external delay
     1    0.003616    0.023271    0.013154    4.013155 ^ uio_in[2] (in)
                                                         uio_in[2] (net)
                      0.023271    0.000000    4.013155 ^ input12/A (sky130_fd_sc_hd__clkdlybuf4s25_1)
     5    0.014954    0.158893    0.319699    4.332853 ^ input12/X (sky130_fd_sc_hd__clkdlybuf4s25_1)
                                                         net12 (net)
                      0.158893    0.000234    4.333087 ^ _0804_/A_N (sky130_fd_sc_hd__and2b_2)
     3    0.009019    0.050639    0.254311    4.587398 v _0804_/X (sky130_fd_sc_hd__and2b_2)
                                                         _0074_ (net)
                      0.050639    0.000071    4.587470 v _1455_/C (sky130_fd_sc_hd__and3_2)
     8    0.019069    0.073574    0.253242    4.840712 v _1455_/X (sky130_fd_sc_hd__and3_2)
                                                         _0708_ (net)
                      0.073577    0.000535    4.841247 v _1467_/B (sky130_fd_sc_hd__or2_2)
     1    0.002503    0.052632    0.274880    5.116127 v _1467_/X (sky130_fd_sc_hd__or2_2)
                                                         _0715_ (net)
                      0.052632    0.000012    5.116138 v _1468_/B1 (sky130_fd_sc_hd__o211a_2)
     1    0.003233    0.041504    0.132262    5.248400 v _1468_/X (sky130_fd_sc_hd__o211a_2)
                                                         _0025_ (net)
                      0.041504    0.000044    5.248445 v _1597_/D (sky130_fd_sc_hd__dfxtp_2)
                                              5.248445   data arrival time

                                 20.000000   20.000000   clock clk (rise edge)
                                  0.000000   20.000000   clock source latency
     1    0.018955    0.091051    0.062521   20.062521 ^ clk (in)
                                                         clk (net)
                      0.091057    0.000000   20.062521 ^ clkbuf_0_clk/A (sky130_fd_sc_hd__clkbuf_16)
     8    0.082146    0.098721    0.189527   20.252048 ^ clkbuf_0_clk/X (sky130_fd_sc_hd__clkbuf_16)
                                                         clknet_0_clk (net)
                      0.098760    0.001849   20.253897 ^ clkbuf_3_6__f_clk/A (sky130_fd_sc_hd__clkbuf_16)
     8    0.023487    0.044949    0.148317   20.402214 ^ clkbuf_3_6__f_clk/X (sky130_fd_sc_hd__clkbuf_16)
                                                         clknet_3_6__leaf_clk (net)
                      0.044965    0.000757   20.402971 ^ _1597_/CLK (sky130_fd_sc_hd__dfxtp_2)
                                 -0.250000   20.152971   clock uncertainty
                                  0.000000   20.152971   clock reconvergence pessimism
                                 -0.111367   20.041605   library setup time
                                             20.041605   data required time
---------------------------------------------------------------------------------------------
                                             20.041605   data required time
                                             -5.248445   data arrival time
---------------------------------------------------------------------------------------------
                                             14.793160   slack (MET)


Startpoint: uio_in[2] (input port clocked by clk)
Endpoint: _1598_ (rising edge-triggered flip-flop clocked by clk)
Path Group: clk
Path Type: max

Fanout         Cap        Slew       Delay        Time   Description
---------------------------------------------------------------------------------------------
                                  0.000000    0.000000   clock clk (rise edge)
                                  0.000000    0.000000   clock network delay (propagated)
                                  4.000000    4.000000 ^ input external delay
     1    0.003616    0.023271    0.013154    4.013155 ^ uio_in[2] (in)
                                                         uio_in[2] (net)
                      0.023271    0.000000    4.013155 ^ input12/A (sky130_fd_sc_hd__clkdlybuf4s25_1)
     5    0.014954    0.158893    0.319699    4.332853 ^ input12/X (sky130_fd_sc_hd__clkdlybuf4s25_1)
                                                         net12 (net)
                      0.158893    0.000234    4.333087 ^ _0804_/A_N (sky130_fd_sc_hd__and2b_2)
     3    0.009019    0.050639    0.254311    4.587398 v _0804_/X (sky130_fd_sc_hd__and2b_2)
                                                         _0074_ (net)
                      0.050639    0.000071    4.587470 v _1455_/C (sky130_fd_sc_hd__and3_2)
     8    0.019069    0.073574    0.253242    4.840712 v _1455_/X (sky130_fd_sc_hd__and3_2)
                                                         _0708_ (net)
                      0.073577    0.000545    4.841257 v _1469_/B (sky130_fd_sc_hd__or2_2)
     1    0.002871    0.053928    0.277217    5.118474 v _1469_/X (sky130_fd_sc_hd__or2_2)
                                                         _0716_ (net)
                      0.053928    0.000028    5.118502 v _1470_/B1 (sky130_fd_sc_hd__o211a_2)
     1    0.003281    0.041696    0.133044    5.251546 v _1470_/X (sky130_fd_sc_hd__o211a_2)
                                                         _0026_ (net)
                      0.041696    0.000046    5.251593 v _1598_/D (sky130_fd_sc_hd__dfxtp_2)
                                              5.251593   data arrival time

                                 20.000000   20.000000   clock clk (rise edge)
                                  0.000000   20.000000   clock source latency
     1    0.018955    0.091051    0.062521   20.062521 ^ clk (in)
                                                         clk (net)
                      0.091057    0.000000   20.062521 ^ clkbuf_0_clk/A (sky130_fd_sc_hd__clkbuf_16)
     8    0.082146    0.098721    0.189527   20.252048 ^ clkbuf_0_clk/X (sky130_fd_sc_hd__clkbuf_16)
                                                         clknet_0_clk (net)
                      0.098760    0.001858   20.253906 ^ clkbuf_3_7__f_clk/A (sky130_fd_sc_hd__clkbuf_16)
     8    0.026342    0.047567    0.150941   20.404846 ^ clkbuf_3_7__f_clk/X (sky130_fd_sc_hd__clkbuf_16)
                                                         clknet_3_7__leaf_clk (net)
                      0.047593    0.001002   20.405848 ^ _1598_/CLK (sky130_fd_sc_hd__dfxtp_2)
                                 -0.250000   20.155849   clock uncertainty
                                  0.000000   20.155849   clock reconvergence pessimism
                                 -0.110837   20.045012   library setup time
                                             20.045012   data required time
---------------------------------------------------------------------------------------------
                                             20.045012   data required time
                                             -5.251593   data arrival time
---------------------------------------------------------------------------------------------
                                             14.793419   slack (MET)


Startpoint: uio_in[2] (input port clocked by clk)
Endpoint: _1595_ (rising edge-triggered flip-flop clocked by clk)
Path Group: clk
Path Type: max

Fanout         Cap        Slew       Delay        Time   Description
---------------------------------------------------------------------------------------------
                                  0.000000    0.000000   clock clk (rise edge)
                                  0.000000    0.000000   clock network delay (propagated)
                                  4.000000    4.000000 ^ input external delay
     1    0.003616    0.023271    0.013154    4.013155 ^ uio_in[2] (in)
                                                         uio_in[2] (net)
                      0.023271    0.000000    4.013155 ^ input12/A (sky130_fd_sc_hd__clkdlybuf4s25_1)
     5    0.014954    0.158893    0.319699    4.332853 ^ input12/X (sky130_fd_sc_hd__clkdlybuf4s25_1)
                                                         net12 (net)
                      0.158893    0.000234    4.333087 ^ _0804_/A_N (sky130_fd_sc_hd__and2b_2)
     3    0.009019    0.050639    0.254311    4.587398 v _0804_/X (sky130_fd_sc_hd__and2b_2)
                                                         _0074_ (net)
                      0.050639    0.000071    4.587470 v _1455_/C (sky130_fd_sc_hd__and3_2)
     8    0.019069    0.073574    0.253242    4.840712 v _1455_/X (sky130_fd_sc_hd__and3_2)
                                                         _0708_ (net)
                      0.073575    0.000395    4.841107 v _1463_/B (sky130_fd_sc_hd__or2_2)
     1    0.002611    0.053692    0.275564    5.116671 v _1463_/X (sky130_fd_sc_hd__or2_2)
                                                         _0713_ (net)
                      0.053692    0.000023    5.116694 v _1464_/B1 (sky130_fd_sc_hd__o211a_2)
     1    0.002478    0.039381    0.129717    5.246411 v _1464_/X (sky130_fd_sc_hd__o211a_2)
                                                         _0023_ (net)
                      0.039381    0.000026    5.246438 v _1595_/D (sky130_fd_sc_hd__dfxtp_2)
                                              5.246438   data arrival time

                                 20.000000   20.000000   clock clk (rise edge)
                                  0.000000   20.000000   clock source latency
     1    0.018955    0.091051    0.062521   20.062521 ^ clk (in)
                                                         clk (net)
                      0.091057    0.000000   20.062521 ^ clkbuf_0_clk/A (sky130_fd_sc_hd__clkbuf_16)
     8    0.082146    0.098721    0.189527   20.252048 ^ clkbuf_0_clk/X (sky130_fd_sc_hd__clkbuf_16)
                                                         clknet_0_clk (net)
                      0.098760    0.001849   20.253897 ^ clkbuf_3_6__f_clk/A (sky130_fd_sc_hd__clkbuf_16)
     8    0.023487    0.044949    0.148317   20.402214 ^ clkbuf_3_6__f_clk/X (sky130_fd_sc_hd__clkbuf_16)
                                                         clknet_3_6__leaf_clk (net)
                      0.044953    0.000457   20.402670 ^ _1595_/CLK (sky130_fd_sc_hd__dfxtp_2)
                                 -0.250000   20.152672   clock uncertainty
                                  0.000000   20.152672   clock reconvergence pessimism
                                 -0.110443   20.042229   library setup time
                                             20.042229   data required time
---------------------------------------------------------------------------------------------
                                             20.042229   data required time
                                             -5.246438   data arrival time
---------------------------------------------------------------------------------------------
                                             14.795790   slack (MET)


Startpoint: uio_in[2] (input port clocked by clk)
Endpoint: _1593_ (rising edge-triggered flip-flop clocked by clk)
Path Group: clk
Path Type: max

Fanout         Cap        Slew       Delay        Time   Description
---------------------------------------------------------------------------------------------
                                  0.000000    0.000000   clock clk (rise edge)
                                  0.000000    0.000000   clock network delay (propagated)
                                  4.000000    4.000000 ^ input external delay
     1    0.003616    0.023271    0.013154    4.013155 ^ uio_in[2] (in)
                                                         uio_in[2] (net)
                      0.023271    0.000000    4.013155 ^ input12/A (sky130_fd_sc_hd__clkdlybuf4s25_1)
     5    0.014954    0.158893    0.319699    4.332853 ^ input12/X (sky130_fd_sc_hd__clkdlybuf4s25_1)
                                                         net12 (net)
                      0.158893    0.000234    4.333087 ^ _0804_/A_N (sky130_fd_sc_hd__and2b_2)
     3    0.009019    0.050639    0.254311    4.587398 v _0804_/X (sky130_fd_sc_hd__and2b_2)
                                                         _0074_ (net)
                      0.050639    0.000071    4.587470 v _1455_/C (sky130_fd_sc_hd__and3_2)
     8    0.019069    0.073574    0.253242    4.840712 v _1455_/X (sky130_fd_sc_hd__and3_2)
                                                         _0708_ (net)
                      0.073574    0.000258    4.840970 v _1459_/B (sky130_fd_sc_hd__or2_2)
     1    0.002816    0.053900    0.276867    5.117837 v _1459_/X (sky130_fd_sc_hd__or2_2)
                                                         _0711_ (net)
                      0.053900    0.000027    5.117864 v _1460_/B1 (sky130_fd_sc_hd__o211a_2)
     1    0.002161    0.038479    0.128543    5.246407 v _1460_/X (sky130_fd_sc_hd__o211a_2)
                                                         _0021_ (net)
                      0.038479    0.000021    5.246428 v _1593_/D (sky130_fd_sc_hd__dfxtp_2)
                                              5.246428   data arrival time

                                 20.000000   20.000000   clock clk (rise edge)
                                  0.000000   20.000000   clock source latency
     1    0.018955    0.091051    0.062521   20.062521 ^ clk (in)
                                                         clk (net)
                      0.091057    0.000000   20.062521 ^ clkbuf_0_clk/A (sky130_fd_sc_hd__clkbuf_16)
     8    0.082146    0.098721    0.189527   20.252048 ^ clkbuf_0_clk/X (sky130_fd_sc_hd__clkbuf_16)
                                                         clknet_0_clk (net)
                      0.098760    0.001849   20.253897 ^ clkbuf_3_6__f_clk/A (sky130_fd_sc_hd__clkbuf_16)
     8    0.023487    0.044949    0.148317   20.402214 ^ clkbuf_3_6__f_clk/X (sky130_fd_sc_hd__clkbuf_16)
                                                         clknet_3_6__leaf_clk (net)
                      0.044952    0.000414   20.402628 ^ _1593_/CLK (sky130_fd_sc_hd__dfxtp_2)
                                 -0.250000   20.152628   clock uncertainty
                                  0.000000   20.152628   clock reconvergence pessimism
                                 -0.110050   20.042578   library setup time
                                             20.042578   data required time
---------------------------------------------------------------------------------------------
                                             20.042578   data required time
                                             -5.246428   data arrival time
---------------------------------------------------------------------------------------------
                                             14.796150   slack (MET)


Startpoint: uio_in[2] (input port clocked by clk)
Endpoint: _1599_ (rising edge-triggered flip-flop clocked by clk)
Path Group: clk
Path Type: max

Fanout         Cap        Slew       Delay        Time   Description
---------------------------------------------------------------------------------------------
                                  0.000000    0.000000   clock clk (rise edge)
                                  0.000000    0.000000   clock network delay (propagated)
                                  4.000000    4.000000 ^ input external delay
     1    0.003616    0.023271    0.013154    4.013155 ^ uio_in[2] (in)
                                                         uio_in[2] (net)
                      0.023271    0.000000    4.013155 ^ input12/A (sky130_fd_sc_hd__clkdlybuf4s25_1)
     5    0.014954    0.158893    0.319699    4.332853 ^ input12/X (sky130_fd_sc_hd__clkdlybuf4s25_1)
                                                         net12 (net)
                      0.158893    0.000234    4.333087 ^ _0804_/A_N (sky130_fd_sc_hd__and2b_2)
     3    0.009019    0.050639    0.254311    4.587398 v _0804_/X (sky130_fd_sc_hd__and2b_2)
                                                         _0074_ (net)
                      0.050639    0.000071    4.587470 v _1455_/C (sky130_fd_sc_hd__and3_2)
     8    0.019069    0.073574    0.253242    4.840712 v _1455_/X (sky130_fd_sc_hd__and3_2)
                                                         _0708_ (net)
                      0.073574    0.000190    4.840901 v _1471_/B (sky130_fd_sc_hd__or2_2)
     1    0.002681    0.053397    0.276011    5.116912 v _1471_/X (sky130_fd_sc_hd__or2_2)
                                                         _0717_ (net)
                      0.053397    0.000024    5.116936 v _1472_/B1 (sky130_fd_sc_hd__o211a_2)
     1    0.002319    0.038888    0.128946    5.245882 v _1472_/X (sky130_fd_sc_hd__o211a_2)
                                                         _0027_ (net)
                      0.038888    0.000022    5.245904 v _1599_/D (sky130_fd_sc_hd__dfxtp_2)
                                              5.245904   data arrival time

                                 20.000000   20.000000   clock clk (rise edge)
                                  0.000000   20.000000   clock source latency
     1    0.018955    0.091051    0.062521   20.062521 ^ clk (in)
                                                         clk (net)
                      0.091057    0.000000   20.062521 ^ clkbuf_0_clk/A (sky130_fd_sc_hd__clkbuf_16)
     8    0.082146    0.098721    0.189527   20.252048 ^ clkbuf_0_clk/X (sky130_fd_sc_hd__clkbuf_16)
                                                         clknet_0_clk (net)
                      0.098760    0.001849   20.253897 ^ clkbuf_3_6__f_clk/A (sky130_fd_sc_hd__clkbuf_16)
     8    0.023487    0.044949    0.148317   20.402214 ^ clkbuf_3_6__f_clk/X (sky130_fd_sc_hd__clkbuf_16)
                                                         clknet_3_6__leaf_clk (net)
                      0.044949    0.000147   20.402361 ^ _1599_/CLK (sky130_fd_sc_hd__dfxtp_2)
                                 -0.250000   20.152363   clock uncertainty
                                  0.000000   20.152363   clock reconvergence pessimism
                                 -0.110229   20.042133   library setup time
                                             20.042133   data required time
---------------------------------------------------------------------------------------------
                                             20.042133   data required time
                                             -5.245904   data arrival time
---------------------------------------------------------------------------------------------
                                             14.796229   slack (MET)


Startpoint: uio_in[2] (input port clocked by clk)
Endpoint: _1594_ (rising edge-triggered flip-flop clocked by clk)
Path Group: clk
Path Type: max

Fanout         Cap        Slew       Delay        Time   Description
---------------------------------------------------------------------------------------------
                                  0.000000    0.000000   clock clk (rise edge)
                                  0.000000    0.000000   clock network delay (propagated)
                                  4.000000    4.000000 ^ input external delay
     1    0.003616    0.023271    0.013154    4.013155 ^ uio_in[2] (in)
                                                         uio_in[2] (net)
                      0.023271    0.000000    4.013155 ^ input12/A (sky130_fd_sc_hd__clkdlybuf4s25_1)
     5    0.014954    0.158893    0.319699    4.332853 ^ input12/X (sky130_fd_sc_hd__clkdlybuf4s25_1)
                                                         net12 (net)
                      0.158893    0.000234    4.333087 ^ _0804_/A_N (sky130_fd_sc_hd__and2b_2)
     3    0.009019    0.050639    0.254311    4.587398 v _0804_/X (sky130_fd_sc_hd__and2b_2)
                                                         _0074_ (net)
                      0.050639    0.000071    4.587470 v _1455_/C (sky130_fd_sc_hd__and3_2)
     8    0.019069    0.073574    0.253242    4.840712 v _1455_/X (sky130_fd_sc_hd__and3_2)
                                                         _0708_ (net)
                      0.073576    0.000479    4.841191 v _1461_/B (sky130_fd_sc_hd__or2_2)
     1    0.002810    0.053890    0.276828    5.118019 v _1461_/X (sky130_fd_sc_hd__or2_2)
                                                         _0712_ (net)
                      0.053890    0.000027    5.118046 v _1462_/B1 (sky130_fd_sc_hd__o211a_2)
     1    0.002682    0.039929    0.130627    5.248672 v _1462_/X (sky130_fd_sc_hd__o211a_2)
                                                         _0022_ (net)
                      0.039929    0.000031    5.248703 v _1594_/D (sky130_fd_sc_hd__dfxtp_2)
                                              5.248703   data arrival time

                                 20.000000   20.000000   clock clk (rise edge)
                                  0.000000   20.000000   clock source latency
     1    0.018955    0.091051    0.062521   20.062521 ^ clk (in)
                                                         clk (net)
                      0.091057    0.000000   20.062521 ^ clkbuf_0_clk/A (sky130_fd_sc_hd__clkbuf_16)
     8    0.082146    0.098721    0.189527   20.252048 ^ clkbuf_0_clk/X (sky130_fd_sc_hd__clkbuf_16)
                                                         clknet_0_clk (net)
                      0.098760    0.001858   20.253906 ^ clkbuf_3_7__f_clk/A (sky130_fd_sc_hd__clkbuf_16)
     8    0.026342    0.047567    0.150941   20.404846 ^ clkbuf_3_7__f_clk/X (sky130_fd_sc_hd__clkbuf_16)
                                                         clknet_3_7__leaf_clk (net)
                      0.047580    0.000771   20.405617 ^ _1594_/CLK (sky130_fd_sc_hd__dfxtp_2)
                                 -0.250000   20.155619   clock uncertainty
                                  0.000000   20.155619   clock reconvergence pessimism
                                 -0.110069   20.045549   library setup time
                                             20.045549   data required time
---------------------------------------------------------------------------------------------
                                             20.045549   data required time
                                             -5.248703   data arrival time
---------------------------------------------------------------------------------------------
                                             14.796846   slack (MET)


Startpoint: uio_in[2] (input port clocked by clk)
Endpoint: _1596_ (rising edge-triggered flip-flop clocked by clk)
Path Group: clk
Path Type: max

Fanout         Cap        Slew       Delay        Time   Description
---------------------------------------------------------------------------------------------
                                  0.000000    0.000000   clock clk (rise edge)
                                  0.000000    0.000000   clock network delay (propagated)
                                  4.000000    4.000000 ^ input external delay
     1    0.003616    0.023271    0.013154    4.013155 ^ uio_in[2] (in)
                                                         uio_in[2] (net)
                      0.023271    0.000000    4.013155 ^ input12/A (sky130_fd_sc_hd__clkdlybuf4s25_1)
     5    0.014954    0.158893    0.319699    4.332853 ^ input12/X (sky130_fd_sc_hd__clkdlybuf4s25_1)
                                                         net12 (net)
                      0.158893    0.000234    4.333087 ^ _0804_/A_N (sky130_fd_sc_hd__and2b_2)
     3    0.009019    0.050639    0.254311    4.587398 v _0804_/X (sky130_fd_sc_hd__and2b_2)
                                                         _0074_ (net)
                      0.050639    0.000071    4.587470 v _1455_/C (sky130_fd_sc_hd__and3_2)
     8    0.019069    0.073574    0.253242    4.840712 v _1455_/X (sky130_fd_sc_hd__and3_2)
                                                         _0708_ (net)
                      0.073577    0.000533    4.841244 v _1465_/B (sky130_fd_sc_hd__or2_2)
     1    0.002881    0.053956    0.277287    5.118531 v _1465_/X (sky130_fd_sc_hd__or2_2)
                                                         _0714_ (net)
                      0.053956    0.000028    5.118559 v _1466_/B1 (sky130_fd_sc_hd__o211a_2)
     1    0.001979    0.037967    0.127841    5.246400 v _1466_/X (sky130_fd_sc_hd__o211a_2)
                                                         _0024_ (net)
                      0.037967    0.000018    5.246418 v _1596_/D (sky130_fd_sc_hd__dfxtp_2)
                                              5.246418   data arrival time

                                 20.000000   20.000000   clock clk (rise edge)
                                  0.000000   20.000000   clock source latency
     1    0.018955    0.091051    0.062521   20.062521 ^ clk (in)
                                                         clk (net)
                      0.091057    0.000000   20.062521 ^ clkbuf_0_clk/A (sky130_fd_sc_hd__clkbuf_16)
     8    0.082146    0.098721    0.189527   20.252048 ^ clkbuf_0_clk/X (sky130_fd_sc_hd__clkbuf_16)
                                                         clknet_0_clk (net)
                      0.098760    0.001858   20.253906 ^ clkbuf_3_7__f_clk/A (sky130_fd_sc_hd__clkbuf_16)
     8    0.026342    0.047567    0.150941   20.404846 ^ clkbuf_3_7__f_clk/X (sky130_fd_sc_hd__clkbuf_16)
                                                         clknet_3_7__leaf_clk (net)
                      0.047570    0.000462   20.405308 ^ _1596_/CLK (sky130_fd_sc_hd__dfxtp_2)
                                 -0.250000   20.155310   clock uncertainty
                                  0.000000   20.155310   clock reconvergence pessimism
                                 -0.109215   20.046095   library setup time
                                             20.046095   data required time
---------------------------------------------------------------------------------------------
                                             20.046095   data required time
                                             -5.246418   data arrival time
---------------------------------------------------------------------------------------------
                                             14.799677   slack (MET)


Startpoint: _1575_ (rising edge-triggered flip-flop clocked by clk)
Endpoint: uio_out[5] (output port clocked by clk)
Path Group: clk
Path Type: max

Fanout         Cap        Slew       Delay        Time   Description
---------------------------------------------------------------------------------------------
                                  0.000000    0.000000   clock clk (rise edge)
                                  0.000000    0.000000   clock source latency
     1    0.018955    0.091051    0.062520    0.062520 ^ clk (in)
                                                         clk (net)
                      0.091057    0.000000    0.062520 ^ clkbuf_0_clk/A (sky130_fd_sc_hd__clkbuf_16)
     8    0.082146    0.098721    0.189527    0.252047 ^ clkbuf_0_clk/X (sky130_fd_sc_hd__clkbuf_16)
                                                         clknet_0_clk (net)
                      0.098750    0.001636    0.253683 ^ clkbuf_3_1__f_clk/A (sky130_fd_sc_hd__clkbuf_16)
     8    0.022745    0.044279    0.147781    0.401464 ^ clkbuf_3_1__f_clk/X (sky130_fd_sc_hd__clkbuf_16)
                                                         clknet_3_1__leaf_clk (net)
                      0.044279    0.000191    0.401656 ^ _1575_/CLK (sky130_fd_sc_hd__dfxtp_2)
     2    0.011800    0.069503    0.338204    0.739860 ^ _1575_/Q (sky130_fd_sc_hd__dfxtp_2)
                                                         ovf (net)
                      0.069503    0.000369    0.740229 ^ _1652_/A (sky130_fd_sc_hd__buf_2)
     1    0.034504    0.171314    0.208160    0.948389 ^ _1652_/X (sky130_fd_sc_hd__buf_2)
                                                         uio_out[5] (net)
                      0.171314    0.000289    0.948678 ^ uio_out[5] (out)
                                              0.948678   data arrival time

                                 20.000000   20.000000   clock clk (rise edge)
                                  0.000000   20.000000   clock network delay (propagated)
                                 -0.250000   19.750002   clock uncertainty
                                  0.000000   19.750002   clock reconvergence pessimism
                                 -4.000000   15.750001   output external delay
                                             15.750001   data required time
---------------------------------------------------------------------------------------------
                                             15.750001   data required time
                                             -0.948678   data arrival time
---------------------------------------------------------------------------------------------
                                             14.801322   slack (MET)


Startpoint: _1580_ (rising edge-triggered flip-flop clocked by clk)
Endpoint: uo_out[4] (output port clocked by clk)
Path Group: clk
Path Type: max

Fanout         Cap        Slew       Delay        Time   Description
---------------------------------------------------------------------------------------------
                                  0.000000    0.000000   clock clk (rise edge)
                                  0.000000    0.000000   clock source latency
     1    0.018955    0.091051    0.062520    0.062520 ^ clk (in)
                                                         clk (net)
                      0.091057    0.000000    0.062520 ^ clkbuf_0_clk/A (sky130_fd_sc_hd__clkbuf_16)
     8    0.082146    0.098721    0.189527    0.252047 ^ clkbuf_0_clk/X (sky130_fd_sc_hd__clkbuf_16)
                                                         clknet_0_clk (net)
                      0.098747    0.001573    0.253621 ^ clkbuf_3_3__f_clk/A (sky130_fd_sc_hd__clkbuf_16)
     8    0.029606    0.050750    0.153836    0.407457 ^ clkbuf_3_3__f_clk/X (sky130_fd_sc_hd__clkbuf_16)
                                                         clknet_3_3__leaf_clk (net)
                      0.050751    0.000508    0.407965 ^ _1580_/CLK (sky130_fd_sc_hd__dfxtp_2)
     1    0.037161    0.190471    0.428207    0.836172 ^ _1580_/Q (sky130_fd_sc_hd__dfxtp_2)
                                                         uo_out[4] (net)
                      0.190471    0.000752    0.836923 ^ uo_out[4] (out)
                                              0.836923   data arrival time

                                 20.000000   20.000000   clock clk (rise edge)
                                  0.000000   20.000000   clock network delay (propagated)
                                 -0.250000   19.750002   clock uncertainty
                                  0.000000   19.750002   clock reconvergence pessimism
                                 -4.000000   15.750001   output external delay
                                             15.750001   data required time
---------------------------------------------------------------------------------------------
                                             15.750001   data required time
                                             -0.836923   data arrival time
---------------------------------------------------------------------------------------------
                                             14.913077   slack (MET)


Startpoint: _1578_ (rising edge-triggered flip-flop clocked by clk)
Endpoint: uo_out[2] (output port clocked by clk)
Path Group: clk
Path Type: max

Fanout         Cap        Slew       Delay        Time   Description
---------------------------------------------------------------------------------------------
                                  0.000000    0.000000   clock clk (rise edge)
                                  0.000000    0.000000   clock source latency
     1    0.018955    0.091051    0.062520    0.062520 ^ clk (in)
                                                         clk (net)
                      0.091057    0.000000    0.062520 ^ clkbuf_0_clk/A (sky130_fd_sc_hd__clkbuf_16)
     8    0.082146    0.098721    0.189527    0.252047 ^ clkbuf_0_clk/X (sky130_fd_sc_hd__clkbuf_16)
                                                         clknet_0_clk (net)
                      0.098731    0.001093    0.253140 ^ clkbuf_3_4__f_clk/A (sky130_fd_sc_hd__clkbuf_16)
     8    0.030458    0.051472    0.154428    0.407568 ^ clkbuf_3_4__f_clk/X (sky130_fd_sc_hd__clkbuf_16)
                                                         clknet_3_4__leaf_clk (net)
                      0.051476    0.000787    0.408355 ^ _1578_/CLK (sky130_fd_sc_hd__dfxtp_2)
     1    0.035903    0.184227    0.424508    0.832863 ^ _1578_/Q (sky130_fd_sc_hd__dfxtp_2)
                                                         uo_out[2] (net)
                      0.184227    0.000243    0.833106 ^ uo_out[2] (out)
                                              0.833106   data arrival time

                                 20.000000   20.000000   clock clk (rise edge)
                                  0.000000   20.000000   clock network delay (propagated)
                                 -0.250000   19.750002   clock uncertainty
                                  0.000000   19.750002   clock reconvergence pessimism
                                 -4.000000   15.750001   output external delay
                                             15.750001   data required time
---------------------------------------------------------------------------------------------
                                             15.750001   data required time
                                             -0.833106   data arrival time
---------------------------------------------------------------------------------------------
                                             14.916895   slack (MET)


Startpoint: _1581_ (rising edge-triggered flip-flop clocked by clk)
Endpoint: uo_out[5] (output port clocked by clk)
Path Group: clk
Path Type: max

Fanout         Cap        Slew       Delay        Time   Description
---------------------------------------------------------------------------------------------
                                  0.000000    0.000000   clock clk (rise edge)
                                  0.000000    0.000000   clock source latency
     1    0.018955    0.091051    0.062520    0.062520 ^ clk (in)
                                                         clk (net)
                      0.091057    0.000000    0.062520 ^ clkbuf_0_clk/A (sky130_fd_sc_hd__clkbuf_16)
     8    0.082146    0.098721    0.189527    0.252047 ^ clkbuf_0_clk/X (sky130_fd_sc_hd__clkbuf_16)
                                                         clknet_0_clk (net)
                      0.098731    0.001093    0.253140 ^ clkbuf_3_4__f_clk/A (sky130_fd_sc_hd__clkbuf_16)
     8    0.030458    0.051472    0.154428    0.407568 ^ clkbuf_3_4__f_clk/X (sky130_fd_sc_hd__clkbuf_16)
                                                         clknet_3_4__leaf_clk (net)
                      0.051475    0.000756    0.408324 ^ _1581_/CLK (sky130_fd_sc_hd__dfxtp_2)
     1    0.035447    0.182180    0.422924    0.831248 ^ _1581_/Q (sky130_fd_sc_hd__dfxtp_2)
                                                         uo_out[5] (net)
                      0.182180    0.000245    0.831493 ^ uo_out[5] (out)
                                              0.831493   data arrival time

                                 20.000000   20.000000   clock clk (rise edge)
                                  0.000000   20.000000   clock network delay (propagated)
                                 -0.250000   19.750002   clock uncertainty
                                  0.000000   19.750002   clock reconvergence pessimism
                                 -4.000000   15.750001   output external delay
                                             15.750001   data required time
---------------------------------------------------------------------------------------------
                                             15.750001   data required time
                                             -0.831493   data arrival time
---------------------------------------------------------------------------------------------
                                             14.918508   slack (MET)


Startpoint: _1577_ (rising edge-triggered flip-flop clocked by clk)
Endpoint: uo_out[1] (output port clocked by clk)
Path Group: clk
Path Type: max

Fanout         Cap        Slew       Delay        Time   Description
---------------------------------------------------------------------------------------------
                                  0.000000    0.000000   clock clk (rise edge)
                                  0.000000    0.000000   clock source latency
     1    0.018955    0.091051    0.062520    0.062520 ^ clk (in)
                                                         clk (net)
                      0.091057    0.000000    0.062520 ^ clkbuf_0_clk/A (sky130_fd_sc_hd__clkbuf_16)
     8    0.082146    0.098721    0.189527    0.252047 ^ clkbuf_0_clk/X (sky130_fd_sc_hd__clkbuf_16)
                                                         clknet_0_clk (net)
                      0.098731    0.001093    0.253140 ^ clkbuf_3_4__f_clk/A (sky130_fd_sc_hd__clkbuf_16)
     8    0.030458    0.051472    0.154428    0.407568 ^ clkbuf_3_4__f_clk/X (sky130_fd_sc_hd__clkbuf_16)
                                                         clknet_3_4__leaf_clk (net)
                      0.051476    0.000789    0.408357 ^ _1577_/CLK (sky130_fd_sc_hd__dfxtp_2)
     1    0.035196    0.181100    0.421991    0.830348 ^ _1577_/Q (sky130_fd_sc_hd__dfxtp_2)
                                                         uo_out[1] (net)
                      0.181100    0.000337    0.830684 ^ uo_out[1] (out)
                                              0.830684   data arrival time

                                 20.000000   20.000000   clock clk (rise edge)
                                  0.000000   20.000000   clock network delay (propagated)
                                 -0.250000   19.750002   clock uncertainty
                                  0.000000   19.750002   clock reconvergence pessimism
                                 -4.000000   15.750001   output external delay
                                             15.750001   data required time
---------------------------------------------------------------------------------------------
                                             15.750001   data required time
                                             -0.830684   data arrival time
---------------------------------------------------------------------------------------------
                                             14.919316   slack (MET)


Startpoint: _1582_ (rising edge-triggered flip-flop clocked by clk)
Endpoint: uo_out[6] (output port clocked by clk)
Path Group: clk
Path Type: max

Fanout         Cap        Slew       Delay        Time   Description
---------------------------------------------------------------------------------------------
                                  0.000000    0.000000   clock clk (rise edge)
                                  0.000000    0.000000   clock source latency
     1    0.018955    0.091051    0.062520    0.062520 ^ clk (in)
                                                         clk (net)
                      0.091057    0.000000    0.062520 ^ clkbuf_0_clk/A (sky130_fd_sc_hd__clkbuf_16)
     8    0.082146    0.098721    0.189527    0.252047 ^ clkbuf_0_clk/X (sky130_fd_sc_hd__clkbuf_16)
                                                         clknet_0_clk (net)
                      0.098747    0.001573    0.253621 ^ clkbuf_3_3__f_clk/A (sky130_fd_sc_hd__clkbuf_16)
     8    0.029606    0.050750    0.153836    0.407457 ^ clkbuf_3_3__f_clk/X (sky130_fd_sc_hd__clkbuf_16)
                                                         clknet_3_3__leaf_clk (net)
                      0.050751    0.000530    0.407987 ^ _1582_/CLK (sky130_fd_sc_hd__dfxtp_2)
     1    0.035342    0.181733    0.422295    0.830282 ^ _1582_/Q (sky130_fd_sc_hd__dfxtp_2)
                                                         uo_out[6] (net)
                      0.181733    0.000255    0.830537 ^ uo_out[6] (out)
                                              0.830537   data arrival time

                                 20.000000   20.000000   clock clk (rise edge)
                                  0.000000   20.000000   clock network delay (propagated)
                                 -0.250000   19.750002   clock uncertainty
                                  0.000000   19.750002   clock reconvergence pessimism
                                 -4.000000   15.750001   output external delay
                                             15.750001   data required time
---------------------------------------------------------------------------------------------
                                             15.750001   data required time
                                             -0.830537   data arrival time
---------------------------------------------------------------------------------------------
                                             14.919463   slack (MET)


Startpoint: _1576_ (rising edge-triggered flip-flop clocked by clk)
Endpoint: uo_out[0] (output port clocked by clk)
Path Group: clk
Path Type: max

Fanout         Cap        Slew       Delay        Time   Description
---------------------------------------------------------------------------------------------
                                  0.000000    0.000000   clock clk (rise edge)
                                  0.000000    0.000000   clock source latency
     1    0.018955    0.091051    0.062520    0.062520 ^ clk (in)
                                                         clk (net)
                      0.091057    0.000000    0.062520 ^ clkbuf_0_clk/A (sky130_fd_sc_hd__clkbuf_16)
     8    0.082146    0.098721    0.189527    0.252047 ^ clkbuf_0_clk/X (sky130_fd_sc_hd__clkbuf_16)
                                                         clknet_0_clk (net)
                      0.098751    0.001656    0.253703 ^ clkbuf_3_5__f_clk/A (sky130_fd_sc_hd__clkbuf_16)
     8    0.028082    0.049460    0.152781    0.406485 ^ clkbuf_3_5__f_clk/X (sky130_fd_sc_hd__clkbuf_16)
                                                         clknet_3_5__leaf_clk (net)
                      0.049461    0.000330    0.406815 ^ _1576_/CLK (sky130_fd_sc_hd__dfxtp_2)
     1    0.035319    0.181652    0.421745    0.828559 ^ _1576_/Q (sky130_fd_sc_hd__dfxtp_2)
                                                         uo_out[0] (net)
                      0.181652    0.000263    0.828823 ^ uo_out[0] (out)
                                              0.828823   data arrival time

                                 20.000000   20.000000   clock clk (rise edge)
                                  0.000000   20.000000   clock network delay (propagated)
                                 -0.250000   19.750002   clock uncertainty
                                  0.000000   19.750002   clock reconvergence pessimism
                                 -4.000000   15.750001   output external delay
                                             15.750001   data required time
---------------------------------------------------------------------------------------------
                                             15.750001   data required time
                                             -0.828823   data arrival time
---------------------------------------------------------------------------------------------
                                             14.921178   slack (MET)


Startpoint: _1583_ (rising edge-triggered flip-flop clocked by clk)
Endpoint: uo_out[7] (output port clocked by clk)
Path Group: clk
Path Type: max

Fanout         Cap        Slew       Delay        Time   Description
---------------------------------------------------------------------------------------------
                                  0.000000    0.000000   clock clk (rise edge)
                                  0.000000    0.000000   clock source latency
     1    0.018955    0.091051    0.062520    0.062520 ^ clk (in)
                                                         clk (net)
                      0.091057    0.000000    0.062520 ^ clkbuf_0_clk/A (sky130_fd_sc_hd__clkbuf_16)
     8    0.082146    0.098721    0.189527    0.252047 ^ clkbuf_0_clk/X (sky130_fd_sc_hd__clkbuf_16)
                                                         clknet_0_clk (net)
                      0.098751    0.001656    0.253703 ^ clkbuf_3_5__f_clk/A (sky130_fd_sc_hd__clkbuf_16)
     8    0.028082    0.049460    0.152781    0.406485 ^ clkbuf_3_5__f_clk/X (sky130_fd_sc_hd__clkbuf_16)
                                                         clknet_3_5__leaf_clk (net)
                      0.049461    0.000320    0.406805 ^ _1583_/CLK (sky130_fd_sc_hd__dfxtp_2)
     1    0.035112    0.180754    0.421003    0.827808 ^ _1583_/Q (sky130_fd_sc_hd__dfxtp_2)
                                                         uo_out[7] (net)
                      0.180754    0.000298    0.828107 ^ uo_out[7] (out)
                                              0.828107   data arrival time

                                 20.000000   20.000000   clock clk (rise edge)
                                  0.000000   20.000000   clock network delay (propagated)
                                 -0.250000   19.750002   clock uncertainty
                                  0.000000   19.750002   clock reconvergence pessimism
                                 -4.000000   15.750001   output external delay
                                             15.750001   data required time
---------------------------------------------------------------------------------------------
                                             15.750001   data required time
                                             -0.828107   data arrival time
---------------------------------------------------------------------------------------------
                                             14.921895   slack (MET)


Startpoint: _1579_ (rising edge-triggered flip-flop clocked by clk)
Endpoint: uo_out[3] (output port clocked by clk)
Path Group: clk
Path Type: max

Fanout         Cap        Slew       Delay        Time   Description
---------------------------------------------------------------------------------------------
                                  0.000000    0.000000   clock clk (rise edge)
                                  0.000000    0.000000   clock source latency
     1    0.018955    0.091051    0.062520    0.062520 ^ clk (in)
                                                         clk (net)
                      0.091057    0.000000    0.062520 ^ clkbuf_0_clk/A (sky130_fd_sc_hd__clkbuf_16)
     8    0.082146    0.098721    0.189527    0.252047 ^ clkbuf_0_clk/X (sky130_fd_sc_hd__clkbuf_16)
                                                         clknet_0_clk (net)
                      0.098751    0.001656    0.253703 ^ clkbuf_3_5__f_clk/A (sky130_fd_sc_hd__clkbuf_16)
     8    0.028082    0.049460    0.152781    0.406485 ^ clkbuf_3_5__f_clk/X (sky130_fd_sc_hd__clkbuf_16)
                                                         clknet_3_5__leaf_clk (net)
                      0.049461    0.000329    0.406814 ^ _1579_/CLK (sky130_fd_sc_hd__dfxtp_2)
     1    0.034588    0.178341    0.419253    0.826067 ^ _1579_/Q (sky130_fd_sc_hd__dfxtp_2)
                                                         uo_out[3] (net)
                      0.178341    0.000207    0.826273 ^ uo_out[3] (out)
                                              0.826273   data arrival time

                                 20.000000   20.000000   clock clk (rise edge)
                                  0.000000   20.000000   clock network delay (propagated)
                                 -0.250000   19.750002   clock uncertainty
                                  0.000000   19.750002   clock reconvergence pessimism
                                 -4.000000   15.750001   output external delay
                                             15.750001   data required time
---------------------------------------------------------------------------------------------
                                             15.750001   data required time
                                             -0.826273   data arrival time
---------------------------------------------------------------------------------------------
                                             14.923728   slack (MET)


Startpoint: uio_in[1] (input port clocked by clk)
Endpoint: _1633_ (rising edge-triggered flip-flop clocked by clk)
Path Group: clk
Path Type: max

Fanout         Cap        Slew       Delay        Time   Description
---------------------------------------------------------------------------------------------
                                  0.000000    0.000000   clock clk (rise edge)
                                  0.000000    0.000000   clock network delay (propagated)
                                  4.000000    4.000000 ^ input external delay
     1    0.003748    0.023845    0.013617    4.013617 ^ uio_in[1] (in)
                                                         uio_in[1] (net)
                      0.023845    0.000000    4.013617 ^ input11/A (sky130_fd_sc_hd__clkdlybuf4s25_1)
     8    0.026949    0.275152    0.401829    4.415446 ^ input11/X (sky130_fd_sc_hd__clkdlybuf4s25_1)
                                                         net11 (net)
                      0.275152    0.000665    4.416111 ^ _0797_/A (sky130_fd_sc_hd__nor2_2)
     3    0.008708    0.071051    0.093520    4.509631 v _0797_/Y (sky130_fd_sc_hd__nor2_2)
                                                         _0070_ (net)
                      0.071051    0.000075    4.509706 v _0800_/A2 (sky130_fd_sc_hd__o211a_2)
     1    0.003014    0.040773    0.241875    4.751581 v _0800_/X (sky130_fd_sc_hd__o211a_2)
                                                         _0072_ (net)
                      0.040773    0.000032    4.751613 v _0801_/B1 (sky130_fd_sc_hd__a41o_2)
     1    0.003956    0.040634    0.225168    4.976780 v _0801_/X (sky130_fd_sc_hd__a41o_2)
                                                         _0000_ (net)
                      0.040634    0.000065    4.976846 v _1633_/D (sky130_fd_sc_hd__dfxtp_2)
                                              4.976846   data arrival time

                                 20.000000   20.000000   clock clk (rise edge)
                                  0.000000   20.000000   clock source latency
     1    0.018955    0.091051    0.062521   20.062521 ^ clk (in)
                                                         clk (net)
                      0.091057    0.000000   20.062521 ^ clkbuf_0_clk/A (sky130_fd_sc_hd__clkbuf_16)
     8    0.082146    0.098721    0.189527   20.252048 ^ clkbuf_0_clk/X (sky130_fd_sc_hd__clkbuf_16)
                                                         clknet_0_clk (net)
                      0.098751    0.001656   20.253704 ^ clkbuf_3_5__f_clk/A (sky130_fd_sc_hd__clkbuf_16)
     8    0.028082    0.049460    0.152783   20.406487 ^ clkbuf_3_5__f_clk/X (sky130_fd_sc_hd__clkbuf_16)
                                                         clknet_3_5__leaf_clk (net)
                      0.049460    0.000115   20.406601 ^ _1633_/CLK (sky130_fd_sc_hd__dfxtp_2)
                                 -0.250000   20.156603   clock uncertainty
                                  0.000000   20.156603   clock reconvergence pessimism
                                 -0.109937   20.046665   library setup time
                                             20.046665   data required time
---------------------------------------------------------------------------------------------
                                             20.046665   data required time
                                             -4.976846   data arrival time
---------------------------------------------------------------------------------------------
                                             15.069819   slack (MET)


Startpoint: uio_in[1] (input port clocked by clk)
Endpoint: _1634_ (rising edge-triggered flip-flop clocked by clk)
Path Group: clk
Path Type: max

Fanout         Cap        Slew       Delay        Time   Description
---------------------------------------------------------------------------------------------
                                  0.000000    0.000000   clock clk (rise edge)
                                  0.000000    0.000000   clock network delay (propagated)
                                  4.000000    4.000000 ^ input external delay
     1    0.003748    0.023845    0.013617    4.013617 ^ uio_in[1] (in)
                                                         uio_in[1] (net)
                      0.023845    0.000000    4.013617 ^ input11/A (sky130_fd_sc_hd__clkdlybuf4s25_1)
     8    0.026949    0.275152    0.401829    4.415446 ^ input11/X (sky130_fd_sc_hd__clkdlybuf4s25_1)
                                                         net11 (net)
                      0.275152    0.000665    4.416111 ^ _0797_/A (sky130_fd_sc_hd__nor2_2)
     3    0.008708    0.071051    0.093520    4.509631 v _0797_/Y (sky130_fd_sc_hd__nor2_2)
                                                         _0070_ (net)
                      0.071051    0.000054    4.509685 v _0798_/A2 (sky130_fd_sc_hd__o211a_2)
     1    0.003298    0.041773    0.243411    4.753096 v _0798_/X (sky130_fd_sc_hd__o211a_2)
                                                         _0071_ (net)
                      0.041773    0.000040    4.753136 v _0799_/B1 (sky130_fd_sc_hd__a41o_2)
     1    0.002307    0.035649    0.216827    4.969964 v _0799_/X (sky130_fd_sc_hd__a41o_2)
                                                         _0001_ (net)
                      0.035649    0.000022    4.969986 v _1634_/D (sky130_fd_sc_hd__dfxtp_2)
                                              4.969986   data arrival time

                                 20.000000   20.000000   clock clk (rise edge)
                                  0.000000   20.000000   clock source latency
     1    0.018955    0.091051    0.062521   20.062521 ^ clk (in)
                                                         clk (net)
                      0.091057    0.000000   20.062521 ^ clkbuf_0_clk/A (sky130_fd_sc_hd__clkbuf_16)
     8    0.082146    0.098721    0.189527   20.252048 ^ clkbuf_0_clk/X (sky130_fd_sc_hd__clkbuf_16)
                                                         clknet_0_clk (net)
                      0.098751    0.001656   20.253704 ^ clkbuf_3_5__f_clk/A (sky130_fd_sc_hd__clkbuf_16)
     8    0.028082    0.049460    0.152783   20.406487 ^ clkbuf_3_5__f_clk/X (sky130_fd_sc_hd__clkbuf_16)
                                                         clknet_3_5__leaf_clk (net)
                      0.049460    0.000108   20.406595 ^ _1634_/CLK (sky130_fd_sc_hd__dfxtp_2)
                                 -0.250000   20.156595   clock uncertainty
                                  0.000000   20.156595   clock reconvergence pessimism
                                 -0.107762   20.048832   library setup time
                                             20.048832   data required time
---------------------------------------------------------------------------------------------
                                             20.048832   data required time
                                             -4.969986   data arrival time
---------------------------------------------------------------------------------------------
                                             15.078847   slack (MET)


Startpoint: uio_in[3] (input port clocked by clk)
Endpoint: _1624_ (rising edge-triggered flip-flop clocked by clk)
Path Group: clk
Path Type: max

Fanout         Cap        Slew       Delay        Time   Description
---------------------------------------------------------------------------------------------
                                  0.000000    0.000000   clock clk (rise edge)
                                  0.000000    0.000000   clock network delay (propagated)
                                  4.000000    4.000000 v input external delay
     1    0.002578    0.008118    0.004042    4.004042 v uio_in[3] (in)
                                                         uio_in[3] (net)
                      0.008118    0.000000    4.004042 v input13/A (sky130_fd_sc_hd__clkdlybuf4s25_1)
     1    0.002149    0.035680    0.220855    4.224897 v input13/X (sky130_fd_sc_hd__clkdlybuf4s25_1)
                                                         net13 (net)
                      0.035680    0.000021    4.224918 v _1562_/B (sky130_fd_sc_hd__and2_2)
     1    0.015075    0.063285    0.215952    4.440870 v _1562_/X (sky130_fd_sc_hd__and2_2)
                                                         _0052_ (net)
                      0.063294    0.000748    4.441618 v _1624_/D (sky130_fd_sc_hd__dfxtp_2)
                                              4.441618   data arrival time

                                 20.000000   20.000000   clock clk (rise edge)
                                  0.000000   20.000000   clock source latency
     1    0.018955    0.091051    0.062521   20.062521 ^ clk (in)
                                                         clk (net)
                      0.091057    0.000000   20.062521 ^ clkbuf_0_clk/A (sky130_fd_sc_hd__clkbuf_16)
     8    0.082146    0.098721    0.189527   20.252048 ^ clkbuf_0_clk/X (sky130_fd_sc_hd__clkbuf_16)
                                                         clknet_0_clk (net)
                      0.098747    0.001574   20.253622 ^ clkbuf_3_3__f_clk/A (sky130_fd_sc_hd__clkbuf_16)
     8    0.029606    0.050750    0.153836   20.407457 ^ clkbuf_3_3__f_clk/X (sky130_fd_sc_hd__clkbuf_16)
                                                         clknet_3_3__leaf_clk (net)
                      0.050752    0.000590   20.408047 ^ _1624_/CLK (sky130_fd_sc_hd__dfxtp_2)
                                 -0.250000   20.158049   clock uncertainty
                                  0.000000   20.158049   clock reconvergence pessimism
                                 -0.119524   20.038525   library setup time
                                             20.038525   data required time
---------------------------------------------------------------------------------------------
                                             20.038525   data required time
                                             -4.441618   data arrival time
---------------------------------------------------------------------------------------------
                                             15.596906   slack (MET)


Startpoint: rst_n (input port clocked by clk)
Endpoint: _1636_ (rising edge-triggered flip-flop clocked by clk)
Path Group: clk
Path Type: max

Fanout         Cap        Slew       Delay        Time   Description
---------------------------------------------------------------------------------------------
                                  0.000000    0.000000   clock clk (rise edge)
                                  0.000000    0.000000   clock network delay (propagated)
                                  4.000000    4.000000 v input external delay
     1    0.005511    0.014725    0.008926    4.008926 v rst_n (in)
                                                         rst_n (net)
                      0.014725    0.000000    4.008926 v input1/A (sky130_fd_sc_hd__clkdlybuf4s25_1)
     1    0.003496    0.044408    0.233360    4.242286 v input1/X (sky130_fd_sc_hd__clkdlybuf4s25_1)
                                                         net1 (net)
                      0.044408    0.000053    4.242340 v _1636_/D (sky130_fd_sc_hd__dfxtp_2)
                                              4.242340   data arrival time

                                 20.000000   20.000000   clock clk (rise edge)
                                  0.000000   20.000000   clock source latency
     1    0.018955    0.091051    0.062521   20.062521 ^ clk (in)
                                                         clk (net)
                      0.091057    0.000000   20.062521 ^ clkbuf_0_clk/A (sky130_fd_sc_hd__clkbuf_16)
     8    0.082146    0.098721    0.189527   20.252048 ^ clkbuf_0_clk/X (sky130_fd_sc_hd__clkbuf_16)
                                                         clknet_0_clk (net)
                      0.098760    0.001858   20.253906 ^ clkbuf_3_7__f_clk/A (sky130_fd_sc_hd__clkbuf_16)
     8    0.026342    0.047567    0.150941   20.404846 ^ clkbuf_3_7__f_clk/X (sky130_fd_sc_hd__clkbuf_16)
                                                         clknet_3_7__leaf_clk (net)
                      0.047589    0.000933   20.405779 ^ _1636_/CLK (sky130_fd_sc_hd__dfxtp_2)
                                 -0.250000   20.155779   clock uncertainty
                                  0.000000   20.155779   clock reconvergence pessimism
                                 -0.112022   20.043758   library setup time
                                             20.043758   data required time
---------------------------------------------------------------------------------------------
                                             20.043758   data required time
                                             -4.242340   data arrival time
---------------------------------------------------------------------------------------------
                                             15.801417   slack (MET)


Startpoint: _1635_ (rising edge-triggered flip-flop clocked by clk)
Endpoint: _1631_ (rising edge-triggered flip-flop clocked by clk)
Path Group: clk
Path Type: max

Fanout         Cap        Slew       Delay        Time   Description
---------------------------------------------------------------------------------------------
                                  0.000000    0.000000   clock clk (rise edge)
                                  0.000000    0.000000   clock source latency
     1    0.018955    0.091051    0.062520    0.062520 ^ clk (in)
                                                         clk (net)
                      0.091057    0.000000    0.062520 ^ clkbuf_0_clk/A (sky130_fd_sc_hd__clkbuf_16)
     8    0.082146    0.098721    0.189527    0.252047 ^ clkbuf_0_clk/X (sky130_fd_sc_hd__clkbuf_16)
                                                         clknet_0_clk (net)
                      0.098760    0.001849    0.253897 ^ clkbuf_3_6__f_clk/A (sky130_fd_sc_hd__clkbuf_16)
     8    0.023487    0.044949    0.148317    0.402213 ^ clkbuf_3_6__f_clk/X (sky130_fd_sc_hd__clkbuf_16)
                                                         clknet_3_6__leaf_clk (net)
                      0.044957    0.000583    0.402796 ^ _1635_/CLK (sky130_fd_sc_hd__dfxtp_2)
     1    0.003932    0.034378    0.308885    0.711681 ^ _1635_/Q (sky130_fd_sc_hd__dfxtp_2)
                                                         u_rst_sync.rst_ff2 (net)
                      0.034378    0.000059    0.711741 ^ fanout42/A (sky130_fd_sc_hd__clkdlybuf4s25_1)
    10    0.051303    0.512709    0.569949    1.281690 ^ fanout42/X (sky130_fd_sc_hd__clkdlybuf4s25_1)
                                                         net42 (net)
                      0.512752    0.003943    1.285634 ^ _0791_/A (sky130_fd_sc_hd__inv_2)
     9    0.043672    0.176514    0.223331    1.508964 v _0791_/Y (sky130_fd_sc_hd__inv_2)
                                                         _0064_ (net)
                      0.176514    0.000116    1.509080 v _1572_/C1 (sky130_fd_sc_hd__a2111oi_2)
     1    0.001902    0.234694    0.293868    1.802949 ^ _1572_/Y (sky130_fd_sc_hd__a2111oi_2)
                                                         _0058_ (net)
                      0.234694    0.000016    1.802964 ^ hold89/A (sky130_fd_sc_hd__dlygate4sd3_1)
     1    0.002560    0.050776    0.578982    2.381947 ^ hold89/X (sky130_fd_sc_hd__dlygate4sd3_1)
                                                         net89 (net)
                      0.050776    0.000029    2.381976 ^ _1631_/D (sky130_fd_sc_hd__dfxtp_2)
                                              2.381976   data arrival time

                                 20.000000   20.000000   clock clk (rise edge)
                                  0.000000   20.000000   clock source latency
     1    0.018955    0.091051    0.062521   20.062521 ^ clk (in)
                                                         clk (net)
                      0.091057    0.000000   20.062521 ^ clkbuf_0_clk/A (sky130_fd_sc_hd__clkbuf_16)
     8    0.082146    0.098721    0.189527   20.252048 ^ clkbuf_0_clk/X (sky130_fd_sc_hd__clkbuf_16)
                                                         clknet_0_clk (net)
                      0.098747    0.001574   20.253622 ^ clkbuf_3_3__f_clk/A (sky130_fd_sc_hd__clkbuf_16)
     8    0.029606    0.050750    0.153836   20.407457 ^ clkbuf_3_3__f_clk/X (sky130_fd_sc_hd__clkbuf_16)
                                                         clknet_3_3__leaf_clk (net)
                      0.050751    0.000437   20.407894 ^ _1631_/CLK (sky130_fd_sc_hd__dfxtp_2)
                                 -0.250000   20.157896   clock uncertainty
                                  0.000000   20.157896   clock reconvergence pessimism
                                 -0.059372   20.098524   library setup time
                                             20.098524   data required time
---------------------------------------------------------------------------------------------
                                             20.098524   data required time
                                             -2.381976   data arrival time
---------------------------------------------------------------------------------------------
                                             17.716549   slack (MET)


Startpoint: _1629_ (rising edge-triggered flip-flop clocked by clk)
Endpoint: _1629_ (rising edge-triggered flip-flop clocked by clk)
Path Group: clk
Path Type: max

Fanout         Cap        Slew       Delay        Time   Description
---------------------------------------------------------------------------------------------
                                  0.000000    0.000000   clock clk (rise edge)
                                  0.000000    0.000000   clock source latency
     1    0.018955    0.091051    0.062520    0.062520 ^ clk (in)
                                                         clk (net)
                      0.091057    0.000000    0.062520 ^ clkbuf_0_clk/A (sky130_fd_sc_hd__clkbuf_16)
     8    0.082146    0.098721    0.189527    0.252047 ^ clkbuf_0_clk/X (sky130_fd_sc_hd__clkbuf_16)
                                                         clknet_0_clk (net)
                      0.098744    0.001503    0.253551 ^ clkbuf_3_2__f_clk/A (sky130_fd_sc_hd__clkbuf_16)
     8    0.023860    0.045280    0.148691    0.402241 ^ clkbuf_3_2__f_clk/X (sky130_fd_sc_hd__clkbuf_16)
                                                         clknet_3_2__leaf_clk (net)
                      0.045295    0.000742    0.402983 ^ _1629_/CLK (sky130_fd_sc_hd__dfxtp_2)
     2    0.004078    0.025757    0.306533    0.709516 v _1629_/Q (sky130_fd_sc_hd__dfxtp_2)
                                                         u_sync.armed (net)
                      0.025757    0.000016    0.709532 v hold85/A (sky130_fd_sc_hd__dlygate4sd3_1)
     1    0.003164    0.055547    0.543995    1.253527 v hold85/X (sky130_fd_sc_hd__dlygate4sd3_1)
                                                         net85 (net)
                      0.055547    0.000037    1.253565 v _1567_/A1 (sky130_fd_sc_hd__o21a_2)
     1    0.002061    0.031151    0.202213    1.455778 v _1567_/X (sky130_fd_sc_hd__o21a_2)
                                                         _0056_ (net)
                      0.031151    0.000019    1.455796 v hold86/A (sky130_fd_sc_hd__dlygate4sd3_1)
     1    0.002004    0.049138    0.535564    1.991361 v hold86/X (sky130_fd_sc_hd__dlygate4sd3_1)
                                                         net86 (net)
                      0.049138    0.000018    1.991378 v _1629_/D (sky130_fd_sc_hd__dfxtp_2)
                                              1.991378   data arrival time

                                 20.000000   20.000000   clock clk (rise edge)
                                  0.000000   20.000000   clock source latency
     1    0.018955    0.091051    0.062521   20.062521 ^ clk (in)
                                                         clk (net)
                      0.091057    0.000000   20.062521 ^ clkbuf_0_clk/A (sky130_fd_sc_hd__clkbuf_16)
     8    0.082146    0.098721    0.189527   20.252048 ^ clkbuf_0_clk/X (sky130_fd_sc_hd__clkbuf_16)
                                                         clknet_0_clk (net)
                      0.098744    0.001503   20.253550 ^ clkbuf_3_2__f_clk/A (sky130_fd_sc_hd__clkbuf_16)
     8    0.023860    0.045280    0.148692   20.402243 ^ clkbuf_3_2__f_clk/X (sky130_fd_sc_hd__clkbuf_16)
                                                         clknet_3_2__leaf_clk (net)
                      0.045295    0.000743   20.402985 ^ _1629_/CLK (sky130_fd_sc_hd__dfxtp_2)
                                 -0.250000   20.152987   clock uncertainty
                                  0.000000   20.152987   clock reconvergence pessimism
                                 -0.114622   20.038364   library setup time
                                             20.038364   data required time
---------------------------------------------------------------------------------------------
                                             20.038364   data required time
                                             -1.991378   data arrival time
---------------------------------------------------------------------------------------------
                                             18.046988   slack (MET)


Startpoint: _1631_ (rising edge-triggered flip-flop clocked by clk)
Endpoint: _1630_ (rising edge-triggered flip-flop clocked by clk)
Path Group: clk
Path Type: max

Fanout         Cap        Slew       Delay        Time   Description
---------------------------------------------------------------------------------------------
                                  0.000000    0.000000   clock clk (rise edge)
                                  0.000000    0.000000   clock source latency
     1    0.018955    0.091051    0.062520    0.062520 ^ clk (in)
                                                         clk (net)
                      0.091057    0.000000    0.062520 ^ clkbuf_0_clk/A (sky130_fd_sc_hd__clkbuf_16)
     8    0.082146    0.098721    0.189527    0.252047 ^ clkbuf_0_clk/X (sky130_fd_sc_hd__clkbuf_16)
                                                         clknet_0_clk (net)
                      0.098747    0.001573    0.253621 ^ clkbuf_3_3__f_clk/A (sky130_fd_sc_hd__clkbuf_16)
     8    0.029606    0.050750    0.153836    0.407457 ^ clkbuf_3_3__f_clk/X (sky130_fd_sc_hd__clkbuf_16)
                                                         clknet_3_3__leaf_clk (net)
                      0.050751    0.000438    0.407895 ^ _1631_/CLK (sky130_fd_sc_hd__dfxtp_2)
     2    0.004086    0.035071    0.311761    0.719656 ^ _1631_/Q (sky130_fd_sc_hd__dfxtp_2)
                                                         u_sync.lock_cnt[1] (net)
                      0.035071    0.000019    0.719675 ^ hold88/A (sky130_fd_sc_hd__dlygate4sd3_1)
     1    0.005592    0.077164    0.554091    1.273766 ^ hold88/X (sky130_fd_sc_hd__dlygate4sd3_1)
                                                         net88 (net)
                      0.077164    0.000068    1.273834 ^ _0787_/A (sky130_fd_sc_hd__inv_2)
     2    0.008571    0.030781    0.045930    1.319764 v _0787_/Y (sky130_fd_sc_hd__inv_2)
                                                         _0060_ (net)
                      0.030781    0.000029    1.319794 v _1568_/A1 (sky130_fd_sc_hd__o21a_2)
     2    0.006395    0.042300    0.209525    1.529319 v _1568_/X (sky130_fd_sc_hd__o21a_2)
                                                         _0784_ (net)
                      0.042300    0.000060    1.529379 v _1570_/A2 (sky130_fd_sc_hd__o2111a_2)
     1    0.002593    0.038937    0.235220    1.764598 v _1570_/X (sky130_fd_sc_hd__o2111a_2)
                                                         _0057_ (net)
                      0.038937    0.000028    1.764626 v _1630_/D (sky130_fd_sc_hd__dfxtp_2)
                                              1.764626   data arrival time

                                 20.000000   20.000000   clock clk (rise edge)
                                  0.000000   20.000000   clock source latency
     1    0.018955    0.091051    0.062521   20.062521 ^ clk (in)
                                                         clk (net)
                      0.091057    0.000000   20.062521 ^ clkbuf_0_clk/A (sky130_fd_sc_hd__clkbuf_16)
     8    0.082146    0.098721    0.189527   20.252048 ^ clkbuf_0_clk/X (sky130_fd_sc_hd__clkbuf_16)
                                                         clknet_0_clk (net)
                      0.098744    0.001503   20.253550 ^ clkbuf_3_2__f_clk/A (sky130_fd_sc_hd__clkbuf_16)
     8    0.023860    0.045280    0.148692   20.402243 ^ clkbuf_3_2__f_clk/X (sky130_fd_sc_hd__clkbuf_16)
                                                         clknet_3_2__leaf_clk (net)
                      0.045286    0.000510   20.402752 ^ _1630_/CLK (sky130_fd_sc_hd__dfxtp_2)
                                 -0.250000   20.152754   clock uncertainty
                                  0.000000   20.152754   clock reconvergence pessimism
                                 -0.110172   20.042582   library setup time
                                             20.042582   data required time
---------------------------------------------------------------------------------------------
                                             20.042582   data required time
                                             -1.764626   data arrival time
---------------------------------------------------------------------------------------------
                                             18.277956   slack (MET)


Startpoint: _1631_ (rising edge-triggered flip-flop clocked by clk)
Endpoint: _1632_ (rising edge-triggered flip-flop clocked by clk)
Path Group: clk
Path Type: max

Fanout         Cap        Slew       Delay        Time   Description
---------------------------------------------------------------------------------------------
                                  0.000000    0.000000   clock clk (rise edge)
                                  0.000000    0.000000   clock source latency
     1    0.018955    0.091051    0.062520    0.062520 ^ clk (in)
                                                         clk (net)
                      0.091057    0.000000    0.062520 ^ clkbuf_0_clk/A (sky130_fd_sc_hd__clkbuf_16)
     8    0.082146    0.098721    0.189527    0.252047 ^ clkbuf_0_clk/X (sky130_fd_sc_hd__clkbuf_16)
                                                         clknet_0_clk (net)
                      0.098747    0.001573    0.253621 ^ clkbuf_3_3__f_clk/A (sky130_fd_sc_hd__clkbuf_16)
     8    0.029606    0.050750    0.153836    0.407457 ^ clkbuf_3_3__f_clk/X (sky130_fd_sc_hd__clkbuf_16)
                                                         clknet_3_3__leaf_clk (net)
                      0.050751    0.000438    0.407895 ^ _1631_/CLK (sky130_fd_sc_hd__dfxtp_2)
     2    0.004086    0.035071    0.311761    0.719656 ^ _1631_/Q (sky130_fd_sc_hd__dfxtp_2)
                                                         u_sync.lock_cnt[1] (net)
                      0.035071    0.000019    0.719675 ^ hold88/A (sky130_fd_sc_hd__dlygate4sd3_1)
     1    0.005592    0.077164    0.554091    1.273766 ^ hold88/X (sky130_fd_sc_hd__dlygate4sd3_1)
                                                         net88 (net)
                      0.077164    0.000068    1.273834 ^ _0787_/A (sky130_fd_sc_hd__inv_2)
     2    0.008571    0.030781    0.045930    1.319764 v _0787_/Y (sky130_fd_sc_hd__inv_2)
                                                         _0060_ (net)
                      0.030781    0.000029    1.319794 v _1568_/A1 (sky130_fd_sc_hd__o21a_2)
     2    0.006395    0.042300    0.209525    1.529319 v _1568_/X (sky130_fd_sc_hd__o21a_2)
                                                         _0784_ (net)
                      0.042300    0.000077    1.529395 v _1573_/A2 (sky130_fd_sc_hd__o21a_2)
     1    0.002113    0.031335    0.181401    1.710797 v _1573_/X (sky130_fd_sc_hd__o21a_2)
                                                         _0059_ (net)
                      0.031335    0.000019    1.710815 v _1632_/D (sky130_fd_sc_hd__dfxtp_2)
                                              1.710815   data arrival time

                                 20.000000   20.000000   clock clk (rise edge)
                                  0.000000   20.000000   clock source latency
     1    0.018955    0.091051    0.062521   20.062521 ^ clk (in)
                                                         clk (net)
                      0.091057    0.000000   20.062521 ^ clkbuf_0_clk/A (sky130_fd_sc_hd__clkbuf_16)
     8    0.082146    0.098721    0.189527   20.252048 ^ clkbuf_0_clk/X (sky130_fd_sc_hd__clkbuf_16)
                                                         clknet_0_clk (net)
                      0.098744    0.001503   20.253550 ^ clkbuf_3_2__f_clk/A (sky130_fd_sc_hd__clkbuf_16)
     8    0.023860    0.045280    0.148692   20.402243 ^ clkbuf_3_2__f_clk/X (sky130_fd_sc_hd__clkbuf_16)
                                                         clknet_3_2__leaf_clk (net)
                      0.045288    0.000581   20.402822 ^ _1632_/CLK (sky130_fd_sc_hd__dfxtp_2)
                                 -0.250000   20.152824   clock uncertainty
                                  0.000000   20.152824   clock reconvergence pessimism
                                 -0.106853   20.045971   library setup time
                                             20.045971   data required time
---------------------------------------------------------------------------------------------
                                             20.045971   data required time
                                             -1.710815   data arrival time
---------------------------------------------------------------------------------------------
                                             18.335155   slack (MET)


Startpoint: _1635_ (rising edge-triggered flip-flop clocked by clk)
Endpoint: _1576_ (rising edge-triggered flip-flop clocked by clk)
Path Group: clk
Path Type: max

Fanout         Cap        Slew       Delay        Time   Description
---------------------------------------------------------------------------------------------
                                  0.000000    0.000000   clock clk (rise edge)
                                  0.000000    0.000000   clock source latency
     1    0.018955    0.091051    0.062520    0.062520 ^ clk (in)
                                                         clk (net)
                      0.091057    0.000000    0.062520 ^ clkbuf_0_clk/A (sky130_fd_sc_hd__clkbuf_16)
     8    0.082146    0.098721    0.189527    0.252047 ^ clkbuf_0_clk/X (sky130_fd_sc_hd__clkbuf_16)
                                                         clknet_0_clk (net)
                      0.098760    0.001849    0.253897 ^ clkbuf_3_6__f_clk/A (sky130_fd_sc_hd__clkbuf_16)
     8    0.023487    0.044949    0.148317    0.402213 ^ clkbuf_3_6__f_clk/X (sky130_fd_sc_hd__clkbuf_16)
                                                         clknet_3_6__leaf_clk (net)
                      0.044957    0.000583    0.402796 ^ _1635_/CLK (sky130_fd_sc_hd__dfxtp_2)
     1    0.003932    0.034378    0.308885    0.711681 ^ _1635_/Q (sky130_fd_sc_hd__dfxtp_2)
                                                         u_rst_sync.rst_ff2 (net)
                      0.034378    0.000059    0.711741 ^ fanout42/A (sky130_fd_sc_hd__clkdlybuf4s25_1)
    10    0.051303    0.512709    0.569949    1.281690 ^ fanout42/X (sky130_fd_sc_hd__clkdlybuf4s25_1)
                                                         net42 (net)
                      0.512752    0.003943    1.285634 ^ _0791_/A (sky130_fd_sc_hd__inv_2)
     9    0.043672    0.176514    0.223331    1.508964 v _0791_/Y (sky130_fd_sc_hd__inv_2)
                                                         _0064_ (net)
                      0.176514    0.000651    1.509615 v _1415_/A (sky130_fd_sc_hd__nor2_2)
     1    0.005578    0.093732    0.162243    1.671858 ^ _1415_/Y (sky130_fd_sc_hd__nor2_2)
                                                         _0004_ (net)
                      0.093732    0.000115    1.671973 ^ _1576_/D (sky130_fd_sc_hd__dfxtp_2)
                                              1.671973   data arrival time

                                 20.000000   20.000000   clock clk (rise edge)
                                  0.000000   20.000000   clock source latency
     1    0.018955    0.091051    0.062521   20.062521 ^ clk (in)
                                                         clk (net)
                      0.091057    0.000000   20.062521 ^ clkbuf_0_clk/A (sky130_fd_sc_hd__clkbuf_16)
     8    0.082146    0.098721    0.189527   20.252048 ^ clkbuf_0_clk/X (sky130_fd_sc_hd__clkbuf_16)
                                                         clknet_0_clk (net)
                      0.098751    0.001656   20.253704 ^ clkbuf_3_5__f_clk/A (sky130_fd_sc_hd__clkbuf_16)
     8    0.028082    0.049460    0.152783   20.406487 ^ clkbuf_3_5__f_clk/X (sky130_fd_sc_hd__clkbuf_16)
                                                         clknet_3_5__leaf_clk (net)
                      0.049461    0.000329   20.406815 ^ _1576_/CLK (sky130_fd_sc_hd__dfxtp_2)
                                 -0.250000   20.156815   clock uncertainty
                                  0.000000   20.156815   clock reconvergence pessimism
                                 -0.069679   20.087135   library setup time
                                             20.087135   data required time
---------------------------------------------------------------------------------------------
                                             20.087135   data required time
                                             -1.671973   data arrival time
---------------------------------------------------------------------------------------------
                                             18.415163   slack (MET)


Startpoint: _1635_ (rising edge-triggered flip-flop clocked by clk)
Endpoint: _1579_ (rising edge-triggered flip-flop clocked by clk)
Path Group: clk
Path Type: max

Fanout         Cap        Slew       Delay        Time   Description
---------------------------------------------------------------------------------------------
                                  0.000000    0.000000   clock clk (rise edge)
                                  0.000000    0.000000   clock source latency
     1    0.018955    0.091051    0.062520    0.062520 ^ clk (in)
                                                         clk (net)
                      0.091057    0.000000    0.062520 ^ clkbuf_0_clk/A (sky130_fd_sc_hd__clkbuf_16)
     8    0.082146    0.098721    0.189527    0.252047 ^ clkbuf_0_clk/X (sky130_fd_sc_hd__clkbuf_16)
                                                         clknet_0_clk (net)
                      0.098760    0.001849    0.253897 ^ clkbuf_3_6__f_clk/A (sky130_fd_sc_hd__clkbuf_16)
     8    0.023487    0.044949    0.148317    0.402213 ^ clkbuf_3_6__f_clk/X (sky130_fd_sc_hd__clkbuf_16)
                                                         clknet_3_6__leaf_clk (net)
                      0.044957    0.000583    0.402796 ^ _1635_/CLK (sky130_fd_sc_hd__dfxtp_2)
     1    0.003932    0.034378    0.308885    0.711681 ^ _1635_/Q (sky130_fd_sc_hd__dfxtp_2)
                                                         u_rst_sync.rst_ff2 (net)
                      0.034378    0.000059    0.711741 ^ fanout42/A (sky130_fd_sc_hd__clkdlybuf4s25_1)
    10    0.051303    0.512709    0.569949    1.281690 ^ fanout42/X (sky130_fd_sc_hd__clkdlybuf4s25_1)
                                                         net42 (net)
                      0.512752    0.003943    1.285634 ^ _0791_/A (sky130_fd_sc_hd__inv_2)
     9    0.043672    0.176514    0.223331    1.508964 v _0791_/Y (sky130_fd_sc_hd__inv_2)
                                                         _0064_ (net)
                      0.176514    0.000687    1.509651 v _1424_/A (sky130_fd_sc_hd__nor2_2)
     1    0.004121    0.081053    0.150667    1.660318 ^ _1424_/Y (sky130_fd_sc_hd__nor2_2)
                                                         _0007_ (net)
                      0.081053    0.000074    1.660392 ^ _1579_/D (sky130_fd_sc_hd__dfxtp_2)
                                              1.660392   data arrival time

                                 20.000000   20.000000   clock clk (rise edge)
                                  0.000000   20.000000   clock source latency
     1    0.018955    0.091051    0.062521   20.062521 ^ clk (in)
                                                         clk (net)
                      0.091057    0.000000   20.062521 ^ clkbuf_0_clk/A (sky130_fd_sc_hd__clkbuf_16)
     8    0.082146    0.098721    0.189527   20.252048 ^ clkbuf_0_clk/X (sky130_fd_sc_hd__clkbuf_16)
                                                         clknet_0_clk (net)
                      0.098751    0.001656   20.253704 ^ clkbuf_3_5__f_clk/A (sky130_fd_sc_hd__clkbuf_16)
     8    0.028082    0.049460    0.152783   20.406487 ^ clkbuf_3_5__f_clk/X (sky130_fd_sc_hd__clkbuf_16)
                                                         clknet_3_5__leaf_clk (net)
                      0.049461    0.000329   20.406815 ^ _1579_/CLK (sky130_fd_sc_hd__dfxtp_2)
                                 -0.250000   20.156815   clock uncertainty
                                  0.000000   20.156815   clock reconvergence pessimism
                                 -0.066693   20.090122   library setup time
                                             20.090122   data required time
---------------------------------------------------------------------------------------------
                                             20.090122   data required time
                                             -1.660392   data arrival time
---------------------------------------------------------------------------------------------
                                             18.429731   slack (MET)


Startpoint: _1635_ (rising edge-triggered flip-flop clocked by clk)
Endpoint: _1577_ (rising edge-triggered flip-flop clocked by clk)
Path Group: clk
Path Type: max

Fanout         Cap        Slew       Delay        Time   Description
---------------------------------------------------------------------------------------------
                                  0.000000    0.000000   clock clk (rise edge)
                                  0.000000    0.000000   clock source latency
     1    0.018955    0.091051    0.062520    0.062520 ^ clk (in)
                                                         clk (net)
                      0.091057    0.000000    0.062520 ^ clkbuf_0_clk/A (sky130_fd_sc_hd__clkbuf_16)
     8    0.082146    0.098721    0.189527    0.252047 ^ clkbuf_0_clk/X (sky130_fd_sc_hd__clkbuf_16)
                                                         clknet_0_clk (net)
                      0.098760    0.001849    0.253897 ^ clkbuf_3_6__f_clk/A (sky130_fd_sc_hd__clkbuf_16)
     8    0.023487    0.044949    0.148317    0.402213 ^ clkbuf_3_6__f_clk/X (sky130_fd_sc_hd__clkbuf_16)
                                                         clknet_3_6__leaf_clk (net)
                      0.044957    0.000583    0.402796 ^ _1635_/CLK (sky130_fd_sc_hd__dfxtp_2)
     1    0.003932    0.034378    0.308885    0.711681 ^ _1635_/Q (sky130_fd_sc_hd__dfxtp_2)
                                                         u_rst_sync.rst_ff2 (net)
                      0.034378    0.000059    0.711741 ^ fanout42/A (sky130_fd_sc_hd__clkdlybuf4s25_1)
    10    0.051303    0.512709    0.569949    1.281690 ^ fanout42/X (sky130_fd_sc_hd__clkdlybuf4s25_1)
                                                         net42 (net)
                      0.512752    0.003943    1.285634 ^ _0791_/A (sky130_fd_sc_hd__inv_2)
     9    0.043672    0.176514    0.223331    1.508964 v _0791_/Y (sky130_fd_sc_hd__inv_2)
                                                         _0064_ (net)
                      0.176515    0.000782    1.509746 v _1418_/A (sky130_fd_sc_hd__nor2_2)
     1    0.003894    0.079086    0.148876    1.658622 ^ _1418_/Y (sky130_fd_sc_hd__nor2_2)
                                                         _0005_ (net)
                      0.079086    0.000045    1.658668 ^ _1577_/D (sky130_fd_sc_hd__dfxtp_2)
                                              1.658668   data arrival time

                                 20.000000   20.000000   clock clk (rise edge)
                                  0.000000   20.000000   clock source latency
     1    0.018955    0.091051    0.062521   20.062521 ^ clk (in)
                                                         clk (net)
                      0.091057    0.000000   20.062521 ^ clkbuf_0_clk/A (sky130_fd_sc_hd__clkbuf_16)
     8    0.082146    0.098721    0.189527   20.252048 ^ clkbuf_0_clk/X (sky130_fd_sc_hd__clkbuf_16)
                                                         clknet_0_clk (net)
                      0.098731    0.001092   20.253139 ^ clkbuf_3_4__f_clk/A (sky130_fd_sc_hd__clkbuf_16)
     8    0.030458    0.051472    0.154428   20.407568 ^ clkbuf_3_4__f_clk/X (sky130_fd_sc_hd__clkbuf_16)
                                                         clknet_3_4__leaf_clk (net)
                      0.051476    0.000790   20.408358 ^ _1577_/CLK (sky130_fd_sc_hd__dfxtp_2)
                                 -0.250000   20.158360   clock uncertainty
                                  0.000000   20.158360   clock reconvergence pessimism
                                 -0.065928   20.092432   library setup time
                                             20.092432   data required time
---------------------------------------------------------------------------------------------
                                             20.092432   data required time
                                             -1.658668   data arrival time
---------------------------------------------------------------------------------------------
                                             18.433764   slack (MET)


Startpoint: _1635_ (rising edge-triggered flip-flop clocked by clk)
Endpoint: _1578_ (rising edge-triggered flip-flop clocked by clk)
Path Group: clk
Path Type: max

Fanout         Cap        Slew       Delay        Time   Description
---------------------------------------------------------------------------------------------
                                  0.000000    0.000000   clock clk (rise edge)
                                  0.000000    0.000000   clock source latency
     1    0.018955    0.091051    0.062520    0.062520 ^ clk (in)
                                                         clk (net)
                      0.091057    0.000000    0.062520 ^ clkbuf_0_clk/A (sky130_fd_sc_hd__clkbuf_16)
     8    0.082146    0.098721    0.189527    0.252047 ^ clkbuf_0_clk/X (sky130_fd_sc_hd__clkbuf_16)
                                                         clknet_0_clk (net)
                      0.098760    0.001849    0.253897 ^ clkbuf_3_6__f_clk/A (sky130_fd_sc_hd__clkbuf_16)
     8    0.023487    0.044949    0.148317    0.402213 ^ clkbuf_3_6__f_clk/X (sky130_fd_sc_hd__clkbuf_16)
                                                         clknet_3_6__leaf_clk (net)
                      0.044957    0.000583    0.402796 ^ _1635_/CLK (sky130_fd_sc_hd__dfxtp_2)
     1    0.003932    0.034378    0.308885    0.711681 ^ _1635_/Q (sky130_fd_sc_hd__dfxtp_2)
                                                         u_rst_sync.rst_ff2 (net)
                      0.034378    0.000059    0.711741 ^ fanout42/A (sky130_fd_sc_hd__clkdlybuf4s25_1)
    10    0.051303    0.512709    0.569949    1.281690 ^ fanout42/X (sky130_fd_sc_hd__clkdlybuf4s25_1)
                                                         net42 (net)
                      0.512752    0.003943    1.285634 ^ _0791_/A (sky130_fd_sc_hd__inv_2)
     9    0.043672    0.176514    0.223331    1.508964 v _0791_/Y (sky130_fd_sc_hd__inv_2)
                                                         _0064_ (net)
                      0.176514    0.000773    1.509737 v _1421_/A (sky130_fd_sc_hd__nor2_2)
     1    0.003248    0.073458    0.143712    1.653450 ^ _1421_/Y (sky130_fd_sc_hd__nor2_2)
                                                         _0006_ (net)
                      0.073458    0.000048    1.653498 ^ _1578_/D (sky130_fd_sc_hd__dfxtp_2)
                                              1.653498   data arrival time

                                 20.000000   20.000000   clock clk (rise edge)
                                  0.000000   20.000000   clock source latency
     1    0.018955    0.091051    0.062521   20.062521 ^ clk (in)
                                                         clk (net)
                      0.091057    0.000000   20.062521 ^ clkbuf_0_clk/A (sky130_fd_sc_hd__clkbuf_16)
     8    0.082146    0.098721    0.189527   20.252048 ^ clkbuf_0_clk/X (sky130_fd_sc_hd__clkbuf_16)
                                                         clknet_0_clk (net)
                      0.098731    0.001092   20.253139 ^ clkbuf_3_4__f_clk/A (sky130_fd_sc_hd__clkbuf_16)
     8    0.030458    0.051472    0.154428   20.407568 ^ clkbuf_3_4__f_clk/X (sky130_fd_sc_hd__clkbuf_16)
                                                         clknet_3_4__leaf_clk (net)
                      0.051476    0.000789   20.408356 ^ _1578_/CLK (sky130_fd_sc_hd__dfxtp_2)
                                 -0.250000   20.158358   clock uncertainty
                                  0.000000   20.158358   clock reconvergence pessimism
                                 -0.064603   20.093756   library setup time
                                             20.093756   data required time
---------------------------------------------------------------------------------------------
                                             20.093756   data required time
                                             -1.653498   data arrival time
---------------------------------------------------------------------------------------------
                                             18.440258   slack (MET)


Startpoint: _1635_ (rising edge-triggered flip-flop clocked by clk)
Endpoint: _1581_ (rising edge-triggered flip-flop clocked by clk)
Path Group: clk
Path Type: max

Fanout         Cap        Slew       Delay        Time   Description
---------------------------------------------------------------------------------------------
                                  0.000000    0.000000   clock clk (rise edge)
                                  0.000000    0.000000   clock source latency
     1    0.018955    0.091051    0.062520    0.062520 ^ clk (in)
                                                         clk (net)
                      0.091057    0.000000    0.062520 ^ clkbuf_0_clk/A (sky130_fd_sc_hd__clkbuf_16)
     8    0.082146    0.098721    0.189527    0.252047 ^ clkbuf_0_clk/X (sky130_fd_sc_hd__clkbuf_16)
                                                         clknet_0_clk (net)
                      0.098760    0.001849    0.253897 ^ clkbuf_3_6__f_clk/A (sky130_fd_sc_hd__clkbuf_16)
     8    0.023487    0.044949    0.148317    0.402213 ^ clkbuf_3_6__f_clk/X (sky130_fd_sc_hd__clkbuf_16)
                                                         clknet_3_6__leaf_clk (net)
                      0.044957    0.000583    0.402796 ^ _1635_/CLK (sky130_fd_sc_hd__dfxtp_2)
     1    0.003932    0.034378    0.308885    0.711681 ^ _1635_/Q (sky130_fd_sc_hd__dfxtp_2)
                                                         u_rst_sync.rst_ff2 (net)
                      0.034378    0.000059    0.711741 ^ fanout42/A (sky130_fd_sc_hd__clkdlybuf4s25_1)
    10    0.051303    0.512709    0.569949    1.281690 ^ fanout42/X (sky130_fd_sc_hd__clkdlybuf4s25_1)
                                                         net42 (net)
                      0.512752    0.003943    1.285634 ^ _0791_/A (sky130_fd_sc_hd__inv_2)
     9    0.043672    0.176514    0.223331    1.508964 v _0791_/Y (sky130_fd_sc_hd__inv_2)
                                                         _0064_ (net)
                      0.176515    0.000809    1.509773 v _1430_/A (sky130_fd_sc_hd__nor2_2)
     1    0.002712    0.068659    0.139104    1.648877 ^ _1430_/Y (sky130_fd_sc_hd__nor2_2)
                                                         _0009_ (net)
                      0.068659    0.000032    1.648909 ^ _1581_/D (sky130_fd_sc_hd__dfxtp_2)
                                              1.648909   data arrival time

                                 20.000000   20.000000   clock clk (rise edge)
                                  0.000000   20.000000   clock source latency
     1    0.018955    0.091051    0.062521   20.062521 ^ clk (in)
                                                         clk (net)
                      0.091057    0.000000   20.062521 ^ clkbuf_0_clk/A (sky130_fd_sc_hd__clkbuf_16)
     8    0.082146    0.098721    0.189527   20.252048 ^ clkbuf_0_clk/X (sky130_fd_sc_hd__clkbuf_16)
                                                         clknet_0_clk (net)
                      0.098731    0.001092   20.253139 ^ clkbuf_3_4__f_clk/A (sky130_fd_sc_hd__clkbuf_16)
     8    0.030458    0.051472    0.154428   20.407568 ^ clkbuf_3_4__f_clk/X (sky130_fd_sc_hd__clkbuf_16)
                                                         clknet_3_4__leaf_clk (net)
                      0.051475    0.000757   20.408325 ^ _1581_/CLK (sky130_fd_sc_hd__dfxtp_2)
                                 -0.250000   20.158325   clock uncertainty
                                  0.000000   20.158325   clock reconvergence pessimism
                                 -0.063473   20.094852   library setup time
                                             20.094852   data required time
---------------------------------------------------------------------------------------------
                                             20.094852   data required time
                                             -1.648909   data arrival time
---------------------------------------------------------------------------------------------
                                             18.445944   slack (MET)


Startpoint: _1635_ (rising edge-triggered flip-flop clocked by clk)
Endpoint: _1583_ (rising edge-triggered flip-flop clocked by clk)
Path Group: clk
Path Type: max

Fanout         Cap        Slew       Delay        Time   Description
---------------------------------------------------------------------------------------------
                                  0.000000    0.000000   clock clk (rise edge)
                                  0.000000    0.000000   clock source latency
     1    0.018955    0.091051    0.062520    0.062520 ^ clk (in)
                                                         clk (net)
                      0.091057    0.000000    0.062520 ^ clkbuf_0_clk/A (sky130_fd_sc_hd__clkbuf_16)
     8    0.082146    0.098721    0.189527    0.252047 ^ clkbuf_0_clk/X (sky130_fd_sc_hd__clkbuf_16)
                                                         clknet_0_clk (net)
                      0.098760    0.001849    0.253897 ^ clkbuf_3_6__f_clk/A (sky130_fd_sc_hd__clkbuf_16)
     8    0.023487    0.044949    0.148317    0.402213 ^ clkbuf_3_6__f_clk/X (sky130_fd_sc_hd__clkbuf_16)
                                                         clknet_3_6__leaf_clk (net)
                      0.044957    0.000583    0.402796 ^ _1635_/CLK (sky130_fd_sc_hd__dfxtp_2)
     1    0.003932    0.034378    0.308885    0.711681 ^ _1635_/Q (sky130_fd_sc_hd__dfxtp_2)
                                                         u_rst_sync.rst_ff2 (net)
                      0.034378    0.000059    0.711741 ^ fanout42/A (sky130_fd_sc_hd__clkdlybuf4s25_1)
    10    0.051303    0.512709    0.569949    1.281690 ^ fanout42/X (sky130_fd_sc_hd__clkdlybuf4s25_1)
                                                         net42 (net)
                      0.512752    0.003943    1.285634 ^ _0791_/A (sky130_fd_sc_hd__inv_2)
     9    0.043672    0.176514    0.223331    1.508964 v _0791_/Y (sky130_fd_sc_hd__inv_2)
                                                         _0064_ (net)
                      0.176515    0.000812    1.509776 v _1436_/A (sky130_fd_sc_hd__nor2_2)
     1    0.002517    0.066920    0.137422    1.647198 ^ _1436_/Y (sky130_fd_sc_hd__nor2_2)
                                                         _0011_ (net)
                      0.066920    0.000027    1.647225 ^ _1583_/D (sky130_fd_sc_hd__dfxtp_2)
                                              1.647225   data arrival time

                                 20.000000   20.000000   clock clk (rise edge)
                                  0.000000   20.000000   clock source latency
     1    0.018955    0.091051    0.062521   20.062521 ^ clk (in)
                                                         clk (net)
                      0.091057    0.000000   20.062521 ^ clkbuf_0_clk/A (sky130_fd_sc_hd__clkbuf_16)
     8    0.082146    0.098721    0.189527   20.252048 ^ clkbuf_0_clk/X (sky130_fd_sc_hd__clkbuf_16)
                                                         clknet_0_clk (net)
                      0.098751    0.001656   20.253704 ^ clkbuf_3_5__f_clk/A (sky130_fd_sc_hd__clkbuf_16)
     8    0.028082    0.049460    0.152783   20.406487 ^ clkbuf_3_5__f_clk/X (sky130_fd_sc_hd__clkbuf_16)
                                                         clknet_3_5__leaf_clk (net)
                      0.049461    0.000320   20.406805 ^ _1583_/CLK (sky130_fd_sc_hd__dfxtp_2)
                                 -0.250000   20.156807   clock uncertainty
                                  0.000000   20.156807   clock reconvergence pessimism
                                 -0.063365   20.093443   library setup time
                                             20.093443   data required time
---------------------------------------------------------------------------------------------
                                             20.093443   data required time
                                             -1.647225   data arrival time
---------------------------------------------------------------------------------------------
                                             18.446217   slack (MET)


Startpoint: _1635_ (rising edge-triggered flip-flop clocked by clk)
Endpoint: _1580_ (rising edge-triggered flip-flop clocked by clk)
Path Group: clk
Path Type: max

Fanout         Cap        Slew       Delay        Time   Description
---------------------------------------------------------------------------------------------
                                  0.000000    0.000000   clock clk (rise edge)
                                  0.000000    0.000000   clock source latency
     1    0.018955    0.091051    0.062520    0.062520 ^ clk (in)
                                                         clk (net)
                      0.091057    0.000000    0.062520 ^ clkbuf_0_clk/A (sky130_fd_sc_hd__clkbuf_16)
     8    0.082146    0.098721    0.189527    0.252047 ^ clkbuf_0_clk/X (sky130_fd_sc_hd__clkbuf_16)
                                                         clknet_0_clk (net)
                      0.098760    0.001849    0.253897 ^ clkbuf_3_6__f_clk/A (sky130_fd_sc_hd__clkbuf_16)
     8    0.023487    0.044949    0.148317    0.402213 ^ clkbuf_3_6__f_clk/X (sky130_fd_sc_hd__clkbuf_16)
                                                         clknet_3_6__leaf_clk (net)
                      0.044957    0.000583    0.402796 ^ _1635_/CLK (sky130_fd_sc_hd__dfxtp_2)
     1    0.003932    0.034378    0.308885    0.711681 ^ _1635_/Q (sky130_fd_sc_hd__dfxtp_2)
                                                         u_rst_sync.rst_ff2 (net)
                      0.034378    0.000059    0.711741 ^ fanout42/A (sky130_fd_sc_hd__clkdlybuf4s25_1)
    10    0.051303    0.512709    0.569949    1.281690 ^ fanout42/X (sky130_fd_sc_hd__clkdlybuf4s25_1)
                                                         net42 (net)
                      0.512752    0.003943    1.285634 ^ _0791_/A (sky130_fd_sc_hd__inv_2)
     9    0.043672    0.176514    0.223331    1.508964 v _0791_/Y (sky130_fd_sc_hd__inv_2)
                                                         _0064_ (net)
                      0.176514    0.000543    1.509507 v _1427_/A (sky130_fd_sc_hd__nor2_2)
     1    0.002661    0.068199    0.138659    1.648166 ^ _1427_/Y (sky130_fd_sc_hd__nor2_2)
                                                         _0008_ (net)
                      0.068199    0.000030    1.648196 ^ _1580_/D (sky130_fd_sc_hd__dfxtp_2)
                                              1.648196   data arrival time

                                 20.000000   20.000000   clock clk (rise edge)
                                  0.000000   20.000000   clock source latency
     1    0.018955    0.091051    0.062521   20.062521 ^ clk (in)
                                                         clk (net)
                      0.091057    0.000000   20.062521 ^ clkbuf_0_clk/A (sky130_fd_sc_hd__clkbuf_16)
     8    0.082146    0.098721    0.189527   20.252048 ^ clkbuf_0_clk/X (sky130_fd_sc_hd__clkbuf_16)
                                                         clknet_0_clk (net)
                      0.098747    0.001574   20.253622 ^ clkbuf_3_3__f_clk/A (sky130_fd_sc_hd__clkbuf_16)
     8    0.029606    0.050750    0.153836   20.407457 ^ clkbuf_3_3__f_clk/X (sky130_fd_sc_hd__clkbuf_16)
                                                         clknet_3_3__leaf_clk (net)
                      0.050751    0.000508   20.407967 ^ _1580_/CLK (sky130_fd_sc_hd__dfxtp_2)
                                 -0.250000   20.157967   clock uncertainty
                                  0.000000   20.157967   clock reconvergence pessimism
                                 -0.063473   20.094494   library setup time
                                             20.094494   data required time
---------------------------------------------------------------------------------------------
                                             20.094494   data required time
                                             -1.648196   data arrival time
---------------------------------------------------------------------------------------------
                                             18.446297   slack (MET)


Startpoint: _1635_ (rising edge-triggered flip-flop clocked by clk)
Endpoint: _1582_ (rising edge-triggered flip-flop clocked by clk)
Path Group: clk
Path Type: max

Fanout         Cap        Slew       Delay        Time   Description
---------------------------------------------------------------------------------------------
                                  0.000000    0.000000   clock clk (rise edge)
                                  0.000000    0.000000   clock source latency
     1    0.018955    0.091051    0.062520    0.062520 ^ clk (in)
                                                         clk (net)
                      0.091057    0.000000    0.062520 ^ clkbuf_0_clk/A (sky130_fd_sc_hd__clkbuf_16)
     8    0.082146    0.098721    0.189527    0.252047 ^ clkbuf_0_clk/X (sky130_fd_sc_hd__clkbuf_16)
                                                         clknet_0_clk (net)
                      0.098760    0.001849    0.253897 ^ clkbuf_3_6__f_clk/A (sky130_fd_sc_hd__clkbuf_16)
     8    0.023487    0.044949    0.148317    0.402213 ^ clkbuf_3_6__f_clk/X (sky130_fd_sc_hd__clkbuf_16)
                                                         clknet_3_6__leaf_clk (net)
                      0.044957    0.000583    0.402796 ^ _1635_/CLK (sky130_fd_sc_hd__dfxtp_2)
     1    0.003932    0.034378    0.308885    0.711681 ^ _1635_/Q (sky130_fd_sc_hd__dfxtp_2)
                                                         u_rst_sync.rst_ff2 (net)
                      0.034378    0.000059    0.711741 ^ fanout42/A (sky130_fd_sc_hd__clkdlybuf4s25_1)
    10    0.051303    0.512709    0.569949    1.281690 ^ fanout42/X (sky130_fd_sc_hd__clkdlybuf4s25_1)
                                                         net42 (net)
                      0.512752    0.003943    1.285634 ^ _0791_/A (sky130_fd_sc_hd__inv_2)
     9    0.043672    0.176514    0.223331    1.508964 v _0791_/Y (sky130_fd_sc_hd__inv_2)
                                                         _0064_ (net)
                      0.176514    0.000739    1.509703 v _1433_/A (sky130_fd_sc_hd__nor2_2)
     1    0.002339    0.065340    0.135889    1.645592 ^ _1433_/Y (sky130_fd_sc_hd__nor2_2)
                                                         _0010_ (net)
                      0.065340    0.000025    1.645617 ^ _1582_/D (sky130_fd_sc_hd__dfxtp_2)
                                              1.645617   data arrival time

                                 20.000000   20.000000   clock clk (rise edge)
                                  0.000000   20.000000   clock source latency
     1    0.018955    0.091051    0.062521   20.062521 ^ clk (in)
                                                         clk (net)
                      0.091057    0.000000   20.062521 ^ clkbuf_0_clk/A (sky130_fd_sc_hd__clkbuf_16)
     8    0.082146    0.098721    0.189527   20.252048 ^ clkbuf_0_clk/X (sky130_fd_sc_hd__clkbuf_16)
                                                         clknet_0_clk (net)
                      0.098747    0.001574   20.253622 ^ clkbuf_3_3__f_clk/A (sky130_fd_sc_hd__clkbuf_16)
     8    0.029606    0.050750    0.153836   20.407457 ^ clkbuf_3_3__f_clk/X (sky130_fd_sc_hd__clkbuf_16)
                                                         clknet_3_3__leaf_clk (net)
                      0.050751    0.000529   20.407988 ^ _1582_/CLK (sky130_fd_sc_hd__dfxtp_2)
                                 -0.250000   20.157988   clock uncertainty
                                  0.000000   20.157988   clock reconvergence pessimism
                                 -0.062800   20.095188   library setup time
                                             20.095188   data required time
---------------------------------------------------------------------------------------------
                                             20.095188   data required time
                                             -1.645617   data arrival time
---------------------------------------------------------------------------------------------
                                             18.449572   slack (MET)


Startpoint: _1635_ (rising edge-triggered flip-flop clocked by clk)
Endpoint: _1626_ (rising edge-triggered flip-flop clocked by clk)
Path Group: clk
Path Type: max

Fanout         Cap        Slew       Delay        Time   Description
---------------------------------------------------------------------------------------------
                                  0.000000    0.000000   clock clk (rise edge)
                                  0.000000    0.000000   clock source latency
     1    0.018955    0.091051    0.062520    0.062520 ^ clk (in)
                                                         clk (net)
                      0.091057    0.000000    0.062520 ^ clkbuf_0_clk/A (sky130_fd_sc_hd__clkbuf_16)
     8    0.082146    0.098721    0.189527    0.252047 ^ clkbuf_0_clk/X (sky130_fd_sc_hd__clkbuf_16)
                                                         clknet_0_clk (net)
                      0.098760    0.001849    0.253897 ^ clkbuf_3_6__f_clk/A (sky130_fd_sc_hd__clkbuf_16)
     8    0.023487    0.044949    0.148317    0.402213 ^ clkbuf_3_6__f_clk/X (sky130_fd_sc_hd__clkbuf_16)
                                                         clknet_3_6__leaf_clk (net)
                      0.044957    0.000583    0.402796 ^ _1635_/CLK (sky130_fd_sc_hd__dfxtp_2)
     1    0.003707    0.024645    0.305046    0.707842 v _1635_/Q (sky130_fd_sc_hd__dfxtp_2)
                                                         u_rst_sync.rst_ff2 (net)
                      0.024645    0.000055    0.707897 v fanout42/A (sky130_fd_sc_hd__clkdlybuf4s25_1)
    10    0.049894    0.367430    0.485781    1.193679 v fanout42/X (sky130_fd_sc_hd__clkdlybuf4s25_1)
                                                         net42 (net)
                      0.367482    0.004295    1.197974 v _1564_/B (sky130_fd_sc_hd__and2_2)
     1    0.002445    0.037899    0.328973    1.526947 v _1564_/X (sky130_fd_sc_hd__and2_2)
                                                         _0054_ (net)
                      0.037899    0.000027    1.526973 v _1626_/D (sky130_fd_sc_hd__dfxtp_2)
                                              1.526973   data arrival time

                                 20.000000   20.000000   clock clk (rise edge)
                                  0.000000   20.000000   clock source latency
     1    0.018955    0.091051    0.062521   20.062521 ^ clk (in)
                                                         clk (net)
                      0.091057    0.000000   20.062521 ^ clkbuf_0_clk/A (sky130_fd_sc_hd__clkbuf_16)
     8    0.082146    0.098721    0.189527   20.252048 ^ clkbuf_0_clk/X (sky130_fd_sc_hd__clkbuf_16)
                                                         clknet_0_clk (net)
                      0.098744    0.001503   20.253550 ^ clkbuf_3_2__f_clk/A (sky130_fd_sc_hd__clkbuf_16)
     8    0.023860    0.045280    0.148692   20.402243 ^ clkbuf_3_2__f_clk/X (sky130_fd_sc_hd__clkbuf_16)
                                                         clknet_3_2__leaf_clk (net)
                      0.045293    0.000702   20.402945 ^ _1626_/CLK (sky130_fd_sc_hd__dfxtp_2)
                                 -0.250000   20.152945   clock uncertainty
                                  0.000000   20.152945   clock reconvergence pessimism
                                 -0.109717   20.043228   library setup time
                                             20.043228   data required time
---------------------------------------------------------------------------------------------
                                             20.043228   data required time
                                             -1.526973   data arrival time
---------------------------------------------------------------------------------------------
                                             18.516254   slack (MET)


Startpoint: _1635_ (rising edge-triggered flip-flop clocked by clk)
Endpoint: _1628_ (rising edge-triggered flip-flop clocked by clk)
Path Group: clk
Path Type: max

Fanout         Cap        Slew       Delay        Time   Description
---------------------------------------------------------------------------------------------
                                  0.000000    0.000000   clock clk (rise edge)
                                  0.000000    0.000000   clock source latency
     1    0.018955    0.091051    0.062520    0.062520 ^ clk (in)
                                                         clk (net)
                      0.091057    0.000000    0.062520 ^ clkbuf_0_clk/A (sky130_fd_sc_hd__clkbuf_16)
     8    0.082146    0.098721    0.189527    0.252047 ^ clkbuf_0_clk/X (sky130_fd_sc_hd__clkbuf_16)
                                                         clknet_0_clk (net)
                      0.098760    0.001849    0.253897 ^ clkbuf_3_6__f_clk/A (sky130_fd_sc_hd__clkbuf_16)
     8    0.023487    0.044949    0.148317    0.402213 ^ clkbuf_3_6__f_clk/X (sky130_fd_sc_hd__clkbuf_16)
                                                         clknet_3_6__leaf_clk (net)
                      0.044957    0.000583    0.402796 ^ _1635_/CLK (sky130_fd_sc_hd__dfxtp_2)
     1    0.003707    0.024645    0.305046    0.707842 v _1635_/Q (sky130_fd_sc_hd__dfxtp_2)
                                                         u_rst_sync.rst_ff2 (net)
                      0.024645    0.000055    0.707897 v fanout42/A (sky130_fd_sc_hd__clkdlybuf4s25_1)
    10    0.049894    0.367430    0.485781    1.193679 v fanout42/X (sky130_fd_sc_hd__clkdlybuf4s25_1)
                                                         net42 (net)
                      0.367484    0.004364    1.198042 v _1565_/A (sky130_fd_sc_hd__and2_2)
     1    0.002492    0.037029    0.302487    1.500529 v _1565_/X (sky130_fd_sc_hd__and2_2)
                                                         _0055_ (net)
                      0.037029    0.000027    1.500556 v _1628_/D (sky130_fd_sc_hd__dfxtp_2)
                                              1.500556   data arrival time

                                 20.000000   20.000000   clock clk (rise edge)
                                  0.000000   20.000000   clock source latency
     1    0.018955    0.091051    0.062521   20.062521 ^ clk (in)
                                                         clk (net)
                      0.091057    0.000000   20.062521 ^ clkbuf_0_clk/A (sky130_fd_sc_hd__clkbuf_16)
     8    0.082146    0.098721    0.189527   20.252048 ^ clkbuf_0_clk/X (sky130_fd_sc_hd__clkbuf_16)
                                                         clknet_0_clk (net)
                      0.098744    0.001503   20.253550 ^ clkbuf_3_2__f_clk/A (sky130_fd_sc_hd__clkbuf_16)
     8    0.023860    0.045280    0.148692   20.402243 ^ clkbuf_3_2__f_clk/X (sky130_fd_sc_hd__clkbuf_16)
                                                         clknet_3_2__leaf_clk (net)
                      0.045295    0.000728   20.402971 ^ _1628_/CLK (sky130_fd_sc_hd__dfxtp_2)
                                 -0.250000   20.152971   clock uncertainty
                                  0.000000   20.152971   clock reconvergence pessimism
                                 -0.109337   20.043634   library setup time
                                             20.043634   data required time
---------------------------------------------------------------------------------------------
                                             20.043634   data required time
                                             -1.500556   data arrival time
---------------------------------------------------------------------------------------------
                                             18.543079   slack (MET)


Startpoint: _1635_ (rising edge-triggered flip-flop clocked by clk)
Endpoint: _1625_ (rising edge-triggered flip-flop clocked by clk)
Path Group: clk
Path Type: max

Fanout         Cap        Slew       Delay        Time   Description
---------------------------------------------------------------------------------------------
                                  0.000000    0.000000   clock clk (rise edge)
                                  0.000000    0.000000   clock source latency
     1    0.018955    0.091051    0.062520    0.062520 ^ clk (in)
                                                         clk (net)
                      0.091057    0.000000    0.062520 ^ clkbuf_0_clk/A (sky130_fd_sc_hd__clkbuf_16)
     8    0.082146    0.098721    0.189527    0.252047 ^ clkbuf_0_clk/X (sky130_fd_sc_hd__clkbuf_16)
                                                         clknet_0_clk (net)
                      0.098760    0.001849    0.253897 ^ clkbuf_3_6__f_clk/A (sky130_fd_sc_hd__clkbuf_16)
     8    0.023487    0.044949    0.148317    0.402213 ^ clkbuf_3_6__f_clk/X (sky130_fd_sc_hd__clkbuf_16)
                                                         clknet_3_6__leaf_clk (net)
                      0.044957    0.000583    0.402796 ^ _1635_/CLK (sky130_fd_sc_hd__dfxtp_2)
     1    0.003707    0.024645    0.305046    0.707842 v _1635_/Q (sky130_fd_sc_hd__dfxtp_2)
                                                         u_rst_sync.rst_ff2 (net)
                      0.024645    0.000055    0.707897 v fanout42/A (sky130_fd_sc_hd__clkdlybuf4s25_1)
    10    0.049894    0.367430    0.485781    1.193679 v fanout42/X (sky130_fd_sc_hd__clkdlybuf4s25_1)
                                                         net42 (net)
                      0.367486    0.004434    1.198112 v _1563_/A (sky130_fd_sc_hd__and2_2)
     1    0.002918    0.038155    0.304443    1.502555 v _1563_/X (sky130_fd_sc_hd__and2_2)
                                                         _0053_ (net)
                      0.038155    0.000040    1.502596 v _1625_/D (sky130_fd_sc_hd__dfxtp_2)
                                              1.502596   data arrival time

                                 20.000000   20.000000   clock clk (rise edge)
                                  0.000000   20.000000   clock source latency
     1    0.018955    0.091051    0.062521   20.062521 ^ clk (in)
                                                         clk (net)
                      0.091057    0.000000   20.062521 ^ clkbuf_0_clk/A (sky130_fd_sc_hd__clkbuf_16)
     8    0.082146    0.098721    0.189527   20.252048 ^ clkbuf_0_clk/X (sky130_fd_sc_hd__clkbuf_16)
                                                         clknet_0_clk (net)
                      0.098747    0.001574   20.253622 ^ clkbuf_3_3__f_clk/A (sky130_fd_sc_hd__clkbuf_16)
     8    0.029606    0.050750    0.153836   20.407457 ^ clkbuf_3_3__f_clk/X (sky130_fd_sc_hd__clkbuf_16)
                                                         clknet_3_3__leaf_clk (net)
                      0.050752    0.000609   20.408068 ^ _1625_/CLK (sky130_fd_sc_hd__dfxtp_2)
                                 -0.250000   20.158068   clock uncertainty
                                  0.000000   20.158068   clock reconvergence pessimism
                                 -0.108554   20.049515   library setup time
                                             20.049515   data required time
---------------------------------------------------------------------------------------------
                                             20.049515   data required time
                                             -1.502596   data arrival time
---------------------------------------------------------------------------------------------
                                             18.546919   slack (MET)


Startpoint: _1635_ (rising edge-triggered flip-flop clocked by clk)
Endpoint: _1627_ (rising edge-triggered flip-flop clocked by clk)
Path Group: clk
Path Type: max

Fanout         Cap        Slew       Delay        Time   Description
---------------------------------------------------------------------------------------------
                                  0.000000    0.000000   clock clk (rise edge)
                                  0.000000    0.000000   clock source latency
     1    0.018955    0.091051    0.062520    0.062520 ^ clk (in)
                                                         clk (net)
                      0.091057    0.000000    0.062520 ^ clkbuf_0_clk/A (sky130_fd_sc_hd__clkbuf_16)
     8    0.082146    0.098721    0.189527    0.252047 ^ clkbuf_0_clk/X (sky130_fd_sc_hd__clkbuf_16)
                                                         clknet_0_clk (net)
                      0.098760    0.001849    0.253897 ^ clkbuf_3_6__f_clk/A (sky130_fd_sc_hd__clkbuf_16)
     8    0.023487    0.044949    0.148317    0.402213 ^ clkbuf_3_6__f_clk/X (sky130_fd_sc_hd__clkbuf_16)
                                                         clknet_3_6__leaf_clk (net)
                      0.044957    0.000583    0.402796 ^ _1635_/CLK (sky130_fd_sc_hd__dfxtp_2)
     1    0.003932    0.034378    0.308885    0.711681 ^ _1635_/Q (sky130_fd_sc_hd__dfxtp_2)
                                                         u_rst_sync.rst_ff2 (net)
                      0.034378    0.000059    0.711741 ^ fanout42/A (sky130_fd_sc_hd__clkdlybuf4s25_1)
    10    0.051303    0.512709    0.569949    1.281690 ^ fanout42/X (sky130_fd_sc_hd__clkdlybuf4s25_1)
                                                         net42 (net)
                      0.512766    0.004544    1.286234 ^ _1627_/D (sky130_fd_sc_hd__dfxtp_2)
                                              1.286234   data arrival time

                                 20.000000   20.000000   clock clk (rise edge)
                                  0.000000   20.000000   clock source latency
     1    0.018955    0.091051    0.062521   20.062521 ^ clk (in)
                                                         clk (net)
                      0.091057    0.000000   20.062521 ^ clkbuf_0_clk/A (sky130_fd_sc_hd__clkbuf_16)
     8    0.082146    0.098721    0.189527   20.252048 ^ clkbuf_0_clk/X (sky130_fd_sc_hd__clkbuf_16)
                                                         clknet_0_clk (net)
                      0.098744    0.001503   20.253550 ^ clkbuf_3_2__f_clk/A (sky130_fd_sc_hd__clkbuf_16)
     8    0.023860    0.045280    0.148692   20.402243 ^ clkbuf_3_2__f_clk/X (sky130_fd_sc_hd__clkbuf_16)
                                                         clknet_3_2__leaf_clk (net)
                      0.045295    0.000743   20.402985 ^ _1627_/CLK (sky130_fd_sc_hd__dfxtp_2)
                                 -0.250000   20.152987   clock uncertainty
                                  0.000000   20.152987   clock reconvergence pessimism
                                 -0.167131   19.985855   library setup time
                                             19.985855   data required time
---------------------------------------------------------------------------------------------
                                             19.985855   data required time
                                             -1.286234   data arrival time
---------------------------------------------------------------------------------------------
                                             18.699619   slack (MET)


Startpoint: _1636_ (rising edge-triggered flip-flop clocked by clk)
Endpoint: _1635_ (rising edge-triggered flip-flop clocked by clk)
Path Group: clk
Path Type: max

Fanout         Cap        Slew       Delay        Time   Description
---------------------------------------------------------------------------------------------
                                  0.000000    0.000000   clock clk (rise edge)
                                  0.000000    0.000000   clock source latency
     1    0.018955    0.091051    0.062520    0.062520 ^ clk (in)
                                                         clk (net)
                      0.091057    0.000000    0.062520 ^ clkbuf_0_clk/A (sky130_fd_sc_hd__clkbuf_16)
     8    0.082146    0.098721    0.189527    0.252047 ^ clkbuf_0_clk/X (sky130_fd_sc_hd__clkbuf_16)
                                                         clknet_0_clk (net)
                      0.098760    0.001858    0.253906 ^ clkbuf_3_7__f_clk/A (sky130_fd_sc_hd__clkbuf_16)
     8    0.026342    0.047567    0.150940    0.404846 ^ clkbuf_3_7__f_clk/X (sky130_fd_sc_hd__clkbuf_16)
                                                         clknet_3_7__leaf_clk (net)
                      0.047589    0.000932    0.405778 ^ _1636_/CLK (sky130_fd_sc_hd__dfxtp_2)
     1    0.001761    0.020488    0.298954    0.704732 v _1636_/Q (sky130_fd_sc_hd__dfxtp_2)
                                                         u_rst_sync.rst_ff1 (net)
                      0.020488    0.000014    0.704746 v hold82/A (sky130_fd_sc_hd__dlygate4sd3_1)
     1    0.002441    0.051085    0.535490    1.240237 v hold82/X (sky130_fd_sc_hd__dlygate4sd3_1)
                                                         net82 (net)
                      0.051085    0.000025    1.240262 v _1635_/D (sky130_fd_sc_hd__dfxtp_2)
                                              1.240262   data arrival time

                                 20.000000   20.000000   clock clk (rise edge)
                                  0.000000   20.000000   clock source latency
     1    0.018955    0.091051    0.062521   20.062521 ^ clk (in)
                                                         clk (net)
                      0.091057    0.000000   20.062521 ^ clkbuf_0_clk/A (sky130_fd_sc_hd__clkbuf_16)
     8    0.082146    0.098721    0.189527   20.252048 ^ clkbuf_0_clk/X (sky130_fd_sc_hd__clkbuf_16)
                                                         clknet_0_clk (net)
                      0.098760    0.001849   20.253897 ^ clkbuf_3_6__f_clk/A (sky130_fd_sc_hd__clkbuf_16)
     8    0.023487    0.044949    0.148317   20.402214 ^ clkbuf_3_6__f_clk/X (sky130_fd_sc_hd__clkbuf_16)
                                                         clknet_3_6__leaf_clk (net)
                      0.044957    0.000583   20.402796 ^ _1635_/CLK (sky130_fd_sc_hd__dfxtp_2)
                                 -0.250000   20.152798   clock uncertainty
                                  0.000000   20.152798   clock reconvergence pessimism
                                 -0.115551   20.037247   library setup time
                                             20.037247   data required time
---------------------------------------------------------------------------------------------
                                             20.037247   data required time
                                             -1.240262   data arrival time
---------------------------------------------------------------------------------------------
                                             18.796986   slack (MET)



