
===========================================================================
report_checks -path_delay max (Setup)
============================================================================
======================= min_ff_n40C_1v95 Corner ===================================

Startpoint: uio_in[1] (input port clocked by clk)
Endpoint: _1621_ (rising edge-triggered flip-flop clocked by clk)
Path Group: clk
Path Type: max

Fanout         Cap        Slew       Delay        Time   Description
---------------------------------------------------------------------------------------------
                                  0.000000    0.000000   clock clk (rise edge)
                                  0.000000    0.000000   clock network delay (propagated)
                                  4.000000    4.000000 v input external delay
     1    0.003562    0.005848    0.002927    4.002927 v uio_in[1] (in)
                                                         uio_in[1] (net)
                      0.005848    0.000000    4.002927 v input11/A (sky130_fd_sc_hd__clkdlybuf4s25_1)
     8    0.025958    0.135677    0.236489    4.239416 v input11/X (sky130_fd_sc_hd__clkdlybuf4s25_1)
                                                         net11 (net)
                      0.135679    0.000636    4.240052 v _0797_/A (sky130_fd_sc_hd__nor2_2)
     3    0.009626    0.095671    0.136188    4.376240 ^ _0797_/Y (sky130_fd_sc_hd__nor2_2)
                                                         _0070_ (net)
                      0.095671    0.000067    4.376307 ^ _0802_/C (sky130_fd_sc_hd__and3_2)
     1    0.007896    0.044663    0.125696    4.502002 ^ _0802_/X (sky130_fd_sc_hd__and3_2)
                                                         _0073_ (net)
                      0.044663    0.000087    4.502090 ^ fanout28/A (sky130_fd_sc_hd__clkdlybuf4s25_1)
    10    0.047006    0.352621    0.386628    4.888717 ^ fanout28/X (sky130_fd_sc_hd__clkdlybuf4s25_1)
                                                         net28 (net)
                      0.352639    0.002133    4.890851 ^ fanout27/A (sky130_fd_sc_hd__clkdlybuf4s25_1)
    10    0.042592    0.320708    0.395582    5.286433 ^ fanout27/X (sky130_fd_sc_hd__clkdlybuf4s25_1)
                                                         net27 (net)
                      0.320710    0.001412    5.287845 ^ fanout26/A (sky130_fd_sc_hd__clkdlybuf4s25_1)
    10    0.039466    0.297797    0.379335    5.667180 ^ fanout26/X (sky130_fd_sc_hd__clkdlybuf4s25_1)
                                                         net26 (net)
                      0.297797    0.000726    5.667906 ^ _1473_/B1_N (sky130_fd_sc_hd__a21bo_2)
     1    0.003898    0.027526    0.120300    5.788206 v _1473_/X (sky130_fd_sc_hd__a21bo_2)
                                                         _0718_ (net)
                      0.027526    0.000044    5.788249 v fanout16/A (sky130_fd_sc_hd__clkdlybuf4s25_1)
     5    0.024647    0.129143    0.239789    6.028038 v fanout16/X (sky130_fd_sc_hd__clkdlybuf4s25_1)
                                                         net16 (net)
                      0.129143    0.000114    6.028152 v fanout14/A (sky130_fd_sc_hd__clkdlybuf4s25_1)
    10    0.040433    0.205516    0.335352    6.363504 v fanout14/X (sky130_fd_sc_hd__clkdlybuf4s25_1)
                                                         net14 (net)
                      0.205516    0.000560    6.364065 v _1555_/B1 (sky130_fd_sc_hd__a21o_2)
     1    0.003375    0.025610    0.146223    6.510288 v _1555_/X (sky130_fd_sc_hd__a21o_2)
                                                         _0779_ (net)
                      0.025610    0.000040    6.510328 v _1556_/C1 (sky130_fd_sc_hd__o211a_2)
     1    0.002956    0.030759    0.068309    6.578637 v _1556_/X (sky130_fd_sc_hd__o211a_2)
                                                         _0049_ (net)
                      0.030759    0.000035    6.578671 v _1621_/D (sky130_fd_sc_hd__dfxtp_2)
                                              6.578671   data arrival time

                                 20.000000   20.000000   clock clk (rise edge)
                                  0.000000   20.000000   clock source latency
     1    0.019024    0.068474    0.046761   20.046761 ^ clk (in)
                                                         clk (net)
                      0.068482    0.000000   20.046761 ^ clkbuf_0_clk/A (sky130_fd_sc_hd__clkbuf_16)
     8    0.082698    0.076007    0.130427   20.177189 ^ clkbuf_0_clk/X (sky130_fd_sc_hd__clkbuf_16)
                                                         clknet_0_clk (net)
                      0.076099    0.001673   20.178862 ^ clkbuf_3_0__f_clk/A (sky130_fd_sc_hd__clkbuf_16)
     8    0.023710    0.034074    0.099504   20.278366 ^ clkbuf_3_0__f_clk/X (sky130_fd_sc_hd__clkbuf_16)
                                                         clknet_3_0__leaf_clk (net)
                      0.034084    0.000391   20.278757 ^ _1621_/CLK (sky130_fd_sc_hd__dfxtp_2)
                                 -0.250000   20.028757   clock uncertainty
                                  0.000000   20.028757   clock reconvergence pessimism
                                 -0.070580   19.958178   library setup time
                                             19.958178   data required time
---------------------------------------------------------------------------------------------
                                             19.958178   data required time
                                             -6.578671   data arrival time
---------------------------------------------------------------------------------------------
                                             13.379506   slack (MET)


Startpoint: uio_in[1] (input port clocked by clk)
Endpoint: _1619_ (rising edge-triggered flip-flop clocked by clk)
Path Group: clk
Path Type: max

Fanout         Cap        Slew       Delay        Time   Description
---------------------------------------------------------------------------------------------
                                  0.000000    0.000000   clock clk (rise edge)
                                  0.000000    0.000000   clock network delay (propagated)
                                  4.000000    4.000000 v input external delay
     1    0.003562    0.005848    0.002927    4.002927 v uio_in[1] (in)
                                                         uio_in[1] (net)
                      0.005848    0.000000    4.002927 v input11/A (sky130_fd_sc_hd__clkdlybuf4s25_1)
     8    0.025958    0.135677    0.236489    4.239416 v input11/X (sky130_fd_sc_hd__clkdlybuf4s25_1)
                                                         net11 (net)
                      0.135679    0.000636    4.240052 v _0797_/A (sky130_fd_sc_hd__nor2_2)
     3    0.009626    0.095671    0.136188    4.376240 ^ _0797_/Y (sky130_fd_sc_hd__nor2_2)
                                                         _0070_ (net)
                      0.095671    0.000067    4.376307 ^ _0802_/C (sky130_fd_sc_hd__and3_2)
     1    0.007896    0.044663    0.125696    4.502002 ^ _0802_/X (sky130_fd_sc_hd__and3_2)
                                                         _0073_ (net)
                      0.044663    0.000087    4.502090 ^ fanout28/A (sky130_fd_sc_hd__clkdlybuf4s25_1)
    10    0.047006    0.352621    0.386628    4.888717 ^ fanout28/X (sky130_fd_sc_hd__clkdlybuf4s25_1)
                                                         net28 (net)
                      0.352639    0.002133    4.890851 ^ fanout27/A (sky130_fd_sc_hd__clkdlybuf4s25_1)
    10    0.042592    0.320708    0.395582    5.286433 ^ fanout27/X (sky130_fd_sc_hd__clkdlybuf4s25_1)
                                                         net27 (net)
                      0.320710    0.001412    5.287845 ^ fanout26/A (sky130_fd_sc_hd__clkdlybuf4s25_1)
    10    0.039466    0.297797    0.379335    5.667180 ^ fanout26/X (sky130_fd_sc_hd__clkdlybuf4s25_1)
                                                         net26 (net)
                      0.297797    0.000726    5.667906 ^ _1473_/B1_N (sky130_fd_sc_hd__a21bo_2)
     1    0.003898    0.027526    0.120300    5.788206 v _1473_/X (sky130_fd_sc_hd__a21bo_2)
                                                         _0718_ (net)
                      0.027526    0.000044    5.788249 v fanout16/A (sky130_fd_sc_hd__clkdlybuf4s25_1)
     5    0.024647    0.129143    0.239789    6.028038 v fanout16/X (sky130_fd_sc_hd__clkdlybuf4s25_1)
                                                         net16 (net)
                      0.129143    0.000114    6.028152 v fanout14/A (sky130_fd_sc_hd__clkdlybuf4s25_1)
    10    0.040433    0.205516    0.335352    6.363504 v fanout14/X (sky130_fd_sc_hd__clkdlybuf4s25_1)
                                                         net14 (net)
                      0.205517    0.000681    6.364186 v _1548_/B1 (sky130_fd_sc_hd__a21o_2)
     1    0.003709    0.026292    0.147210    6.511396 v _1548_/X (sky130_fd_sc_hd__a21o_2)
                                                         _0774_ (net)
                      0.026292    0.000048    6.511445 v _1549_/C1 (sky130_fd_sc_hd__o211a_2)
     1    0.002159    0.029136    0.066607    6.578051 v _1549_/X (sky130_fd_sc_hd__o211a_2)
                                                         _0047_ (net)
                      0.029136    0.000020    6.578071 v _1619_/D (sky130_fd_sc_hd__dfxtp_2)
                                              6.578071   data arrival time

                                 20.000000   20.000000   clock clk (rise edge)
                                  0.000000   20.000000   clock source latency
     1    0.019024    0.068474    0.046761   20.046761 ^ clk (in)
                                                         clk (net)
                      0.068482    0.000000   20.046761 ^ clkbuf_0_clk/A (sky130_fd_sc_hd__clkbuf_16)
     8    0.082698    0.076007    0.130427   20.177189 ^ clkbuf_0_clk/X (sky130_fd_sc_hd__clkbuf_16)
                                                         clknet_0_clk (net)
                      0.076099    0.001673   20.178862 ^ clkbuf_3_0__f_clk/A (sky130_fd_sc_hd__clkbuf_16)
     8    0.023710    0.034074    0.099504   20.278366 ^ clkbuf_3_0__f_clk/X (sky130_fd_sc_hd__clkbuf_16)
                                                         clknet_3_0__leaf_clk (net)
                      0.034084    0.000398   20.278765 ^ _1619_/CLK (sky130_fd_sc_hd__dfxtp_2)
                                 -0.250000   20.028765   clock uncertainty
                                  0.000000   20.028765   clock reconvergence pessimism
                                 -0.070001   19.958765   library setup time
                                             19.958765   data required time
---------------------------------------------------------------------------------------------
                                             19.958765   data required time
                                             -6.578071   data arrival time
---------------------------------------------------------------------------------------------
                                             13.380693   slack (MET)


Startpoint: uio_in[1] (input port clocked by clk)
Endpoint: _1622_ (rising edge-triggered flip-flop clocked by clk)
Path Group: clk
Path Type: max

Fanout         Cap        Slew       Delay        Time   Description
---------------------------------------------------------------------------------------------
                                  0.000000    0.000000   clock clk (rise edge)
                                  0.000000    0.000000   clock network delay (propagated)
                                  4.000000    4.000000 v input external delay
     1    0.003562    0.005848    0.002927    4.002927 v uio_in[1] (in)
                                                         uio_in[1] (net)
                      0.005848    0.000000    4.002927 v input11/A (sky130_fd_sc_hd__clkdlybuf4s25_1)
     8    0.025958    0.135677    0.236489    4.239416 v input11/X (sky130_fd_sc_hd__clkdlybuf4s25_1)
                                                         net11 (net)
                      0.135679    0.000636    4.240052 v _0797_/A (sky130_fd_sc_hd__nor2_2)
     3    0.009626    0.095671    0.136188    4.376240 ^ _0797_/Y (sky130_fd_sc_hd__nor2_2)
                                                         _0070_ (net)
                      0.095671    0.000067    4.376307 ^ _0802_/C (sky130_fd_sc_hd__and3_2)
     1    0.007896    0.044663    0.125696    4.502002 ^ _0802_/X (sky130_fd_sc_hd__and3_2)
                                                         _0073_ (net)
                      0.044663    0.000087    4.502090 ^ fanout28/A (sky130_fd_sc_hd__clkdlybuf4s25_1)
    10    0.047006    0.352621    0.386628    4.888717 ^ fanout28/X (sky130_fd_sc_hd__clkdlybuf4s25_1)
                                                         net28 (net)
                      0.352639    0.002133    4.890851 ^ fanout27/A (sky130_fd_sc_hd__clkdlybuf4s25_1)
    10    0.042592    0.320708    0.395582    5.286433 ^ fanout27/X (sky130_fd_sc_hd__clkdlybuf4s25_1)
                                                         net27 (net)
                      0.320710    0.001412    5.287845 ^ fanout26/A (sky130_fd_sc_hd__clkdlybuf4s25_1)
    10    0.039466    0.297797    0.379335    5.667180 ^ fanout26/X (sky130_fd_sc_hd__clkdlybuf4s25_1)
                                                         net26 (net)
                      0.297797    0.000726    5.667906 ^ _1473_/B1_N (sky130_fd_sc_hd__a21bo_2)
     1    0.003898    0.027526    0.120300    5.788206 v _1473_/X (sky130_fd_sc_hd__a21bo_2)
                                                         _0718_ (net)
                      0.027526    0.000044    5.788249 v fanout16/A (sky130_fd_sc_hd__clkdlybuf4s25_1)
     5    0.024647    0.129143    0.239789    6.028038 v fanout16/X (sky130_fd_sc_hd__clkdlybuf4s25_1)
                                                         net16 (net)
                      0.129143    0.000114    6.028152 v fanout14/A (sky130_fd_sc_hd__clkdlybuf4s25_1)
    10    0.040433    0.205516    0.335352    6.363504 v fanout14/X (sky130_fd_sc_hd__clkdlybuf4s25_1)
                                                         net14 (net)
                      0.205516    0.000439    6.363944 v _1558_/B1 (sky130_fd_sc_hd__a31o_2)
     1    0.003781    0.029739    0.145590    6.509533 v _1558_/X (sky130_fd_sc_hd__a31o_2)
                                                         _0781_ (net)
                      0.029739    0.000052    6.509585 v _1559_/C1 (sky130_fd_sc_hd__o211a_2)
     1    0.002105    0.029024    0.067876    6.577461 v _1559_/X (sky130_fd_sc_hd__o211a_2)
                                                         _0050_ (net)
                      0.029024    0.000011    6.577472 v _1622_/D (sky130_fd_sc_hd__dfxtp_2)
                                              6.577472   data arrival time

                                 20.000000   20.000000   clock clk (rise edge)
                                  0.000000   20.000000   clock source latency
     1    0.019024    0.068474    0.046761   20.046761 ^ clk (in)
                                                         clk (net)
                      0.068482    0.000000   20.046761 ^ clkbuf_0_clk/A (sky130_fd_sc_hd__clkbuf_16)
     8    0.082698    0.076007    0.130427   20.177189 ^ clkbuf_0_clk/X (sky130_fd_sc_hd__clkbuf_16)
                                                         clknet_0_clk (net)
                      0.076099    0.001673   20.178862 ^ clkbuf_3_0__f_clk/A (sky130_fd_sc_hd__clkbuf_16)
     8    0.023710    0.034074    0.099504   20.278366 ^ clkbuf_3_0__f_clk/X (sky130_fd_sc_hd__clkbuf_16)
                                                         clknet_3_0__leaf_clk (net)
                      0.034077    0.000187   20.278553 ^ _1622_/CLK (sky130_fd_sc_hd__dfxtp_2)
                                 -0.250000   20.028553   clock uncertainty
                                  0.000000   20.028553   clock reconvergence pessimism
                                 -0.069961   19.958591   library setup time
                                             19.958591   data required time
---------------------------------------------------------------------------------------------
                                             19.958591   data required time
                                             -6.577472   data arrival time
---------------------------------------------------------------------------------------------
                                             13.381120   slack (MET)


Startpoint: uio_in[1] (input port clocked by clk)
Endpoint: _1610_ (rising edge-triggered flip-flop clocked by clk)
Path Group: clk
Path Type: max

Fanout         Cap        Slew       Delay        Time   Description
---------------------------------------------------------------------------------------------
                                  0.000000    0.000000   clock clk (rise edge)
                                  0.000000    0.000000   clock network delay (propagated)
                                  4.000000    4.000000 v input external delay
     1    0.003562    0.005848    0.002927    4.002927 v uio_in[1] (in)
                                                         uio_in[1] (net)
                      0.005848    0.000000    4.002927 v input11/A (sky130_fd_sc_hd__clkdlybuf4s25_1)
     8    0.025958    0.135677    0.236489    4.239416 v input11/X (sky130_fd_sc_hd__clkdlybuf4s25_1)
                                                         net11 (net)
                      0.135679    0.000636    4.240052 v _0797_/A (sky130_fd_sc_hd__nor2_2)
     3    0.009626    0.095671    0.136188    4.376240 ^ _0797_/Y (sky130_fd_sc_hd__nor2_2)
                                                         _0070_ (net)
                      0.095671    0.000067    4.376307 ^ _0802_/C (sky130_fd_sc_hd__and3_2)
     1    0.007896    0.044663    0.125696    4.502002 ^ _0802_/X (sky130_fd_sc_hd__and3_2)
                                                         _0073_ (net)
                      0.044663    0.000087    4.502090 ^ fanout28/A (sky130_fd_sc_hd__clkdlybuf4s25_1)
    10    0.047006    0.352621    0.386628    4.888717 ^ fanout28/X (sky130_fd_sc_hd__clkdlybuf4s25_1)
                                                         net28 (net)
                      0.352639    0.002133    4.890851 ^ fanout27/A (sky130_fd_sc_hd__clkdlybuf4s25_1)
    10    0.042592    0.320708    0.395582    5.286433 ^ fanout27/X (sky130_fd_sc_hd__clkdlybuf4s25_1)
                                                         net27 (net)
                      0.320710    0.001412    5.287845 ^ fanout26/A (sky130_fd_sc_hd__clkdlybuf4s25_1)
    10    0.039466    0.297797    0.379335    5.667180 ^ fanout26/X (sky130_fd_sc_hd__clkdlybuf4s25_1)
                                                         net26 (net)
                      0.297797    0.000726    5.667906 ^ _1473_/B1_N (sky130_fd_sc_hd__a21bo_2)
     1    0.003898    0.027526    0.120300    5.788206 v _1473_/X (sky130_fd_sc_hd__a21bo_2)
                                                         _0718_ (net)
                      0.027526    0.000044    5.788249 v fanout16/A (sky130_fd_sc_hd__clkdlybuf4s25_1)
     5    0.024647    0.129143    0.239789    6.028038 v fanout16/X (sky130_fd_sc_hd__clkdlybuf4s25_1)
                                                         net16 (net)
                      0.129143    0.000114    6.028152 v fanout14/A (sky130_fd_sc_hd__clkdlybuf4s25_1)
    10    0.040433    0.205516    0.335352    6.363504 v fanout14/X (sky130_fd_sc_hd__clkdlybuf4s25_1)
                                                         net14 (net)
                      0.205518    0.000933    6.364437 v _1510_/B1 (sky130_fd_sc_hd__a21o_2)
     1    0.003199    0.025256    0.145707    6.510144 v _1510_/X (sky130_fd_sc_hd__a21o_2)
                                                         _0745_ (net)
                      0.025256    0.000035    6.510179 v _1511_/C1 (sky130_fd_sc_hd__o211a_2)
     1    0.002278    0.029487    0.066482    6.576661 v _1511_/X (sky130_fd_sc_hd__o211a_2)
                                                         _0038_ (net)
                      0.029487    0.000021    6.576683 v _1610_/D (sky130_fd_sc_hd__dfxtp_2)
                                              6.576683   data arrival time

                                 20.000000   20.000000   clock clk (rise edge)
                                  0.000000   20.000000   clock source latency
     1    0.019024    0.068474    0.046761   20.046761 ^ clk (in)
                                                         clk (net)
                      0.068482    0.000000   20.046761 ^ clkbuf_0_clk/A (sky130_fd_sc_hd__clkbuf_16)
     8    0.082698    0.076007    0.130427   20.177189 ^ clkbuf_0_clk/X (sky130_fd_sc_hd__clkbuf_16)
                                                         clknet_0_clk (net)
                      0.076097    0.001647   20.178835 ^ clkbuf_3_1__f_clk/A (sky130_fd_sc_hd__clkbuf_16)
     8    0.023329    0.033822    0.099293   20.278128 ^ clkbuf_3_1__f_clk/X (sky130_fd_sc_hd__clkbuf_16)
                                                         clknet_3_1__leaf_clk (net)
                      0.033827    0.000137   20.278265 ^ _1610_/CLK (sky130_fd_sc_hd__dfxtp_2)
                                 -0.250000   20.028265   clock uncertainty
                                  0.000000   20.028265   clock reconvergence pessimism
                                 -0.070151   19.958117   library setup time
                                             19.958117   data required time
---------------------------------------------------------------------------------------------
                                             19.958117   data required time
                                             -6.576683   data arrival time
---------------------------------------------------------------------------------------------
                                             13.381433   slack (MET)


Startpoint: uio_in[1] (input port clocked by clk)
Endpoint: _1620_ (rising edge-triggered flip-flop clocked by clk)
Path Group: clk
Path Type: max

Fanout         Cap        Slew       Delay        Time   Description
---------------------------------------------------------------------------------------------
                                  0.000000    0.000000   clock clk (rise edge)
                                  0.000000    0.000000   clock network delay (propagated)
                                  4.000000    4.000000 v input external delay
     1    0.003562    0.005848    0.002927    4.002927 v uio_in[1] (in)
                                                         uio_in[1] (net)
                      0.005848    0.000000    4.002927 v input11/A (sky130_fd_sc_hd__clkdlybuf4s25_1)
     8    0.025958    0.135677    0.236489    4.239416 v input11/X (sky130_fd_sc_hd__clkdlybuf4s25_1)
                                                         net11 (net)
                      0.135679    0.000636    4.240052 v _0797_/A (sky130_fd_sc_hd__nor2_2)
     3    0.009626    0.095671    0.136188    4.376240 ^ _0797_/Y (sky130_fd_sc_hd__nor2_2)
                                                         _0070_ (net)
                      0.095671    0.000067    4.376307 ^ _0802_/C (sky130_fd_sc_hd__and3_2)
     1    0.007896    0.044663    0.125696    4.502002 ^ _0802_/X (sky130_fd_sc_hd__and3_2)
                                                         _0073_ (net)
                      0.044663    0.000087    4.502090 ^ fanout28/A (sky130_fd_sc_hd__clkdlybuf4s25_1)
    10    0.047006    0.352621    0.386628    4.888717 ^ fanout28/X (sky130_fd_sc_hd__clkdlybuf4s25_1)
                                                         net28 (net)
                      0.352639    0.002133    4.890851 ^ fanout27/A (sky130_fd_sc_hd__clkdlybuf4s25_1)
    10    0.042592    0.320708    0.395582    5.286433 ^ fanout27/X (sky130_fd_sc_hd__clkdlybuf4s25_1)
                                                         net27 (net)
                      0.320710    0.001412    5.287845 ^ fanout26/A (sky130_fd_sc_hd__clkdlybuf4s25_1)
    10    0.039466    0.297797    0.379335    5.667180 ^ fanout26/X (sky130_fd_sc_hd__clkdlybuf4s25_1)
                                                         net26 (net)
                      0.297797    0.000726    5.667906 ^ _1473_/B1_N (sky130_fd_sc_hd__a21bo_2)
     1    0.003898    0.027526    0.120300    5.788206 v _1473_/X (sky130_fd_sc_hd__a21bo_2)
                                                         _0718_ (net)
                      0.027526    0.000044    5.788249 v fanout16/A (sky130_fd_sc_hd__clkdlybuf4s25_1)
     5    0.024647    0.129143    0.239789    6.028038 v fanout16/X (sky130_fd_sc_hd__clkdlybuf4s25_1)
                                                         net16 (net)
                      0.129143    0.000114    6.028152 v fanout14/A (sky130_fd_sc_hd__clkdlybuf4s25_1)
    10    0.040433    0.205516    0.335352    6.363504 v fanout14/X (sky130_fd_sc_hd__clkdlybuf4s25_1)
                                                         net14 (net)
                      0.205516    0.000590    6.364094 v _1551_/B1 (sky130_fd_sc_hd__a31o_2)
     1    0.002822    0.027599    0.142772    6.506866 v _1551_/X (sky130_fd_sc_hd__a31o_2)
                                                         _0776_ (net)
                      0.027599    0.000027    6.506893 v _1552_/C1 (sky130_fd_sc_hd__o211a_2)
     1    0.002791    0.030425    0.068707    6.575600 v _1552_/X (sky130_fd_sc_hd__o211a_2)
                                                         _0048_ (net)
                      0.030425    0.000032    6.575631 v _1620_/D (sky130_fd_sc_hd__dfxtp_2)
                                              6.575631   data arrival time

                                 20.000000   20.000000   clock clk (rise edge)
                                  0.000000   20.000000   clock source latency
     1    0.019024    0.068474    0.046761   20.046761 ^ clk (in)
                                                         clk (net)
                      0.068482    0.000000   20.046761 ^ clkbuf_0_clk/A (sky130_fd_sc_hd__clkbuf_16)
     8    0.082698    0.076007    0.130427   20.177189 ^ clkbuf_0_clk/X (sky130_fd_sc_hd__clkbuf_16)
                                                         clknet_0_clk (net)
                      0.076099    0.001673   20.178862 ^ clkbuf_3_0__f_clk/A (sky130_fd_sc_hd__clkbuf_16)
     8    0.023710    0.034074    0.099504   20.278366 ^ clkbuf_3_0__f_clk/X (sky130_fd_sc_hd__clkbuf_16)
                                                         clknet_3_0__leaf_clk (net)
                      0.034085    0.000412   20.278778 ^ _1620_/CLK (sky130_fd_sc_hd__dfxtp_2)
                                 -0.250000   20.028780   clock uncertainty
                                  0.000000   20.028780   clock reconvergence pessimism
                                 -0.070461   19.958319   library setup time
                                             19.958319   data required time
---------------------------------------------------------------------------------------------
                                             19.958319   data required time
                                             -6.575631   data arrival time
---------------------------------------------------------------------------------------------
                                             13.382688   slack (MET)


Startpoint: uio_in[1] (input port clocked by clk)
Endpoint: _1615_ (rising edge-triggered flip-flop clocked by clk)
Path Group: clk
Path Type: max

Fanout         Cap        Slew       Delay        Time   Description
---------------------------------------------------------------------------------------------
                                  0.000000    0.000000   clock clk (rise edge)
                                  0.000000    0.000000   clock network delay (propagated)
                                  4.000000    4.000000 v input external delay
     1    0.003562    0.005848    0.002927    4.002927 v uio_in[1] (in)
                                                         uio_in[1] (net)
                      0.005848    0.000000    4.002927 v input11/A (sky130_fd_sc_hd__clkdlybuf4s25_1)
     8    0.025958    0.135677    0.236489    4.239416 v input11/X (sky130_fd_sc_hd__clkdlybuf4s25_1)
                                                         net11 (net)
                      0.135679    0.000636    4.240052 v _0797_/A (sky130_fd_sc_hd__nor2_2)
     3    0.009626    0.095671    0.136188    4.376240 ^ _0797_/Y (sky130_fd_sc_hd__nor2_2)
                                                         _0070_ (net)
                      0.095671    0.000067    4.376307 ^ _0802_/C (sky130_fd_sc_hd__and3_2)
     1    0.007896    0.044663    0.125696    4.502002 ^ _0802_/X (sky130_fd_sc_hd__and3_2)
                                                         _0073_ (net)
                      0.044663    0.000087    4.502090 ^ fanout28/A (sky130_fd_sc_hd__clkdlybuf4s25_1)
    10    0.047006    0.352621    0.386628    4.888717 ^ fanout28/X (sky130_fd_sc_hd__clkdlybuf4s25_1)
                                                         net28 (net)
                      0.352639    0.002133    4.890851 ^ fanout27/A (sky130_fd_sc_hd__clkdlybuf4s25_1)
    10    0.042592    0.320708    0.395582    5.286433 ^ fanout27/X (sky130_fd_sc_hd__clkdlybuf4s25_1)
                                                         net27 (net)
                      0.320710    0.001412    5.287845 ^ fanout26/A (sky130_fd_sc_hd__clkdlybuf4s25_1)
    10    0.039466    0.297797    0.379335    5.667180 ^ fanout26/X (sky130_fd_sc_hd__clkdlybuf4s25_1)
                                                         net26 (net)
                      0.297797    0.000726    5.667906 ^ _1473_/B1_N (sky130_fd_sc_hd__a21bo_2)
     1    0.003898    0.027526    0.120300    5.788206 v _1473_/X (sky130_fd_sc_hd__a21bo_2)
                                                         _0718_ (net)
                      0.027526    0.000044    5.788249 v fanout16/A (sky130_fd_sc_hd__clkdlybuf4s25_1)
     5    0.024647    0.129143    0.239789    6.028038 v fanout16/X (sky130_fd_sc_hd__clkdlybuf4s25_1)
                                                         net16 (net)
                      0.129143    0.000114    6.028152 v fanout14/A (sky130_fd_sc_hd__clkdlybuf4s25_1)
    10    0.040433    0.205516    0.335352    6.363504 v fanout14/X (sky130_fd_sc_hd__clkdlybuf4s25_1)
                                                         net14 (net)
                      0.205518    0.000934    6.364439 v _1532_/B1 (sky130_fd_sc_hd__a21o_2)
     1    0.002879    0.024622    0.144762    6.509201 v _1532_/X (sky130_fd_sc_hd__a21o_2)
                                                         _0762_ (net)
                      0.024622    0.000028    6.509228 v _1533_/C1 (sky130_fd_sc_hd__o211a_2)
     1    0.002215    0.029530    0.066068    6.575297 v _1533_/X (sky130_fd_sc_hd__o211a_2)
                                                         _0043_ (net)
                      0.029530    0.000020    6.575317 v _1615_/D (sky130_fd_sc_hd__dfxtp_2)
                                              6.575317   data arrival time

                                 20.000000   20.000000   clock clk (rise edge)
                                  0.000000   20.000000   clock source latency
     1    0.019024    0.068474    0.046761   20.046761 ^ clk (in)
                                                         clk (net)
                      0.068482    0.000000   20.046761 ^ clkbuf_0_clk/A (sky130_fd_sc_hd__clkbuf_16)
     8    0.082698    0.076007    0.130427   20.177189 ^ clkbuf_0_clk/X (sky130_fd_sc_hd__clkbuf_16)
                                                         clknet_0_clk (net)
                      0.076097    0.001647   20.178835 ^ clkbuf_3_1__f_clk/A (sky130_fd_sc_hd__clkbuf_16)
     8    0.023329    0.033822    0.099293   20.278128 ^ clkbuf_3_1__f_clk/X (sky130_fd_sc_hd__clkbuf_16)
                                                         clknet_3_1__leaf_clk (net)
                      0.033829    0.000213   20.278341 ^ _1615_/CLK (sky130_fd_sc_hd__dfxtp_2)
                                 -0.250000   20.028341   clock uncertainty
                                  0.000000   20.028341   clock reconvergence pessimism
                                 -0.070166   19.958176   library setup time
                                             19.958176   data required time
---------------------------------------------------------------------------------------------
                                             19.958176   data required time
                                             -6.575317   data arrival time
---------------------------------------------------------------------------------------------
                                             13.382859   slack (MET)


Startpoint: uio_in[1] (input port clocked by clk)
Endpoint: _1612_ (rising edge-triggered flip-flop clocked by clk)
Path Group: clk
Path Type: max

Fanout         Cap        Slew       Delay        Time   Description
---------------------------------------------------------------------------------------------
                                  0.000000    0.000000   clock clk (rise edge)
                                  0.000000    0.000000   clock network delay (propagated)
                                  4.000000    4.000000 v input external delay
     1    0.003562    0.005848    0.002927    4.002927 v uio_in[1] (in)
                                                         uio_in[1] (net)
                      0.005848    0.000000    4.002927 v input11/A (sky130_fd_sc_hd__clkdlybuf4s25_1)
     8    0.025958    0.135677    0.236489    4.239416 v input11/X (sky130_fd_sc_hd__clkdlybuf4s25_1)
                                                         net11 (net)
                      0.135679    0.000636    4.240052 v _0797_/A (sky130_fd_sc_hd__nor2_2)
     3    0.009626    0.095671    0.136188    4.376240 ^ _0797_/Y (sky130_fd_sc_hd__nor2_2)
                                                         _0070_ (net)
                      0.095671    0.000067    4.376307 ^ _0802_/C (sky130_fd_sc_hd__and3_2)
     1    0.007896    0.044663    0.125696    4.502002 ^ _0802_/X (sky130_fd_sc_hd__and3_2)
                                                         _0073_ (net)
                      0.044663    0.000087    4.502090 ^ fanout28/A (sky130_fd_sc_hd__clkdlybuf4s25_1)
    10    0.047006    0.352621    0.386628    4.888717 ^ fanout28/X (sky130_fd_sc_hd__clkdlybuf4s25_1)
                                                         net28 (net)
                      0.352639    0.002133    4.890851 ^ fanout27/A (sky130_fd_sc_hd__clkdlybuf4s25_1)
    10    0.042592    0.320708    0.395582    5.286433 ^ fanout27/X (sky130_fd_sc_hd__clkdlybuf4s25_1)
                                                         net27 (net)
                      0.320710    0.001412    5.287845 ^ fanout26/A (sky130_fd_sc_hd__clkdlybuf4s25_1)
    10    0.039466    0.297797    0.379335    5.667180 ^ fanout26/X (sky130_fd_sc_hd__clkdlybuf4s25_1)
                                                         net26 (net)
                      0.297797    0.000726    5.667906 ^ _1473_/B1_N (sky130_fd_sc_hd__a21bo_2)
     1    0.003898    0.027526    0.120300    5.788206 v _1473_/X (sky130_fd_sc_hd__a21bo_2)
                                                         _0718_ (net)
                      0.027526    0.000044    5.788249 v fanout16/A (sky130_fd_sc_hd__clkdlybuf4s25_1)
     5    0.024647    0.129143    0.239789    6.028038 v fanout16/X (sky130_fd_sc_hd__clkdlybuf4s25_1)
                                                         net16 (net)
                      0.129143    0.000114    6.028152 v fanout14/A (sky130_fd_sc_hd__clkdlybuf4s25_1)
    10    0.040433    0.205516    0.335352    6.363504 v fanout14/X (sky130_fd_sc_hd__clkdlybuf4s25_1)
                                                         net14 (net)
                      0.205518    0.000896    6.364401 v _1520_/B1 (sky130_fd_sc_hd__a21o_2)
     1    0.002559    0.024001    0.143822    6.508223 v _1520_/X (sky130_fd_sc_hd__a21o_2)
                                                         _0753_ (net)
                      0.024001    0.000010    6.508233 v _1521_/C1 (sky130_fd_sc_hd__o211a_2)
     1    0.002423    0.029784    0.066334    6.574567 v _1521_/X (sky130_fd_sc_hd__o211a_2)
                                                         _0040_ (net)
                      0.029784    0.000024    6.574590 v _1612_/D (sky130_fd_sc_hd__dfxtp_2)
                                              6.574590   data arrival time

                                 20.000000   20.000000   clock clk (rise edge)
                                  0.000000   20.000000   clock source latency
     1    0.019024    0.068474    0.046761   20.046761 ^ clk (in)
                                                         clk (net)
                      0.068482    0.000000   20.046761 ^ clkbuf_0_clk/A (sky130_fd_sc_hd__clkbuf_16)
     8    0.082698    0.076007    0.130427   20.177189 ^ clkbuf_0_clk/X (sky130_fd_sc_hd__clkbuf_16)
                                                         clknet_0_clk (net)
                      0.076097    0.001647   20.178835 ^ clkbuf_3_1__f_clk/A (sky130_fd_sc_hd__clkbuf_16)
     8    0.023329    0.033822    0.099293   20.278128 ^ clkbuf_3_1__f_clk/X (sky130_fd_sc_hd__clkbuf_16)
                                                         clknet_3_1__leaf_clk (net)
                      0.033828    0.000163   20.278292 ^ _1612_/CLK (sky130_fd_sc_hd__dfxtp_2)
                                 -0.250000   20.028292   clock uncertainty
                                  0.000000   20.028292   clock reconvergence pessimism
                                 -0.070257   19.958036   library setup time
                                             19.958036   data required time
---------------------------------------------------------------------------------------------
                                             19.958036   data required time
                                             -6.574590   data arrival time
---------------------------------------------------------------------------------------------
                                             13.383446   slack (MET)


Startpoint: uio_in[1] (input port clocked by clk)
Endpoint: _1618_ (rising edge-triggered flip-flop clocked by clk)
Path Group: clk
Path Type: max

Fanout         Cap        Slew       Delay        Time   Description
---------------------------------------------------------------------------------------------
                                  0.000000    0.000000   clock clk (rise edge)
                                  0.000000    0.000000   clock network delay (propagated)
                                  4.000000    4.000000 v input external delay
     1    0.003562    0.005848    0.002927    4.002927 v uio_in[1] (in)
                                                         uio_in[1] (net)
                      0.005848    0.000000    4.002927 v input11/A (sky130_fd_sc_hd__clkdlybuf4s25_1)
     8    0.025958    0.135677    0.236489    4.239416 v input11/X (sky130_fd_sc_hd__clkdlybuf4s25_1)
                                                         net11 (net)
                      0.135679    0.000636    4.240052 v _0797_/A (sky130_fd_sc_hd__nor2_2)
     3    0.009626    0.095671    0.136188    4.376240 ^ _0797_/Y (sky130_fd_sc_hd__nor2_2)
                                                         _0070_ (net)
                      0.095671    0.000067    4.376307 ^ _0802_/C (sky130_fd_sc_hd__and3_2)
     1    0.007896    0.044663    0.125696    4.502002 ^ _0802_/X (sky130_fd_sc_hd__and3_2)
                                                         _0073_ (net)
                      0.044663    0.000087    4.502090 ^ fanout28/A (sky130_fd_sc_hd__clkdlybuf4s25_1)
    10    0.047006    0.352621    0.386628    4.888717 ^ fanout28/X (sky130_fd_sc_hd__clkdlybuf4s25_1)
                                                         net28 (net)
                      0.352639    0.002133    4.890851 ^ fanout27/A (sky130_fd_sc_hd__clkdlybuf4s25_1)
    10    0.042592    0.320708    0.395582    5.286433 ^ fanout27/X (sky130_fd_sc_hd__clkdlybuf4s25_1)
                                                         net27 (net)
                      0.320710    0.001412    5.287845 ^ fanout26/A (sky130_fd_sc_hd__clkdlybuf4s25_1)
    10    0.039466    0.297797    0.379335    5.667180 ^ fanout26/X (sky130_fd_sc_hd__clkdlybuf4s25_1)
                                                         net26 (net)
                      0.297797    0.000726    5.667906 ^ _1473_/B1_N (sky130_fd_sc_hd__a21bo_2)
     1    0.003898    0.027526    0.120300    5.788206 v _1473_/X (sky130_fd_sc_hd__a21bo_2)
                                                         _0718_ (net)
                      0.027526    0.000044    5.788249 v fanout16/A (sky130_fd_sc_hd__clkdlybuf4s25_1)
     5    0.024647    0.129143    0.239789    6.028038 v fanout16/X (sky130_fd_sc_hd__clkdlybuf4s25_1)
                                                         net16 (net)
                      0.129143    0.000114    6.028152 v fanout14/A (sky130_fd_sc_hd__clkdlybuf4s25_1)
    10    0.040433    0.205516    0.335352    6.363504 v fanout14/X (sky130_fd_sc_hd__clkdlybuf4s25_1)
                                                         net14 (net)
                      0.205517    0.000693    6.364197 v _1544_/B1 (sky130_fd_sc_hd__a31o_2)
     1    0.002961    0.027886    0.143183    6.507380 v _1544_/X (sky130_fd_sc_hd__a31o_2)
                                                         _0771_ (net)
                      0.027886    0.000030    6.507410 v _1545_/C1 (sky130_fd_sc_hd__o211a_2)
     1    0.002350    0.029529    0.067730    6.575140 v _1545_/X (sky130_fd_sc_hd__o211a_2)
                                                         _0046_ (net)
                      0.029529    0.000023    6.575163 v _1618_/D (sky130_fd_sc_hd__dfxtp_2)
                                              6.575163   data arrival time

                                 20.000000   20.000000   clock clk (rise edge)
                                  0.000000   20.000000   clock source latency
     1    0.019024    0.068474    0.046761   20.046761 ^ clk (in)
                                                         clk (net)
                      0.068482    0.000000   20.046761 ^ clkbuf_0_clk/A (sky130_fd_sc_hd__clkbuf_16)
     8    0.082698    0.076007    0.130427   20.177189 ^ clkbuf_0_clk/X (sky130_fd_sc_hd__clkbuf_16)
                                                         clknet_0_clk (net)
                      0.076099    0.001673   20.178862 ^ clkbuf_3_0__f_clk/A (sky130_fd_sc_hd__clkbuf_16)
     8    0.023710    0.034074    0.099504   20.278366 ^ clkbuf_3_0__f_clk/X (sky130_fd_sc_hd__clkbuf_16)
                                                         clknet_3_0__leaf_clk (net)
                      0.034084    0.000407   20.278772 ^ _1618_/CLK (sky130_fd_sc_hd__dfxtp_2)
                                 -0.250000   20.028774   clock uncertainty
                                  0.000000   20.028774   clock reconvergence pessimism
                                 -0.070141   19.958633   library setup time
                                             19.958633   data required time
---------------------------------------------------------------------------------------------
                                             19.958633   data required time
                                             -6.575163   data arrival time
---------------------------------------------------------------------------------------------
                                             13.383470   slack (MET)


Startpoint: uio_in[1] (input port clocked by clk)
Endpoint: _1604_ (rising edge-triggered flip-flop clocked by clk)
Path Group: clk
Path Type: max

Fanout         Cap        Slew       Delay        Time   Description
---------------------------------------------------------------------------------------------
                                  0.000000    0.000000   clock clk (rise edge)
                                  0.000000    0.000000   clock network delay (propagated)
                                  4.000000    4.000000 v input external delay
     1    0.003562    0.005848    0.002927    4.002927 v uio_in[1] (in)
                                                         uio_in[1] (net)
                      0.005848    0.000000    4.002927 v input11/A (sky130_fd_sc_hd__clkdlybuf4s25_1)
     8    0.025958    0.135677    0.236489    4.239416 v input11/X (sky130_fd_sc_hd__clkdlybuf4s25_1)
                                                         net11 (net)
                      0.135679    0.000636    4.240052 v _0797_/A (sky130_fd_sc_hd__nor2_2)
     3    0.009626    0.095671    0.136188    4.376240 ^ _0797_/Y (sky130_fd_sc_hd__nor2_2)
                                                         _0070_ (net)
                      0.095671    0.000067    4.376307 ^ _0802_/C (sky130_fd_sc_hd__and3_2)
     1    0.007896    0.044663    0.125696    4.502002 ^ _0802_/X (sky130_fd_sc_hd__and3_2)
                                                         _0073_ (net)
                      0.044663    0.000087    4.502090 ^ fanout28/A (sky130_fd_sc_hd__clkdlybuf4s25_1)
    10    0.047006    0.352621    0.386628    4.888717 ^ fanout28/X (sky130_fd_sc_hd__clkdlybuf4s25_1)
                                                         net28 (net)
                      0.352639    0.002133    4.890851 ^ fanout27/A (sky130_fd_sc_hd__clkdlybuf4s25_1)
    10    0.042592    0.320708    0.395582    5.286433 ^ fanout27/X (sky130_fd_sc_hd__clkdlybuf4s25_1)
                                                         net27 (net)
                      0.320710    0.001412    5.287845 ^ fanout26/A (sky130_fd_sc_hd__clkdlybuf4s25_1)
    10    0.039466    0.297797    0.379335    5.667180 ^ fanout26/X (sky130_fd_sc_hd__clkdlybuf4s25_1)
                                                         net26 (net)
                      0.297797    0.000726    5.667906 ^ _1473_/B1_N (sky130_fd_sc_hd__a21bo_2)
     1    0.003898    0.027526    0.120300    5.788206 v _1473_/X (sky130_fd_sc_hd__a21bo_2)
                                                         _0718_ (net)
                      0.027526    0.000044    5.788249 v fanout16/A (sky130_fd_sc_hd__clkdlybuf4s25_1)
     5    0.024647    0.129143    0.239789    6.028038 v fanout16/X (sky130_fd_sc_hd__clkdlybuf4s25_1)
                                                         net16 (net)
                      0.129143    0.000453    6.028491 v fanout15/A (sky130_fd_sc_hd__clkdlybuf4s25_1)
    10    0.039139    0.199226    0.330696    6.359188 v fanout15/X (sky130_fd_sc_hd__clkdlybuf4s25_1)
                                                         net15 (net)
                      0.199230    0.001157    6.360345 v _1488_/B1 (sky130_fd_sc_hd__a31o_2)
     1    0.003809    0.029813    0.143556    6.503901 v _1488_/X (sky130_fd_sc_hd__a31o_2)
                                                         _0729_ (net)
                      0.029813    0.000054    6.503955 v _1489_/C1 (sky130_fd_sc_hd__o211a_2)
     1    0.002176    0.029448    0.068082    6.572037 v _1489_/X (sky130_fd_sc_hd__o211a_2)
                                                         _0032_ (net)
                      0.029448    0.000011    6.572048 v _1604_/D (sky130_fd_sc_hd__dfxtp_2)
                                              6.572048   data arrival time

                                 20.000000   20.000000   clock clk (rise edge)
                                  0.000000   20.000000   clock source latency
     1    0.019024    0.068474    0.046761   20.046761 ^ clk (in)
                                                         clk (net)
                      0.068482    0.000000   20.046761 ^ clkbuf_0_clk/A (sky130_fd_sc_hd__clkbuf_16)
     8    0.082698    0.076007    0.130427   20.177189 ^ clkbuf_0_clk/X (sky130_fd_sc_hd__clkbuf_16)
                                                         clknet_0_clk (net)
                      0.076088    0.001513   20.178701 ^ clkbuf_3_2__f_clk/A (sky130_fd_sc_hd__clkbuf_16)
     8    0.024444    0.034559    0.099908   20.278610 ^ clkbuf_3_2__f_clk/X (sky130_fd_sc_hd__clkbuf_16)
                                                         clknet_3_2__leaf_clk (net)
                      0.034559    0.000156   20.278767 ^ _1604_/CLK (sky130_fd_sc_hd__dfxtp_2)
                                 -0.250000   20.028767   clock uncertainty
                                  0.000000   20.028767   clock reconvergence pessimism
                                 -0.070066   19.958700   library setup time
                                             19.958700   data required time
---------------------------------------------------------------------------------------------
                                             19.958700   data required time
                                             -6.572048   data arrival time
---------------------------------------------------------------------------------------------
                                             13.386652   slack (MET)


Startpoint: uio_in[1] (input port clocked by clk)
Endpoint: _1601_ (rising edge-triggered flip-flop clocked by clk)
Path Group: clk
Path Type: max

Fanout         Cap        Slew       Delay        Time   Description
---------------------------------------------------------------------------------------------
                                  0.000000    0.000000   clock clk (rise edge)
                                  0.000000    0.000000   clock network delay (propagated)
                                  4.000000    4.000000 v input external delay
     1    0.003562    0.005848    0.002927    4.002927 v uio_in[1] (in)
                                                         uio_in[1] (net)
                      0.005848    0.000000    4.002927 v input11/A (sky130_fd_sc_hd__clkdlybuf4s25_1)
     8    0.025958    0.135677    0.236489    4.239416 v input11/X (sky130_fd_sc_hd__clkdlybuf4s25_1)
                                                         net11 (net)
                      0.135679    0.000636    4.240052 v _0797_/A (sky130_fd_sc_hd__nor2_2)
     3    0.009626    0.095671    0.136188    4.376240 ^ _0797_/Y (sky130_fd_sc_hd__nor2_2)
                                                         _0070_ (net)
                      0.095671    0.000067    4.376307 ^ _0802_/C (sky130_fd_sc_hd__and3_2)
     1    0.007896    0.044663    0.125696    4.502002 ^ _0802_/X (sky130_fd_sc_hd__and3_2)
                                                         _0073_ (net)
                      0.044663    0.000087    4.502090 ^ fanout28/A (sky130_fd_sc_hd__clkdlybuf4s25_1)
    10    0.047006    0.352621    0.386628    4.888717 ^ fanout28/X (sky130_fd_sc_hd__clkdlybuf4s25_1)
                                                         net28 (net)
                      0.352639    0.002133    4.890851 ^ fanout27/A (sky130_fd_sc_hd__clkdlybuf4s25_1)
    10    0.042592    0.320708    0.395582    5.286433 ^ fanout27/X (sky130_fd_sc_hd__clkdlybuf4s25_1)
                                                         net27 (net)
                      0.320710    0.001412    5.287845 ^ fanout26/A (sky130_fd_sc_hd__clkdlybuf4s25_1)
    10    0.039466    0.297797    0.379335    5.667180 ^ fanout26/X (sky130_fd_sc_hd__clkdlybuf4s25_1)
                                                         net26 (net)
                      0.297797    0.000726    5.667906 ^ _1473_/B1_N (sky130_fd_sc_hd__a21bo_2)
     1    0.003898    0.027526    0.120300    5.788206 v _1473_/X (sky130_fd_sc_hd__a21bo_2)
                                                         _0718_ (net)
                      0.027526    0.000044    5.788249 v fanout16/A (sky130_fd_sc_hd__clkdlybuf4s25_1)
     5    0.024647    0.129143    0.239789    6.028038 v fanout16/X (sky130_fd_sc_hd__clkdlybuf4s25_1)
                                                         net16 (net)
                      0.129143    0.000453    6.028491 v fanout15/A (sky130_fd_sc_hd__clkdlybuf4s25_1)
    10    0.039139    0.199226    0.330696    6.359188 v fanout15/X (sky130_fd_sc_hd__clkdlybuf4s25_1)
                                                         net15 (net)
                      0.199226    0.000257    6.359445 v _1479_/B1 (sky130_fd_sc_hd__a21o_2)
     1    0.003097    0.025074    0.143302    6.502747 v _1479_/X (sky130_fd_sc_hd__a21o_2)
                                                         _0723_ (net)
                      0.025074    0.000032    6.502779 v _1480_/C1 (sky130_fd_sc_hd__o211a_2)
     1    0.002909    0.030663    0.067979    6.570757 v _1480_/X (sky130_fd_sc_hd__o211a_2)
                                                         _0029_ (net)
                      0.030663    0.000023    6.570780 v _1601_/D (sky130_fd_sc_hd__dfxtp_2)
                                              6.570780   data arrival time

                                 20.000000   20.000000   clock clk (rise edge)
                                  0.000000   20.000000   clock source latency
     1    0.019024    0.068474    0.046761   20.046761 ^ clk (in)
                                                         clk (net)
                      0.068482    0.000000   20.046761 ^ clkbuf_0_clk/A (sky130_fd_sc_hd__clkbuf_16)
     8    0.082698    0.076007    0.130427   20.177189 ^ clkbuf_0_clk/X (sky130_fd_sc_hd__clkbuf_16)
                                                         clknet_0_clk (net)
                      0.076099    0.001673   20.178862 ^ clkbuf_3_0__f_clk/A (sky130_fd_sc_hd__clkbuf_16)
     8    0.023710    0.034074    0.099504   20.278366 ^ clkbuf_3_0__f_clk/X (sky130_fd_sc_hd__clkbuf_16)
                                                         clknet_3_0__leaf_clk (net)
                      0.034075    0.000144   20.278511 ^ _1601_/CLK (sky130_fd_sc_hd__dfxtp_2)
                                 -0.250000   20.028511   clock uncertainty
                                  0.000000   20.028511   clock reconvergence pessimism
                                 -0.070547   19.957964   library setup time
                                             19.957964   data required time
---------------------------------------------------------------------------------------------
                                             19.957964   data required time
                                             -6.570780   data arrival time
---------------------------------------------------------------------------------------------
                                             13.387185   slack (MET)


Startpoint: uio_in[1] (input port clocked by clk)
Endpoint: _1613_ (rising edge-triggered flip-flop clocked by clk)
Path Group: clk
Path Type: max

Fanout         Cap        Slew       Delay        Time   Description
---------------------------------------------------------------------------------------------
                                  0.000000    0.000000   clock clk (rise edge)
                                  0.000000    0.000000   clock network delay (propagated)
                                  4.000000    4.000000 v input external delay
     1    0.003562    0.005848    0.002927    4.002927 v uio_in[1] (in)
                                                         uio_in[1] (net)
                      0.005848    0.000000    4.002927 v input11/A (sky130_fd_sc_hd__clkdlybuf4s25_1)
     8    0.025958    0.135677    0.236489    4.239416 v input11/X (sky130_fd_sc_hd__clkdlybuf4s25_1)
                                                         net11 (net)
                      0.135679    0.000636    4.240052 v _0797_/A (sky130_fd_sc_hd__nor2_2)
     3    0.009626    0.095671    0.136188    4.376240 ^ _0797_/Y (sky130_fd_sc_hd__nor2_2)
                                                         _0070_ (net)
                      0.095671    0.000067    4.376307 ^ _0802_/C (sky130_fd_sc_hd__and3_2)
     1    0.007896    0.044663    0.125696    4.502002 ^ _0802_/X (sky130_fd_sc_hd__and3_2)
                                                         _0073_ (net)
                      0.044663    0.000087    4.502090 ^ fanout28/A (sky130_fd_sc_hd__clkdlybuf4s25_1)
    10    0.047006    0.352621    0.386628    4.888717 ^ fanout28/X (sky130_fd_sc_hd__clkdlybuf4s25_1)
                                                         net28 (net)
                      0.352639    0.002133    4.890851 ^ fanout27/A (sky130_fd_sc_hd__clkdlybuf4s25_1)
    10    0.042592    0.320708    0.395582    5.286433 ^ fanout27/X (sky130_fd_sc_hd__clkdlybuf4s25_1)
                                                         net27 (net)
                      0.320710    0.001412    5.287845 ^ fanout26/A (sky130_fd_sc_hd__clkdlybuf4s25_1)
    10    0.039466    0.297797    0.379335    5.667180 ^ fanout26/X (sky130_fd_sc_hd__clkdlybuf4s25_1)
                                                         net26 (net)
                      0.297797    0.000726    5.667906 ^ _1473_/B1_N (sky130_fd_sc_hd__a21bo_2)
     1    0.003898    0.027526    0.120300    5.788206 v _1473_/X (sky130_fd_sc_hd__a21bo_2)
                                                         _0718_ (net)
                      0.027526    0.000044    5.788249 v fanout16/A (sky130_fd_sc_hd__clkdlybuf4s25_1)
     5    0.024647    0.129143    0.239789    6.028038 v fanout16/X (sky130_fd_sc_hd__clkdlybuf4s25_1)
                                                         net16 (net)
                      0.129143    0.000114    6.028152 v fanout14/A (sky130_fd_sc_hd__clkdlybuf4s25_1)
    10    0.040433    0.205516    0.335352    6.363504 v fanout14/X (sky130_fd_sc_hd__clkdlybuf4s25_1)
                                                         net14 (net)
                      0.205519    0.001001    6.364506 v _1524_/B1 (sky130_fd_sc_hd__a21o_2)
     1    0.003205    0.025277    0.145724    6.510231 v _1524_/X (sky130_fd_sc_hd__a21o_2)
                                                         _0756_ (net)
                      0.025277    0.000036    6.510266 v _1525_/C1 (sky130_fd_sc_hd__o211a_2)
     1    0.002069    0.029056    0.065974    6.576240 v _1525_/X (sky130_fd_sc_hd__o211a_2)
                                                         _0041_ (net)
                      0.029056    0.000009    6.576249 v _1613_/D (sky130_fd_sc_hd__dfxtp_2)
                                              6.576249   data arrival time

                                 20.000000   20.000000   clock clk (rise edge)
                                  0.000000   20.000000   clock source latency
     1    0.019024    0.068474    0.046761   20.046761 ^ clk (in)
                                                         clk (net)
                      0.068482    0.000000   20.046761 ^ clkbuf_0_clk/A (sky130_fd_sc_hd__clkbuf_16)
     8    0.082698    0.076007    0.130427   20.177189 ^ clkbuf_0_clk/X (sky130_fd_sc_hd__clkbuf_16)
                                                         clknet_0_clk (net)
                      0.076023    0.001100   20.178288 ^ clkbuf_3_4__f_clk/A (sky130_fd_sc_hd__clkbuf_16)
     8    0.031042    0.039190    0.104407   20.282696 ^ clkbuf_3_4__f_clk/X (sky130_fd_sc_hd__clkbuf_16)
                                                         clknet_3_4__leaf_clk (net)
                      0.039191    0.000439   20.283134 ^ _1613_/CLK (sky130_fd_sc_hd__dfxtp_2)
                                 -0.250000   20.033134   clock uncertainty
                                  0.000000   20.033134   clock reconvergence pessimism
                                 -0.069481   19.963654   library setup time
                                             19.963654   data required time
---------------------------------------------------------------------------------------------
                                             19.963654   data required time
                                             -6.576249   data arrival time
---------------------------------------------------------------------------------------------
                                             13.387405   slack (MET)


Startpoint: uio_in[1] (input port clocked by clk)
Endpoint: _1609_ (rising edge-triggered flip-flop clocked by clk)
Path Group: clk
Path Type: max

Fanout         Cap        Slew       Delay        Time   Description
---------------------------------------------------------------------------------------------
                                  0.000000    0.000000   clock clk (rise edge)
                                  0.000000    0.000000   clock network delay (propagated)
                                  4.000000    4.000000 v input external delay
     1    0.003562    0.005848    0.002927    4.002927 v uio_in[1] (in)
                                                         uio_in[1] (net)
                      0.005848    0.000000    4.002927 v input11/A (sky130_fd_sc_hd__clkdlybuf4s25_1)
     8    0.025958    0.135677    0.236489    4.239416 v input11/X (sky130_fd_sc_hd__clkdlybuf4s25_1)
                                                         net11 (net)
                      0.135679    0.000636    4.240052 v _0797_/A (sky130_fd_sc_hd__nor2_2)
     3    0.009626    0.095671    0.136188    4.376240 ^ _0797_/Y (sky130_fd_sc_hd__nor2_2)
                                                         _0070_ (net)
                      0.095671    0.000067    4.376307 ^ _0802_/C (sky130_fd_sc_hd__and3_2)
     1    0.007896    0.044663    0.125696    4.502002 ^ _0802_/X (sky130_fd_sc_hd__and3_2)
                                                         _0073_ (net)
                      0.044663    0.000087    4.502090 ^ fanout28/A (sky130_fd_sc_hd__clkdlybuf4s25_1)
    10    0.047006    0.352621    0.386628    4.888717 ^ fanout28/X (sky130_fd_sc_hd__clkdlybuf4s25_1)
                                                         net28 (net)
                      0.352639    0.002133    4.890851 ^ fanout27/A (sky130_fd_sc_hd__clkdlybuf4s25_1)
    10    0.042592    0.320708    0.395582    5.286433 ^ fanout27/X (sky130_fd_sc_hd__clkdlybuf4s25_1)
                                                         net27 (net)
                      0.320710    0.001412    5.287845 ^ fanout26/A (sky130_fd_sc_hd__clkdlybuf4s25_1)
    10    0.039466    0.297797    0.379335    5.667180 ^ fanout26/X (sky130_fd_sc_hd__clkdlybuf4s25_1)
                                                         net26 (net)
                      0.297797    0.000726    5.667906 ^ _1473_/B1_N (sky130_fd_sc_hd__a21bo_2)
     1    0.003898    0.027526    0.120300    5.788206 v _1473_/X (sky130_fd_sc_hd__a21bo_2)
                                                         _0718_ (net)
                      0.027526    0.000044    5.788249 v fanout16/A (sky130_fd_sc_hd__clkdlybuf4s25_1)
     5    0.024647    0.129143    0.239789    6.028038 v fanout16/X (sky130_fd_sc_hd__clkdlybuf4s25_1)
                                                         net16 (net)
                      0.129143    0.000453    6.028491 v fanout15/A (sky130_fd_sc_hd__clkdlybuf4s25_1)
    10    0.039139    0.199226    0.330696    6.359188 v fanout15/X (sky130_fd_sc_hd__clkdlybuf4s25_1)
                                                         net15 (net)
                      0.199226    0.000445    6.359632 v _1506_/B1 (sky130_fd_sc_hd__a31o_2)
     1    0.003580    0.029219    0.142887    6.502520 v _1506_/X (sky130_fd_sc_hd__a31o_2)
                                                         _0742_ (net)
                      0.029219    0.000048    6.502568 v _1507_/C1 (sky130_fd_sc_hd__o211a_2)
     1    0.002270    0.029470    0.068072    6.570639 v _1507_/X (sky130_fd_sc_hd__o211a_2)
                                                         _0037_ (net)
                      0.029470    0.000022    6.570661 v _1609_/D (sky130_fd_sc_hd__dfxtp_2)
                                              6.570661   data arrival time

                                 20.000000   20.000000   clock clk (rise edge)
                                  0.000000   20.000000   clock source latency
     1    0.019024    0.068474    0.046761   20.046761 ^ clk (in)
                                                         clk (net)
                      0.068482    0.000000   20.046761 ^ clkbuf_0_clk/A (sky130_fd_sc_hd__clkbuf_16)
     8    0.082698    0.076007    0.130427   20.177189 ^ clkbuf_0_clk/X (sky130_fd_sc_hd__clkbuf_16)
                                                         clknet_0_clk (net)
                      0.076097    0.001647   20.178835 ^ clkbuf_3_1__f_clk/A (sky130_fd_sc_hd__clkbuf_16)
     8    0.023329    0.033822    0.099293   20.278128 ^ clkbuf_3_1__f_clk/X (sky130_fd_sc_hd__clkbuf_16)
                                                         clknet_3_1__leaf_clk (net)
                      0.033827    0.000130   20.278257 ^ _1609_/CLK (sky130_fd_sc_hd__dfxtp_2)
                                 -0.250000   20.028259   clock uncertainty
                                  0.000000   20.028259   clock reconvergence pessimism
                                 -0.070145   19.958115   library setup time
                                             19.958115   data required time
---------------------------------------------------------------------------------------------
                                             19.958115   data required time
                                             -6.570661   data arrival time
---------------------------------------------------------------------------------------------
                                             13.387453   slack (MET)


Startpoint: uio_in[1] (input port clocked by clk)
Endpoint: _1608_ (rising edge-triggered flip-flop clocked by clk)
Path Group: clk
Path Type: max

Fanout         Cap        Slew       Delay        Time   Description
---------------------------------------------------------------------------------------------
                                  0.000000    0.000000   clock clk (rise edge)
                                  0.000000    0.000000   clock network delay (propagated)
                                  4.000000    4.000000 v input external delay
     1    0.003562    0.005848    0.002927    4.002927 v uio_in[1] (in)
                                                         uio_in[1] (net)
                      0.005848    0.000000    4.002927 v input11/A (sky130_fd_sc_hd__clkdlybuf4s25_1)
     8    0.025958    0.135677    0.236489    4.239416 v input11/X (sky130_fd_sc_hd__clkdlybuf4s25_1)
                                                         net11 (net)
                      0.135679    0.000636    4.240052 v _0797_/A (sky130_fd_sc_hd__nor2_2)
     3    0.009626    0.095671    0.136188    4.376240 ^ _0797_/Y (sky130_fd_sc_hd__nor2_2)
                                                         _0070_ (net)
                      0.095671    0.000067    4.376307 ^ _0802_/C (sky130_fd_sc_hd__and3_2)
     1    0.007896    0.044663    0.125696    4.502002 ^ _0802_/X (sky130_fd_sc_hd__and3_2)
                                                         _0073_ (net)
                      0.044663    0.000087    4.502090 ^ fanout28/A (sky130_fd_sc_hd__clkdlybuf4s25_1)
    10    0.047006    0.352621    0.386628    4.888717 ^ fanout28/X (sky130_fd_sc_hd__clkdlybuf4s25_1)
                                                         net28 (net)
                      0.352639    0.002133    4.890851 ^ fanout27/A (sky130_fd_sc_hd__clkdlybuf4s25_1)
    10    0.042592    0.320708    0.395582    5.286433 ^ fanout27/X (sky130_fd_sc_hd__clkdlybuf4s25_1)
                                                         net27 (net)
                      0.320710    0.001412    5.287845 ^ fanout26/A (sky130_fd_sc_hd__clkdlybuf4s25_1)
    10    0.039466    0.297797    0.379335    5.667180 ^ fanout26/X (sky130_fd_sc_hd__clkdlybuf4s25_1)
                                                         net26 (net)
                      0.297797    0.000726    5.667906 ^ _1473_/B1_N (sky130_fd_sc_hd__a21bo_2)
     1    0.003898    0.027526    0.120300    5.788206 v _1473_/X (sky130_fd_sc_hd__a21bo_2)
                                                         _0718_ (net)
                      0.027526    0.000044    5.788249 v fanout16/A (sky130_fd_sc_hd__clkdlybuf4s25_1)
     5    0.024647    0.129143    0.239789    6.028038 v fanout16/X (sky130_fd_sc_hd__clkdlybuf4s25_1)
                                                         net16 (net)
                      0.129143    0.000453    6.028491 v fanout15/A (sky130_fd_sc_hd__clkdlybuf4s25_1)
    10    0.039139    0.199226    0.330696    6.359188 v fanout15/X (sky130_fd_sc_hd__clkdlybuf4s25_1)
                                                         net15 (net)
                      0.199226    0.000498    6.359686 v _1502_/B1 (sky130_fd_sc_hd__a21o_2)
     1    0.002603    0.024106    0.141855    6.501540 v _1502_/X (sky130_fd_sc_hd__a21o_2)
                                                         _0739_ (net)
                      0.024106    0.000011    6.501552 v _1503_/C1 (sky130_fd_sc_hd__o211a_2)
     1    0.003106    0.031166    0.068071    6.569623 v _1503_/X (sky130_fd_sc_hd__o211a_2)
                                                         _0036_ (net)
                      0.031166    0.000036    6.569659 v _1608_/D (sky130_fd_sc_hd__dfxtp_2)
                                              6.569659   data arrival time

                                 20.000000   20.000000   clock clk (rise edge)
                                  0.000000   20.000000   clock source latency
     1    0.019024    0.068474    0.046761   20.046761 ^ clk (in)
                                                         clk (net)
                      0.068482    0.000000   20.046761 ^ clkbuf_0_clk/A (sky130_fd_sc_hd__clkbuf_16)
     8    0.082698    0.076007    0.130427   20.177189 ^ clkbuf_0_clk/X (sky130_fd_sc_hd__clkbuf_16)
                                                         clknet_0_clk (net)
                      0.076097    0.001647   20.178835 ^ clkbuf_3_1__f_clk/A (sky130_fd_sc_hd__clkbuf_16)
     8    0.023329    0.033822    0.099293   20.278128 ^ clkbuf_3_1__f_clk/X (sky130_fd_sc_hd__clkbuf_16)
                                                         clknet_3_1__leaf_clk (net)
                      0.033829    0.000194   20.278322 ^ _1608_/CLK (sky130_fd_sc_hd__dfxtp_2)
                                 -0.250000   20.028322   clock uncertainty
                                  0.000000   20.028322   clock reconvergence pessimism
                                 -0.070750   19.957573   library setup time
                                             19.957573   data required time
---------------------------------------------------------------------------------------------
                                             19.957573   data required time
                                             -6.569659   data arrival time
---------------------------------------------------------------------------------------------
                                             13.387914   slack (MET)


Startpoint: uio_in[1] (input port clocked by clk)
Endpoint: _1614_ (rising edge-triggered flip-flop clocked by clk)
Path Group: clk
Path Type: max

Fanout         Cap        Slew       Delay        Time   Description
---------------------------------------------------------------------------------------------
                                  0.000000    0.000000   clock clk (rise edge)
                                  0.000000    0.000000   clock network delay (propagated)
                                  4.000000    4.000000 v input external delay
     1    0.003562    0.005848    0.002927    4.002927 v uio_in[1] (in)
                                                         uio_in[1] (net)
                      0.005848    0.000000    4.002927 v input11/A (sky130_fd_sc_hd__clkdlybuf4s25_1)
     8    0.025958    0.135677    0.236489    4.239416 v input11/X (sky130_fd_sc_hd__clkdlybuf4s25_1)
                                                         net11 (net)
                      0.135679    0.000636    4.240052 v _0797_/A (sky130_fd_sc_hd__nor2_2)
     3    0.009626    0.095671    0.136188    4.376240 ^ _0797_/Y (sky130_fd_sc_hd__nor2_2)
                                                         _0070_ (net)
                      0.095671    0.000067    4.376307 ^ _0802_/C (sky130_fd_sc_hd__and3_2)
     1    0.007896    0.044663    0.125696    4.502002 ^ _0802_/X (sky130_fd_sc_hd__and3_2)
                                                         _0073_ (net)
                      0.044663    0.000087    4.502090 ^ fanout28/A (sky130_fd_sc_hd__clkdlybuf4s25_1)
    10    0.047006    0.352621    0.386628    4.888717 ^ fanout28/X (sky130_fd_sc_hd__clkdlybuf4s25_1)
                                                         net28 (net)
                      0.352639    0.002133    4.890851 ^ fanout27/A (sky130_fd_sc_hd__clkdlybuf4s25_1)
    10    0.042592    0.320708    0.395582    5.286433 ^ fanout27/X (sky130_fd_sc_hd__clkdlybuf4s25_1)
                                                         net27 (net)
                      0.320710    0.001412    5.287845 ^ fanout26/A (sky130_fd_sc_hd__clkdlybuf4s25_1)
    10    0.039466    0.297797    0.379335    5.667180 ^ fanout26/X (sky130_fd_sc_hd__clkdlybuf4s25_1)
                                                         net26 (net)
                      0.297797    0.000726    5.667906 ^ _1473_/B1_N (sky130_fd_sc_hd__a21bo_2)
     1    0.003898    0.027526    0.120300    5.788206 v _1473_/X (sky130_fd_sc_hd__a21bo_2)
                                                         _0718_ (net)
                      0.027526    0.000044    5.788249 v fanout16/A (sky130_fd_sc_hd__clkdlybuf4s25_1)
     5    0.024647    0.129143    0.239789    6.028038 v fanout16/X (sky130_fd_sc_hd__clkdlybuf4s25_1)
                                                         net16 (net)
                      0.129143    0.000114    6.028152 v fanout14/A (sky130_fd_sc_hd__clkdlybuf4s25_1)
    10    0.040433    0.205516    0.335352    6.363504 v fanout14/X (sky130_fd_sc_hd__clkdlybuf4s25_1)
                                                         net14 (net)
                      0.205519    0.000966    6.364471 v _1528_/B1 (sky130_fd_sc_hd__a21o_2)
     1    0.002792    0.024446    0.144507    6.508977 v _1528_/X (sky130_fd_sc_hd__a21o_2)
                                                         _0759_ (net)
                      0.024446    0.000026    6.509003 v _1529_/C1 (sky130_fd_sc_hd__o211a_2)
     1    0.002271    0.029474    0.066137    6.575140 v _1529_/X (sky130_fd_sc_hd__o211a_2)
                                                         _0042_ (net)
                      0.029474    0.000021    6.575161 v _1614_/D (sky130_fd_sc_hd__dfxtp_2)
                                              6.575161   data arrival time

                                 20.000000   20.000000   clock clk (rise edge)
                                  0.000000   20.000000   clock source latency
     1    0.019024    0.068474    0.046761   20.046761 ^ clk (in)
                                                         clk (net)
                      0.068482    0.000000   20.046761 ^ clkbuf_0_clk/A (sky130_fd_sc_hd__clkbuf_16)
     8    0.082698    0.076007    0.130427   20.177189 ^ clkbuf_0_clk/X (sky130_fd_sc_hd__clkbuf_16)
                                                         clknet_0_clk (net)
                      0.076023    0.001100   20.178288 ^ clkbuf_3_4__f_clk/A (sky130_fd_sc_hd__clkbuf_16)
     8    0.031042    0.039190    0.104407   20.282696 ^ clkbuf_3_4__f_clk/X (sky130_fd_sc_hd__clkbuf_16)
                                                         clknet_3_4__leaf_clk (net)
                      0.039191    0.000457   20.283152 ^ _1614_/CLK (sky130_fd_sc_hd__dfxtp_2)
                                 -0.250000   20.033154   clock uncertainty
                                  0.000000   20.033154   clock reconvergence pessimism
                                 -0.069630   19.963524   library setup time
                                             19.963524   data required time
---------------------------------------------------------------------------------------------
                                             19.963524   data required time
                                             -6.575161   data arrival time
---------------------------------------------------------------------------------------------
                                             13.388361   slack (MET)


Startpoint: uio_in[1] (input port clocked by clk)
Endpoint: _1600_ (rising edge-triggered flip-flop clocked by clk)
Path Group: clk
Path Type: max

Fanout         Cap        Slew       Delay        Time   Description
---------------------------------------------------------------------------------------------
                                  0.000000    0.000000   clock clk (rise edge)
                                  0.000000    0.000000   clock network delay (propagated)
                                  4.000000    4.000000 v input external delay
     1    0.003562    0.005848    0.002927    4.002927 v uio_in[1] (in)
                                                         uio_in[1] (net)
                      0.005848    0.000000    4.002927 v input11/A (sky130_fd_sc_hd__clkdlybuf4s25_1)
     8    0.025958    0.135677    0.236489    4.239416 v input11/X (sky130_fd_sc_hd__clkdlybuf4s25_1)
                                                         net11 (net)
                      0.135679    0.000636    4.240052 v _0797_/A (sky130_fd_sc_hd__nor2_2)
     3    0.009626    0.095671    0.136188    4.376240 ^ _0797_/Y (sky130_fd_sc_hd__nor2_2)
                                                         _0070_ (net)
                      0.095671    0.000067    4.376307 ^ _0802_/C (sky130_fd_sc_hd__and3_2)
     1    0.007896    0.044663    0.125696    4.502002 ^ _0802_/X (sky130_fd_sc_hd__and3_2)
                                                         _0073_ (net)
                      0.044663    0.000087    4.502090 ^ fanout28/A (sky130_fd_sc_hd__clkdlybuf4s25_1)
    10    0.047006    0.352621    0.386628    4.888717 ^ fanout28/X (sky130_fd_sc_hd__clkdlybuf4s25_1)
                                                         net28 (net)
                      0.352639    0.002133    4.890851 ^ fanout27/A (sky130_fd_sc_hd__clkdlybuf4s25_1)
    10    0.042592    0.320708    0.395582    5.286433 ^ fanout27/X (sky130_fd_sc_hd__clkdlybuf4s25_1)
                                                         net27 (net)
                      0.320710    0.001412    5.287845 ^ fanout26/A (sky130_fd_sc_hd__clkdlybuf4s25_1)
    10    0.039466    0.297797    0.379335    5.667180 ^ fanout26/X (sky130_fd_sc_hd__clkdlybuf4s25_1)
                                                         net26 (net)
                      0.297797    0.000726    5.667906 ^ _1473_/B1_N (sky130_fd_sc_hd__a21bo_2)
     1    0.003898    0.027526    0.120300    5.788206 v _1473_/X (sky130_fd_sc_hd__a21bo_2)
                                                         _0718_ (net)
                      0.027526    0.000044    5.788249 v fanout16/A (sky130_fd_sc_hd__clkdlybuf4s25_1)
     5    0.024647    0.129143    0.239789    6.028038 v fanout16/X (sky130_fd_sc_hd__clkdlybuf4s25_1)
                                                         net16 (net)
                      0.129143    0.000453    6.028491 v fanout15/A (sky130_fd_sc_hd__clkdlybuf4s25_1)
    10    0.039139    0.199226    0.330696    6.359188 v fanout15/X (sky130_fd_sc_hd__clkdlybuf4s25_1)
                                                         net15 (net)
                      0.199226    0.000158    6.359346 v _1475_/B1 (sky130_fd_sc_hd__a31o_2)
     1    0.003468    0.028934    0.142561    6.501907 v _1475_/X (sky130_fd_sc_hd__a31o_2)
                                                         _0720_ (net)
                      0.028934    0.000042    6.501948 v _1476_/C1 (sky130_fd_sc_hd__o211a_2)
     1    0.002098    0.029011    0.067530    6.569479 v _1476_/X (sky130_fd_sc_hd__o211a_2)
                                                         _0028_ (net)
                      0.029011    0.000018    6.569497 v _1600_/D (sky130_fd_sc_hd__dfxtp_2)
                                              6.569497   data arrival time

                                 20.000000   20.000000   clock clk (rise edge)
                                  0.000000   20.000000   clock source latency
     1    0.019024    0.068474    0.046761   20.046761 ^ clk (in)
                                                         clk (net)
                      0.068482    0.000000   20.046761 ^ clkbuf_0_clk/A (sky130_fd_sc_hd__clkbuf_16)
     8    0.082698    0.076007    0.130427   20.177189 ^ clkbuf_0_clk/X (sky130_fd_sc_hd__clkbuf_16)
                                                         clknet_0_clk (net)
                      0.076099    0.001673   20.178862 ^ clkbuf_3_0__f_clk/A (sky130_fd_sc_hd__clkbuf_16)
     8    0.023710    0.034074    0.099504   20.278366 ^ clkbuf_3_0__f_clk/X (sky130_fd_sc_hd__clkbuf_16)
                                                         clknet_3_0__leaf_clk (net)
                      0.034075    0.000142   20.278509 ^ _1600_/CLK (sky130_fd_sc_hd__dfxtp_2)
                                 -0.250000   20.028509   clock uncertainty
                                  0.000000   20.028509   clock reconvergence pessimism
                                 -0.069957   19.958553   library setup time
                                             19.958553   data required time
---------------------------------------------------------------------------------------------
                                             19.958553   data required time
                                             -6.569497   data arrival time
---------------------------------------------------------------------------------------------
                                             13.389055   slack (MET)


Startpoint: uio_in[1] (input port clocked by clk)
Endpoint: _1605_ (rising edge-triggered flip-flop clocked by clk)
Path Group: clk
Path Type: max

Fanout         Cap        Slew       Delay        Time   Description
---------------------------------------------------------------------------------------------
                                  0.000000    0.000000   clock clk (rise edge)
                                  0.000000    0.000000   clock network delay (propagated)
                                  4.000000    4.000000 v input external delay
     1    0.003562    0.005848    0.002927    4.002927 v uio_in[1] (in)
                                                         uio_in[1] (net)
                      0.005848    0.000000    4.002927 v input11/A (sky130_fd_sc_hd__clkdlybuf4s25_1)
     8    0.025958    0.135677    0.236489    4.239416 v input11/X (sky130_fd_sc_hd__clkdlybuf4s25_1)
                                                         net11 (net)
                      0.135679    0.000636    4.240052 v _0797_/A (sky130_fd_sc_hd__nor2_2)
     3    0.009626    0.095671    0.136188    4.376240 ^ _0797_/Y (sky130_fd_sc_hd__nor2_2)
                                                         _0070_ (net)
                      0.095671    0.000067    4.376307 ^ _0802_/C (sky130_fd_sc_hd__and3_2)
     1    0.007896    0.044663    0.125696    4.502002 ^ _0802_/X (sky130_fd_sc_hd__and3_2)
                                                         _0073_ (net)
                      0.044663    0.000087    4.502090 ^ fanout28/A (sky130_fd_sc_hd__clkdlybuf4s25_1)
    10    0.047006    0.352621    0.386628    4.888717 ^ fanout28/X (sky130_fd_sc_hd__clkdlybuf4s25_1)
                                                         net28 (net)
                      0.352639    0.002133    4.890851 ^ fanout27/A (sky130_fd_sc_hd__clkdlybuf4s25_1)
    10    0.042592    0.320708    0.395582    5.286433 ^ fanout27/X (sky130_fd_sc_hd__clkdlybuf4s25_1)
                                                         net27 (net)
                      0.320710    0.001412    5.287845 ^ fanout26/A (sky130_fd_sc_hd__clkdlybuf4s25_1)
    10    0.039466    0.297797    0.379335    5.667180 ^ fanout26/X (sky130_fd_sc_hd__clkdlybuf4s25_1)
                                                         net26 (net)
                      0.297797    0.000726    5.667906 ^ _1473_/B1_N (sky130_fd_sc_hd__a21bo_2)
     1    0.003898    0.027526    0.120300    5.788206 v _1473_/X (sky130_fd_sc_hd__a21bo_2)
                                                         _0718_ (net)
                      0.027526    0.000044    5.788249 v fanout16/A (sky130_fd_sc_hd__clkdlybuf4s25_1)
     5    0.024647    0.129143    0.239789    6.028038 v fanout16/X (sky130_fd_sc_hd__clkdlybuf4s25_1)
                                                         net16 (net)
                      0.129143    0.000453    6.028491 v fanout15/A (sky130_fd_sc_hd__clkdlybuf4s25_1)
    10    0.039139    0.199226    0.330696    6.359188 v fanout15/X (sky130_fd_sc_hd__clkdlybuf4s25_1)
                                                         net15 (net)
                      0.199229    0.001059    6.360247 v _1492_/B1 (sky130_fd_sc_hd__a21o_2)
     1    0.004014    0.027049    0.145989    6.506236 v _1492_/X (sky130_fd_sc_hd__a21o_2)
                                                         _0732_ (net)
                      0.027049    0.000064    6.506299 v _1493_/C1 (sky130_fd_sc_hd__o211a_2)
     1    0.002415    0.029938    0.067550    6.573849 v _1493_/X (sky130_fd_sc_hd__o211a_2)
                                                         _0033_ (net)
                      0.029938    0.000025    6.573874 v _1605_/D (sky130_fd_sc_hd__dfxtp_2)
                                              6.573874   data arrival time

                                 20.000000   20.000000   clock clk (rise edge)
                                  0.000000   20.000000   clock source latency
     1    0.019024    0.068474    0.046761   20.046761 ^ clk (in)
                                                         clk (net)
                      0.068482    0.000000   20.046761 ^ clkbuf_0_clk/A (sky130_fd_sc_hd__clkbuf_16)
     8    0.082698    0.076007    0.130427   20.177189 ^ clkbuf_0_clk/X (sky130_fd_sc_hd__clkbuf_16)
                                                         clknet_0_clk (net)
                      0.076093    0.001585   20.178774 ^ clkbuf_3_3__f_clk/A (sky130_fd_sc_hd__clkbuf_16)
     8    0.030190    0.038568    0.103876   20.282648 ^ clkbuf_3_3__f_clk/X (sky130_fd_sc_hd__clkbuf_16)
                                                         clknet_3_3__leaf_clk (net)
                      0.038569    0.000277   20.282927 ^ _1605_/CLK (sky130_fd_sc_hd__dfxtp_2)
                                 -0.250000   20.032927   clock uncertainty
                                  0.000000   20.032927   clock reconvergence pessimism
                                 -0.069856   19.963072   library setup time
                                             19.963072   data required time
---------------------------------------------------------------------------------------------
                                             19.963072   data required time
                                             -6.573874   data arrival time
---------------------------------------------------------------------------------------------
                                             13.389197   slack (MET)


Startpoint: uio_in[1] (input port clocked by clk)
Endpoint: _1603_ (rising edge-triggered flip-flop clocked by clk)
Path Group: clk
Path Type: max

Fanout         Cap        Slew       Delay        Time   Description
---------------------------------------------------------------------------------------------
                                  0.000000    0.000000   clock clk (rise edge)
                                  0.000000    0.000000   clock network delay (propagated)
                                  4.000000    4.000000 v input external delay
     1    0.003562    0.005848    0.002927    4.002927 v uio_in[1] (in)
                                                         uio_in[1] (net)
                      0.005848    0.000000    4.002927 v input11/A (sky130_fd_sc_hd__clkdlybuf4s25_1)
     8    0.025958    0.135677    0.236489    4.239416 v input11/X (sky130_fd_sc_hd__clkdlybuf4s25_1)
                                                         net11 (net)
                      0.135679    0.000636    4.240052 v _0797_/A (sky130_fd_sc_hd__nor2_2)
     3    0.009626    0.095671    0.136188    4.376240 ^ _0797_/Y (sky130_fd_sc_hd__nor2_2)
                                                         _0070_ (net)
                      0.095671    0.000067    4.376307 ^ _0802_/C (sky130_fd_sc_hd__and3_2)
     1    0.007896    0.044663    0.125696    4.502002 ^ _0802_/X (sky130_fd_sc_hd__and3_2)
                                                         _0073_ (net)
                      0.044663    0.000087    4.502090 ^ fanout28/A (sky130_fd_sc_hd__clkdlybuf4s25_1)
    10    0.047006    0.352621    0.386628    4.888717 ^ fanout28/X (sky130_fd_sc_hd__clkdlybuf4s25_1)
                                                         net28 (net)
                      0.352639    0.002133    4.890851 ^ fanout27/A (sky130_fd_sc_hd__clkdlybuf4s25_1)
    10    0.042592    0.320708    0.395582    5.286433 ^ fanout27/X (sky130_fd_sc_hd__clkdlybuf4s25_1)
                                                         net27 (net)
                      0.320710    0.001412    5.287845 ^ fanout26/A (sky130_fd_sc_hd__clkdlybuf4s25_1)
    10    0.039466    0.297797    0.379335    5.667180 ^ fanout26/X (sky130_fd_sc_hd__clkdlybuf4s25_1)
                                                         net26 (net)
                      0.297797    0.000726    5.667906 ^ _1473_/B1_N (sky130_fd_sc_hd__a21bo_2)
     1    0.003898    0.027526    0.120300    5.788206 v _1473_/X (sky130_fd_sc_hd__a21bo_2)
                                                         _0718_ (net)
                      0.027526    0.000044    5.788249 v fanout16/A (sky130_fd_sc_hd__clkdlybuf4s25_1)
     5    0.024647    0.129143    0.239789    6.028038 v fanout16/X (sky130_fd_sc_hd__clkdlybuf4s25_1)
                                                         net16 (net)
                      0.129143    0.000453    6.028491 v fanout15/A (sky130_fd_sc_hd__clkdlybuf4s25_1)
    10    0.039139    0.199226    0.330696    6.359188 v fanout15/X (sky130_fd_sc_hd__clkdlybuf4s25_1)
                                                         net15 (net)
                      0.199230    0.001182    6.360370 v _1485_/B1 (sky130_fd_sc_hd__a31o_2)
     1    0.002420    0.026773    0.139505    6.499876 v _1485_/X (sky130_fd_sc_hd__a31o_2)
                                                         _0727_ (net)
                      0.026773    0.000009    6.499885 v _1486_/C1 (sky130_fd_sc_hd__o211a_2)
     1    0.002513    0.030138    0.067682    6.567567 v _1486_/X (sky130_fd_sc_hd__o211a_2)
                                                         _0031_ (net)
                      0.030138    0.000027    6.567593 v _1603_/D (sky130_fd_sc_hd__dfxtp_2)
                                              6.567593   data arrival time

                                 20.000000   20.000000   clock clk (rise edge)
                                  0.000000   20.000000   clock source latency
     1    0.019024    0.068474    0.046761   20.046761 ^ clk (in)
                                                         clk (net)
                      0.068482    0.000000   20.046761 ^ clkbuf_0_clk/A (sky130_fd_sc_hd__clkbuf_16)
     8    0.082698    0.076007    0.130427   20.177189 ^ clkbuf_0_clk/X (sky130_fd_sc_hd__clkbuf_16)
                                                         clknet_0_clk (net)
                      0.076088    0.001513   20.178701 ^ clkbuf_3_2__f_clk/A (sky130_fd_sc_hd__clkbuf_16)
     8    0.024444    0.034559    0.099908   20.278610 ^ clkbuf_3_2__f_clk/X (sky130_fd_sc_hd__clkbuf_16)
                                                         clknet_3_2__leaf_clk (net)
                      0.034559    0.000085   20.278694 ^ _1603_/CLK (sky130_fd_sc_hd__dfxtp_2)
                                 -0.250000   20.028696   clock uncertainty
                                  0.000000   20.028696   clock reconvergence pessimism
                                 -0.070313   19.958382   library setup time
                                             19.958382   data required time
---------------------------------------------------------------------------------------------
                                             19.958382   data required time
                                             -6.567593   data arrival time
---------------------------------------------------------------------------------------------
                                             13.390789   slack (MET)


Startpoint: uio_in[1] (input port clocked by clk)
Endpoint: _1607_ (rising edge-triggered flip-flop clocked by clk)
Path Group: clk
Path Type: max

Fanout         Cap        Slew       Delay        Time   Description
---------------------------------------------------------------------------------------------
                                  0.000000    0.000000   clock clk (rise edge)
                                  0.000000    0.000000   clock network delay (propagated)
                                  4.000000    4.000000 v input external delay
     1    0.003562    0.005848    0.002927    4.002927 v uio_in[1] (in)
                                                         uio_in[1] (net)
                      0.005848    0.000000    4.002927 v input11/A (sky130_fd_sc_hd__clkdlybuf4s25_1)
     8    0.025958    0.135677    0.236489    4.239416 v input11/X (sky130_fd_sc_hd__clkdlybuf4s25_1)
                                                         net11 (net)
                      0.135679    0.000636    4.240052 v _0797_/A (sky130_fd_sc_hd__nor2_2)
     3    0.009626    0.095671    0.136188    4.376240 ^ _0797_/Y (sky130_fd_sc_hd__nor2_2)
                                                         _0070_ (net)
                      0.095671    0.000067    4.376307 ^ _0802_/C (sky130_fd_sc_hd__and3_2)
     1    0.007896    0.044663    0.125696    4.502002 ^ _0802_/X (sky130_fd_sc_hd__and3_2)
                                                         _0073_ (net)
                      0.044663    0.000087    4.502090 ^ fanout28/A (sky130_fd_sc_hd__clkdlybuf4s25_1)
    10    0.047006    0.352621    0.386628    4.888717 ^ fanout28/X (sky130_fd_sc_hd__clkdlybuf4s25_1)
                                                         net28 (net)
                      0.352639    0.002133    4.890851 ^ fanout27/A (sky130_fd_sc_hd__clkdlybuf4s25_1)
    10    0.042592    0.320708    0.395582    5.286433 ^ fanout27/X (sky130_fd_sc_hd__clkdlybuf4s25_1)
                                                         net27 (net)
                      0.320710    0.001412    5.287845 ^ fanout26/A (sky130_fd_sc_hd__clkdlybuf4s25_1)
    10    0.039466    0.297797    0.379335    5.667180 ^ fanout26/X (sky130_fd_sc_hd__clkdlybuf4s25_1)
                                                         net26 (net)
                      0.297797    0.000726    5.667906 ^ _1473_/B1_N (sky130_fd_sc_hd__a21bo_2)
     1    0.003898    0.027526    0.120300    5.788206 v _1473_/X (sky130_fd_sc_hd__a21bo_2)
                                                         _0718_ (net)
                      0.027526    0.000044    5.788249 v fanout16/A (sky130_fd_sc_hd__clkdlybuf4s25_1)
     5    0.024647    0.129143    0.239789    6.028038 v fanout16/X (sky130_fd_sc_hd__clkdlybuf4s25_1)
                                                         net16 (net)
                      0.129143    0.000453    6.028491 v fanout15/A (sky130_fd_sc_hd__clkdlybuf4s25_1)
    10    0.039139    0.199226    0.330696    6.359188 v fanout15/X (sky130_fd_sc_hd__clkdlybuf4s25_1)
                                                         net15 (net)
                      0.199227    0.000812    6.360000 v _1498_/B1 (sky130_fd_sc_hd__a21o_2)
     1    0.002969    0.024819    0.142929    6.502929 v _1498_/X (sky130_fd_sc_hd__a21o_2)
                                                         _0736_ (net)
                      0.024819    0.000029    6.502957 v _1499_/C1 (sky130_fd_sc_hd__o211a_2)
     1    0.002528    0.030169    0.066925    6.569882 v _1499_/X (sky130_fd_sc_hd__o211a_2)
                                                         _0035_ (net)
                      0.030169    0.000027    6.569909 v _1607_/D (sky130_fd_sc_hd__dfxtp_2)
                                              6.569909   data arrival time

                                 20.000000   20.000000   clock clk (rise edge)
                                  0.000000   20.000000   clock source latency
     1    0.019024    0.068474    0.046761   20.046761 ^ clk (in)
                                                         clk (net)
                      0.068482    0.000000   20.046761 ^ clkbuf_0_clk/A (sky130_fd_sc_hd__clkbuf_16)
     8    0.082698    0.076007    0.130427   20.177189 ^ clkbuf_0_clk/X (sky130_fd_sc_hd__clkbuf_16)
                                                         clknet_0_clk (net)
                      0.076023    0.001100   20.178288 ^ clkbuf_3_4__f_clk/A (sky130_fd_sc_hd__clkbuf_16)
     8    0.031042    0.039190    0.104407   20.282696 ^ clkbuf_3_4__f_clk/X (sky130_fd_sc_hd__clkbuf_16)
                                                         clknet_3_4__leaf_clk (net)
                      0.039191    0.000362   20.283058 ^ _1607_/CLK (sky130_fd_sc_hd__dfxtp_2)
                                 -0.250000   20.033058   clock uncertainty
                                  0.000000   20.033058   clock reconvergence pessimism
                                 -0.069878   19.963181   library setup time
                                             19.963181   data required time
---------------------------------------------------------------------------------------------
                                             19.963181   data required time
                                             -6.569909   data arrival time
---------------------------------------------------------------------------------------------
                                             13.393270   slack (MET)


Startpoint: uio_in[1] (input port clocked by clk)
Endpoint: _1606_ (rising edge-triggered flip-flop clocked by clk)
Path Group: clk
Path Type: max

Fanout         Cap        Slew       Delay        Time   Description
---------------------------------------------------------------------------------------------
                                  0.000000    0.000000   clock clk (rise edge)
                                  0.000000    0.000000   clock network delay (propagated)
                                  4.000000    4.000000 v input external delay
     1    0.003562    0.005848    0.002927    4.002927 v uio_in[1] (in)
                                                         uio_in[1] (net)
                      0.005848    0.000000    4.002927 v input11/A (sky130_fd_sc_hd__clkdlybuf4s25_1)
     8    0.025958    0.135677    0.236489    4.239416 v input11/X (sky130_fd_sc_hd__clkdlybuf4s25_1)
                                                         net11 (net)
                      0.135679    0.000636    4.240052 v _0797_/A (sky130_fd_sc_hd__nor2_2)
     3    0.009626    0.095671    0.136188    4.376240 ^ _0797_/Y (sky130_fd_sc_hd__nor2_2)
                                                         _0070_ (net)
                      0.095671    0.000067    4.376307 ^ _0802_/C (sky130_fd_sc_hd__and3_2)
     1    0.007896    0.044663    0.125696    4.502002 ^ _0802_/X (sky130_fd_sc_hd__and3_2)
                                                         _0073_ (net)
                      0.044663    0.000087    4.502090 ^ fanout28/A (sky130_fd_sc_hd__clkdlybuf4s25_1)
    10    0.047006    0.352621    0.386628    4.888717 ^ fanout28/X (sky130_fd_sc_hd__clkdlybuf4s25_1)
                                                         net28 (net)
                      0.352639    0.002133    4.890851 ^ fanout27/A (sky130_fd_sc_hd__clkdlybuf4s25_1)
    10    0.042592    0.320708    0.395582    5.286433 ^ fanout27/X (sky130_fd_sc_hd__clkdlybuf4s25_1)
                                                         net27 (net)
                      0.320710    0.001412    5.287845 ^ fanout26/A (sky130_fd_sc_hd__clkdlybuf4s25_1)
    10    0.039466    0.297797    0.379335    5.667180 ^ fanout26/X (sky130_fd_sc_hd__clkdlybuf4s25_1)
                                                         net26 (net)
                      0.297797    0.000726    5.667906 ^ _1473_/B1_N (sky130_fd_sc_hd__a21bo_2)
     1    0.003898    0.027526    0.120300    5.788206 v _1473_/X (sky130_fd_sc_hd__a21bo_2)
                                                         _0718_ (net)
                      0.027526    0.000044    5.788249 v fanout16/A (sky130_fd_sc_hd__clkdlybuf4s25_1)
     5    0.024647    0.129143    0.239789    6.028038 v fanout16/X (sky130_fd_sc_hd__clkdlybuf4s25_1)
                                                         net16 (net)
                      0.129143    0.000453    6.028491 v fanout15/A (sky130_fd_sc_hd__clkdlybuf4s25_1)
    10    0.039139    0.199226    0.330696    6.359188 v fanout15/X (sky130_fd_sc_hd__clkdlybuf4s25_1)
                                                         net15 (net)
                      0.199228    0.000983    6.360171 v _1495_/B1 (sky130_fd_sc_hd__a31o_2)
     1    0.003432    0.028852    0.142456    6.502627 v _1495_/X (sky130_fd_sc_hd__a31o_2)
                                                         _0734_ (net)
                      0.028852    0.000042    6.502669 v _1496_/C1 (sky130_fd_sc_hd__o211a_2)
     1    0.002143    0.029380    0.067610    6.570279 v _1496_/X (sky130_fd_sc_hd__o211a_2)
                                                         _0034_ (net)
                      0.029380    0.000010    6.570289 v _1606_/D (sky130_fd_sc_hd__dfxtp_2)
                                              6.570289   data arrival time

                                 20.000000   20.000000   clock clk (rise edge)
                                  0.000000   20.000000   clock source latency
     1    0.019024    0.068474    0.046761   20.046761 ^ clk (in)
                                                         clk (net)
                      0.068482    0.000000   20.046761 ^ clkbuf_0_clk/A (sky130_fd_sc_hd__clkbuf_16)
     8    0.082698    0.076007    0.130427   20.177189 ^ clkbuf_0_clk/X (sky130_fd_sc_hd__clkbuf_16)
                                                         clknet_0_clk (net)
                      0.076023    0.001100   20.178288 ^ clkbuf_3_4__f_clk/A (sky130_fd_sc_hd__clkbuf_16)
     8    0.031042    0.039190    0.104407   20.282696 ^ clkbuf_3_4__f_clk/X (sky130_fd_sc_hd__clkbuf_16)
                                                         clknet_3_4__leaf_clk (net)
                      0.039192    0.000556   20.283251 ^ _1606_/CLK (sky130_fd_sc_hd__dfxtp_2)
                                 -0.250000   20.033253   clock uncertainty
                                  0.000000   20.033253   clock reconvergence pessimism
                                 -0.069597   19.963655   library setup time
                                             19.963655   data required time
---------------------------------------------------------------------------------------------
                                             19.963655   data required time
                                             -6.570289   data arrival time
---------------------------------------------------------------------------------------------
                                             13.393367   slack (MET)


Startpoint: uio_in[1] (input port clocked by clk)
Endpoint: _1602_ (rising edge-triggered flip-flop clocked by clk)
Path Group: clk
Path Type: max

Fanout         Cap        Slew       Delay        Time   Description
---------------------------------------------------------------------------------------------
                                  0.000000    0.000000   clock clk (rise edge)
                                  0.000000    0.000000   clock network delay (propagated)
                                  4.000000    4.000000 v input external delay
     1    0.003562    0.005848    0.002927    4.002927 v uio_in[1] (in)
                                                         uio_in[1] (net)
                      0.005848    0.000000    4.002927 v input11/A (sky130_fd_sc_hd__clkdlybuf4s25_1)
     8    0.025958    0.135677    0.236489    4.239416 v input11/X (sky130_fd_sc_hd__clkdlybuf4s25_1)
                                                         net11 (net)
                      0.135679    0.000636    4.240052 v _0797_/A (sky130_fd_sc_hd__nor2_2)
     3    0.009626    0.095671    0.136188    4.376240 ^ _0797_/Y (sky130_fd_sc_hd__nor2_2)
                                                         _0070_ (net)
                      0.095671    0.000067    4.376307 ^ _0802_/C (sky130_fd_sc_hd__and3_2)
     1    0.007896    0.044663    0.125696    4.502002 ^ _0802_/X (sky130_fd_sc_hd__and3_2)
                                                         _0073_ (net)
                      0.044663    0.000087    4.502090 ^ fanout28/A (sky130_fd_sc_hd__clkdlybuf4s25_1)
    10    0.047006    0.352621    0.386628    4.888717 ^ fanout28/X (sky130_fd_sc_hd__clkdlybuf4s25_1)
                                                         net28 (net)
                      0.352639    0.002133    4.890851 ^ fanout27/A (sky130_fd_sc_hd__clkdlybuf4s25_1)
    10    0.042592    0.320708    0.395582    5.286433 ^ fanout27/X (sky130_fd_sc_hd__clkdlybuf4s25_1)
                                                         net27 (net)
                      0.320710    0.001412    5.287845 ^ fanout26/A (sky130_fd_sc_hd__clkdlybuf4s25_1)
    10    0.039466    0.297797    0.379335    5.667180 ^ fanout26/X (sky130_fd_sc_hd__clkdlybuf4s25_1)
                                                         net26 (net)
                      0.297797    0.000726    5.667906 ^ _1473_/B1_N (sky130_fd_sc_hd__a21bo_2)
     1    0.003898    0.027526    0.120300    5.788206 v _1473_/X (sky130_fd_sc_hd__a21bo_2)
                                                         _0718_ (net)
                      0.027526    0.000044    5.788249 v fanout16/A (sky130_fd_sc_hd__clkdlybuf4s25_1)
     5    0.024647    0.129143    0.239789    6.028038 v fanout16/X (sky130_fd_sc_hd__clkdlybuf4s25_1)
                                                         net16 (net)
                      0.129143    0.000453    6.028491 v fanout15/A (sky130_fd_sc_hd__clkdlybuf4s25_1)
    10    0.039139    0.199226    0.330696    6.359188 v fanout15/X (sky130_fd_sc_hd__clkdlybuf4s25_1)
                                                         net15 (net)
                      0.199226    0.000238    6.359426 v _1482_/B1 (sky130_fd_sc_hd__a31o_2)
     1    0.002413    0.026758    0.139483    6.498909 v _1482_/X (sky130_fd_sc_hd__a31o_2)
                                                         _0725_ (net)
                      0.026758    0.000009    6.498918 v _1483_/C1 (sky130_fd_sc_hd__o211a_2)
     1    0.002296    0.029523    0.067139    6.566057 v _1483_/X (sky130_fd_sc_hd__o211a_2)
                                                         _0030_ (net)
                      0.029523    0.000012    6.566069 v _1602_/D (sky130_fd_sc_hd__dfxtp_2)
                                              6.566069   data arrival time

                                 20.000000   20.000000   clock clk (rise edge)
                                  0.000000   20.000000   clock source latency
     1    0.019024    0.068474    0.046761   20.046761 ^ clk (in)
                                                         clk (net)
                      0.068482    0.000000   20.046761 ^ clkbuf_0_clk/A (sky130_fd_sc_hd__clkbuf_16)
     8    0.082698    0.076007    0.130427   20.177189 ^ clkbuf_0_clk/X (sky130_fd_sc_hd__clkbuf_16)
                                                         clknet_0_clk (net)
                      0.076093    0.001585   20.178774 ^ clkbuf_3_3__f_clk/A (sky130_fd_sc_hd__clkbuf_16)
     8    0.030190    0.038568    0.103876   20.282648 ^ clkbuf_3_3__f_clk/X (sky130_fd_sc_hd__clkbuf_16)
                                                         clknet_3_3__leaf_clk (net)
                      0.038569    0.000304   20.282953 ^ _1602_/CLK (sky130_fd_sc_hd__dfxtp_2)
                                 -0.250000   20.032953   clock uncertainty
                                  0.000000   20.032953   clock reconvergence pessimism
                                 -0.069707   19.963245   library setup time
                                             19.963245   data required time
---------------------------------------------------------------------------------------------
                                             19.963245   data required time
                                             -6.566069   data arrival time
---------------------------------------------------------------------------------------------
                                             13.397177   slack (MET)


Startpoint: uio_in[1] (input port clocked by clk)
Endpoint: _1616_ (rising edge-triggered flip-flop clocked by clk)
Path Group: clk
Path Type: max

Fanout         Cap        Slew       Delay        Time   Description
---------------------------------------------------------------------------------------------
                                  0.000000    0.000000   clock clk (rise edge)
                                  0.000000    0.000000   clock network delay (propagated)
                                  4.000000    4.000000 v input external delay
     1    0.003562    0.005848    0.002927    4.002927 v uio_in[1] (in)
                                                         uio_in[1] (net)
                      0.005848    0.000000    4.002927 v input11/A (sky130_fd_sc_hd__clkdlybuf4s25_1)
     8    0.025958    0.135677    0.236489    4.239416 v input11/X (sky130_fd_sc_hd__clkdlybuf4s25_1)
                                                         net11 (net)
                      0.135679    0.000636    4.240052 v _0797_/A (sky130_fd_sc_hd__nor2_2)
     3    0.009626    0.095671    0.136188    4.376240 ^ _0797_/Y (sky130_fd_sc_hd__nor2_2)
                                                         _0070_ (net)
                      0.095671    0.000067    4.376307 ^ _0802_/C (sky130_fd_sc_hd__and3_2)
     1    0.007896    0.044663    0.125696    4.502002 ^ _0802_/X (sky130_fd_sc_hd__and3_2)
                                                         _0073_ (net)
                      0.044663    0.000087    4.502090 ^ fanout28/A (sky130_fd_sc_hd__clkdlybuf4s25_1)
    10    0.047006    0.352621    0.386628    4.888717 ^ fanout28/X (sky130_fd_sc_hd__clkdlybuf4s25_1)
                                                         net28 (net)
                      0.352639    0.002133    4.890851 ^ fanout27/A (sky130_fd_sc_hd__clkdlybuf4s25_1)
    10    0.042592    0.320708    0.395582    5.286433 ^ fanout27/X (sky130_fd_sc_hd__clkdlybuf4s25_1)
                                                         net27 (net)
                      0.320710    0.001412    5.287845 ^ fanout26/A (sky130_fd_sc_hd__clkdlybuf4s25_1)
    10    0.039466    0.297797    0.379335    5.667180 ^ fanout26/X (sky130_fd_sc_hd__clkdlybuf4s25_1)
                                                         net26 (net)
                      0.297797    0.000726    5.667906 ^ _1473_/B1_N (sky130_fd_sc_hd__a21bo_2)
     1    0.003898    0.027526    0.120300    5.788206 v _1473_/X (sky130_fd_sc_hd__a21bo_2)
                                                         _0718_ (net)
                      0.027526    0.000044    5.788249 v fanout16/A (sky130_fd_sc_hd__clkdlybuf4s25_1)
     5    0.024647    0.129143    0.239789    6.028038 v fanout16/X (sky130_fd_sc_hd__clkdlybuf4s25_1)
                                                         net16 (net)
                      0.129147    0.000858    6.028897 v _1535_/B1 (sky130_fd_sc_hd__a31o_2)
     1    0.004019    0.030365    0.120540    6.149436 v _1535_/X (sky130_fd_sc_hd__a31o_2)
                                                         _0764_ (net)
                      0.030365    0.000063    6.149499 v _1536_/C1 (sky130_fd_sc_hd__o211a_2)
     1    0.002710    0.030537    0.069629    6.219128 v _1536_/X (sky130_fd_sc_hd__o211a_2)
                                                         _0044_ (net)
                      0.030537    0.000029    6.219157 v _1616_/D (sky130_fd_sc_hd__dfxtp_2)
                                              6.219157   data arrival time

                                 20.000000   20.000000   clock clk (rise edge)
                                  0.000000   20.000000   clock source latency
     1    0.019024    0.068474    0.046761   20.046761 ^ clk (in)
                                                         clk (net)
                      0.068482    0.000000   20.046761 ^ clkbuf_0_clk/A (sky130_fd_sc_hd__clkbuf_16)
     8    0.082698    0.076007    0.130427   20.177189 ^ clkbuf_0_clk/X (sky130_fd_sc_hd__clkbuf_16)
                                                         clknet_0_clk (net)
                      0.076097    0.001647   20.178835 ^ clkbuf_3_1__f_clk/A (sky130_fd_sc_hd__clkbuf_16)
     8    0.023329    0.033822    0.099293   20.278128 ^ clkbuf_3_1__f_clk/X (sky130_fd_sc_hd__clkbuf_16)
                                                         clknet_3_1__leaf_clk (net)
                      0.033829    0.000218   20.278347 ^ _1616_/CLK (sky130_fd_sc_hd__dfxtp_2)
                                 -0.250000   20.028347   clock uncertainty
                                  0.000000   20.028347   clock reconvergence pessimism
                                 -0.070525   19.957823   library setup time
                                             19.957823   data required time
---------------------------------------------------------------------------------------------
                                             19.957823   data required time
                                             -6.219157   data arrival time
---------------------------------------------------------------------------------------------
                                             13.738666   slack (MET)


Startpoint: uio_in[1] (input port clocked by clk)
Endpoint: _1617_ (rising edge-triggered flip-flop clocked by clk)
Path Group: clk
Path Type: max

Fanout         Cap        Slew       Delay        Time   Description
---------------------------------------------------------------------------------------------
                                  0.000000    0.000000   clock clk (rise edge)
                                  0.000000    0.000000   clock network delay (propagated)
                                  4.000000    4.000000 v input external delay
     1    0.003562    0.005848    0.002927    4.002927 v uio_in[1] (in)
                                                         uio_in[1] (net)
                      0.005848    0.000000    4.002927 v input11/A (sky130_fd_sc_hd__clkdlybuf4s25_1)
     8    0.025958    0.135677    0.236489    4.239416 v input11/X (sky130_fd_sc_hd__clkdlybuf4s25_1)
                                                         net11 (net)
                      0.135679    0.000636    4.240052 v _0797_/A (sky130_fd_sc_hd__nor2_2)
     3    0.009626    0.095671    0.136188    4.376240 ^ _0797_/Y (sky130_fd_sc_hd__nor2_2)
                                                         _0070_ (net)
                      0.095671    0.000067    4.376307 ^ _0802_/C (sky130_fd_sc_hd__and3_2)
     1    0.007896    0.044663    0.125696    4.502002 ^ _0802_/X (sky130_fd_sc_hd__and3_2)
                                                         _0073_ (net)
                      0.044663    0.000087    4.502090 ^ fanout28/A (sky130_fd_sc_hd__clkdlybuf4s25_1)
    10    0.047006    0.352621    0.386628    4.888717 ^ fanout28/X (sky130_fd_sc_hd__clkdlybuf4s25_1)
                                                         net28 (net)
                      0.352639    0.002133    4.890851 ^ fanout27/A (sky130_fd_sc_hd__clkdlybuf4s25_1)
    10    0.042592    0.320708    0.395582    5.286433 ^ fanout27/X (sky130_fd_sc_hd__clkdlybuf4s25_1)
                                                         net27 (net)
                      0.320710    0.001412    5.287845 ^ fanout26/A (sky130_fd_sc_hd__clkdlybuf4s25_1)
    10    0.039466    0.297797    0.379335    5.667180 ^ fanout26/X (sky130_fd_sc_hd__clkdlybuf4s25_1)
                                                         net26 (net)
                      0.297797    0.000726    5.667906 ^ _1473_/B1_N (sky130_fd_sc_hd__a21bo_2)
     1    0.003898    0.027526    0.120300    5.788206 v _1473_/X (sky130_fd_sc_hd__a21bo_2)
                                                         _0718_ (net)
                      0.027526    0.000044    5.788249 v fanout16/A (sky130_fd_sc_hd__clkdlybuf4s25_1)
     5    0.024647    0.129143    0.239789    6.028038 v fanout16/X (sky130_fd_sc_hd__clkdlybuf4s25_1)
                                                         net16 (net)
                      0.129147    0.000852    6.028891 v _1539_/B1 (sky130_fd_sc_hd__a31o_2)
     1    0.002933    0.027829    0.117603    6.146494 v _1539_/X (sky130_fd_sc_hd__a31o_2)
                                                         _0767_ (net)
                      0.027829    0.000029    6.146523 v _1540_/C1 (sky130_fd_sc_hd__o211a_2)
     1    0.002716    0.030549    0.068613    6.215136 v _1540_/X (sky130_fd_sc_hd__o211a_2)
                                                         _0045_ (net)
                      0.030549    0.000033    6.215168 v _1617_/D (sky130_fd_sc_hd__dfxtp_2)
                                              6.215168   data arrival time

                                 20.000000   20.000000   clock clk (rise edge)
                                  0.000000   20.000000   clock source latency
     1    0.019024    0.068474    0.046761   20.046761 ^ clk (in)
                                                         clk (net)
                      0.068482    0.000000   20.046761 ^ clkbuf_0_clk/A (sky130_fd_sc_hd__clkbuf_16)
     8    0.082698    0.076007    0.130427   20.177189 ^ clkbuf_0_clk/X (sky130_fd_sc_hd__clkbuf_16)
                                                         clknet_0_clk (net)
                      0.076097    0.001647   20.178835 ^ clkbuf_3_1__f_clk/A (sky130_fd_sc_hd__clkbuf_16)
     8    0.023329    0.033822    0.099293   20.278128 ^ clkbuf_3_1__f_clk/X (sky130_fd_sc_hd__clkbuf_16)
                                                         clknet_3_1__leaf_clk (net)
                      0.033829    0.000211   20.278339 ^ _1617_/CLK (sky130_fd_sc_hd__dfxtp_2)
                                 -0.250000   20.028341   clock uncertainty
                                  0.000000   20.028341   clock reconvergence pessimism
                                 -0.070530   19.957809   library setup time
                                             19.957809   data required time
---------------------------------------------------------------------------------------------
                                             19.957809   data required time
                                             -6.215168   data arrival time
---------------------------------------------------------------------------------------------
                                             13.742641   slack (MET)


Startpoint: uio_in[1] (input port clocked by clk)
Endpoint: _1611_ (rising edge-triggered flip-flop clocked by clk)
Path Group: clk
Path Type: max

Fanout         Cap        Slew       Delay        Time   Description
---------------------------------------------------------------------------------------------
                                  0.000000    0.000000   clock clk (rise edge)
                                  0.000000    0.000000   clock network delay (propagated)
                                  4.000000    4.000000 v input external delay
     1    0.003562    0.005848    0.002927    4.002927 v uio_in[1] (in)
                                                         uio_in[1] (net)
                      0.005848    0.000000    4.002927 v input11/A (sky130_fd_sc_hd__clkdlybuf4s25_1)
     8    0.025958    0.135677    0.236489    4.239416 v input11/X (sky130_fd_sc_hd__clkdlybuf4s25_1)
                                                         net11 (net)
                      0.135679    0.000636    4.240052 v _0797_/A (sky130_fd_sc_hd__nor2_2)
     3    0.009626    0.095671    0.136188    4.376240 ^ _0797_/Y (sky130_fd_sc_hd__nor2_2)
                                                         _0070_ (net)
                      0.095671    0.000067    4.376307 ^ _0802_/C (sky130_fd_sc_hd__and3_2)
     1    0.007896    0.044663    0.125696    4.502002 ^ _0802_/X (sky130_fd_sc_hd__and3_2)
                                                         _0073_ (net)
                      0.044663    0.000087    4.502090 ^ fanout28/A (sky130_fd_sc_hd__clkdlybuf4s25_1)
    10    0.047006    0.352621    0.386628    4.888717 ^ fanout28/X (sky130_fd_sc_hd__clkdlybuf4s25_1)
                                                         net28 (net)
                      0.352639    0.002133    4.890851 ^ fanout27/A (sky130_fd_sc_hd__clkdlybuf4s25_1)
    10    0.042592    0.320708    0.395582    5.286433 ^ fanout27/X (sky130_fd_sc_hd__clkdlybuf4s25_1)
                                                         net27 (net)
                      0.320710    0.001412    5.287845 ^ fanout26/A (sky130_fd_sc_hd__clkdlybuf4s25_1)
    10    0.039466    0.297797    0.379335    5.667180 ^ fanout26/X (sky130_fd_sc_hd__clkdlybuf4s25_1)
                                                         net26 (net)
                      0.297797    0.000726    5.667906 ^ _1473_/B1_N (sky130_fd_sc_hd__a21bo_2)
     1    0.003898    0.027526    0.120300    5.788206 v _1473_/X (sky130_fd_sc_hd__a21bo_2)
                                                         _0718_ (net)
                      0.027526    0.000044    5.788249 v fanout16/A (sky130_fd_sc_hd__clkdlybuf4s25_1)
     5    0.024647    0.129143    0.239789    6.028038 v fanout16/X (sky130_fd_sc_hd__clkdlybuf4s25_1)
                                                         net16 (net)
                      0.129145    0.000696    6.028735 v _1515_/B1 (sky130_fd_sc_hd__a31o_2)
     1    0.003721    0.029582    0.119737    6.148471 v _1515_/X (sky130_fd_sc_hd__a31o_2)
                                                         _0749_ (net)
                      0.029582    0.000049    6.148520 v _1516_/C1 (sky130_fd_sc_hd__o211a_2)
     1    0.002444    0.029826    0.068651    6.217171 v _1516_/X (sky130_fd_sc_hd__o211a_2)
                                                         _0039_ (net)
                      0.029826    0.000024    6.217196 v _1611_/D (sky130_fd_sc_hd__dfxtp_2)
                                              6.217196   data arrival time

                                 20.000000   20.000000   clock clk (rise edge)
                                  0.000000   20.000000   clock source latency
     1    0.019024    0.068474    0.046761   20.046761 ^ clk (in)
                                                         clk (net)
                      0.068482    0.000000   20.046761 ^ clkbuf_0_clk/A (sky130_fd_sc_hd__clkbuf_16)
     8    0.082698    0.076007    0.130427   20.177189 ^ clkbuf_0_clk/X (sky130_fd_sc_hd__clkbuf_16)
                                                         clknet_0_clk (net)
                      0.076023    0.001100   20.178288 ^ clkbuf_3_4__f_clk/A (sky130_fd_sc_hd__clkbuf_16)
     8    0.031042    0.039190    0.104407   20.282696 ^ clkbuf_3_4__f_clk/X (sky130_fd_sc_hd__clkbuf_16)
                                                         clknet_3_4__leaf_clk (net)
                      0.039191    0.000410   20.283106 ^ _1611_/CLK (sky130_fd_sc_hd__dfxtp_2)
                                 -0.250000   20.033106   clock uncertainty
                                  0.000000   20.033106   clock reconvergence pessimism
                                 -0.069756   19.963350   library setup time
                                             19.963350   data required time
---------------------------------------------------------------------------------------------
                                             19.963350   data required time
                                             -6.217196   data arrival time
---------------------------------------------------------------------------------------------
                                             13.746155   slack (MET)


Startpoint: uio_in[1] (input port clocked by clk)
Endpoint: _1575_ (rising edge-triggered flip-flop clocked by clk)
Path Group: clk
Path Type: max

Fanout         Cap        Slew       Delay        Time   Description
---------------------------------------------------------------------------------------------
                                  0.000000    0.000000   clock clk (rise edge)
                                  0.000000    0.000000   clock network delay (propagated)
                                  4.000000    4.000000 v input external delay
     1    0.003562    0.005848    0.002927    4.002927 v uio_in[1] (in)
                                                         uio_in[1] (net)
                      0.005848    0.000000    4.002927 v input11/A (sky130_fd_sc_hd__clkdlybuf4s25_1)
     8    0.025958    0.135677    0.236489    4.239416 v input11/X (sky130_fd_sc_hd__clkdlybuf4s25_1)
                                                         net11 (net)
                      0.135679    0.000636    4.240052 v _0797_/A (sky130_fd_sc_hd__nor2_2)
     3    0.009626    0.095671    0.136188    4.376240 ^ _0797_/Y (sky130_fd_sc_hd__nor2_2)
                                                         _0070_ (net)
                      0.095671    0.000067    4.376307 ^ _0802_/C (sky130_fd_sc_hd__and3_2)
     1    0.007896    0.044663    0.125696    4.502002 ^ _0802_/X (sky130_fd_sc_hd__and3_2)
                                                         _0073_ (net)
                      0.044663    0.000087    4.502090 ^ fanout28/A (sky130_fd_sc_hd__clkdlybuf4s25_1)
    10    0.047006    0.352621    0.386628    4.888717 ^ fanout28/X (sky130_fd_sc_hd__clkdlybuf4s25_1)
                                                         net28 (net)
                      0.352639    0.002133    4.890851 ^ fanout27/A (sky130_fd_sc_hd__clkdlybuf4s25_1)
    10    0.042592    0.320708    0.395582    5.286433 ^ fanout27/X (sky130_fd_sc_hd__clkdlybuf4s25_1)
                                                         net27 (net)
                      0.320710    0.001412    5.287845 ^ fanout26/A (sky130_fd_sc_hd__clkdlybuf4s25_1)
    10    0.039466    0.297797    0.379335    5.667180 ^ fanout26/X (sky130_fd_sc_hd__clkdlybuf4s25_1)
                                                         net26 (net)
                      0.297797    0.000433    5.667614 ^ _1410_/A1 (sky130_fd_sc_hd__a21o_2)
     1    0.003229    0.026784    0.092482    5.760096 ^ _1410_/X (sky130_fd_sc_hd__a21o_2)
                                                         _0680_ (net)
                      0.026784    0.000045    5.760141 ^ _1411_/B (sky130_fd_sc_hd__and2_2)
     1    0.002078    0.029647    0.074815    5.834956 ^ _1411_/X (sky130_fd_sc_hd__and2_2)
                                                         _0003_ (net)
                      0.029647    0.000010    5.834966 ^ _1575_/D (sky130_fd_sc_hd__dfxtp_2)
                                              5.834966   data arrival time

                                 20.000000   20.000000   clock clk (rise edge)
                                  0.000000   20.000000   clock source latency
     1    0.019024    0.068474    0.046761   20.046761 ^ clk (in)
                                                         clk (net)
                      0.068482    0.000000   20.046761 ^ clkbuf_0_clk/A (sky130_fd_sc_hd__clkbuf_16)
     8    0.082698    0.076007    0.130427   20.177189 ^ clkbuf_0_clk/X (sky130_fd_sc_hd__clkbuf_16)
                                                         clknet_0_clk (net)
                      0.076097    0.001647   20.178835 ^ clkbuf_3_1__f_clk/A (sky130_fd_sc_hd__clkbuf_16)
     8    0.023329    0.033822    0.099293   20.278128 ^ clkbuf_3_1__f_clk/X (sky130_fd_sc_hd__clkbuf_16)
                                                         clknet_3_1__leaf_clk (net)
                      0.033829    0.000195   20.278324 ^ _1575_/CLK (sky130_fd_sc_hd__dfxtp_2)
                                 -0.250000   20.028324   clock uncertainty
                                  0.000000   20.028324   clock reconvergence pessimism
                                 -0.031244   19.997080   library setup time
                                             19.997080   data required time
---------------------------------------------------------------------------------------------
                                             19.997080   data required time
                                             -5.834966   data arrival time
---------------------------------------------------------------------------------------------
                                             14.162114   slack (MET)


Startpoint: uio_in[1] (input port clocked by clk)
Endpoint: _1623_ (rising edge-triggered flip-flop clocked by clk)
Path Group: clk
Path Type: max

Fanout         Cap        Slew       Delay        Time   Description
---------------------------------------------------------------------------------------------
                                  0.000000    0.000000   clock clk (rise edge)
                                  0.000000    0.000000   clock network delay (propagated)
                                  4.000000    4.000000 v input external delay
     1    0.003562    0.005848    0.002927    4.002927 v uio_in[1] (in)
                                                         uio_in[1] (net)
                      0.005848    0.000000    4.002927 v input11/A (sky130_fd_sc_hd__clkdlybuf4s25_1)
     8    0.025958    0.135677    0.236489    4.239416 v input11/X (sky130_fd_sc_hd__clkdlybuf4s25_1)
                                                         net11 (net)
                      0.135679    0.000636    4.240052 v _0797_/A (sky130_fd_sc_hd__nor2_2)
     3    0.009626    0.095671    0.136188    4.376240 ^ _0797_/Y (sky130_fd_sc_hd__nor2_2)
                                                         _0070_ (net)
                      0.095671    0.000067    4.376307 ^ _0802_/C (sky130_fd_sc_hd__and3_2)
     1    0.007896    0.044663    0.125696    4.502002 ^ _0802_/X (sky130_fd_sc_hd__and3_2)
                                                         _0073_ (net)
                      0.044663    0.000087    4.502090 ^ fanout28/A (sky130_fd_sc_hd__clkdlybuf4s25_1)
    10    0.047006    0.352621    0.386628    4.888717 ^ fanout28/X (sky130_fd_sc_hd__clkdlybuf4s25_1)
                                                         net28 (net)
                      0.352639    0.002133    4.890851 ^ fanout27/A (sky130_fd_sc_hd__clkdlybuf4s25_1)
    10    0.042592    0.320708    0.395582    5.286433 ^ fanout27/X (sky130_fd_sc_hd__clkdlybuf4s25_1)
                                                         net27 (net)
                      0.320710    0.001412    5.287845 ^ fanout26/A (sky130_fd_sc_hd__clkdlybuf4s25_1)
    10    0.039466    0.297797    0.379335    5.667180 ^ fanout26/X (sky130_fd_sc_hd__clkdlybuf4s25_1)
                                                         net26 (net)
                      0.297797    0.000516    5.667696 ^ _1560_/A (sky130_fd_sc_hd__nand2_2)
     1    0.002897    0.052325    0.014177    5.681873 v _1560_/Y (sky130_fd_sc_hd__nand2_2)
                                                         _0782_ (net)
                      0.052325    0.000029    5.681902 v _1561_/C1 (sky130_fd_sc_hd__o211a_2)
     1    0.003462    0.031832    0.080393    5.762295 v _1561_/X (sky130_fd_sc_hd__o211a_2)
                                                         _0051_ (net)
                      0.031832    0.000049    5.762344 v _1623_/D (sky130_fd_sc_hd__dfxtp_2)
                                              5.762344   data arrival time

                                 20.000000   20.000000   clock clk (rise edge)
                                  0.000000   20.000000   clock source latency
     1    0.019024    0.068474    0.046761   20.046761 ^ clk (in)
                                                         clk (net)
                      0.068482    0.000000   20.046761 ^ clkbuf_0_clk/A (sky130_fd_sc_hd__clkbuf_16)
     8    0.082698    0.076007    0.130427   20.177189 ^ clkbuf_0_clk/X (sky130_fd_sc_hd__clkbuf_16)
                                                         clknet_0_clk (net)
                      0.076099    0.001673   20.178862 ^ clkbuf_3_0__f_clk/A (sky130_fd_sc_hd__clkbuf_16)
     8    0.023710    0.034074    0.099504   20.278366 ^ clkbuf_3_0__f_clk/X (sky130_fd_sc_hd__clkbuf_16)
                                                         clknet_3_0__leaf_clk (net)
                      0.034080    0.000275   20.278641 ^ _1623_/CLK (sky130_fd_sc_hd__dfxtp_2)
                                 -0.250000   20.028643   clock uncertainty
                                  0.000000   20.028643   clock reconvergence pessimism
                                 -0.070964   19.957678   library setup time
                                             19.957678   data required time
---------------------------------------------------------------------------------------------
                                             19.957678   data required time
                                             -5.762344   data arrival time
---------------------------------------------------------------------------------------------
                                             14.195335   slack (MET)


Startpoint: uio_in[2] (input port clocked by clk)
Endpoint: _1587_ (rising edge-triggered flip-flop clocked by clk)
Path Group: clk
Path Type: max

Fanout         Cap        Slew       Delay        Time   Description
---------------------------------------------------------------------------------------------
                                  0.000000    0.000000   clock clk (rise edge)
                                  0.000000    0.000000   clock network delay (propagated)
                                  4.000000    4.000000 v input external delay
     1    0.003430    0.005656    0.002811    4.002810 v uio_in[2] (in)
                                                         uio_in[2] (net)
                      0.005656    0.000000    4.002810 v input12/A (sky130_fd_sc_hd__clkdlybuf4s25_1)
     5    0.014654    0.081355    0.194782    4.197593 v input12/X (sky130_fd_sc_hd__clkdlybuf4s25_1)
                                                         net12 (net)
                      0.081355    0.000268    4.197861 v _0805_/B (sky130_fd_sc_hd__or3_2)
     2    0.007370    0.060887    0.281682    4.479543 v _0805_/X (sky130_fd_sc_hd__or3_2)
                                                         _0075_ (net)
                      0.060887    0.000111    4.479654 v _1438_/B (sky130_fd_sc_hd__or3b_2)
     9    0.030725    0.107396    0.332054    4.811707 v _1438_/X (sky130_fd_sc_hd__or3b_2)
                                                         _0699_ (net)
                      0.107406    0.001120    4.812827 v _1445_/B (sky130_fd_sc_hd__or2_2)
     1    0.005273    0.042126    0.190235    5.003062 v _1445_/X (sky130_fd_sc_hd__or2_2)
                                                         _0703_ (net)
                      0.042126    0.000096    5.003159 v _1446_/B1 (sky130_fd_sc_hd__o211a_2)
     1    0.003493    0.031777    0.086895    5.090054 v _1446_/X (sky130_fd_sc_hd__o211a_2)
                                                         _0015_ (net)
                      0.031777    0.000046    5.090100 v _1587_/D (sky130_fd_sc_hd__dfxtp_2)
                                              5.090100   data arrival time

                                 20.000000   20.000000   clock clk (rise edge)
                                  0.000000   20.000000   clock source latency
     1    0.019024    0.068474    0.046761   20.046761 ^ clk (in)
                                                         clk (net)
                      0.068482    0.000000   20.046761 ^ clkbuf_0_clk/A (sky130_fd_sc_hd__clkbuf_16)
     8    0.082698    0.076007    0.130427   20.177189 ^ clkbuf_0_clk/X (sky130_fd_sc_hd__clkbuf_16)
                                                         clknet_0_clk (net)
                      0.076113    0.001862   20.179050 ^ clkbuf_3_6__f_clk/A (sky130_fd_sc_hd__clkbuf_16)
     8    0.024071    0.034308    0.099634   20.278685 ^ clkbuf_3_6__f_clk/X (sky130_fd_sc_hd__clkbuf_16)
                                                         clknet_3_6__leaf_clk (net)
                      0.034335    0.000716   20.279400 ^ _1587_/CLK (sky130_fd_sc_hd__dfxtp_2)
                                 -0.250000   20.029402   clock uncertainty
                                  0.000000   20.029402   clock reconvergence pessimism
                                 -0.070920   19.958481   library setup time
                                             19.958481   data required time
---------------------------------------------------------------------------------------------
                                             19.958481   data required time
                                             -5.090100   data arrival time
---------------------------------------------------------------------------------------------
                                             14.868382   slack (MET)


Startpoint: uio_in[2] (input port clocked by clk)
Endpoint: _1586_ (rising edge-triggered flip-flop clocked by clk)
Path Group: clk
Path Type: max

Fanout         Cap        Slew       Delay        Time   Description
---------------------------------------------------------------------------------------------
                                  0.000000    0.000000   clock clk (rise edge)
                                  0.000000    0.000000   clock network delay (propagated)
                                  4.000000    4.000000 v input external delay
     1    0.003430    0.005656    0.002811    4.002810 v uio_in[2] (in)
                                                         uio_in[2] (net)
                      0.005656    0.000000    4.002810 v input12/A (sky130_fd_sc_hd__clkdlybuf4s25_1)
     5    0.014654    0.081355    0.194782    4.197593 v input12/X (sky130_fd_sc_hd__clkdlybuf4s25_1)
                                                         net12 (net)
                      0.081355    0.000268    4.197861 v _0805_/B (sky130_fd_sc_hd__or3_2)
     2    0.007370    0.060887    0.281682    4.479543 v _0805_/X (sky130_fd_sc_hd__or3_2)
                                                         _0075_ (net)
                      0.060887    0.000111    4.479654 v _1438_/B (sky130_fd_sc_hd__or3b_2)
     9    0.030725    0.107396    0.332054    4.811707 v _1438_/X (sky130_fd_sc_hd__or3b_2)
                                                         _0699_ (net)
                      0.107399    0.000744    4.812451 v _1443_/B (sky130_fd_sc_hd__or2_2)
     1    0.005323    0.042176    0.190365    5.002816 v _1443_/X (sky130_fd_sc_hd__or2_2)
                                                         _0702_ (net)
                      0.042176    0.000107    5.002923 v _1444_/B1 (sky130_fd_sc_hd__o211a_2)
     1    0.002133    0.028956    0.083240    5.086163 v _1444_/X (sky130_fd_sc_hd__o211a_2)
                                                         _0014_ (net)
                      0.028956    0.000011    5.086174 v _1586_/D (sky130_fd_sc_hd__dfxtp_2)
                                              5.086174   data arrival time

                                 20.000000   20.000000   clock clk (rise edge)
                                  0.000000   20.000000   clock source latency
     1    0.019024    0.068474    0.046761   20.046761 ^ clk (in)
                                                         clk (net)
                      0.068482    0.000000   20.046761 ^ clkbuf_0_clk/A (sky130_fd_sc_hd__clkbuf_16)
     8    0.082698    0.076007    0.130427   20.177189 ^ clkbuf_0_clk/X (sky130_fd_sc_hd__clkbuf_16)
                                                         clknet_0_clk (net)
                      0.076113    0.001862   20.179050 ^ clkbuf_3_6__f_clk/A (sky130_fd_sc_hd__clkbuf_16)
     8    0.024071    0.034308    0.099634   20.278685 ^ clkbuf_3_6__f_clk/X (sky130_fd_sc_hd__clkbuf_16)
                                                         clknet_3_6__leaf_clk (net)
                      0.034338    0.000750   20.279434 ^ _1586_/CLK (sky130_fd_sc_hd__dfxtp_2)
                                 -0.250000   20.029434   clock uncertainty
                                  0.000000   20.029434   clock reconvergence pessimism
                                 -0.069912   19.959522   library setup time
                                             19.959522   data required time
---------------------------------------------------------------------------------------------
                                             19.959522   data required time
                                             -5.086174   data arrival time
---------------------------------------------------------------------------------------------
                                             14.873348   slack (MET)


Startpoint: uio_in[2] (input port clocked by clk)
Endpoint: _1585_ (rising edge-triggered flip-flop clocked by clk)
Path Group: clk
Path Type: max

Fanout         Cap        Slew       Delay        Time   Description
---------------------------------------------------------------------------------------------
                                  0.000000    0.000000   clock clk (rise edge)
                                  0.000000    0.000000   clock network delay (propagated)
                                  4.000000    4.000000 v input external delay
     1    0.003430    0.005656    0.002811    4.002810 v uio_in[2] (in)
                                                         uio_in[2] (net)
                      0.005656    0.000000    4.002810 v input12/A (sky130_fd_sc_hd__clkdlybuf4s25_1)
     5    0.014654    0.081355    0.194782    4.197593 v input12/X (sky130_fd_sc_hd__clkdlybuf4s25_1)
                                                         net12 (net)
                      0.081355    0.000268    4.197861 v _0805_/B (sky130_fd_sc_hd__or3_2)
     2    0.007370    0.060887    0.281682    4.479543 v _0805_/X (sky130_fd_sc_hd__or3_2)
                                                         _0075_ (net)
                      0.060887    0.000111    4.479654 v _1438_/B (sky130_fd_sc_hd__or3b_2)
     9    0.030725    0.107396    0.332054    4.811707 v _1438_/X (sky130_fd_sc_hd__or3b_2)
                                                         _0699_ (net)
                      0.107403    0.000973    4.812681 v _1441_/B (sky130_fd_sc_hd__or2_2)
     1    0.005449    0.042429    0.190709    5.003389 v _1441_/X (sky130_fd_sc_hd__or2_2)
                                                         _0701_ (net)
                      0.042429    0.000115    5.003504 v _1442_/B1 (sky130_fd_sc_hd__o211a_2)
     1    0.002152    0.028519    0.083396    5.086900 v _1442_/X (sky130_fd_sc_hd__o211a_2)
                                                         _0013_ (net)
                      0.028519    0.000010    5.086910 v _1585_/D (sky130_fd_sc_hd__dfxtp_2)
                                              5.086910   data arrival time

                                 20.000000   20.000000   clock clk (rise edge)
                                  0.000000   20.000000   clock source latency
     1    0.019024    0.068474    0.046761   20.046761 ^ clk (in)
                                                         clk (net)
                      0.068482    0.000000   20.046761 ^ clkbuf_0_clk/A (sky130_fd_sc_hd__clkbuf_16)
     8    0.082698    0.076007    0.130427   20.177189 ^ clkbuf_0_clk/X (sky130_fd_sc_hd__clkbuf_16)
                                                         clknet_0_clk (net)
                      0.076113    0.001871   20.179058 ^ clkbuf_3_7__f_clk/A (sky130_fd_sc_hd__clkbuf_16)
     8    0.026884    0.036250    0.101476   20.280535 ^ clkbuf_3_7__f_clk/X (sky130_fd_sc_hd__clkbuf_16)
                                                         clknet_3_7__leaf_clk (net)
                      0.036279    0.000899   20.281433 ^ _1585_/CLK (sky130_fd_sc_hd__dfxtp_2)
                                 -0.250000   20.031435   clock uncertainty
                                  0.000000   20.031435   clock reconvergence pessimism
                                 -0.069569   19.961866   library setup time
                                             19.961866   data required time
---------------------------------------------------------------------------------------------
                                             19.961866   data required time
                                             -5.086910   data arrival time
---------------------------------------------------------------------------------------------
                                             14.874955   slack (MET)


Startpoint: uio_in[2] (input port clocked by clk)
Endpoint: _1588_ (rising edge-triggered flip-flop clocked by clk)
Path Group: clk
Path Type: max

Fanout         Cap        Slew       Delay        Time   Description
---------------------------------------------------------------------------------------------
                                  0.000000    0.000000   clock clk (rise edge)
                                  0.000000    0.000000   clock network delay (propagated)
                                  4.000000    4.000000 v input external delay
     1    0.003430    0.005656    0.002811    4.002810 v uio_in[2] (in)
                                                         uio_in[2] (net)
                      0.005656    0.000000    4.002810 v input12/A (sky130_fd_sc_hd__clkdlybuf4s25_1)
     5    0.014654    0.081355    0.194782    4.197593 v input12/X (sky130_fd_sc_hd__clkdlybuf4s25_1)
                                                         net12 (net)
                      0.081355    0.000268    4.197861 v _0805_/B (sky130_fd_sc_hd__or3_2)
     2    0.007370    0.060887    0.281682    4.479543 v _0805_/X (sky130_fd_sc_hd__or3_2)
                                                         _0075_ (net)
                      0.060887    0.000111    4.479654 v _1438_/B (sky130_fd_sc_hd__or3b_2)
     9    0.030725    0.107396    0.332054    4.811707 v _1438_/X (sky130_fd_sc_hd__or3b_2)
                                                         _0699_ (net)
                      0.107403    0.000973    4.812681 v _1447_/B (sky130_fd_sc_hd__or2_2)
     1    0.003453    0.037719    0.184078    4.996759 v _1447_/X (sky130_fd_sc_hd__or2_2)
                                                         _0704_ (net)
                      0.037719    0.000043    4.996801 v _1448_/B1 (sky130_fd_sc_hd__o211a_2)
     1    0.002723    0.030402    0.082997    5.079799 v _1448_/X (sky130_fd_sc_hd__o211a_2)
                                                         _0016_ (net)
                      0.030402    0.000029    5.079828 v _1588_/D (sky130_fd_sc_hd__dfxtp_2)
                                              5.079828   data arrival time

                                 20.000000   20.000000   clock clk (rise edge)
                                  0.000000   20.000000   clock source latency
     1    0.019024    0.068474    0.046761   20.046761 ^ clk (in)
                                                         clk (net)
                      0.068482    0.000000   20.046761 ^ clkbuf_0_clk/A (sky130_fd_sc_hd__clkbuf_16)
     8    0.082698    0.076007    0.130427   20.177189 ^ clkbuf_0_clk/X (sky130_fd_sc_hd__clkbuf_16)
                                                         clknet_0_clk (net)
                      0.076113    0.001871   20.179058 ^ clkbuf_3_7__f_clk/A (sky130_fd_sc_hd__clkbuf_16)
     8    0.026884    0.036250    0.101476   20.280535 ^ clkbuf_3_7__f_clk/X (sky130_fd_sc_hd__clkbuf_16)
                                                         clknet_3_7__leaf_clk (net)
                      0.036284    0.000970   20.281506 ^ _1588_/CLK (sky130_fd_sc_hd__dfxtp_2)
                                 -0.250000   20.031506   clock uncertainty
                                  0.000000   20.031506   clock reconvergence pessimism
                                 -0.070241   19.961266   library setup time
                                             19.961266   data required time
---------------------------------------------------------------------------------------------
                                             19.961266   data required time
                                             -5.079828   data arrival time
---------------------------------------------------------------------------------------------
                                             14.881437   slack (MET)


Startpoint: uio_in[2] (input port clocked by clk)
Endpoint: _1589_ (rising edge-triggered flip-flop clocked by clk)
Path Group: clk
Path Type: max

Fanout         Cap        Slew       Delay        Time   Description
---------------------------------------------------------------------------------------------
                                  0.000000    0.000000   clock clk (rise edge)
                                  0.000000    0.000000   clock network delay (propagated)
                                  4.000000    4.000000 v input external delay
     1    0.003430    0.005656    0.002811    4.002810 v uio_in[2] (in)
                                                         uio_in[2] (net)
                      0.005656    0.000000    4.002810 v input12/A (sky130_fd_sc_hd__clkdlybuf4s25_1)
     5    0.014654    0.081355    0.194782    4.197593 v input12/X (sky130_fd_sc_hd__clkdlybuf4s25_1)
                                                         net12 (net)
                      0.081355    0.000268    4.197861 v _0805_/B (sky130_fd_sc_hd__or3_2)
     2    0.007370    0.060887    0.281682    4.479543 v _0805_/X (sky130_fd_sc_hd__or3_2)
                                                         _0075_ (net)
                      0.060887    0.000111    4.479654 v _1438_/B (sky130_fd_sc_hd__or3b_2)
     9    0.030725    0.107396    0.332054    4.811707 v _1438_/X (sky130_fd_sc_hd__or3b_2)
                                                         _0699_ (net)
                      0.107405    0.001058    4.812766 v _1449_/B (sky130_fd_sc_hd__or2_2)
     1    0.003021    0.036724    0.182462    4.995228 v _1449_/X (sky130_fd_sc_hd__or2_2)
                                                         _0705_ (net)
                      0.036724    0.000030    4.995258 v _1450_/B1 (sky130_fd_sc_hd__o211a_2)
     1    0.002650    0.029571    0.082391    5.077649 v _1450_/X (sky130_fd_sc_hd__o211a_2)
                                                         _0017_ (net)
                      0.029571    0.000028    5.077678 v _1589_/D (sky130_fd_sc_hd__dfxtp_2)
                                              5.077678   data arrival time

                                 20.000000   20.000000   clock clk (rise edge)
                                  0.000000   20.000000   clock source latency
     1    0.019024    0.068474    0.046761   20.046761 ^ clk (in)
                                                         clk (net)
                      0.068482    0.000000   20.046761 ^ clkbuf_0_clk/A (sky130_fd_sc_hd__clkbuf_16)
     8    0.082698    0.076007    0.130427   20.177189 ^ clkbuf_0_clk/X (sky130_fd_sc_hd__clkbuf_16)
                                                         clknet_0_clk (net)
                      0.076113    0.001862   20.179050 ^ clkbuf_3_6__f_clk/A (sky130_fd_sc_hd__clkbuf_16)
     8    0.024071    0.034308    0.099634   20.278685 ^ clkbuf_3_6__f_clk/X (sky130_fd_sc_hd__clkbuf_16)
                                                         clknet_3_6__leaf_clk (net)
                      0.034339    0.000774   20.279459 ^ _1589_/CLK (sky130_fd_sc_hd__dfxtp_2)
                                 -0.250000   20.029459   clock uncertainty
                                  0.000000   20.029459   clock reconvergence pessimism
                                 -0.070131   19.959330   library setup time
                                             19.959330   data required time
---------------------------------------------------------------------------------------------
                                             19.959330   data required time
                                             -5.077678   data arrival time
---------------------------------------------------------------------------------------------
                                             14.881652   slack (MET)


Startpoint: uio_in[2] (input port clocked by clk)
Endpoint: _1584_ (rising edge-triggered flip-flop clocked by clk)
Path Group: clk
Path Type: max

Fanout         Cap        Slew       Delay        Time   Description
---------------------------------------------------------------------------------------------
                                  0.000000    0.000000   clock clk (rise edge)
                                  0.000000    0.000000   clock network delay (propagated)
                                  4.000000    4.000000 v input external delay
     1    0.003430    0.005656    0.002811    4.002810 v uio_in[2] (in)
                                                         uio_in[2] (net)
                      0.005656    0.000000    4.002810 v input12/A (sky130_fd_sc_hd__clkdlybuf4s25_1)
     5    0.014654    0.081355    0.194782    4.197593 v input12/X (sky130_fd_sc_hd__clkdlybuf4s25_1)
                                                         net12 (net)
                      0.081355    0.000268    4.197861 v _0805_/B (sky130_fd_sc_hd__or3_2)
     2    0.007370    0.060887    0.281682    4.479543 v _0805_/X (sky130_fd_sc_hd__or3_2)
                                                         _0075_ (net)
                      0.060887    0.000111    4.479654 v _1438_/B (sky130_fd_sc_hd__or3b_2)
     9    0.030725    0.107396    0.332054    4.811707 v _1438_/X (sky130_fd_sc_hd__or3b_2)
                                                         _0699_ (net)
                      0.107396    0.000483    4.812191 v _1439_/B (sky130_fd_sc_hd__or2_2)
     1    0.003566    0.037980    0.184500    4.996690 v _1439_/X (sky130_fd_sc_hd__or2_2)
                                                         _0700_ (net)
                      0.037980    0.000044    4.996734 v _1440_/B1 (sky130_fd_sc_hd__o211a_2)
     1    0.002199    0.028608    0.081694    5.078428 v _1440_/X (sky130_fd_sc_hd__o211a_2)
                                                         _0012_ (net)
                      0.028608    0.000020    5.078448 v _1584_/D (sky130_fd_sc_hd__dfxtp_2)
                                              5.078448   data arrival time

                                 20.000000   20.000000   clock clk (rise edge)
                                  0.000000   20.000000   clock source latency
     1    0.019024    0.068474    0.046761   20.046761 ^ clk (in)
                                                         clk (net)
                      0.068482    0.000000   20.046761 ^ clkbuf_0_clk/A (sky130_fd_sc_hd__clkbuf_16)
     8    0.082698    0.076007    0.130427   20.177189 ^ clkbuf_0_clk/X (sky130_fd_sc_hd__clkbuf_16)
                                                         clknet_0_clk (net)
                      0.076098    0.001668   20.178856 ^ clkbuf_3_5__f_clk/A (sky130_fd_sc_hd__clkbuf_16)
     8    0.028666    0.037481    0.102938   20.281796 ^ clkbuf_3_5__f_clk/X (sky130_fd_sc_hd__clkbuf_16)
                                                         clknet_3_5__leaf_clk (net)
                      0.037482    0.000227   20.282022 ^ _1584_/CLK (sky130_fd_sc_hd__dfxtp_2)
                                 -0.250000   20.032022   clock uncertainty
                                  0.000000   20.032022   clock reconvergence pessimism
                                 -0.069485   19.962538   library setup time
                                             19.962538   data required time
---------------------------------------------------------------------------------------------
                                             19.962538   data required time
                                             -5.078448   data arrival time
---------------------------------------------------------------------------------------------
                                             14.884089   slack (MET)


Startpoint: uio_in[2] (input port clocked by clk)
Endpoint: _1591_ (rising edge-triggered flip-flop clocked by clk)
Path Group: clk
Path Type: max

Fanout         Cap        Slew       Delay        Time   Description
---------------------------------------------------------------------------------------------
                                  0.000000    0.000000   clock clk (rise edge)
                                  0.000000    0.000000   clock network delay (propagated)
                                  4.000000    4.000000 v input external delay
     1    0.003430    0.005656    0.002811    4.002810 v uio_in[2] (in)
                                                         uio_in[2] (net)
                      0.005656    0.000000    4.002810 v input12/A (sky130_fd_sc_hd__clkdlybuf4s25_1)
     5    0.014654    0.081355    0.194782    4.197593 v input12/X (sky130_fd_sc_hd__clkdlybuf4s25_1)
                                                         net12 (net)
                      0.081355    0.000268    4.197861 v _0805_/B (sky130_fd_sc_hd__or3_2)
     2    0.007370    0.060887    0.281682    4.479543 v _0805_/X (sky130_fd_sc_hd__or3_2)
                                                         _0075_ (net)
                      0.060887    0.000111    4.479654 v _1438_/B (sky130_fd_sc_hd__or3b_2)
     9    0.030725    0.107396    0.332054    4.811707 v _1438_/X (sky130_fd_sc_hd__or3b_2)
                                                         _0699_ (net)
                      0.107397    0.000536    4.812243 v _1453_/B (sky130_fd_sc_hd__or2_2)
     1    0.002899    0.036443    0.182003    4.994246 v _1453_/X (sky130_fd_sc_hd__or2_2)
                                                         _0707_ (net)
                      0.036443    0.000028    4.994275 v _1454_/B1 (sky130_fd_sc_hd__o211a_2)
     1    0.002350    0.029045    0.081469    5.075743 v _1454_/X (sky130_fd_sc_hd__o211a_2)
                                                         _0019_ (net)
                      0.029045    0.000024    5.075767 v _1591_/D (sky130_fd_sc_hd__dfxtp_2)
                                              5.075767   data arrival time

                                 20.000000   20.000000   clock clk (rise edge)
                                  0.000000   20.000000   clock source latency
     1    0.019024    0.068474    0.046761   20.046761 ^ clk (in)
                                                         clk (net)
                      0.068482    0.000000   20.046761 ^ clkbuf_0_clk/A (sky130_fd_sc_hd__clkbuf_16)
     8    0.082698    0.076007    0.130427   20.177189 ^ clkbuf_0_clk/X (sky130_fd_sc_hd__clkbuf_16)
                                                         clknet_0_clk (net)
                      0.076098    0.001668   20.178856 ^ clkbuf_3_5__f_clk/A (sky130_fd_sc_hd__clkbuf_16)
     8    0.028666    0.037481    0.102938   20.281796 ^ clkbuf_3_5__f_clk/X (sky130_fd_sc_hd__clkbuf_16)
                                                         clknet_3_5__leaf_clk (net)
                      0.037483    0.000274   20.282068 ^ _1591_/CLK (sky130_fd_sc_hd__dfxtp_2)
                                 -0.250000   20.032068   clock uncertainty
                                  0.000000   20.032068   clock reconvergence pessimism
                                 -0.069641   19.962427   library setup time
                                             19.962427   data required time
---------------------------------------------------------------------------------------------
                                             19.962427   data required time
                                             -5.075767   data arrival time
---------------------------------------------------------------------------------------------
                                             14.886660   slack (MET)


Startpoint: uio_in[2] (input port clocked by clk)
Endpoint: _1590_ (rising edge-triggered flip-flop clocked by clk)
Path Group: clk
Path Type: max

Fanout         Cap        Slew       Delay        Time   Description
---------------------------------------------------------------------------------------------
                                  0.000000    0.000000   clock clk (rise edge)
                                  0.000000    0.000000   clock network delay (propagated)
                                  4.000000    4.000000 v input external delay
     1    0.003430    0.005656    0.002811    4.002810 v uio_in[2] (in)
                                                         uio_in[2] (net)
                      0.005656    0.000000    4.002810 v input12/A (sky130_fd_sc_hd__clkdlybuf4s25_1)
     5    0.014654    0.081355    0.194782    4.197593 v input12/X (sky130_fd_sc_hd__clkdlybuf4s25_1)
                                                         net12 (net)
                      0.081355    0.000268    4.197861 v _0805_/B (sky130_fd_sc_hd__or3_2)
     2    0.007370    0.060887    0.281682    4.479543 v _0805_/X (sky130_fd_sc_hd__or3_2)
                                                         _0075_ (net)
                      0.060887    0.000111    4.479654 v _1438_/B (sky130_fd_sc_hd__or3b_2)
     9    0.030725    0.107396    0.332054    4.811707 v _1438_/X (sky130_fd_sc_hd__or3b_2)
                                                         _0699_ (net)
                      0.107402    0.000943    4.812650 v _1452_/A2 (sky130_fd_sc_hd__o211a_2)
     1    0.002314    0.028918    0.168116    4.980766 v _1452_/X (sky130_fd_sc_hd__o211a_2)
                                                         _0018_ (net)
                      0.028918    0.000014    4.980781 v _1590_/D (sky130_fd_sc_hd__dfxtp_2)
                                              4.980781   data arrival time

                                 20.000000   20.000000   clock clk (rise edge)
                                  0.000000   20.000000   clock source latency
     1    0.019024    0.068474    0.046761   20.046761 ^ clk (in)
                                                         clk (net)
                      0.068482    0.000000   20.046761 ^ clkbuf_0_clk/A (sky130_fd_sc_hd__clkbuf_16)
     8    0.082698    0.076007    0.130427   20.177189 ^ clkbuf_0_clk/X (sky130_fd_sc_hd__clkbuf_16)
                                                         clknet_0_clk (net)
                      0.076113    0.001871   20.179058 ^ clkbuf_3_7__f_clk/A (sky130_fd_sc_hd__clkbuf_16)
     8    0.026884    0.036250    0.101476   20.280535 ^ clkbuf_3_7__f_clk/X (sky130_fd_sc_hd__clkbuf_16)
                                                         clknet_3_7__leaf_clk (net)
                      0.036288    0.001016   20.281551 ^ _1590_/CLK (sky130_fd_sc_hd__dfxtp_2)
                                 -0.250000   20.031551   clock uncertainty
                                  0.000000   20.031551   clock reconvergence pessimism
                                 -0.069711   19.961842   library setup time
                                             19.961842   data required time
---------------------------------------------------------------------------------------------
                                             19.961842   data required time
                                             -4.980781   data arrival time
---------------------------------------------------------------------------------------------
                                             14.981060   slack (MET)


Startpoint: uio_in[1] (input port clocked by clk)
Endpoint: _1574_ (rising edge-triggered flip-flop clocked by clk)
Path Group: clk
Path Type: max

Fanout         Cap        Slew       Delay        Time   Description
---------------------------------------------------------------------------------------------
                                  0.000000    0.000000   clock clk (rise edge)
                                  0.000000    0.000000   clock network delay (propagated)
                                  4.000000    4.000000 ^ input external delay
     1    0.003788    0.017467    0.009809    4.009809 ^ uio_in[1] (in)
                                                         uio_in[1] (net)
                      0.017467    0.000000    4.009809 ^ input11/A (sky130_fd_sc_hd__clkdlybuf4s25_1)
     8    0.027318    0.208518    0.279132    4.288941 ^ input11/X (sky130_fd_sc_hd__clkdlybuf4s25_1)
                                                         net11 (net)
                      0.208518    0.000675    4.289616 ^ _0797_/A (sky130_fd_sc_hd__nor2_2)
     3    0.008831    0.053065    0.039539    4.329155 v _0797_/Y (sky130_fd_sc_hd__nor2_2)
                                                         _0070_ (net)
                      0.053065    0.000061    4.329216 v _0802_/C (sky130_fd_sc_hd__and3_2)
     1    0.007670    0.036321    0.146996    4.476213 v _0802_/X (sky130_fd_sc_hd__and3_2)
                                                         _0073_ (net)
                      0.036321    0.000083    4.476296 v fanout28/A (sky130_fd_sc_hd__clkdlybuf4s25_1)
    10    0.044043    0.222772    0.313692    4.789988 v fanout28/X (sky130_fd_sc_hd__clkdlybuf4s25_1)
                                                         net28 (net)
                      0.222772    0.000236    4.790224 v _0803_/B (sky130_fd_sc_hd__and2_2)
     1    0.002055    0.027650    0.188716    4.978940 v _0803_/X (sky130_fd_sc_hd__and2_2)
                                                         _0002_ (net)
                      0.027650    0.000010    4.978950 v _1574_/D (sky130_fd_sc_hd__dfxtp_2)
                                              4.978950   data arrival time

                                 20.000000   20.000000   clock clk (rise edge)
                                  0.000000   20.000000   clock source latency
     1    0.019024    0.068474    0.046761   20.046761 ^ clk (in)
                                                         clk (net)
                      0.068482    0.000000   20.046761 ^ clkbuf_0_clk/A (sky130_fd_sc_hd__clkbuf_16)
     8    0.082698    0.076007    0.130427   20.177189 ^ clkbuf_0_clk/X (sky130_fd_sc_hd__clkbuf_16)
                                                         clknet_0_clk (net)
                      0.076093    0.001585   20.178774 ^ clkbuf_3_3__f_clk/A (sky130_fd_sc_hd__clkbuf_16)
     8    0.030190    0.038568    0.103876   20.282648 ^ clkbuf_3_3__f_clk/X (sky130_fd_sc_hd__clkbuf_16)
                                                         clknet_3_3__leaf_clk (net)
                      0.038573    0.000460   20.283110 ^ _1574_/CLK (sky130_fd_sc_hd__dfxtp_2)
                                 -0.250000   20.033110   clock uncertainty
                                  0.000000   20.033110   clock reconvergence pessimism
                                 -0.069038   19.964071   library setup time
                                             19.964071   data required time
---------------------------------------------------------------------------------------------
                                             19.964071   data required time
                                             -4.978950   data arrival time
---------------------------------------------------------------------------------------------
                                             14.985123   slack (MET)


Startpoint: _1574_ (rising edge-triggered flip-flop clocked by clk)
Endpoint: uio_out[4] (output port clocked by clk)
Path Group: clk
Path Type: max

Fanout         Cap        Slew       Delay        Time   Description
---------------------------------------------------------------------------------------------
                                  0.000000    0.000000   clock clk (rise edge)
                                  0.000000    0.000000   clock source latency
     1    0.019024    0.068474    0.046761    0.046761 ^ clk (in)
                                                         clk (net)
                      0.068482    0.000000    0.046761 ^ clkbuf_0_clk/A (sky130_fd_sc_hd__clkbuf_16)
     8    0.082698    0.076007    0.130428    0.177189 ^ clkbuf_0_clk/X (sky130_fd_sc_hd__clkbuf_16)
                                                         clknet_0_clk (net)
                      0.076093    0.001583    0.178772 ^ clkbuf_3_3__f_clk/A (sky130_fd_sc_hd__clkbuf_16)
     8    0.030190    0.038568    0.103876    0.282648 ^ clkbuf_3_3__f_clk/X (sky130_fd_sc_hd__clkbuf_16)
                                                         clknet_3_3__leaf_clk (net)
                      0.038573    0.000461    0.283108 ^ _1574_/CLK (sky130_fd_sc_hd__dfxtp_2)
     3    0.013563    0.057572    0.218653    0.501761 ^ _1574_/Q (sky130_fd_sc_hd__dfxtp_2)
                                                         busy (net)
                      0.057572    0.000053    0.501814 ^ _1651_/A (sky130_fd_sc_hd__buf_2)
     1    0.035245    0.131536    0.147658    0.649472 ^ _1651_/X (sky130_fd_sc_hd__buf_2)
                                                         uio_out[4] (net)
                      0.131536    0.000221    0.649693 ^ uio_out[4] (out)
                                              0.649693   data arrival time

                                 20.000000   20.000000   clock clk (rise edge)
                                  0.000000   20.000000   clock network delay (propagated)
                                 -0.250000   19.750002   clock uncertainty
                                  0.000000   19.750002   clock reconvergence pessimism
                                 -4.000000   15.750001   output external delay
                                             15.750001   data required time
---------------------------------------------------------------------------------------------
                                             15.750001   data required time
                                             -0.649693   data arrival time
---------------------------------------------------------------------------------------------
                                             15.100309   slack (MET)


Startpoint: _1575_ (rising edge-triggered flip-flop clocked by clk)
Endpoint: uio_out[5] (output port clocked by clk)
Path Group: clk
Path Type: max

Fanout         Cap        Slew       Delay        Time   Description
---------------------------------------------------------------------------------------------
                                  0.000000    0.000000   clock clk (rise edge)
                                  0.000000    0.000000   clock source latency
     1    0.019024    0.068474    0.046761    0.046761 ^ clk (in)
                                                         clk (net)
                      0.068482    0.000000    0.046761 ^ clkbuf_0_clk/A (sky130_fd_sc_hd__clkbuf_16)
     8    0.082698    0.076007    0.130428    0.177189 ^ clkbuf_0_clk/X (sky130_fd_sc_hd__clkbuf_16)
                                                         clknet_0_clk (net)
                      0.076097    0.001646    0.178835 ^ clkbuf_3_1__f_clk/A (sky130_fd_sc_hd__clkbuf_16)
     8    0.023329    0.033822    0.099293    0.278128 ^ clkbuf_3_1__f_clk/X (sky130_fd_sc_hd__clkbuf_16)
                                                         clknet_3_1__leaf_clk (net)
                      0.033829    0.000196    0.278324 ^ _1575_/CLK (sky130_fd_sc_hd__dfxtp_2)
     2    0.011985    0.052207    0.213036    0.491359 ^ _1575_/Q (sky130_fd_sc_hd__dfxtp_2)
                                                         ovf (net)
                      0.052208    0.000372    0.491732 ^ _1652_/A (sky130_fd_sc_hd__buf_2)
     1    0.034504    0.128919    0.144485    0.636217 ^ _1652_/X (sky130_fd_sc_hd__buf_2)
                                                         uio_out[5] (net)
                      0.128956    0.000289    0.636506 ^ uio_out[5] (out)
                                              0.636506   data arrival time

                                 20.000000   20.000000   clock clk (rise edge)
                                  0.000000   20.000000   clock network delay (propagated)
                                 -0.250000   19.750002   clock uncertainty
                                  0.000000   19.750002   clock reconvergence pessimism
                                 -4.000000   15.750001   output external delay
                                             15.750001   data required time
---------------------------------------------------------------------------------------------
                                             15.750001   data required time
                                             -0.636506   data arrival time
---------------------------------------------------------------------------------------------
                                             15.113495   slack (MET)


Startpoint: uio_in[2] (input port clocked by clk)
Endpoint: _1592_ (rising edge-triggered flip-flop clocked by clk)
Path Group: clk
Path Type: max

Fanout         Cap        Slew       Delay        Time   Description
---------------------------------------------------------------------------------------------
                                  0.000000    0.000000   clock clk (rise edge)
                                  0.000000    0.000000   clock network delay (propagated)
                                  4.000000    4.000000 ^ input external delay
     1    0.003656    0.016992    0.009464    4.009463 ^ uio_in[2] (in)
                                                         uio_in[2] (net)
                      0.016992    0.000000    4.009463 ^ input12/A (sky130_fd_sc_hd__clkdlybuf4s25_1)
     5    0.015372    0.121504    0.218405    4.227869 ^ input12/X (sky130_fd_sc_hd__clkdlybuf4s25_1)
                                                         net12 (net)
                      0.121504    0.000241    4.228109 ^ _0804_/A_N (sky130_fd_sc_hd__and2b_2)
     3    0.009206    0.037049    0.153036    4.381145 v _0804_/X (sky130_fd_sc_hd__and2b_2)
                                                         _0074_ (net)
                      0.037049    0.000074    4.381219 v _1455_/C (sky130_fd_sc_hd__and3_2)
     8    0.019661    0.054266    0.164577    4.545796 v _1455_/X (sky130_fd_sc_hd__and3_2)
                                                         _0708_ (net)
                      0.054266    0.000116    4.545912 v _1457_/B (sky130_fd_sc_hd__or2_2)
     1    0.003835    0.038546    0.165922    4.711834 v _1457_/X (sky130_fd_sc_hd__or2_2)
                                                         _0710_ (net)
                      0.038546    0.000048    4.711883 v _1458_/B1 (sky130_fd_sc_hd__o211a_2)
     1    0.002681    0.029770    0.083224    4.795107 v _1458_/X (sky130_fd_sc_hd__o211a_2)
                                                         _0020_ (net)
                      0.029770    0.000030    4.795137 v _1592_/D (sky130_fd_sc_hd__dfxtp_2)
                                              4.795137   data arrival time

                                 20.000000   20.000000   clock clk (rise edge)
                                  0.000000   20.000000   clock source latency
     1    0.019024    0.068474    0.046761   20.046761 ^ clk (in)
                                                         clk (net)
                      0.068482    0.000000   20.046761 ^ clkbuf_0_clk/A (sky130_fd_sc_hd__clkbuf_16)
     8    0.082698    0.076007    0.130427   20.177189 ^ clkbuf_0_clk/X (sky130_fd_sc_hd__clkbuf_16)
                                                         clknet_0_clk (net)
                      0.076098    0.001668   20.178856 ^ clkbuf_3_5__f_clk/A (sky130_fd_sc_hd__clkbuf_16)
     8    0.028666    0.037481    0.102938   20.281796 ^ clkbuf_3_5__f_clk/X (sky130_fd_sc_hd__clkbuf_16)
                                                         clknet_3_5__leaf_clk (net)
                      0.037482    0.000208   20.282001 ^ _1592_/CLK (sky130_fd_sc_hd__dfxtp_2)
                                 -0.250000   20.032003   clock uncertainty
                                  0.000000   20.032003   clock reconvergence pessimism
                                 -0.069900   19.962103   library setup time
                                             19.962103   data required time
---------------------------------------------------------------------------------------------
                                             19.962103   data required time
                                             -4.795137   data arrival time
---------------------------------------------------------------------------------------------
                                             15.166966   slack (MET)


Startpoint: uio_in[2] (input port clocked by clk)
Endpoint: _1597_ (rising edge-triggered flip-flop clocked by clk)
Path Group: clk
Path Type: max

Fanout         Cap        Slew       Delay        Time   Description
---------------------------------------------------------------------------------------------
                                  0.000000    0.000000   clock clk (rise edge)
                                  0.000000    0.000000   clock network delay (propagated)
                                  4.000000    4.000000 ^ input external delay
     1    0.003656    0.016992    0.009464    4.009463 ^ uio_in[2] (in)
                                                         uio_in[2] (net)
                      0.016992    0.000000    4.009463 ^ input12/A (sky130_fd_sc_hd__clkdlybuf4s25_1)
     5    0.015372    0.121504    0.218405    4.227869 ^ input12/X (sky130_fd_sc_hd__clkdlybuf4s25_1)
                                                         net12 (net)
                      0.121504    0.000241    4.228109 ^ _0804_/A_N (sky130_fd_sc_hd__and2b_2)
     3    0.009206    0.037049    0.153036    4.381145 v _0804_/X (sky130_fd_sc_hd__and2b_2)
                                                         _0074_ (net)
                      0.037049    0.000074    4.381219 v _1455_/C (sky130_fd_sc_hd__and3_2)
     8    0.019661    0.054266    0.164577    4.545796 v _1455_/X (sky130_fd_sc_hd__and3_2)
                                                         _0708_ (net)
                      0.054271    0.000552    4.546348 v _1467_/B (sky130_fd_sc_hd__or2_2)
     1    0.002525    0.036117    0.160977    4.707325 v _1467_/X (sky130_fd_sc_hd__or2_2)
                                                         _0715_ (net)
                      0.036117    0.000012    4.707336 v _1468_/B1 (sky130_fd_sc_hd__o211a_2)
     1    0.003335    0.031036    0.083981    4.791317 v _1468_/X (sky130_fd_sc_hd__o211a_2)
                                                         _0025_ (net)
                      0.031036    0.000046    4.791363 v _1597_/D (sky130_fd_sc_hd__dfxtp_2)
                                              4.791363   data arrival time

                                 20.000000   20.000000   clock clk (rise edge)
                                  0.000000   20.000000   clock source latency
     1    0.019024    0.068474    0.046761   20.046761 ^ clk (in)
                                                         clk (net)
                      0.068482    0.000000   20.046761 ^ clkbuf_0_clk/A (sky130_fd_sc_hd__clkbuf_16)
     8    0.082698    0.076007    0.130427   20.177189 ^ clkbuf_0_clk/X (sky130_fd_sc_hd__clkbuf_16)
                                                         clknet_0_clk (net)
                      0.076113    0.001862   20.179050 ^ clkbuf_3_6__f_clk/A (sky130_fd_sc_hd__clkbuf_16)
     8    0.024071    0.034308    0.099634   20.278685 ^ clkbuf_3_6__f_clk/X (sky130_fd_sc_hd__clkbuf_16)
                                                         clknet_3_6__leaf_clk (net)
                      0.034339    0.000776   20.279461 ^ _1597_/CLK (sky130_fd_sc_hd__dfxtp_2)
                                 -0.250000   20.029461   clock uncertainty
                                  0.000000   20.029461   clock reconvergence pessimism
                                 -0.070655   19.958807   library setup time
                                             19.958807   data required time
---------------------------------------------------------------------------------------------
                                             19.958807   data required time
                                             -4.791363   data arrival time
---------------------------------------------------------------------------------------------
                                             15.167444   slack (MET)


Startpoint: uio_in[2] (input port clocked by clk)
Endpoint: _1598_ (rising edge-triggered flip-flop clocked by clk)
Path Group: clk
Path Type: max

Fanout         Cap        Slew       Delay        Time   Description
---------------------------------------------------------------------------------------------
                                  0.000000    0.000000   clock clk (rise edge)
                                  0.000000    0.000000   clock network delay (propagated)
                                  4.000000    4.000000 ^ input external delay
     1    0.003656    0.016992    0.009464    4.009463 ^ uio_in[2] (in)
                                                         uio_in[2] (net)
                      0.016992    0.000000    4.009463 ^ input12/A (sky130_fd_sc_hd__clkdlybuf4s25_1)
     5    0.015372    0.121504    0.218405    4.227869 ^ input12/X (sky130_fd_sc_hd__clkdlybuf4s25_1)
                                                         net12 (net)
                      0.121504    0.000241    4.228109 ^ _0804_/A_N (sky130_fd_sc_hd__and2b_2)
     3    0.009206    0.037049    0.153036    4.381145 v _0804_/X (sky130_fd_sc_hd__and2b_2)
                                                         _0074_ (net)
                      0.037049    0.000074    4.381219 v _1455_/C (sky130_fd_sc_hd__and3_2)
     8    0.019661    0.054266    0.164577    4.545796 v _1455_/X (sky130_fd_sc_hd__and3_2)
                                                         _0708_ (net)
                      0.054271    0.000562    4.546358 v _1469_/B (sky130_fd_sc_hd__or2_2)
     1    0.002893    0.036573    0.162363    4.708721 v _1469_/X (sky130_fd_sc_hd__or2_2)
                                                         _0716_ (net)
                      0.036573    0.000028    4.708749 v _1470_/B1 (sky130_fd_sc_hd__o211a_2)
     1    0.003383    0.031105    0.084298    4.793047 v _1470_/X (sky130_fd_sc_hd__o211a_2)
                                                         _0026_ (net)
                      0.031105    0.000048    4.793095 v _1598_/D (sky130_fd_sc_hd__dfxtp_2)
                                              4.793095   data arrival time

                                 20.000000   20.000000   clock clk (rise edge)
                                  0.000000   20.000000   clock source latency
     1    0.019024    0.068474    0.046761   20.046761 ^ clk (in)
                                                         clk (net)
                      0.068482    0.000000   20.046761 ^ clkbuf_0_clk/A (sky130_fd_sc_hd__clkbuf_16)
     8    0.082698    0.076007    0.130427   20.177189 ^ clkbuf_0_clk/X (sky130_fd_sc_hd__clkbuf_16)
                                                         clknet_0_clk (net)
                      0.076113    0.001871   20.179058 ^ clkbuf_3_7__f_clk/A (sky130_fd_sc_hd__clkbuf_16)
     8    0.026884    0.036250    0.101476   20.280535 ^ clkbuf_3_7__f_clk/X (sky130_fd_sc_hd__clkbuf_16)
                                                         clknet_3_7__leaf_clk (net)
                      0.036289    0.001025   20.281561 ^ _1598_/CLK (sky130_fd_sc_hd__dfxtp_2)
                                 -0.250000   20.031561   clock uncertainty
                                  0.000000   20.031561   clock reconvergence pessimism
                                 -0.070492   19.961069   library setup time
                                             19.961069   data required time
---------------------------------------------------------------------------------------------
                                             19.961069   data required time
                                             -4.793095   data arrival time
---------------------------------------------------------------------------------------------
                                             15.167974   slack (MET)


Startpoint: uio_in[2] (input port clocked by clk)
Endpoint: _1595_ (rising edge-triggered flip-flop clocked by clk)
Path Group: clk
Path Type: max

Fanout         Cap        Slew       Delay        Time   Description
---------------------------------------------------------------------------------------------
                                  0.000000    0.000000   clock clk (rise edge)
                                  0.000000    0.000000   clock network delay (propagated)
                                  4.000000    4.000000 ^ input external delay
     1    0.003656    0.016992    0.009464    4.009463 ^ uio_in[2] (in)
                                                         uio_in[2] (net)
                      0.016992    0.000000    4.009463 ^ input12/A (sky130_fd_sc_hd__clkdlybuf4s25_1)
     5    0.015372    0.121504    0.218405    4.227869 ^ input12/X (sky130_fd_sc_hd__clkdlybuf4s25_1)
                                                         net12 (net)
                      0.121504    0.000241    4.228109 ^ _0804_/A_N (sky130_fd_sc_hd__and2b_2)
     3    0.009206    0.037049    0.153036    4.381145 v _0804_/X (sky130_fd_sc_hd__and2b_2)
                                                         _0074_ (net)
                      0.037049    0.000074    4.381219 v _1455_/C (sky130_fd_sc_hd__and3_2)
     8    0.019661    0.054266    0.164577    4.545796 v _1455_/X (sky130_fd_sc_hd__and3_2)
                                                         _0708_ (net)
                      0.054268    0.000407    4.546203 v _1463_/B (sky130_fd_sc_hd__or2_2)
     1    0.002633    0.036749    0.161382    4.707585 v _1463_/X (sky130_fd_sc_hd__or2_2)
                                                         _0713_ (net)
                      0.036749    0.000024    4.707609 v _1464_/B1 (sky130_fd_sc_hd__o211a_2)
     1    0.002580    0.029564    0.082212    4.789821 v _1464_/X (sky130_fd_sc_hd__o211a_2)
                                                         _0023_ (net)
                      0.029564    0.000028    4.789848 v _1595_/D (sky130_fd_sc_hd__dfxtp_2)
                                              4.789848   data arrival time

                                 20.000000   20.000000   clock clk (rise edge)
                                  0.000000   20.000000   clock source latency
     1    0.019024    0.068474    0.046761   20.046761 ^ clk (in)
                                                         clk (net)
                      0.068482    0.000000   20.046761 ^ clkbuf_0_clk/A (sky130_fd_sc_hd__clkbuf_16)
     8    0.082698    0.076007    0.130427   20.177189 ^ clkbuf_0_clk/X (sky130_fd_sc_hd__clkbuf_16)
                                                         clknet_0_clk (net)
                      0.076113    0.001862   20.179050 ^ clkbuf_3_6__f_clk/A (sky130_fd_sc_hd__clkbuf_16)
     8    0.024071    0.034308    0.099634   20.278685 ^ clkbuf_3_6__f_clk/X (sky130_fd_sc_hd__clkbuf_16)
                                                         clknet_3_6__leaf_clk (net)
                      0.034321    0.000469   20.279154 ^ _1595_/CLK (sky130_fd_sc_hd__dfxtp_2)
                                 -0.250000   20.029154   clock uncertainty
                                  0.000000   20.029154   clock reconvergence pessimism
                                 -0.070131   19.959023   library setup time
                                             19.959023   data required time
---------------------------------------------------------------------------------------------
                                             19.959023   data required time
                                             -4.789848   data arrival time
---------------------------------------------------------------------------------------------
                                             15.169175   slack (MET)


Startpoint: uio_in[2] (input port clocked by clk)
Endpoint: _1593_ (rising edge-triggered flip-flop clocked by clk)
Path Group: clk
Path Type: max

Fanout         Cap        Slew       Delay        Time   Description
---------------------------------------------------------------------------------------------
                                  0.000000    0.000000   clock clk (rise edge)
                                  0.000000    0.000000   clock network delay (propagated)
                                  4.000000    4.000000 ^ input external delay
     1    0.003656    0.016992    0.009464    4.009463 ^ uio_in[2] (in)
                                                         uio_in[2] (net)
                      0.016992    0.000000    4.009463 ^ input12/A (sky130_fd_sc_hd__clkdlybuf4s25_1)
     5    0.015372    0.121504    0.218405    4.227869 ^ input12/X (sky130_fd_sc_hd__clkdlybuf4s25_1)
                                                         net12 (net)
                      0.121504    0.000241    4.228109 ^ _0804_/A_N (sky130_fd_sc_hd__and2b_2)
     3    0.009206    0.037049    0.153036    4.381145 v _0804_/X (sky130_fd_sc_hd__and2b_2)
                                                         _0074_ (net)
                      0.037049    0.000074    4.381219 v _1455_/C (sky130_fd_sc_hd__and3_2)
     8    0.019661    0.054266    0.164577    4.545796 v _1455_/X (sky130_fd_sc_hd__and3_2)
                                                         _0708_ (net)
                      0.054266    0.000266    4.546062 v _1459_/B (sky130_fd_sc_hd__or2_2)
     1    0.002838    0.036998    0.162154    4.708216 v _1459_/X (sky130_fd_sc_hd__or2_2)
                                                         _0711_ (net)
                      0.036998    0.000027    4.708243 v _1460_/B1 (sky130_fd_sc_hd__o211a_2)
     1    0.002263    0.028915    0.081462    4.789704 v _1460_/X (sky130_fd_sc_hd__o211a_2)
                                                         _0021_ (net)
                      0.028915    0.000022    4.789726 v _1593_/D (sky130_fd_sc_hd__dfxtp_2)
                                              4.789726   data arrival time

                                 20.000000   20.000000   clock clk (rise edge)
                                  0.000000   20.000000   clock source latency
     1    0.019024    0.068474    0.046761   20.046761 ^ clk (in)
                                                         clk (net)
                      0.068482    0.000000   20.046761 ^ clkbuf_0_clk/A (sky130_fd_sc_hd__clkbuf_16)
     8    0.082698    0.076007    0.130427   20.177189 ^ clkbuf_0_clk/X (sky130_fd_sc_hd__clkbuf_16)
                                                         clknet_0_clk (net)
                      0.076113    0.001862   20.179050 ^ clkbuf_3_6__f_clk/A (sky130_fd_sc_hd__clkbuf_16)
     8    0.024071    0.034308    0.099634   20.278685 ^ clkbuf_3_6__f_clk/X (sky130_fd_sc_hd__clkbuf_16)
                                                         clknet_3_6__leaf_clk (net)
                      0.034319    0.000425   20.279108 ^ _1593_/CLK (sky130_fd_sc_hd__dfxtp_2)
                                 -0.250000   20.029110   clock uncertainty
                                  0.000000   20.029110   clock reconvergence pessimism
                                 -0.069899   19.959209   library setup time
                                             19.959209   data required time
---------------------------------------------------------------------------------------------
                                             19.959209   data required time
                                             -4.789726   data arrival time
---------------------------------------------------------------------------------------------
                                             15.169484   slack (MET)


Startpoint: uio_in[2] (input port clocked by clk)
Endpoint: _1599_ (rising edge-triggered flip-flop clocked by clk)
Path Group: clk
Path Type: max

Fanout         Cap        Slew       Delay        Time   Description
---------------------------------------------------------------------------------------------
                                  0.000000    0.000000   clock clk (rise edge)
                                  0.000000    0.000000   clock network delay (propagated)
                                  4.000000    4.000000 ^ input external delay
     1    0.003656    0.016992    0.009464    4.009463 ^ uio_in[2] (in)
                                                         uio_in[2] (net)
                      0.016992    0.000000    4.009463 ^ input12/A (sky130_fd_sc_hd__clkdlybuf4s25_1)
     5    0.015372    0.121504    0.218405    4.227869 ^ input12/X (sky130_fd_sc_hd__clkdlybuf4s25_1)
                                                         net12 (net)
                      0.121504    0.000241    4.228109 ^ _0804_/A_N (sky130_fd_sc_hd__and2b_2)
     3    0.009206    0.037049    0.153036    4.381145 v _0804_/X (sky130_fd_sc_hd__and2b_2)
                                                         _0074_ (net)
                      0.037049    0.000074    4.381219 v _1455_/C (sky130_fd_sc_hd__and3_2)
     8    0.019661    0.054266    0.164577    4.545796 v _1455_/X (sky130_fd_sc_hd__and3_2)
                                                         _0708_ (net)
                      0.054266    0.000196    4.545992 v _1471_/B (sky130_fd_sc_hd__or2_2)
     1    0.002703    0.035948    0.161646    4.707638 v _1471_/X (sky130_fd_sc_hd__or2_2)
                                                         _0717_ (net)
                      0.035948    0.000024    4.707663 v _1472_/B1 (sky130_fd_sc_hd__o211a_2)
     1    0.002421    0.029240    0.081457    4.789119 v _1472_/X (sky130_fd_sc_hd__o211a_2)
                                                         _0027_ (net)
                      0.029240    0.000023    4.789142 v _1599_/D (sky130_fd_sc_hd__dfxtp_2)
                                              4.789142   data arrival time

                                 20.000000   20.000000   clock clk (rise edge)
                                  0.000000   20.000000   clock source latency
     1    0.019024    0.068474    0.046761   20.046761 ^ clk (in)
                                                         clk (net)
                      0.068482    0.000000   20.046761 ^ clkbuf_0_clk/A (sky130_fd_sc_hd__clkbuf_16)
     8    0.082698    0.076007    0.130427   20.177189 ^ clkbuf_0_clk/X (sky130_fd_sc_hd__clkbuf_16)
                                                         clknet_0_clk (net)
                      0.076113    0.001862   20.179050 ^ clkbuf_3_6__f_clk/A (sky130_fd_sc_hd__clkbuf_16)
     8    0.024071    0.034308    0.099634   20.278685 ^ clkbuf_3_6__f_clk/X (sky130_fd_sc_hd__clkbuf_16)
                                                         clknet_3_6__leaf_clk (net)
                      0.034308    0.000151   20.278835 ^ _1599_/CLK (sky130_fd_sc_hd__dfxtp_2)
                                 -0.250000   20.028835   clock uncertainty
                                  0.000000   20.028835   clock reconvergence pessimism
                                 -0.070016   19.958818   library setup time
                                             19.958818   data required time
---------------------------------------------------------------------------------------------
                                             19.958818   data required time
                                             -4.789142   data arrival time
---------------------------------------------------------------------------------------------
                                             15.169678   slack (MET)


Startpoint: uio_in[2] (input port clocked by clk)
Endpoint: _1594_ (rising edge-triggered flip-flop clocked by clk)
Path Group: clk
Path Type: max

Fanout         Cap        Slew       Delay        Time   Description
---------------------------------------------------------------------------------------------
                                  0.000000    0.000000   clock clk (rise edge)
                                  0.000000    0.000000   clock network delay (propagated)
                                  4.000000    4.000000 ^ input external delay
     1    0.003656    0.016992    0.009464    4.009463 ^ uio_in[2] (in)
                                                         uio_in[2] (net)
                      0.016992    0.000000    4.009463 ^ input12/A (sky130_fd_sc_hd__clkdlybuf4s25_1)
     5    0.015372    0.121504    0.218405    4.227869 ^ input12/X (sky130_fd_sc_hd__clkdlybuf4s25_1)
                                                         net12 (net)
                      0.121504    0.000241    4.228109 ^ _0804_/A_N (sky130_fd_sc_hd__and2b_2)
     3    0.009206    0.037049    0.153036    4.381145 v _0804_/X (sky130_fd_sc_hd__and2b_2)
                                                         _0074_ (net)
                      0.037049    0.000074    4.381219 v _1455_/C (sky130_fd_sc_hd__and3_2)
     8    0.019661    0.054266    0.164577    4.545796 v _1455_/X (sky130_fd_sc_hd__and3_2)
                                                         _0708_ (net)
                      0.054270    0.000494    4.546290 v _1461_/B (sky130_fd_sc_hd__or2_2)
     1    0.002832    0.036273    0.162132    4.708422 v _1461_/X (sky130_fd_sc_hd__or2_2)
                                                         _0712_ (net)
                      0.036273    0.000027    4.708449 v _1462_/B1 (sky130_fd_sc_hd__o211a_2)
     1    0.002784    0.029979    0.082564    4.791013 v _1462_/X (sky130_fd_sc_hd__o211a_2)
                                                         _0022_ (net)
                      0.029979    0.000032    4.791046 v _1594_/D (sky130_fd_sc_hd__dfxtp_2)
                                              4.791046   data arrival time

                                 20.000000   20.000000   clock clk (rise edge)
                                  0.000000   20.000000   clock source latency
     1    0.019024    0.068474    0.046761   20.046761 ^ clk (in)
                                                         clk (net)
                      0.068482    0.000000   20.046761 ^ clkbuf_0_clk/A (sky130_fd_sc_hd__clkbuf_16)
     8    0.082698    0.076007    0.130427   20.177189 ^ clkbuf_0_clk/X (sky130_fd_sc_hd__clkbuf_16)
                                                         clknet_0_clk (net)
                      0.076113    0.001871   20.179058 ^ clkbuf_3_7__f_clk/A (sky130_fd_sc_hd__clkbuf_16)
     8    0.026884    0.036250    0.101476   20.280535 ^ clkbuf_3_7__f_clk/X (sky130_fd_sc_hd__clkbuf_16)
                                                         clknet_3_7__leaf_clk (net)
                      0.036271    0.000787   20.281322 ^ _1594_/CLK (sky130_fd_sc_hd__dfxtp_2)
                                 -0.250000   20.031322   clock uncertainty
                                  0.000000   20.031322   clock reconvergence pessimism
                                 -0.070091   19.961231   library setup time
                                             19.961231   data required time
---------------------------------------------------------------------------------------------
                                             19.961231   data required time
                                             -4.791046   data arrival time
---------------------------------------------------------------------------------------------
                                             15.170185   slack (MET)


Startpoint: uio_in[2] (input port clocked by clk)
Endpoint: _1596_ (rising edge-triggered flip-flop clocked by clk)
Path Group: clk
Path Type: max

Fanout         Cap        Slew       Delay        Time   Description
---------------------------------------------------------------------------------------------
                                  0.000000    0.000000   clock clk (rise edge)
                                  0.000000    0.000000   clock network delay (propagated)
                                  4.000000    4.000000 ^ input external delay
     1    0.003656    0.016992    0.009464    4.009463 ^ uio_in[2] (in)
                                                         uio_in[2] (net)
                      0.016992    0.000000    4.009463 ^ input12/A (sky130_fd_sc_hd__clkdlybuf4s25_1)
     5    0.015372    0.121504    0.218405    4.227869 ^ input12/X (sky130_fd_sc_hd__clkdlybuf4s25_1)
                                                         net12 (net)
                      0.121504    0.000241    4.228109 ^ _0804_/A_N (sky130_fd_sc_hd__and2b_2)
     3    0.009206    0.037049    0.153036    4.381145 v _0804_/X (sky130_fd_sc_hd__and2b_2)
                                                         _0074_ (net)
                      0.037049    0.000074    4.381219 v _1455_/C (sky130_fd_sc_hd__and3_2)
     8    0.019661    0.054266    0.164577    4.545796 v _1455_/X (sky130_fd_sc_hd__and3_2)
                                                         _0708_ (net)
                      0.054271    0.000550    4.546346 v _1465_/B (sky130_fd_sc_hd__or2_2)
     1    0.002903    0.036993    0.162404    4.708750 v _1465_/X (sky130_fd_sc_hd__or2_2)
                                                         _0714_ (net)
                      0.036993    0.000028    4.708778 v _1466_/B1 (sky130_fd_sc_hd__o211a_2)
     1    0.002081    0.028540    0.080971    4.789749 v _1466_/X (sky130_fd_sc_hd__o211a_2)
                                                         _0024_ (net)
                      0.028540    0.000019    4.789767 v _1596_/D (sky130_fd_sc_hd__dfxtp_2)
                                              4.789767   data arrival time

                                 20.000000   20.000000   clock clk (rise edge)
                                  0.000000   20.000000   clock source latency
     1    0.019024    0.068474    0.046761   20.046761 ^ clk (in)
                                                         clk (net)
                      0.068482    0.000000   20.046761 ^ clkbuf_0_clk/A (sky130_fd_sc_hd__clkbuf_16)
     8    0.082698    0.076007    0.130427   20.177189 ^ clkbuf_0_clk/X (sky130_fd_sc_hd__clkbuf_16)
                                                         clknet_0_clk (net)
                      0.076113    0.001871   20.179058 ^ clkbuf_3_7__f_clk/A (sky130_fd_sc_hd__clkbuf_16)
     8    0.026884    0.036250    0.101476   20.280535 ^ clkbuf_3_7__f_clk/X (sky130_fd_sc_hd__clkbuf_16)
                                                         clknet_3_7__leaf_clk (net)
                      0.036254    0.000471   20.281006 ^ _1596_/CLK (sky130_fd_sc_hd__dfxtp_2)
                                 -0.250000   20.031006   clock uncertainty
                                  0.000000   20.031006   clock reconvergence pessimism
                                 -0.069579   19.961428   library setup time
                                             19.961428   data required time
---------------------------------------------------------------------------------------------
                                             19.961428   data required time
                                             -4.789767   data arrival time
---------------------------------------------------------------------------------------------
                                             15.171659   slack (MET)


Startpoint: _1580_ (rising edge-triggered flip-flop clocked by clk)
Endpoint: uo_out[4] (output port clocked by clk)
Path Group: clk
Path Type: max

Fanout         Cap        Slew       Delay        Time   Description
---------------------------------------------------------------------------------------------
                                  0.000000    0.000000   clock clk (rise edge)
                                  0.000000    0.000000   clock source latency
     1    0.019024    0.068474    0.046761    0.046761 ^ clk (in)
                                                         clk (net)
                      0.068482    0.000000    0.046761 ^ clkbuf_0_clk/A (sky130_fd_sc_hd__clkbuf_16)
     8    0.082698    0.076007    0.130428    0.177189 ^ clkbuf_0_clk/X (sky130_fd_sc_hd__clkbuf_16)
                                                         clknet_0_clk (net)
                      0.076093    0.001583    0.178772 ^ clkbuf_3_3__f_clk/A (sky130_fd_sc_hd__clkbuf_16)
     8    0.030190    0.038568    0.103876    0.282648 ^ clkbuf_3_3__f_clk/X (sky130_fd_sc_hd__clkbuf_16)
                                                         clknet_3_3__leaf_clk (net)
                      0.038575    0.000519    0.283167 ^ _1580_/CLK (sky130_fd_sc_hd__dfxtp_2)
     1    0.037161    0.143644    0.278911    0.562078 ^ _1580_/Q (sky130_fd_sc_hd__dfxtp_2)
                                                         uo_out[4] (net)
                      0.143646    0.000751    0.562829 ^ uo_out[4] (out)
                                              0.562829   data arrival time

                                 20.000000   20.000000   clock clk (rise edge)
                                  0.000000   20.000000   clock network delay (propagated)
                                 -0.250000   19.750002   clock uncertainty
                                  0.000000   19.750002   clock reconvergence pessimism
                                 -4.000000   15.750001   output external delay
                                             15.750001   data required time
---------------------------------------------------------------------------------------------
                                             15.750001   data required time
                                             -0.562829   data arrival time
---------------------------------------------------------------------------------------------
                                             15.187171   slack (MET)


Startpoint: _1578_ (rising edge-triggered flip-flop clocked by clk)
Endpoint: uo_out[2] (output port clocked by clk)
Path Group: clk
Path Type: max

Fanout         Cap        Slew       Delay        Time   Description
---------------------------------------------------------------------------------------------
                                  0.000000    0.000000   clock clk (rise edge)
                                  0.000000    0.000000   clock source latency
     1    0.019024    0.068474    0.046761    0.046761 ^ clk (in)
                                                         clk (net)
                      0.068482    0.000000    0.046761 ^ clkbuf_0_clk/A (sky130_fd_sc_hd__clkbuf_16)
     8    0.082698    0.076007    0.130428    0.177189 ^ clkbuf_0_clk/X (sky130_fd_sc_hd__clkbuf_16)
                                                         clknet_0_clk (net)
                      0.076023    0.001100    0.178288 ^ clkbuf_3_4__f_clk/A (sky130_fd_sc_hd__clkbuf_16)
     8    0.031042    0.039190    0.104406    0.282694 ^ clkbuf_3_4__f_clk/X (sky130_fd_sc_hd__clkbuf_16)
                                                         clknet_3_4__leaf_clk (net)
                      0.039200    0.000803    0.283497 ^ _1578_/CLK (sky130_fd_sc_hd__dfxtp_2)
     1    0.035903    0.138948    0.276215    0.559712 ^ _1578_/Q (sky130_fd_sc_hd__dfxtp_2)
                                                         uo_out[2] (net)
                      0.138948    0.000243    0.559955 ^ uo_out[2] (out)
                                              0.559955   data arrival time

                                 20.000000   20.000000   clock clk (rise edge)
                                  0.000000   20.000000   clock network delay (propagated)
                                 -0.250000   19.750002   clock uncertainty
                                  0.000000   19.750002   clock reconvergence pessimism
                                 -4.000000   15.750001   output external delay
                                             15.750001   data required time
---------------------------------------------------------------------------------------------
                                             15.750001   data required time
                                             -0.559955   data arrival time
---------------------------------------------------------------------------------------------
                                             15.190047   slack (MET)


Startpoint: _1581_ (rising edge-triggered flip-flop clocked by clk)
Endpoint: uo_out[5] (output port clocked by clk)
Path Group: clk
Path Type: max

Fanout         Cap        Slew       Delay        Time   Description
---------------------------------------------------------------------------------------------
                                  0.000000    0.000000   clock clk (rise edge)
                                  0.000000    0.000000   clock source latency
     1    0.019024    0.068474    0.046761    0.046761 ^ clk (in)
                                                         clk (net)
                      0.068482    0.000000    0.046761 ^ clkbuf_0_clk/A (sky130_fd_sc_hd__clkbuf_16)
     8    0.082698    0.076007    0.130428    0.177189 ^ clkbuf_0_clk/X (sky130_fd_sc_hd__clkbuf_16)
                                                         clknet_0_clk (net)
                      0.076023    0.001100    0.178288 ^ clkbuf_3_4__f_clk/A (sky130_fd_sc_hd__clkbuf_16)
     8    0.031042    0.039190    0.104406    0.282694 ^ clkbuf_3_4__f_clk/X (sky130_fd_sc_hd__clkbuf_16)
                                                         clknet_3_4__leaf_clk (net)
                      0.039199    0.000771    0.283465 ^ _1581_/CLK (sky130_fd_sc_hd__dfxtp_2)
     1    0.035447    0.137276    0.275040    0.558505 ^ _1581_/Q (sky130_fd_sc_hd__dfxtp_2)
                                                         uo_out[5] (net)
                      0.137276    0.000245    0.558750 ^ uo_out[5] (out)
                                              0.558750   data arrival time

                                 20.000000   20.000000   clock clk (rise edge)
                                  0.000000   20.000000   clock network delay (propagated)
                                 -0.250000   19.750002   clock uncertainty
                                  0.000000   19.750002   clock reconvergence pessimism
                                 -4.000000   15.750001   output external delay
                                             15.750001   data required time
---------------------------------------------------------------------------------------------
                                             15.750001   data required time
                                             -0.558750   data arrival time
---------------------------------------------------------------------------------------------
                                             15.191252   slack (MET)


Startpoint: _1577_ (rising edge-triggered flip-flop clocked by clk)
Endpoint: uo_out[1] (output port clocked by clk)
Path Group: clk
Path Type: max

Fanout         Cap        Slew       Delay        Time   Description
---------------------------------------------------------------------------------------------
                                  0.000000    0.000000   clock clk (rise edge)
                                  0.000000    0.000000   clock source latency
     1    0.019024    0.068474    0.046761    0.046761 ^ clk (in)
                                                         clk (net)
                      0.068482    0.000000    0.046761 ^ clkbuf_0_clk/A (sky130_fd_sc_hd__clkbuf_16)
     8    0.082698    0.076007    0.130428    0.177189 ^ clkbuf_0_clk/X (sky130_fd_sc_hd__clkbuf_16)
                                                         clknet_0_clk (net)
                      0.076023    0.001100    0.178288 ^ clkbuf_3_4__f_clk/A (sky130_fd_sc_hd__clkbuf_16)
     8    0.031042    0.039190    0.104406    0.282694 ^ clkbuf_3_4__f_clk/X (sky130_fd_sc_hd__clkbuf_16)
                                                         clknet_3_4__leaf_clk (net)
                      0.039201    0.000805    0.283499 ^ _1577_/CLK (sky130_fd_sc_hd__dfxtp_2)
     1    0.035196    0.136376    0.274335    0.557834 ^ _1577_/Q (sky130_fd_sc_hd__dfxtp_2)
                                                         uo_out[1] (net)
                      0.136376    0.000337    0.558171 ^ uo_out[1] (out)
                                              0.558171   data arrival time

                                 20.000000   20.000000   clock clk (rise edge)
                                  0.000000   20.000000   clock network delay (propagated)
                                 -0.250000   19.750002   clock uncertainty
                                  0.000000   19.750002   clock reconvergence pessimism
                                 -4.000000   15.750001   output external delay
                                             15.750001   data required time
---------------------------------------------------------------------------------------------
                                             15.750001   data required time
                                             -0.558171   data arrival time
---------------------------------------------------------------------------------------------
                                             15.191831   slack (MET)


Startpoint: _1582_ (rising edge-triggered flip-flop clocked by clk)
Endpoint: uo_out[6] (output port clocked by clk)
Path Group: clk
Path Type: max

Fanout         Cap        Slew       Delay        Time   Description
---------------------------------------------------------------------------------------------
                                  0.000000    0.000000   clock clk (rise edge)
                                  0.000000    0.000000   clock source latency
     1    0.019024    0.068474    0.046761    0.046761 ^ clk (in)
                                                         clk (net)
                      0.068482    0.000000    0.046761 ^ clkbuf_0_clk/A (sky130_fd_sc_hd__clkbuf_16)
     8    0.082698    0.076007    0.130428    0.177189 ^ clkbuf_0_clk/X (sky130_fd_sc_hd__clkbuf_16)
                                                         clknet_0_clk (net)
                      0.076093    0.001583    0.178772 ^ clkbuf_3_3__f_clk/A (sky130_fd_sc_hd__clkbuf_16)
     8    0.030190    0.038568    0.103876    0.282648 ^ clkbuf_3_3__f_clk/X (sky130_fd_sc_hd__clkbuf_16)
                                                         clknet_3_3__leaf_clk (net)
                      0.038576    0.000541    0.283189 ^ _1582_/CLK (sky130_fd_sc_hd__dfxtp_2)
     1    0.035342    0.136897    0.274578    0.557767 ^ _1582_/Q (sky130_fd_sc_hd__dfxtp_2)
                                                         uo_out[6] (net)
                      0.136897    0.000255    0.558022 ^ uo_out[6] (out)
                                              0.558022   data arrival time

                                 20.000000   20.000000   clock clk (rise edge)
                                  0.000000   20.000000   clock network delay (propagated)
                                 -0.250000   19.750002   clock uncertainty
                                  0.000000   19.750002   clock reconvergence pessimism
                                 -4.000000   15.750001   output external delay
                                             15.750001   data required time
---------------------------------------------------------------------------------------------
                                             15.750001   data required time
                                             -0.558022   data arrival time
---------------------------------------------------------------------------------------------
                                             15.191978   slack (MET)


Startpoint: _1576_ (rising edge-triggered flip-flop clocked by clk)
Endpoint: uo_out[0] (output port clocked by clk)
Path Group: clk
Path Type: max

Fanout         Cap        Slew       Delay        Time   Description
---------------------------------------------------------------------------------------------
                                  0.000000    0.000000   clock clk (rise edge)
                                  0.000000    0.000000   clock source latency
     1    0.019024    0.068474    0.046761    0.046761 ^ clk (in)
                                                         clk (net)
                      0.068482    0.000000    0.046761 ^ clkbuf_0_clk/A (sky130_fd_sc_hd__clkbuf_16)
     8    0.082698    0.076007    0.130428    0.177189 ^ clkbuf_0_clk/X (sky130_fd_sc_hd__clkbuf_16)
                                                         clknet_0_clk (net)
                      0.076098    0.001667    0.178856 ^ clkbuf_3_5__f_clk/A (sky130_fd_sc_hd__clkbuf_16)
     8    0.028666    0.037481    0.102938    0.281793 ^ clkbuf_3_5__f_clk/X (sky130_fd_sc_hd__clkbuf_16)
                                                         clknet_3_5__leaf_clk (net)
                      0.037484    0.000336    0.282130 ^ _1576_/CLK (sky130_fd_sc_hd__dfxtp_2)
     1    0.035319    0.136815    0.274184    0.556314 ^ _1576_/Q (sky130_fd_sc_hd__dfxtp_2)
                                                         uo_out[0] (net)
                      0.136815    0.000263    0.556577 ^ uo_out[0] (out)
                                              0.556577   data arrival time

                                 20.000000   20.000000   clock clk (rise edge)
                                  0.000000   20.000000   clock network delay (propagated)
                                 -0.250000   19.750002   clock uncertainty
                                  0.000000   19.750002   clock reconvergence pessimism
                                 -4.000000   15.750001   output external delay
                                             15.750001   data required time
---------------------------------------------------------------------------------------------
                                             15.750001   data required time
                                             -0.556577   data arrival time
---------------------------------------------------------------------------------------------
                                             15.193424   slack (MET)


Startpoint: _1583_ (rising edge-triggered flip-flop clocked by clk)
Endpoint: uo_out[7] (output port clocked by clk)
Path Group: clk
Path Type: max

Fanout         Cap        Slew       Delay        Time   Description
---------------------------------------------------------------------------------------------
                                  0.000000    0.000000   clock clk (rise edge)
                                  0.000000    0.000000   clock source latency
     1    0.019024    0.068474    0.046761    0.046761 ^ clk (in)
                                                         clk (net)
                      0.068482    0.000000    0.046761 ^ clkbuf_0_clk/A (sky130_fd_sc_hd__clkbuf_16)
     8    0.082698    0.076007    0.130428    0.177189 ^ clkbuf_0_clk/X (sky130_fd_sc_hd__clkbuf_16)
                                                         clknet_0_clk (net)
                      0.076098    0.001667    0.178856 ^ clkbuf_3_5__f_clk/A (sky130_fd_sc_hd__clkbuf_16)
     8    0.028666    0.037481    0.102938    0.281793 ^ clkbuf_3_5__f_clk/X (sky130_fd_sc_hd__clkbuf_16)
                                                         clknet_3_5__leaf_clk (net)
                      0.037484    0.000327    0.282120 ^ _1583_/CLK (sky130_fd_sc_hd__dfxtp_2)
     1    0.035112    0.136066    0.273629    0.555750 ^ _1583_/Q (sky130_fd_sc_hd__dfxtp_2)
                                                         uo_out[7] (net)
                      0.136066    0.000298    0.556047 ^ uo_out[7] (out)
                                              0.556047   data arrival time

                                 20.000000   20.000000   clock clk (rise edge)
                                  0.000000   20.000000   clock network delay (propagated)
                                 -0.250000   19.750002   clock uncertainty
                                  0.000000   19.750002   clock reconvergence pessimism
                                 -4.000000   15.750001   output external delay
                                             15.750001   data required time
---------------------------------------------------------------------------------------------
                                             15.750001   data required time
                                             -0.556047   data arrival time
---------------------------------------------------------------------------------------------
                                             15.193954   slack (MET)


Startpoint: _1579_ (rising edge-triggered flip-flop clocked by clk)
Endpoint: uo_out[3] (output port clocked by clk)
Path Group: clk
Path Type: max

Fanout         Cap        Slew       Delay        Time   Description
---------------------------------------------------------------------------------------------
                                  0.000000    0.000000   clock clk (rise edge)
                                  0.000000    0.000000   clock source latency
     1    0.019024    0.068474    0.046761    0.046761 ^ clk (in)
                                                         clk (net)
                      0.068482    0.000000    0.046761 ^ clkbuf_0_clk/A (sky130_fd_sc_hd__clkbuf_16)
     8    0.082698    0.076007    0.130428    0.177189 ^ clkbuf_0_clk/X (sky130_fd_sc_hd__clkbuf_16)
                                                         clknet_0_clk (net)
                      0.076098    0.001667    0.178856 ^ clkbuf_3_5__f_clk/A (sky130_fd_sc_hd__clkbuf_16)
     8    0.028666    0.037481    0.102938    0.281793 ^ clkbuf_3_5__f_clk/X (sky130_fd_sc_hd__clkbuf_16)
                                                         clknet_3_5__leaf_clk (net)
                      0.037484    0.000336    0.282129 ^ _1579_/CLK (sky130_fd_sc_hd__dfxtp_2)
     1    0.034588    0.134132    0.272349    0.554478 ^ _1579_/Q (sky130_fd_sc_hd__dfxtp_2)
                                                         uo_out[3] (net)
                      0.134132    0.000207    0.554685 ^ uo_out[3] (out)
                                              0.554685   data arrival time

                                 20.000000   20.000000   clock clk (rise edge)
                                  0.000000   20.000000   clock network delay (propagated)
                                 -0.250000   19.750002   clock uncertainty
                                  0.000000   19.750002   clock reconvergence pessimism
                                 -4.000000   15.750001   output external delay
                                             15.750001   data required time
---------------------------------------------------------------------------------------------
                                             15.750001   data required time
                                             -0.554685   data arrival time
---------------------------------------------------------------------------------------------
                                             15.195315   slack (MET)


Startpoint: uio_in[1] (input port clocked by clk)
Endpoint: _1633_ (rising edge-triggered flip-flop clocked by clk)
Path Group: clk
Path Type: max

Fanout         Cap        Slew       Delay        Time   Description
---------------------------------------------------------------------------------------------
                                  0.000000    0.000000   clock clk (rise edge)
                                  0.000000    0.000000   clock network delay (propagated)
                                  4.000000    4.000000 ^ input external delay
     1    0.003788    0.017467    0.009809    4.009809 ^ uio_in[1] (in)
                                                         uio_in[1] (net)
                      0.017467    0.000000    4.009809 ^ input11/A (sky130_fd_sc_hd__clkdlybuf4s25_1)
     8    0.027318    0.208518    0.279132    4.288941 ^ input11/X (sky130_fd_sc_hd__clkdlybuf4s25_1)
                                                         net11 (net)
                      0.208518    0.000675    4.289616 ^ _0797_/A (sky130_fd_sc_hd__nor2_2)
     3    0.008831    0.053065    0.039539    4.329155 v _0797_/Y (sky130_fd_sc_hd__nor2_2)
                                                         _0070_ (net)
                      0.053065    0.000076    4.329231 v _0800_/A2 (sky130_fd_sc_hd__o211a_2)
     1    0.003147    0.030607    0.150098    4.479329 v _0800_/X (sky130_fd_sc_hd__o211a_2)
                                                         _0072_ (net)
                      0.030607    0.000034    4.479363 v _0801_/B1 (sky130_fd_sc_hd__a41o_2)
     1    0.004058    0.030829    0.078534    4.557897 v _0801_/X (sky130_fd_sc_hd__a41o_2)
                                                         _0000_ (net)
                      0.030829    0.000068    4.557964 v _1633_/D (sky130_fd_sc_hd__dfxtp_2)
                                              4.557964   data arrival time

                                 20.000000   20.000000   clock clk (rise edge)
                                  0.000000   20.000000   clock source latency
     1    0.019024    0.068474    0.046761   20.046761 ^ clk (in)
                                                         clk (net)
                      0.068482    0.000000   20.046761 ^ clkbuf_0_clk/A (sky130_fd_sc_hd__clkbuf_16)
     8    0.082698    0.076007    0.130427   20.177189 ^ clkbuf_0_clk/X (sky130_fd_sc_hd__clkbuf_16)
                                                         clknet_0_clk (net)
                      0.076098    0.001668   20.178856 ^ clkbuf_3_5__f_clk/A (sky130_fd_sc_hd__clkbuf_16)
     8    0.028666    0.037481    0.102938   20.281796 ^ clkbuf_3_5__f_clk/X (sky130_fd_sc_hd__clkbuf_16)
                                                         clknet_3_5__leaf_clk (net)
                      0.037481    0.000119   20.281914 ^ _1633_/CLK (sky130_fd_sc_hd__dfxtp_2)
                                 -0.250000   20.031914   clock uncertainty
                                  0.000000   20.031914   clock reconvergence pessimism
                                 -0.070278   19.961636   library setup time
                                             19.961636   data required time
---------------------------------------------------------------------------------------------
                                             19.961636   data required time
                                             -4.557964   data arrival time
---------------------------------------------------------------------------------------------
                                             15.403671   slack (MET)


Startpoint: uio_in[1] (input port clocked by clk)
Endpoint: _1634_ (rising edge-triggered flip-flop clocked by clk)
Path Group: clk
Path Type: max

Fanout         Cap        Slew       Delay        Time   Description
---------------------------------------------------------------------------------------------
                                  0.000000    0.000000   clock clk (rise edge)
                                  0.000000    0.000000   clock network delay (propagated)
                                  4.000000    4.000000 ^ input external delay
     1    0.003788    0.017467    0.009809    4.009809 ^ uio_in[1] (in)
                                                         uio_in[1] (net)
                      0.017467    0.000000    4.009809 ^ input11/A (sky130_fd_sc_hd__clkdlybuf4s25_1)
     8    0.027318    0.208518    0.279132    4.288941 ^ input11/X (sky130_fd_sc_hd__clkdlybuf4s25_1)
                                                         net11 (net)
                      0.208518    0.000675    4.289616 ^ _0797_/A (sky130_fd_sc_hd__nor2_2)
     3    0.008831    0.053065    0.039539    4.329155 v _0797_/Y (sky130_fd_sc_hd__nor2_2)
                                                         _0070_ (net)
                      0.053065    0.000055    4.329210 v _0798_/A2 (sky130_fd_sc_hd__o211a_2)
     1    0.003431    0.031203    0.151147    4.480357 v _0798_/X (sky130_fd_sc_hd__o211a_2)
                                                         _0071_ (net)
                      0.031203    0.000042    4.480399 v _0799_/B1 (sky130_fd_sc_hd__a41o_2)
     1    0.002409    0.027264    0.074457    4.554856 v _0799_/X (sky130_fd_sc_hd__a41o_2)
                                                         _0001_ (net)
                      0.027264    0.000023    4.554879 v _1634_/D (sky130_fd_sc_hd__dfxtp_2)
                                              4.554879   data arrival time

                                 20.000000   20.000000   clock clk (rise edge)
                                  0.000000   20.000000   clock source latency
     1    0.019024    0.068474    0.046761   20.046761 ^ clk (in)
                                                         clk (net)
                      0.068482    0.000000   20.046761 ^ clkbuf_0_clk/A (sky130_fd_sc_hd__clkbuf_16)
     8    0.082698    0.076007    0.130427   20.177189 ^ clkbuf_0_clk/X (sky130_fd_sc_hd__clkbuf_16)
                                                         clknet_0_clk (net)
                      0.076098    0.001668   20.178856 ^ clkbuf_3_5__f_clk/A (sky130_fd_sc_hd__clkbuf_16)
     8    0.028666    0.037481    0.102938   20.281796 ^ clkbuf_3_5__f_clk/X (sky130_fd_sc_hd__clkbuf_16)
                                                         clknet_3_5__leaf_clk (net)
                      0.037481    0.000110   20.281904 ^ _1634_/CLK (sky130_fd_sc_hd__dfxtp_2)
                                 -0.250000   20.031906   clock uncertainty
                                  0.000000   20.031906   clock reconvergence pessimism
                                 -0.069005   19.962900   library setup time
                                             19.962900   data required time
---------------------------------------------------------------------------------------------
                                             19.962900   data required time
                                             -4.554879   data arrival time
---------------------------------------------------------------------------------------------
                                             15.408020   slack (MET)


Startpoint: uio_in[3] (input port clocked by clk)
Endpoint: _1624_ (rising edge-triggered flip-flop clocked by clk)
Path Group: clk
Path Type: max

Fanout         Cap        Slew       Delay        Time   Description
---------------------------------------------------------------------------------------------
                                  0.000000    0.000000   clock clk (rise edge)
                                  0.000000    0.000000   clock network delay (propagated)
                                  4.000000    4.000000 v input external delay
     1    0.002617    0.004462    0.002097    4.002098 v uio_in[3] (in)
                                                         uio_in[3] (net)
                      0.004462    0.000000    4.002098 v input13/A (sky130_fd_sc_hd__clkdlybuf4s25_1)
     1    0.002241    0.024823    0.144020    4.146117 v input13/X (sky130_fd_sc_hd__clkdlybuf4s25_1)
                                                         net13 (net)
                      0.024823    0.000022    4.146139 v _1562_/B (sky130_fd_sc_hd__and2_2)
     1    0.015177    0.046074    0.138265    4.284404 v _1562_/X (sky130_fd_sc_hd__and2_2)
                                                         _0052_ (net)
                      0.046101    0.000757    4.285161 v _1624_/D (sky130_fd_sc_hd__dfxtp_2)
                                              4.285161   data arrival time

                                 20.000000   20.000000   clock clk (rise edge)
                                  0.000000   20.000000   clock source latency
     1    0.019024    0.068474    0.046761   20.046761 ^ clk (in)
                                                         clk (net)
                      0.068482    0.000000   20.046761 ^ clkbuf_0_clk/A (sky130_fd_sc_hd__clkbuf_16)
     8    0.082698    0.076007    0.130427   20.177189 ^ clkbuf_0_clk/X (sky130_fd_sc_hd__clkbuf_16)
                                                         clknet_0_clk (net)
                      0.076093    0.001585   20.178774 ^ clkbuf_3_3__f_clk/A (sky130_fd_sc_hd__clkbuf_16)
     8    0.030190    0.038568    0.103876   20.282648 ^ clkbuf_3_3__f_clk/X (sky130_fd_sc_hd__clkbuf_16)
                                                         clknet_3_3__leaf_clk (net)
                      0.038579    0.000600   20.283249 ^ _1624_/CLK (sky130_fd_sc_hd__dfxtp_2)
                                 -0.250000   20.033251   clock uncertainty
                                  0.000000   20.033251   clock reconvergence pessimism
                                 -0.075625   19.957626   library setup time
                                             19.957626   data required time
---------------------------------------------------------------------------------------------
                                             19.957626   data required time
                                             -4.285161   data arrival time
---------------------------------------------------------------------------------------------
                                             15.672464   slack (MET)


Startpoint: rst_n (input port clocked by clk)
Endpoint: _1636_ (rising edge-triggered flip-flop clocked by clk)
Path Group: clk
Path Type: max

Fanout         Cap        Slew       Delay        Time   Description
---------------------------------------------------------------------------------------------
                                  0.000000    0.000000   clock clk (rise edge)
                                  0.000000    0.000000   clock network delay (propagated)
                                  4.000000    4.000000 v input external delay
     1    0.005550    0.009106    0.004870    4.004870 v rst_n (in)
                                                         rst_n (net)
                      0.009106    0.000000    4.004870 v input1/A (sky130_fd_sc_hd__clkdlybuf4s25_1)
     1    0.003598    0.030829    0.152499    4.157369 v input1/X (sky130_fd_sc_hd__clkdlybuf4s25_1)
                                                         net1 (net)
                      0.030829    0.000055    4.157424 v _1636_/D (sky130_fd_sc_hd__dfxtp_2)
                                              4.157424   data arrival time

                                 20.000000   20.000000   clock clk (rise edge)
                                  0.000000   20.000000   clock source latency
     1    0.019024    0.068474    0.046761   20.046761 ^ clk (in)
                                                         clk (net)
                      0.068482    0.000000   20.046761 ^ clkbuf_0_clk/A (sky130_fd_sc_hd__clkbuf_16)
     8    0.082698    0.076007    0.130427   20.177189 ^ clkbuf_0_clk/X (sky130_fd_sc_hd__clkbuf_16)
                                                         clknet_0_clk (net)
                      0.076113    0.001871   20.179058 ^ clkbuf_3_7__f_clk/A (sky130_fd_sc_hd__clkbuf_16)
     8    0.026884    0.036250    0.101476   20.280535 ^ clkbuf_3_7__f_clk/X (sky130_fd_sc_hd__clkbuf_16)
                                                         clknet_3_7__leaf_clk (net)
                      0.036283    0.000954   20.281488 ^ _1636_/CLK (sky130_fd_sc_hd__dfxtp_2)
                                 -0.250000   20.031490   clock uncertainty
                                  0.000000   20.031490   clock reconvergence pessimism
                                 -0.070394   19.961096   library setup time
                                             19.961096   data required time
---------------------------------------------------------------------------------------------
                                             19.961096   data required time
                                             -4.157424   data arrival time
---------------------------------------------------------------------------------------------
                                             15.803672   slack (MET)


Startpoint: _1635_ (rising edge-triggered flip-flop clocked by clk)
Endpoint: _1631_ (rising edge-triggered flip-flop clocked by clk)
Path Group: clk
Path Type: max

Fanout         Cap        Slew       Delay        Time   Description
---------------------------------------------------------------------------------------------
                                  0.000000    0.000000   clock clk (rise edge)
                                  0.000000    0.000000   clock source latency
     1    0.019024    0.068474    0.046761    0.046761 ^ clk (in)
                                                         clk (net)
                      0.068482    0.000000    0.046761 ^ clkbuf_0_clk/A (sky130_fd_sc_hd__clkbuf_16)
     8    0.082698    0.076007    0.130428    0.177189 ^ clkbuf_0_clk/X (sky130_fd_sc_hd__clkbuf_16)
                                                         clknet_0_clk (net)
                      0.076113    0.001862    0.179050 ^ clkbuf_3_6__f_clk/A (sky130_fd_sc_hd__clkbuf_16)
     8    0.024071    0.034308    0.099634    0.278684 ^ clkbuf_3_6__f_clk/X (sky130_fd_sc_hd__clkbuf_16)
                                                         clknet_3_6__leaf_clk (net)
                      0.034328    0.000597    0.279281 ^ _1635_/CLK (sky130_fd_sc_hd__dfxtp_2)
     1    0.003972    0.025202    0.191535    0.470816 ^ _1635_/Q (sky130_fd_sc_hd__dfxtp_2)
                                                         u_rst_sync.rst_ff2 (net)
                      0.025202    0.000060    0.470876 ^ fanout42/A (sky130_fd_sc_hd__clkdlybuf4s25_1)
    10    0.052072    0.390561    0.405090    0.875966 ^ fanout42/X (sky130_fd_sc_hd__clkdlybuf4s25_1)
                                                         net42 (net)
                      0.390620    0.004010    0.879976 ^ _0791_/A (sky130_fd_sc_hd__inv_2)
     9    0.043741    0.145759    0.114119    0.994095 v _0791_/Y (sky130_fd_sc_hd__inv_2)
                                                         _0064_ (net)
                      0.145759    0.000117    0.994212 v _1572_/C1 (sky130_fd_sc_hd__a2111oi_2)
     1    0.002016    0.170250    0.156630    1.150842 ^ _1572_/Y (sky130_fd_sc_hd__a2111oi_2)
                                                         _0058_ (net)
                      0.170250    0.000017    1.150858 ^ hold89/A (sky130_fd_sc_hd__dlygate4sd3_1)
     1    0.002634    0.036243    0.388610    1.539469 ^ hold89/X (sky130_fd_sc_hd__dlygate4sd3_1)
                                                         net89 (net)
                      0.036243    0.000030    1.539499 ^ _1631_/D (sky130_fd_sc_hd__dfxtp_2)
                                              1.539499   data arrival time

                                 20.000000   20.000000   clock clk (rise edge)
                                  0.000000   20.000000   clock source latency
     1    0.019024    0.068474    0.046761   20.046761 ^ clk (in)
                                                         clk (net)
                      0.068482    0.000000   20.046761 ^ clkbuf_0_clk/A (sky130_fd_sc_hd__clkbuf_16)
     8    0.082698    0.076007    0.130427   20.177189 ^ clkbuf_0_clk/X (sky130_fd_sc_hd__clkbuf_16)
                                                         clknet_0_clk (net)
                      0.076093    0.001585   20.178774 ^ clkbuf_3_3__f_clk/A (sky130_fd_sc_hd__clkbuf_16)
     8    0.030190    0.038568    0.103876   20.282648 ^ clkbuf_3_3__f_clk/X (sky130_fd_sc_hd__clkbuf_16)
                                                         clknet_3_3__leaf_clk (net)
                      0.038573    0.000446   20.283094 ^ _1631_/CLK (sky130_fd_sc_hd__dfxtp_2)
                                 -0.250000   20.033096   clock uncertainty
                                  0.000000   20.033096   clock reconvergence pessimism
                                 -0.031731   20.001364   library setup time
                                             20.001364   data required time
---------------------------------------------------------------------------------------------
                                             20.001364   data required time
                                             -1.539499   data arrival time
---------------------------------------------------------------------------------------------
                                             18.461866   slack (MET)


Startpoint: _1629_ (rising edge-triggered flip-flop clocked by clk)
Endpoint: _1629_ (rising edge-triggered flip-flop clocked by clk)
Path Group: clk
Path Type: max

Fanout         Cap        Slew       Delay        Time   Description
---------------------------------------------------------------------------------------------
                                  0.000000    0.000000   clock clk (rise edge)
                                  0.000000    0.000000   clock source latency
     1    0.019024    0.068474    0.046761    0.046761 ^ clk (in)
                                                         clk (net)
                      0.068482    0.000000    0.046761 ^ clkbuf_0_clk/A (sky130_fd_sc_hd__clkbuf_16)
     8    0.082698    0.076007    0.130428    0.177189 ^ clkbuf_0_clk/X (sky130_fd_sc_hd__clkbuf_16)
                                                         clknet_0_clk (net)
                      0.076088    0.001513    0.178702 ^ clkbuf_3_2__f_clk/A (sky130_fd_sc_hd__clkbuf_16)
     8    0.024444    0.034559    0.099908    0.278610 ^ clkbuf_3_2__f_clk/X (sky130_fd_sc_hd__clkbuf_16)
                                                         clknet_3_2__leaf_clk (net)
                      0.034588    0.000758    0.279368 ^ _1629_/CLK (sky130_fd_sc_hd__dfxtp_2)
     2    0.004269    0.019239    0.195246    0.474614 v _1629_/Q (sky130_fd_sc_hd__dfxtp_2)
                                                         u_sync.armed (net)
                      0.019239    0.000017    0.474631 v hold85/A (sky130_fd_sc_hd__dlygate4sd3_1)
     1    0.003167    0.039832    0.357998    0.832629 v hold85/X (sky130_fd_sc_hd__dlygate4sd3_1)
                                                         net85 (net)
                      0.039832    0.000037    0.832666 v _1567_/A1 (sky130_fd_sc_hd__o21a_2)
     1    0.002170    0.023133    0.126095    0.958761 v _1567_/X (sky130_fd_sc_hd__o21a_2)
                                                         _0056_ (net)
                      0.023133    0.000020    0.958781 v hold86/A (sky130_fd_sc_hd__dlygate4sd3_1)
     1    0.002106    0.035668    0.352743    1.311524 v hold86/X (sky130_fd_sc_hd__dlygate4sd3_1)
                                                         net86 (net)
                      0.035668    0.000019    1.311543 v _1629_/D (sky130_fd_sc_hd__dfxtp_2)
                                              1.311543   data arrival time

                                 20.000000   20.000000   clock clk (rise edge)
                                  0.000000   20.000000   clock source latency
     1    0.019024    0.068474    0.046761   20.046761 ^ clk (in)
                                                         clk (net)
                      0.068482    0.000000   20.046761 ^ clkbuf_0_clk/A (sky130_fd_sc_hd__clkbuf_16)
     8    0.082698    0.076007    0.130427   20.177189 ^ clkbuf_0_clk/X (sky130_fd_sc_hd__clkbuf_16)
                                                         clknet_0_clk (net)
                      0.076088    0.001513   20.178701 ^ clkbuf_3_2__f_clk/A (sky130_fd_sc_hd__clkbuf_16)
     8    0.024444    0.034559    0.099908   20.278610 ^ clkbuf_3_2__f_clk/X (sky130_fd_sc_hd__clkbuf_16)
                                                         clknet_3_2__leaf_clk (net)
                      0.034588    0.000759   20.279367 ^ _1629_/CLK (sky130_fd_sc_hd__dfxtp_2)
                                 -0.250000   20.029369   clock uncertainty
                                  0.000000   20.029369   clock reconvergence pessimism
                                 -0.072285   19.957083   library setup time
                                             19.957083   data required time
---------------------------------------------------------------------------------------------
                                             19.957083   data required time
                                             -1.311543   data arrival time
---------------------------------------------------------------------------------------------
                                             18.645540   slack (MET)


Startpoint: _1631_ (rising edge-triggered flip-flop clocked by clk)
Endpoint: _1630_ (rising edge-triggered flip-flop clocked by clk)
Path Group: clk
Path Type: max

Fanout         Cap        Slew       Delay        Time   Description
---------------------------------------------------------------------------------------------
                                  0.000000    0.000000   clock clk (rise edge)
                                  0.000000    0.000000   clock source latency
     1    0.019024    0.068474    0.046761    0.046761 ^ clk (in)
                                                         clk (net)
                      0.068482    0.000000    0.046761 ^ clkbuf_0_clk/A (sky130_fd_sc_hd__clkbuf_16)
     8    0.082698    0.076007    0.130428    0.177189 ^ clkbuf_0_clk/X (sky130_fd_sc_hd__clkbuf_16)
                                                         clknet_0_clk (net)
                      0.076093    0.001583    0.178772 ^ clkbuf_3_3__f_clk/A (sky130_fd_sc_hd__clkbuf_16)
     8    0.030190    0.038568    0.103876    0.282648 ^ clkbuf_3_3__f_clk/X (sky130_fd_sc_hd__clkbuf_16)
                                                         clknet_3_3__leaf_clk (net)
                      0.038573    0.000447    0.283095 ^ _1631_/CLK (sky130_fd_sc_hd__dfxtp_2)
     2    0.004304    0.026246    0.193882    0.476977 ^ _1631_/Q (sky130_fd_sc_hd__dfxtp_2)
                                                         u_sync.lock_cnt[1] (net)
                      0.026246    0.000021    0.476998 ^ hold88/A (sky130_fd_sc_hd__dlygate4sd3_1)
     1    0.005602    0.056199    0.385898    0.862895 ^ hold88/X (sky130_fd_sc_hd__dlygate4sd3_1)
                                                         net88 (net)
                      0.056199    0.000068    0.862963 ^ _0787_/A (sky130_fd_sc_hd__inv_2)
     2    0.008592    0.023199    0.026470    0.889434 v _0787_/Y (sky130_fd_sc_hd__inv_2)
                                                         _0060_ (net)
                      0.023199    0.000029    0.889463 v _1568_/A1 (sky130_fd_sc_hd__o21a_2)
     2    0.006426    0.031059    0.132392    1.021855 v _1568_/X (sky130_fd_sc_hd__o21a_2)
                                                         _0784_ (net)
                      0.031059    0.000061    1.021915 v _1570_/A2 (sky130_fd_sc_hd__o2111a_2)
     1    0.002695    0.029216    0.146745    1.168660 v _1570_/X (sky130_fd_sc_hd__o2111a_2)
                                                         _0057_ (net)
                      0.029216    0.000029    1.168689 v _1630_/D (sky130_fd_sc_hd__dfxtp_2)
                                              1.168689   data arrival time

                                 20.000000   20.000000   clock clk (rise edge)
                                  0.000000   20.000000   clock source latency
     1    0.019024    0.068474    0.046761   20.046761 ^ clk (in)
                                                         clk (net)
                      0.068482    0.000000   20.046761 ^ clkbuf_0_clk/A (sky130_fd_sc_hd__clkbuf_16)
     8    0.082698    0.076007    0.130427   20.177189 ^ clkbuf_0_clk/X (sky130_fd_sc_hd__clkbuf_16)
                                                         clknet_0_clk (net)
                      0.076088    0.001513   20.178701 ^ clkbuf_3_2__f_clk/A (sky130_fd_sc_hd__clkbuf_16)
     8    0.024444    0.034559    0.099908   20.278610 ^ clkbuf_3_2__f_clk/X (sky130_fd_sc_hd__clkbuf_16)
                                                         clknet_3_2__leaf_clk (net)
                      0.034573    0.000524   20.279133 ^ _1630_/CLK (sky130_fd_sc_hd__dfxtp_2)
                                 -0.250000   20.029135   clock uncertainty
                                  0.000000   20.029135   clock reconvergence pessimism
                                 -0.069982   19.959152   library setup time
                                             19.959152   data required time
---------------------------------------------------------------------------------------------
                                             19.959152   data required time
                                             -1.168689   data arrival time
---------------------------------------------------------------------------------------------
                                             18.790462   slack (MET)


Startpoint: _1631_ (rising edge-triggered flip-flop clocked by clk)
Endpoint: _1632_ (rising edge-triggered flip-flop clocked by clk)
Path Group: clk
Path Type: max

Fanout         Cap        Slew       Delay        Time   Description
---------------------------------------------------------------------------------------------
                                  0.000000    0.000000   clock clk (rise edge)
                                  0.000000    0.000000   clock source latency
     1    0.019024    0.068474    0.046761    0.046761 ^ clk (in)
                                                         clk (net)
                      0.068482    0.000000    0.046761 ^ clkbuf_0_clk/A (sky130_fd_sc_hd__clkbuf_16)
     8    0.082698    0.076007    0.130428    0.177189 ^ clkbuf_0_clk/X (sky130_fd_sc_hd__clkbuf_16)
                                                         clknet_0_clk (net)
                      0.076093    0.001583    0.178772 ^ clkbuf_3_3__f_clk/A (sky130_fd_sc_hd__clkbuf_16)
     8    0.030190    0.038568    0.103876    0.282648 ^ clkbuf_3_3__f_clk/X (sky130_fd_sc_hd__clkbuf_16)
                                                         clknet_3_3__leaf_clk (net)
                      0.038573    0.000447    0.283095 ^ _1631_/CLK (sky130_fd_sc_hd__dfxtp_2)
     2    0.004304    0.026246    0.193882    0.476977 ^ _1631_/Q (sky130_fd_sc_hd__dfxtp_2)
                                                         u_sync.lock_cnt[1] (net)
                      0.026246    0.000021    0.476998 ^ hold88/A (sky130_fd_sc_hd__dlygate4sd3_1)
     1    0.005602    0.056199    0.385898    0.862895 ^ hold88/X (sky130_fd_sc_hd__dlygate4sd3_1)
                                                         net88 (net)
                      0.056199    0.000068    0.862963 ^ _0787_/A (sky130_fd_sc_hd__inv_2)
     2    0.008592    0.023199    0.026470    0.889434 v _0787_/Y (sky130_fd_sc_hd__inv_2)
                                                         _0060_ (net)
                      0.023199    0.000029    0.889463 v _1568_/A1 (sky130_fd_sc_hd__o21a_2)
     2    0.006426    0.031059    0.132392    1.021855 v _1568_/X (sky130_fd_sc_hd__o21a_2)
                                                         _0784_ (net)
                      0.031059    0.000077    1.021932 v _1573_/A2 (sky130_fd_sc_hd__o21a_2)
     1    0.002215    0.023215    0.112316    1.134248 v _1573_/X (sky130_fd_sc_hd__o21a_2)
                                                         _0059_ (net)
                      0.023215    0.000020    1.134267 v _1632_/D (sky130_fd_sc_hd__dfxtp_2)
                                              1.134267   data arrival time

                                 20.000000   20.000000   clock clk (rise edge)
                                  0.000000   20.000000   clock source latency
     1    0.019024    0.068474    0.046761   20.046761 ^ clk (in)
                                                         clk (net)
                      0.068482    0.000000   20.046761 ^ clkbuf_0_clk/A (sky130_fd_sc_hd__clkbuf_16)
     8    0.082698    0.076007    0.130427   20.177189 ^ clkbuf_0_clk/X (sky130_fd_sc_hd__clkbuf_16)
                                                         clknet_0_clk (net)
                      0.076088    0.001513   20.178701 ^ clkbuf_3_2__f_clk/A (sky130_fd_sc_hd__clkbuf_16)
     8    0.024444    0.034559    0.099908   20.278610 ^ clkbuf_3_2__f_clk/X (sky130_fd_sc_hd__clkbuf_16)
                                                         clknet_3_2__leaf_clk (net)
                      0.034577    0.000597   20.279207 ^ _1632_/CLK (sky130_fd_sc_hd__dfxtp_2)
                                 -0.250000   20.029207   clock uncertainty
                                  0.000000   20.029207   clock reconvergence pessimism
                                 -0.067839   19.961369   library setup time
                                             19.961369   data required time
---------------------------------------------------------------------------------------------
                                             19.961369   data required time
                                             -1.134267   data arrival time
---------------------------------------------------------------------------------------------
                                             18.827101   slack (MET)


Startpoint: _1635_ (rising edge-triggered flip-flop clocked by clk)
Endpoint: _1576_ (rising edge-triggered flip-flop clocked by clk)
Path Group: clk
Path Type: max

Fanout         Cap        Slew       Delay        Time   Description
---------------------------------------------------------------------------------------------
                                  0.000000    0.000000   clock clk (rise edge)
                                  0.000000    0.000000   clock source latency
     1    0.019024    0.068474    0.046761    0.046761 ^ clk (in)
                                                         clk (net)
                      0.068482    0.000000    0.046761 ^ clkbuf_0_clk/A (sky130_fd_sc_hd__clkbuf_16)
     8    0.082698    0.076007    0.130428    0.177189 ^ clkbuf_0_clk/X (sky130_fd_sc_hd__clkbuf_16)
                                                         clknet_0_clk (net)
                      0.076113    0.001862    0.179050 ^ clkbuf_3_6__f_clk/A (sky130_fd_sc_hd__clkbuf_16)
     8    0.024071    0.034308    0.099634    0.278684 ^ clkbuf_3_6__f_clk/X (sky130_fd_sc_hd__clkbuf_16)
                                                         clknet_3_6__leaf_clk (net)
                      0.034328    0.000597    0.279281 ^ _1635_/CLK (sky130_fd_sc_hd__dfxtp_2)
     1    0.003972    0.025202    0.191535    0.470816 ^ _1635_/Q (sky130_fd_sc_hd__dfxtp_2)
                                                         u_rst_sync.rst_ff2 (net)
                      0.025202    0.000060    0.470876 ^ fanout42/A (sky130_fd_sc_hd__clkdlybuf4s25_1)
    10    0.052072    0.390561    0.405090    0.875966 ^ fanout42/X (sky130_fd_sc_hd__clkdlybuf4s25_1)
                                                         net42 (net)
                      0.390620    0.004010    0.879976 ^ _0791_/A (sky130_fd_sc_hd__inv_2)
     9    0.043741    0.145759    0.114119    0.994095 v _0791_/Y (sky130_fd_sc_hd__inv_2)
                                                         _0064_ (net)
                      0.145761    0.000651    0.994747 v _1415_/A (sky130_fd_sc_hd__nor2_2)
     1    0.005652    0.070609    0.116871    1.111617 ^ _1415_/Y (sky130_fd_sc_hd__nor2_2)
                                                         _0004_ (net)
                      0.070609    0.000117    1.111734 ^ _1576_/D (sky130_fd_sc_hd__dfxtp_2)
                                              1.111734   data arrival time

                                 20.000000   20.000000   clock clk (rise edge)
                                  0.000000   20.000000   clock source latency
     1    0.019024    0.068474    0.046761   20.046761 ^ clk (in)
                                                         clk (net)
                      0.068482    0.000000   20.046761 ^ clkbuf_0_clk/A (sky130_fd_sc_hd__clkbuf_16)
     8    0.082698    0.076007    0.130427   20.177189 ^ clkbuf_0_clk/X (sky130_fd_sc_hd__clkbuf_16)
                                                         clknet_0_clk (net)
                      0.076098    0.001668   20.178856 ^ clkbuf_3_5__f_clk/A (sky130_fd_sc_hd__clkbuf_16)
     8    0.028666    0.037481    0.102938   20.281796 ^ clkbuf_3_5__f_clk/X (sky130_fd_sc_hd__clkbuf_16)
                                                         clknet_3_5__leaf_clk (net)
                      0.037484    0.000336   20.282131 ^ _1576_/CLK (sky130_fd_sc_hd__dfxtp_2)
                                 -0.250000   20.032131   clock uncertainty
                                  0.000000   20.032131   clock reconvergence pessimism
                                 -0.035099   19.997032   library setup time
                                             19.997032   data required time
---------------------------------------------------------------------------------------------
                                             19.997032   data required time
                                             -1.111734   data arrival time
---------------------------------------------------------------------------------------------
                                             18.885298   slack (MET)


Startpoint: _1635_ (rising edge-triggered flip-flop clocked by clk)
Endpoint: _1579_ (rising edge-triggered flip-flop clocked by clk)
Path Group: clk
Path Type: max

Fanout         Cap        Slew       Delay        Time   Description
---------------------------------------------------------------------------------------------
                                  0.000000    0.000000   clock clk (rise edge)
                                  0.000000    0.000000   clock source latency
     1    0.019024    0.068474    0.046761    0.046761 ^ clk (in)
                                                         clk (net)
                      0.068482    0.000000    0.046761 ^ clkbuf_0_clk/A (sky130_fd_sc_hd__clkbuf_16)
     8    0.082698    0.076007    0.130428    0.177189 ^ clkbuf_0_clk/X (sky130_fd_sc_hd__clkbuf_16)
                                                         clknet_0_clk (net)
                      0.076113    0.001862    0.179050 ^ clkbuf_3_6__f_clk/A (sky130_fd_sc_hd__clkbuf_16)
     8    0.024071    0.034308    0.099634    0.278684 ^ clkbuf_3_6__f_clk/X (sky130_fd_sc_hd__clkbuf_16)
                                                         clknet_3_6__leaf_clk (net)
                      0.034328    0.000597    0.279281 ^ _1635_/CLK (sky130_fd_sc_hd__dfxtp_2)
     1    0.003972    0.025202    0.191535    0.470816 ^ _1635_/Q (sky130_fd_sc_hd__dfxtp_2)
                                                         u_rst_sync.rst_ff2 (net)
                      0.025202    0.000060    0.470876 ^ fanout42/A (sky130_fd_sc_hd__clkdlybuf4s25_1)
    10    0.052072    0.390561    0.405090    0.875966 ^ fanout42/X (sky130_fd_sc_hd__clkdlybuf4s25_1)
                                                         net42 (net)
                      0.390620    0.004010    0.879976 ^ _0791_/A (sky130_fd_sc_hd__inv_2)
     9    0.043741    0.145759    0.114119    0.994095 v _0791_/Y (sky130_fd_sc_hd__inv_2)
                                                         _0064_ (net)
                      0.145761    0.000687    0.994783 v _1424_/A (sky130_fd_sc_hd__nor2_2)
     1    0.004195    0.061537    0.108622    1.103405 ^ _1424_/Y (sky130_fd_sc_hd__nor2_2)
                                                         _0007_ (net)
                      0.061537    0.000075    1.103480 ^ _1579_/D (sky130_fd_sc_hd__dfxtp_2)
                                              1.103480   data arrival time

                                 20.000000   20.000000   clock clk (rise edge)
                                  0.000000   20.000000   clock source latency
     1    0.019024    0.068474    0.046761   20.046761 ^ clk (in)
                                                         clk (net)
                      0.068482    0.000000   20.046761 ^ clkbuf_0_clk/A (sky130_fd_sc_hd__clkbuf_16)
     8    0.082698    0.076007    0.130427   20.177189 ^ clkbuf_0_clk/X (sky130_fd_sc_hd__clkbuf_16)
                                                         clknet_0_clk (net)
                      0.076098    0.001668   20.178856 ^ clkbuf_3_5__f_clk/A (sky130_fd_sc_hd__clkbuf_16)
     8    0.028666    0.037481    0.102938   20.281796 ^ clkbuf_3_5__f_clk/X (sky130_fd_sc_hd__clkbuf_16)
                                                         clknet_3_5__leaf_clk (net)
                      0.037484    0.000336   20.282131 ^ _1579_/CLK (sky130_fd_sc_hd__dfxtp_2)
                                 -0.250000   20.032131   clock uncertainty
                                  0.000000   20.032131   clock reconvergence pessimism
                                 -0.034219   19.997911   library setup time
                                             19.997911   data required time
---------------------------------------------------------------------------------------------
                                             19.997911   data required time
                                             -1.103480   data arrival time
---------------------------------------------------------------------------------------------
                                             18.894432   slack (MET)


Startpoint: _1635_ (rising edge-triggered flip-flop clocked by clk)
Endpoint: _1577_ (rising edge-triggered flip-flop clocked by clk)
Path Group: clk
Path Type: max

Fanout         Cap        Slew       Delay        Time   Description
---------------------------------------------------------------------------------------------
                                  0.000000    0.000000   clock clk (rise edge)
                                  0.000000    0.000000   clock source latency
     1    0.019024    0.068474    0.046761    0.046761 ^ clk (in)
                                                         clk (net)
                      0.068482    0.000000    0.046761 ^ clkbuf_0_clk/A (sky130_fd_sc_hd__clkbuf_16)
     8    0.082698    0.076007    0.130428    0.177189 ^ clkbuf_0_clk/X (sky130_fd_sc_hd__clkbuf_16)
                                                         clknet_0_clk (net)
                      0.076113    0.001862    0.179050 ^ clkbuf_3_6__f_clk/A (sky130_fd_sc_hd__clkbuf_16)
     8    0.024071    0.034308    0.099634    0.278684 ^ clkbuf_3_6__f_clk/X (sky130_fd_sc_hd__clkbuf_16)
                                                         clknet_3_6__leaf_clk (net)
                      0.034328    0.000597    0.279281 ^ _1635_/CLK (sky130_fd_sc_hd__dfxtp_2)
     1    0.003972    0.025202    0.191535    0.470816 ^ _1635_/Q (sky130_fd_sc_hd__dfxtp_2)
                                                         u_rst_sync.rst_ff2 (net)
                      0.025202    0.000060    0.470876 ^ fanout42/A (sky130_fd_sc_hd__clkdlybuf4s25_1)
    10    0.052072    0.390561    0.405090    0.875966 ^ fanout42/X (sky130_fd_sc_hd__clkdlybuf4s25_1)
                                                         net42 (net)
                      0.390620    0.004010    0.879976 ^ _0791_/A (sky130_fd_sc_hd__inv_2)
     9    0.043741    0.145759    0.114119    0.994095 v _0791_/Y (sky130_fd_sc_hd__inv_2)
                                                         _0064_ (net)
                      0.145762    0.000782    0.994878 v _1418_/A (sky130_fd_sc_hd__nor2_2)
     1    0.003968    0.060129    0.107348    1.102226 ^ _1418_/Y (sky130_fd_sc_hd__nor2_2)
                                                         _0005_ (net)
                      0.060129    0.000046    1.102272 ^ _1577_/D (sky130_fd_sc_hd__dfxtp_2)
                                              1.102272   data arrival time

                                 20.000000   20.000000   clock clk (rise edge)
                                  0.000000   20.000000   clock source latency
     1    0.019024    0.068474    0.046761   20.046761 ^ clk (in)
                                                         clk (net)
                      0.068482    0.000000   20.046761 ^ clkbuf_0_clk/A (sky130_fd_sc_hd__clkbuf_16)
     8    0.082698    0.076007    0.130427   20.177189 ^ clkbuf_0_clk/X (sky130_fd_sc_hd__clkbuf_16)
                                                         clknet_0_clk (net)
                      0.076023    0.001100   20.178288 ^ clkbuf_3_4__f_clk/A (sky130_fd_sc_hd__clkbuf_16)
     8    0.031042    0.039190    0.104407   20.282696 ^ clkbuf_3_4__f_clk/X (sky130_fd_sc_hd__clkbuf_16)
                                                         clknet_3_4__leaf_clk (net)
                      0.039201    0.000805   20.283501 ^ _1577_/CLK (sky130_fd_sc_hd__dfxtp_2)
                                 -0.250000   20.033501   clock uncertainty
                                  0.000000   20.033501   clock reconvergence pessimism
                                 -0.034025   19.999475   library setup time
                                             19.999475   data required time
---------------------------------------------------------------------------------------------
                                             19.999475   data required time
                                             -1.102272   data arrival time
---------------------------------------------------------------------------------------------
                                             18.897203   slack (MET)


Startpoint: _1635_ (rising edge-triggered flip-flop clocked by clk)
Endpoint: _1578_ (rising edge-triggered flip-flop clocked by clk)
Path Group: clk
Path Type: max

Fanout         Cap        Slew       Delay        Time   Description
---------------------------------------------------------------------------------------------
                                  0.000000    0.000000   clock clk (rise edge)
                                  0.000000    0.000000   clock source latency
     1    0.019024    0.068474    0.046761    0.046761 ^ clk (in)
                                                         clk (net)
                      0.068482    0.000000    0.046761 ^ clkbuf_0_clk/A (sky130_fd_sc_hd__clkbuf_16)
     8    0.082698    0.076007    0.130428    0.177189 ^ clkbuf_0_clk/X (sky130_fd_sc_hd__clkbuf_16)
                                                         clknet_0_clk (net)
                      0.076113    0.001862    0.179050 ^ clkbuf_3_6__f_clk/A (sky130_fd_sc_hd__clkbuf_16)
     8    0.024071    0.034308    0.099634    0.278684 ^ clkbuf_3_6__f_clk/X (sky130_fd_sc_hd__clkbuf_16)
                                                         clknet_3_6__leaf_clk (net)
                      0.034328    0.000597    0.279281 ^ _1635_/CLK (sky130_fd_sc_hd__dfxtp_2)
     1    0.003746    0.018188    0.193812    0.473093 v _1635_/Q (sky130_fd_sc_hd__dfxtp_2)
                                                         u_rst_sync.rst_ff2 (net)
                      0.018439    0.000056    0.473149 v fanout42/A (sky130_fd_sc_hd__clkdlybuf4s25_1)
    10    0.050498    0.255262    0.328501    0.801651 v fanout42/X (sky130_fd_sc_hd__clkdlybuf4s25_1)
                                                         net42 (net)
                      0.255328    0.003877    0.805527 v _0791_/A (sky130_fd_sc_hd__inv_2)
     9    0.047897    0.178614    0.228796    1.034324 ^ _0791_/Y (sky130_fd_sc_hd__inv_2)
                                                         _0064_ (net)
                      0.178615    0.000845    1.035168 ^ _1421_/A (sky130_fd_sc_hd__nor2_2)
     1    0.003357    0.038731    0.024241    1.059410 v _1421_/Y (sky130_fd_sc_hd__nor2_2)
                                                         _0006_ (net)
                      0.038731    0.000050    1.059460 v _1578_/D (sky130_fd_sc_hd__dfxtp_2)
                                              1.059460   data arrival time

                                 20.000000   20.000000   clock clk (rise edge)
                                  0.000000   20.000000   clock source latency
     1    0.019024    0.068474    0.046761   20.046761 ^ clk (in)
                                                         clk (net)
                      0.068482    0.000000   20.046761 ^ clkbuf_0_clk/A (sky130_fd_sc_hd__clkbuf_16)
     8    0.082698    0.076007    0.130427   20.177189 ^ clkbuf_0_clk/X (sky130_fd_sc_hd__clkbuf_16)
                                                         clknet_0_clk (net)
                      0.076023    0.001100   20.178288 ^ clkbuf_3_4__f_clk/A (sky130_fd_sc_hd__clkbuf_16)
     8    0.031042    0.039190    0.104407   20.282696 ^ clkbuf_3_4__f_clk/X (sky130_fd_sc_hd__clkbuf_16)
                                                         clknet_3_4__leaf_clk (net)
                      0.039200    0.000803   20.283499 ^ _1578_/CLK (sky130_fd_sc_hd__dfxtp_2)
                                 -0.250000   20.033499   clock uncertainty
                                  0.000000   20.033499   clock reconvergence pessimism
                                 -0.072934   19.960566   library setup time
                                             19.960566   data required time
---------------------------------------------------------------------------------------------
                                             19.960566   data required time
                                             -1.059460   data arrival time
---------------------------------------------------------------------------------------------
                                             18.901106   slack (MET)


Startpoint: _1635_ (rising edge-triggered flip-flop clocked by clk)
Endpoint: _1583_ (rising edge-triggered flip-flop clocked by clk)
Path Group: clk
Path Type: max

Fanout         Cap        Slew       Delay        Time   Description
---------------------------------------------------------------------------------------------
                                  0.000000    0.000000   clock clk (rise edge)
                                  0.000000    0.000000   clock source latency
     1    0.019024    0.068474    0.046761    0.046761 ^ clk (in)
                                                         clk (net)
                      0.068482    0.000000    0.046761 ^ clkbuf_0_clk/A (sky130_fd_sc_hd__clkbuf_16)
     8    0.082698    0.076007    0.130428    0.177189 ^ clkbuf_0_clk/X (sky130_fd_sc_hd__clkbuf_16)
                                                         clknet_0_clk (net)
                      0.076113    0.001862    0.179050 ^ clkbuf_3_6__f_clk/A (sky130_fd_sc_hd__clkbuf_16)
     8    0.024071    0.034308    0.099634    0.278684 ^ clkbuf_3_6__f_clk/X (sky130_fd_sc_hd__clkbuf_16)
                                                         clknet_3_6__leaf_clk (net)
                      0.034328    0.000597    0.279281 ^ _1635_/CLK (sky130_fd_sc_hd__dfxtp_2)
     1    0.003746    0.018188    0.193812    0.473093 v _1635_/Q (sky130_fd_sc_hd__dfxtp_2)
                                                         u_rst_sync.rst_ff2 (net)
                      0.018439    0.000056    0.473149 v fanout42/A (sky130_fd_sc_hd__clkdlybuf4s25_1)
    10    0.050498    0.255262    0.328501    0.801651 v fanout42/X (sky130_fd_sc_hd__clkdlybuf4s25_1)
                                                         net42 (net)
                      0.255328    0.003877    0.805527 v _0791_/A (sky130_fd_sc_hd__inv_2)
     9    0.047897    0.178614    0.228796    1.034324 ^ _0791_/Y (sky130_fd_sc_hd__inv_2)
                                                         _0064_ (net)
                      0.178615    0.000887    1.035211 ^ _1436_/A (sky130_fd_sc_hd__nor2_2)
     1    0.002626    0.036853    0.021706    1.056917 v _1436_/Y (sky130_fd_sc_hd__nor2_2)
                                                         _0011_ (net)
                      0.036853    0.000028    1.056945 v _1583_/D (sky130_fd_sc_hd__dfxtp_2)
                                              1.056945   data arrival time

                                 20.000000   20.000000   clock clk (rise edge)
                                  0.000000   20.000000   clock source latency
     1    0.019024    0.068474    0.046761   20.046761 ^ clk (in)
                                                         clk (net)
                      0.068482    0.000000   20.046761 ^ clkbuf_0_clk/A (sky130_fd_sc_hd__clkbuf_16)
     8    0.082698    0.076007    0.130427   20.177189 ^ clkbuf_0_clk/X (sky130_fd_sc_hd__clkbuf_16)
                                                         clknet_0_clk (net)
                      0.076098    0.001668   20.178856 ^ clkbuf_3_5__f_clk/A (sky130_fd_sc_hd__clkbuf_16)
     8    0.028666    0.037481    0.102938   20.281796 ^ clkbuf_3_5__f_clk/X (sky130_fd_sc_hd__clkbuf_16)
                                                         clknet_3_5__leaf_clk (net)
                      0.037484    0.000327   20.282122 ^ _1583_/CLK (sky130_fd_sc_hd__dfxtp_2)
                                 -0.250000   20.032122   clock uncertainty
                                  0.000000   20.032122   clock reconvergence pessimism
                                 -0.072429   19.959694   library setup time
                                             19.959694   data required time
---------------------------------------------------------------------------------------------
                                             19.959694   data required time
                                             -1.056945   data arrival time
---------------------------------------------------------------------------------------------
                                             18.902748   slack (MET)


Startpoint: _1635_ (rising edge-triggered flip-flop clocked by clk)
Endpoint: _1581_ (rising edge-triggered flip-flop clocked by clk)
Path Group: clk
Path Type: max

Fanout         Cap        Slew       Delay        Time   Description
---------------------------------------------------------------------------------------------
                                  0.000000    0.000000   clock clk (rise edge)
                                  0.000000    0.000000   clock source latency
     1    0.019024    0.068474    0.046761    0.046761 ^ clk (in)
                                                         clk (net)
                      0.068482    0.000000    0.046761 ^ clkbuf_0_clk/A (sky130_fd_sc_hd__clkbuf_16)
     8    0.082698    0.076007    0.130428    0.177189 ^ clkbuf_0_clk/X (sky130_fd_sc_hd__clkbuf_16)
                                                         clknet_0_clk (net)
                      0.076113    0.001862    0.179050 ^ clkbuf_3_6__f_clk/A (sky130_fd_sc_hd__clkbuf_16)
     8    0.024071    0.034308    0.099634    0.278684 ^ clkbuf_3_6__f_clk/X (sky130_fd_sc_hd__clkbuf_16)
                                                         clknet_3_6__leaf_clk (net)
                      0.034328    0.000597    0.279281 ^ _1635_/CLK (sky130_fd_sc_hd__dfxtp_2)
     1    0.003746    0.018188    0.193812    0.473093 v _1635_/Q (sky130_fd_sc_hd__dfxtp_2)
                                                         u_rst_sync.rst_ff2 (net)
                      0.018439    0.000056    0.473149 v fanout42/A (sky130_fd_sc_hd__clkdlybuf4s25_1)
    10    0.050498    0.255262    0.328501    0.801651 v fanout42/X (sky130_fd_sc_hd__clkdlybuf4s25_1)
                                                         net42 (net)
                      0.255328    0.003877    0.805527 v _0791_/A (sky130_fd_sc_hd__inv_2)
     9    0.047897    0.178614    0.228796    1.034324 ^ _0791_/Y (sky130_fd_sc_hd__inv_2)
                                                         _0064_ (net)
                      0.178615    0.000884    1.035207 ^ _1430_/A (sky130_fd_sc_hd__nor2_2)
     1    0.002821    0.037345    0.022384    1.057591 v _1430_/Y (sky130_fd_sc_hd__nor2_2)
                                                         _0009_ (net)
                      0.037345    0.000034    1.057625 v _1581_/D (sky130_fd_sc_hd__dfxtp_2)
                                              1.057625   data arrival time

                                 20.000000   20.000000   clock clk (rise edge)
                                  0.000000   20.000000   clock source latency
     1    0.019024    0.068474    0.046761   20.046761 ^ clk (in)
                                                         clk (net)
                      0.068482    0.000000   20.046761 ^ clkbuf_0_clk/A (sky130_fd_sc_hd__clkbuf_16)
     8    0.082698    0.076007    0.130427   20.177189 ^ clkbuf_0_clk/X (sky130_fd_sc_hd__clkbuf_16)
                                                         clknet_0_clk (net)
                      0.076023    0.001100   20.178288 ^ clkbuf_3_4__f_clk/A (sky130_fd_sc_hd__clkbuf_16)
     8    0.031042    0.039190    0.104407   20.282696 ^ clkbuf_3_4__f_clk/X (sky130_fd_sc_hd__clkbuf_16)
                                                         clknet_3_4__leaf_clk (net)
                      0.039199    0.000771   20.283466 ^ _1581_/CLK (sky130_fd_sc_hd__dfxtp_2)
                                 -0.250000   20.033466   clock uncertainty
                                  0.000000   20.033466   clock reconvergence pessimism
                                 -0.072439   19.961027   library setup time
                                             19.961027   data required time
---------------------------------------------------------------------------------------------
                                             19.961027   data required time
                                             -1.057625   data arrival time
---------------------------------------------------------------------------------------------
                                             18.903402   slack (MET)


Startpoint: _1635_ (rising edge-triggered flip-flop clocked by clk)
Endpoint: _1580_ (rising edge-triggered flip-flop clocked by clk)
Path Group: clk
Path Type: max

Fanout         Cap        Slew       Delay        Time   Description
---------------------------------------------------------------------------------------------
                                  0.000000    0.000000   clock clk (rise edge)
                                  0.000000    0.000000   clock source latency
     1    0.019024    0.068474    0.046761    0.046761 ^ clk (in)
                                                         clk (net)
                      0.068482    0.000000    0.046761 ^ clkbuf_0_clk/A (sky130_fd_sc_hd__clkbuf_16)
     8    0.082698    0.076007    0.130428    0.177189 ^ clkbuf_0_clk/X (sky130_fd_sc_hd__clkbuf_16)
                                                         clknet_0_clk (net)
                      0.076113    0.001862    0.179050 ^ clkbuf_3_6__f_clk/A (sky130_fd_sc_hd__clkbuf_16)
     8    0.024071    0.034308    0.099634    0.278684 ^ clkbuf_3_6__f_clk/X (sky130_fd_sc_hd__clkbuf_16)
                                                         clknet_3_6__leaf_clk (net)
                      0.034328    0.000597    0.279281 ^ _1635_/CLK (sky130_fd_sc_hd__dfxtp_2)
     1    0.003746    0.018188    0.193812    0.473093 v _1635_/Q (sky130_fd_sc_hd__dfxtp_2)
                                                         u_rst_sync.rst_ff2 (net)
                      0.018439    0.000056    0.473149 v fanout42/A (sky130_fd_sc_hd__clkdlybuf4s25_1)
    10    0.050498    0.255262    0.328501    0.801651 v fanout42/X (sky130_fd_sc_hd__clkdlybuf4s25_1)
                                                         net42 (net)
                      0.255328    0.003877    0.805527 v _0791_/A (sky130_fd_sc_hd__inv_2)
     9    0.047897    0.178614    0.228796    1.034324 ^ _0791_/Y (sky130_fd_sc_hd__inv_2)
                                                         _0064_ (net)
                      0.178614    0.000593    1.034916 ^ _1427_/A (sky130_fd_sc_hd__nor2_2)
     1    0.002770    0.037213    0.022205    1.057121 v _1427_/Y (sky130_fd_sc_hd__nor2_2)
                                                         _0008_ (net)
                      0.037213    0.000032    1.057153 v _1580_/D (sky130_fd_sc_hd__dfxtp_2)
                                              1.057153   data arrival time

                                 20.000000   20.000000   clock clk (rise edge)
                                  0.000000   20.000000   clock source latency
     1    0.019024    0.068474    0.046761   20.046761 ^ clk (in)
                                                         clk (net)
                      0.068482    0.000000   20.046761 ^ clkbuf_0_clk/A (sky130_fd_sc_hd__clkbuf_16)
     8    0.082698    0.076007    0.130427   20.177189 ^ clkbuf_0_clk/X (sky130_fd_sc_hd__clkbuf_16)
                                                         clknet_0_clk (net)
                      0.076093    0.001585   20.178774 ^ clkbuf_3_3__f_clk/A (sky130_fd_sc_hd__clkbuf_16)
     8    0.030190    0.038568    0.103876   20.282648 ^ clkbuf_3_3__f_clk/X (sky130_fd_sc_hd__clkbuf_16)
                                                         clknet_3_3__leaf_clk (net)
                      0.038575    0.000519   20.283167 ^ _1580_/CLK (sky130_fd_sc_hd__dfxtp_2)
                                 -0.250000   20.033169   clock uncertainty
                                  0.000000   20.033169   clock reconvergence pessimism
                                 -0.072452   19.960716   library setup time
                                             19.960716   data required time
---------------------------------------------------------------------------------------------
                                             19.960716   data required time
                                             -1.057153   data arrival time
---------------------------------------------------------------------------------------------
                                             18.903564   slack (MET)


Startpoint: _1635_ (rising edge-triggered flip-flop clocked by clk)
Endpoint: _1582_ (rising edge-triggered flip-flop clocked by clk)
Path Group: clk
Path Type: max

Fanout         Cap        Slew       Delay        Time   Description
---------------------------------------------------------------------------------------------
                                  0.000000    0.000000   clock clk (rise edge)
                                  0.000000    0.000000   clock source latency
     1    0.019024    0.068474    0.046761    0.046761 ^ clk (in)
                                                         clk (net)
                      0.068482    0.000000    0.046761 ^ clkbuf_0_clk/A (sky130_fd_sc_hd__clkbuf_16)
     8    0.082698    0.076007    0.130428    0.177189 ^ clkbuf_0_clk/X (sky130_fd_sc_hd__clkbuf_16)
                                                         clknet_0_clk (net)
                      0.076113    0.001862    0.179050 ^ clkbuf_3_6__f_clk/A (sky130_fd_sc_hd__clkbuf_16)
     8    0.024071    0.034308    0.099634    0.278684 ^ clkbuf_3_6__f_clk/X (sky130_fd_sc_hd__clkbuf_16)
                                                         clknet_3_6__leaf_clk (net)
                      0.034328    0.000597    0.279281 ^ _1635_/CLK (sky130_fd_sc_hd__dfxtp_2)
     1    0.003746    0.018188    0.193812    0.473093 v _1635_/Q (sky130_fd_sc_hd__dfxtp_2)
                                                         u_rst_sync.rst_ff2 (net)
                      0.018439    0.000056    0.473149 v fanout42/A (sky130_fd_sc_hd__clkdlybuf4s25_1)
    10    0.050498    0.255262    0.328501    0.801651 v fanout42/X (sky130_fd_sc_hd__clkdlybuf4s25_1)
                                                         net42 (net)
                      0.255328    0.003877    0.805527 v _0791_/A (sky130_fd_sc_hd__inv_2)
     9    0.047897    0.178614    0.228796    1.034324 ^ _0791_/Y (sky130_fd_sc_hd__inv_2)
                                                         _0064_ (net)
                      0.178614    0.000808    1.035131 ^ _1433_/A (sky130_fd_sc_hd__nor2_2)
     1    0.002448    0.036431    0.021088    1.056219 v _1433_/Y (sky130_fd_sc_hd__nor2_2)
                                                         _0010_ (net)
                      0.036431    0.000026    1.056245 v _1582_/D (sky130_fd_sc_hd__dfxtp_2)
                                              1.056245   data arrival time

                                 20.000000   20.000000   clock clk (rise edge)
                                  0.000000   20.000000   clock source latency
     1    0.019024    0.068474    0.046761   20.046761 ^ clk (in)
                                                         clk (net)
                      0.068482    0.000000   20.046761 ^ clkbuf_0_clk/A (sky130_fd_sc_hd__clkbuf_16)
     8    0.082698    0.076007    0.130427   20.177189 ^ clkbuf_0_clk/X (sky130_fd_sc_hd__clkbuf_16)
                                                         clknet_0_clk (net)
                      0.076093    0.001585   20.178774 ^ clkbuf_3_3__f_clk/A (sky130_fd_sc_hd__clkbuf_16)
     8    0.030190    0.038568    0.103876   20.282648 ^ clkbuf_3_3__f_clk/X (sky130_fd_sc_hd__clkbuf_16)
                                                         clknet_3_3__leaf_clk (net)
                      0.038576    0.000540   20.283190 ^ _1582_/CLK (sky130_fd_sc_hd__dfxtp_2)
                                 -0.250000   20.033190   clock uncertainty
                                  0.000000   20.033190   clock reconvergence pessimism
                                 -0.072173   19.961016   library setup time
                                             19.961016   data required time
---------------------------------------------------------------------------------------------
                                             19.961016   data required time
                                             -1.056245   data arrival time
---------------------------------------------------------------------------------------------
                                             18.904772   slack (MET)


Startpoint: _1635_ (rising edge-triggered flip-flop clocked by clk)
Endpoint: _1626_ (rising edge-triggered flip-flop clocked by clk)
Path Group: clk
Path Type: max

Fanout         Cap        Slew       Delay        Time   Description
---------------------------------------------------------------------------------------------
                                  0.000000    0.000000   clock clk (rise edge)
                                  0.000000    0.000000   clock source latency
     1    0.019024    0.068474    0.046761    0.046761 ^ clk (in)
                                                         clk (net)
                      0.068482    0.000000    0.046761 ^ clkbuf_0_clk/A (sky130_fd_sc_hd__clkbuf_16)
     8    0.082698    0.076007    0.130428    0.177189 ^ clkbuf_0_clk/X (sky130_fd_sc_hd__clkbuf_16)
                                                         clknet_0_clk (net)
                      0.076113    0.001862    0.179050 ^ clkbuf_3_6__f_clk/A (sky130_fd_sc_hd__clkbuf_16)
     8    0.024071    0.034308    0.099634    0.278684 ^ clkbuf_3_6__f_clk/X (sky130_fd_sc_hd__clkbuf_16)
                                                         clknet_3_6__leaf_clk (net)
                      0.034328    0.000597    0.279281 ^ _1635_/CLK (sky130_fd_sc_hd__dfxtp_2)
     1    0.003746    0.018188    0.193812    0.473093 v _1635_/Q (sky130_fd_sc_hd__dfxtp_2)
                                                         u_rst_sync.rst_ff2 (net)
                      0.018439    0.000056    0.473149 v fanout42/A (sky130_fd_sc_hd__clkdlybuf4s25_1)
    10    0.050498    0.255262    0.328501    0.801651 v fanout42/X (sky130_fd_sc_hd__clkdlybuf4s25_1)
                                                         net42 (net)
                      0.255347    0.004356    0.806007 v _1564_/B (sky130_fd_sc_hd__and2_2)
     1    0.002547    0.029368    0.203524    1.009531 v _1564_/X (sky130_fd_sc_hd__and2_2)
                                                         _0054_ (net)
                      0.029368    0.000028    1.009558 v _1626_/D (sky130_fd_sc_hd__dfxtp_2)
                                              1.009558   data arrival time

                                 20.000000   20.000000   clock clk (rise edge)
                                  0.000000   20.000000   clock source latency
     1    0.019024    0.068474    0.046761   20.046761 ^ clk (in)
                                                         clk (net)
                      0.068482    0.000000   20.046761 ^ clkbuf_0_clk/A (sky130_fd_sc_hd__clkbuf_16)
     8    0.082698    0.076007    0.130427   20.177189 ^ clkbuf_0_clk/X (sky130_fd_sc_hd__clkbuf_16)
                                                         clknet_0_clk (net)
                      0.076088    0.001513   20.178701 ^ clkbuf_3_2__f_clk/A (sky130_fd_sc_hd__clkbuf_16)
     8    0.024444    0.034559    0.099908   20.278610 ^ clkbuf_3_2__f_clk/X (sky130_fd_sc_hd__clkbuf_16)
                                                         clknet_3_2__leaf_clk (net)
                      0.034585    0.000718   20.279327 ^ _1626_/CLK (sky130_fd_sc_hd__dfxtp_2)
                                 -0.250000   20.029327   clock uncertainty
                                  0.000000   20.029327   clock reconvergence pessimism
                                 -0.070035   19.959293   library setup time
                                             19.959293   data required time
---------------------------------------------------------------------------------------------
                                             19.959293   data required time
                                             -1.009558   data arrival time
---------------------------------------------------------------------------------------------
                                             18.949736   slack (MET)


Startpoint: _1635_ (rising edge-triggered flip-flop clocked by clk)
Endpoint: _1628_ (rising edge-triggered flip-flop clocked by clk)
Path Group: clk
Path Type: max

Fanout         Cap        Slew       Delay        Time   Description
---------------------------------------------------------------------------------------------
                                  0.000000    0.000000   clock clk (rise edge)
                                  0.000000    0.000000   clock source latency
     1    0.019024    0.068474    0.046761    0.046761 ^ clk (in)
                                                         clk (net)
                      0.068482    0.000000    0.046761 ^ clkbuf_0_clk/A (sky130_fd_sc_hd__clkbuf_16)
     8    0.082698    0.076007    0.130428    0.177189 ^ clkbuf_0_clk/X (sky130_fd_sc_hd__clkbuf_16)
                                                         clknet_0_clk (net)
                      0.076113    0.001862    0.179050 ^ clkbuf_3_6__f_clk/A (sky130_fd_sc_hd__clkbuf_16)
     8    0.024071    0.034308    0.099634    0.278684 ^ clkbuf_3_6__f_clk/X (sky130_fd_sc_hd__clkbuf_16)
                                                         clknet_3_6__leaf_clk (net)
                      0.034328    0.000597    0.279281 ^ _1635_/CLK (sky130_fd_sc_hd__dfxtp_2)
     1    0.003746    0.018188    0.193812    0.473093 v _1635_/Q (sky130_fd_sc_hd__dfxtp_2)
                                                         u_rst_sync.rst_ff2 (net)
                      0.018439    0.000056    0.473149 v fanout42/A (sky130_fd_sc_hd__clkdlybuf4s25_1)
    10    0.050498    0.255262    0.328501    0.801651 v fanout42/X (sky130_fd_sc_hd__clkdlybuf4s25_1)
                                                         net42 (net)
                      0.255351    0.004427    0.806078 v _1565_/A (sky130_fd_sc_hd__and2_2)
     1    0.002594    0.028544    0.186112    0.992189 v _1565_/X (sky130_fd_sc_hd__and2_2)
                                                         _0055_ (net)
                      0.028544    0.000028    0.992217 v _1628_/D (sky130_fd_sc_hd__dfxtp_2)
                                              0.992217   data arrival time

                                 20.000000   20.000000   clock clk (rise edge)
                                  0.000000   20.000000   clock source latency
     1    0.019024    0.068474    0.046761   20.046761 ^ clk (in)
                                                         clk (net)
                      0.068482    0.000000   20.046761 ^ clkbuf_0_clk/A (sky130_fd_sc_hd__clkbuf_16)
     8    0.082698    0.076007    0.130427   20.177189 ^ clkbuf_0_clk/X (sky130_fd_sc_hd__clkbuf_16)
                                                         clknet_0_clk (net)
                      0.076088    0.001513   20.178701 ^ clkbuf_3_2__f_clk/A (sky130_fd_sc_hd__clkbuf_16)
     8    0.024444    0.034559    0.099908   20.278610 ^ clkbuf_3_2__f_clk/X (sky130_fd_sc_hd__clkbuf_16)
                                                         clknet_3_2__leaf_clk (net)
                      0.034587    0.000744   20.279354 ^ _1628_/CLK (sky130_fd_sc_hd__dfxtp_2)
                                 -0.250000   20.029354   clock uncertainty
                                  0.000000   20.029354   clock reconvergence pessimism
                                 -0.069741   19.959614   library setup time
                                             19.959614   data required time
---------------------------------------------------------------------------------------------
                                             19.959614   data required time
                                             -0.992217   data arrival time
---------------------------------------------------------------------------------------------
                                             18.967396   slack (MET)


Startpoint: _1635_ (rising edge-triggered flip-flop clocked by clk)
Endpoint: _1625_ (rising edge-triggered flip-flop clocked by clk)
Path Group: clk
Path Type: max

Fanout         Cap        Slew       Delay        Time   Description
---------------------------------------------------------------------------------------------
                                  0.000000    0.000000   clock clk (rise edge)
                                  0.000000    0.000000   clock source latency
     1    0.019024    0.068474    0.046761    0.046761 ^ clk (in)
                                                         clk (net)
                      0.068482    0.000000    0.046761 ^ clkbuf_0_clk/A (sky130_fd_sc_hd__clkbuf_16)
     8    0.082698    0.076007    0.130428    0.177189 ^ clkbuf_0_clk/X (sky130_fd_sc_hd__clkbuf_16)
                                                         clknet_0_clk (net)
                      0.076113    0.001862    0.179050 ^ clkbuf_3_6__f_clk/A (sky130_fd_sc_hd__clkbuf_16)
     8    0.024071    0.034308    0.099634    0.278684 ^ clkbuf_3_6__f_clk/X (sky130_fd_sc_hd__clkbuf_16)
                                                         clknet_3_6__leaf_clk (net)
                      0.034328    0.000597    0.279281 ^ _1635_/CLK (sky130_fd_sc_hd__dfxtp_2)
     1    0.003746    0.018188    0.193812    0.473093 v _1635_/Q (sky130_fd_sc_hd__dfxtp_2)
                                                         u_rst_sync.rst_ff2 (net)
                      0.018439    0.000056    0.473149 v fanout42/A (sky130_fd_sc_hd__clkdlybuf4s25_1)
    10    0.050498    0.255262    0.328501    0.801651 v fanout42/X (sky130_fd_sc_hd__clkdlybuf4s25_1)
                                                         net42 (net)
                      0.255354    0.004499    0.806149 v _1563_/A (sky130_fd_sc_hd__and2_2)
     1    0.003020    0.029306    0.187462    0.993611 v _1563_/X (sky130_fd_sc_hd__and2_2)
                                                         _0053_ (net)
                      0.029306    0.000042    0.993653 v _1625_/D (sky130_fd_sc_hd__dfxtp_2)
                                              0.993653   data arrival time

                                 20.000000   20.000000   clock clk (rise edge)
                                  0.000000   20.000000   clock source latency
     1    0.019024    0.068474    0.046761   20.046761 ^ clk (in)
                                                         clk (net)
                      0.068482    0.000000   20.046761 ^ clkbuf_0_clk/A (sky130_fd_sc_hd__clkbuf_16)
     8    0.082698    0.076007    0.130427   20.177189 ^ clkbuf_0_clk/X (sky130_fd_sc_hd__clkbuf_16)
                                                         clknet_0_clk (net)
                      0.076093    0.001585   20.178774 ^ clkbuf_3_3__f_clk/A (sky130_fd_sc_hd__clkbuf_16)
     8    0.030190    0.038568    0.103876   20.282648 ^ clkbuf_3_3__f_clk/X (sky130_fd_sc_hd__clkbuf_16)
                                                         clknet_3_3__leaf_clk (net)
                      0.038580    0.000622   20.283270 ^ _1625_/CLK (sky130_fd_sc_hd__dfxtp_2)
                                 -0.250000   20.033272   clock uncertainty
                                  0.000000   20.033272   clock reconvergence pessimism
                                 -0.069629   19.963642   library setup time
                                             19.963642   data required time
---------------------------------------------------------------------------------------------
                                             19.963642   data required time
                                             -0.993653   data arrival time
---------------------------------------------------------------------------------------------
                                             18.969988   slack (MET)


Startpoint: _1635_ (rising edge-triggered flip-flop clocked by clk)
Endpoint: _1627_ (rising edge-triggered flip-flop clocked by clk)
Path Group: clk
Path Type: max

Fanout         Cap        Slew       Delay        Time   Description
---------------------------------------------------------------------------------------------
                                  0.000000    0.000000   clock clk (rise edge)
                                  0.000000    0.000000   clock source latency
     1    0.019024    0.068474    0.046761    0.046761 ^ clk (in)
                                                         clk (net)
                      0.068482    0.000000    0.046761 ^ clkbuf_0_clk/A (sky130_fd_sc_hd__clkbuf_16)
     8    0.082698    0.076007    0.130428    0.177189 ^ clkbuf_0_clk/X (sky130_fd_sc_hd__clkbuf_16)
                                                         clknet_0_clk (net)
                      0.076113    0.001862    0.179050 ^ clkbuf_3_6__f_clk/A (sky130_fd_sc_hd__clkbuf_16)
     8    0.024071    0.034308    0.099634    0.278684 ^ clkbuf_3_6__f_clk/X (sky130_fd_sc_hd__clkbuf_16)
                                                         clknet_3_6__leaf_clk (net)
                      0.034328    0.000597    0.279281 ^ _1635_/CLK (sky130_fd_sc_hd__dfxtp_2)
     1    0.003746    0.018188    0.193812    0.473093 v _1635_/Q (sky130_fd_sc_hd__dfxtp_2)
                                                         u_rst_sync.rst_ff2 (net)
                      0.018439    0.000056    0.473149 v fanout42/A (sky130_fd_sc_hd__clkdlybuf4s25_1)
    10    0.050498    0.255262    0.328501    0.801651 v fanout42/X (sky130_fd_sc_hd__clkdlybuf4s25_1)
                                                         net42 (net)
                      0.255353    0.004473    0.806124 v _1627_/D (sky130_fd_sc_hd__dfxtp_2)
                                              0.806124   data arrival time

                                 20.000000   20.000000   clock clk (rise edge)
                                  0.000000   20.000000   clock source latency
     1    0.019024    0.068474    0.046761   20.046761 ^ clk (in)
                                                         clk (net)
                      0.068482    0.000000   20.046761 ^ clkbuf_0_clk/A (sky130_fd_sc_hd__clkbuf_16)
     8    0.082698    0.076007    0.130427   20.177189 ^ clkbuf_0_clk/X (sky130_fd_sc_hd__clkbuf_16)
                                                         clknet_0_clk (net)
                      0.076088    0.001513   20.178701 ^ clkbuf_3_2__f_clk/A (sky130_fd_sc_hd__clkbuf_16)
     8    0.024444    0.034559    0.099908   20.278610 ^ clkbuf_3_2__f_clk/X (sky130_fd_sc_hd__clkbuf_16)
                                                         clknet_3_2__leaf_clk (net)
                      0.034588    0.000759   20.279367 ^ _1627_/CLK (sky130_fd_sc_hd__dfxtp_2)
                                 -0.250000   20.029369   clock uncertainty
                                  0.000000   20.029369   clock reconvergence pessimism
                                 -0.150734   19.878633   library setup time
                                             19.878633   data required time
---------------------------------------------------------------------------------------------
                                             19.878633   data required time
                                             -0.806124   data arrival time
---------------------------------------------------------------------------------------------
                                             19.072512   slack (MET)


Startpoint: _1636_ (rising edge-triggered flip-flop clocked by clk)
Endpoint: _1635_ (rising edge-triggered flip-flop clocked by clk)
Path Group: clk
Path Type: max

Fanout         Cap        Slew       Delay        Time   Description
---------------------------------------------------------------------------------------------
                                  0.000000    0.000000   clock clk (rise edge)
                                  0.000000    0.000000   clock source latency
     1    0.019024    0.068474    0.046761    0.046761 ^ clk (in)
                                                         clk (net)
                      0.068482    0.000000    0.046761 ^ clkbuf_0_clk/A (sky130_fd_sc_hd__clkbuf_16)
     8    0.082698    0.076007    0.130428    0.177189 ^ clkbuf_0_clk/X (sky130_fd_sc_hd__clkbuf_16)
                                                         clknet_0_clk (net)
                      0.076113    0.001871    0.179059 ^ clkbuf_3_7__f_clk/A (sky130_fd_sc_hd__clkbuf_16)
     8    0.026884    0.036250    0.101475    0.280535 ^ clkbuf_3_7__f_clk/X (sky130_fd_sc_hd__clkbuf_16)
                                                         clknet_3_7__leaf_clk (net)
                      0.036283    0.000953    0.281488 ^ _1636_/CLK (sky130_fd_sc_hd__dfxtp_2)
     1    0.001870    0.015471    0.189606    0.471094 v _1636_/Q (sky130_fd_sc_hd__dfxtp_2)
                                                         u_rst_sync.rst_ff1 (net)
                      0.015471    0.000015    0.471109 v hold82/A (sky130_fd_sc_hd__dlygate4sd3_1)
     1    0.002543    0.037173    0.353159    0.824269 v hold82/X (sky130_fd_sc_hd__dlygate4sd3_1)
                                                         net82 (net)
                      0.037173    0.000027    0.824295 v _1635_/D (sky130_fd_sc_hd__dfxtp_2)
                                              0.824295   data arrival time

                                 20.000000   20.000000   clock clk (rise edge)
                                  0.000000   20.000000   clock source latency
     1    0.019024    0.068474    0.046761   20.046761 ^ clk (in)
                                                         clk (net)
                      0.068482    0.000000   20.046761 ^ clkbuf_0_clk/A (sky130_fd_sc_hd__clkbuf_16)
     8    0.082698    0.076007    0.130427   20.177189 ^ clkbuf_0_clk/X (sky130_fd_sc_hd__clkbuf_16)
                                                         clknet_0_clk (net)
                      0.076113    0.001862   20.179050 ^ clkbuf_3_6__f_clk/A (sky130_fd_sc_hd__clkbuf_16)
     8    0.024071    0.034308    0.099634   20.278685 ^ clkbuf_3_6__f_clk/X (sky130_fd_sc_hd__clkbuf_16)
                                                         clknet_3_6__leaf_clk (net)
                      0.034328    0.000597   20.279282 ^ _1635_/CLK (sky130_fd_sc_hd__dfxtp_2)
                                 -0.250000   20.029282   clock uncertainty
                                  0.000000   20.029282   clock reconvergence pessimism
                                 -0.072847   19.956436   library setup time
                                             19.956436   data required time
---------------------------------------------------------------------------------------------
                                             19.956436   data required time
                                             -0.824295   data arrival time
---------------------------------------------------------------------------------------------
                                             19.132139   slack (MET)



