
===========================================================================
report_checks -path_delay min (Hold)
============================================================================
======================= min_ff_n40C_1v95 Corner ===================================

Startpoint: _1601_ (rising edge-triggered flip-flop clocked by clk)
Endpoint: _1601_ (rising edge-triggered flip-flop clocked by clk)
Path Group: clk
Path Type: min

Fanout         Cap        Slew       Delay        Time   Description
---------------------------------------------------------------------------------------------
                                  0.000000    0.000000   clock clk (rise edge)
                                  0.000000    0.000000   clock source latency
     1    0.019024    0.068474    0.046761    0.046761 ^ clk (in)
                                                         clk (net)
                      0.068482    0.000000    0.046761 ^ clkbuf_0_clk/A (sky130_fd_sc_hd__clkbuf_16)
     8    0.082698    0.076007    0.130428    0.177189 ^ clkbuf_0_clk/X (sky130_fd_sc_hd__clkbuf_16)
                                                         clknet_0_clk (net)
                      0.076099    0.001673    0.178861 ^ clkbuf_3_0__f_clk/A (sky130_fd_sc_hd__clkbuf_16)
     8    0.023710    0.034074    0.099505    0.278366 ^ clkbuf_3_0__f_clk/X (sky130_fd_sc_hd__clkbuf_16)
                                                         clknet_3_0__leaf_clk (net)
                      0.034075    0.000145    0.278511 ^ _1601_/CLK (sky130_fd_sc_hd__dfxtp_2)
     4    0.021836    0.087495    0.238566    0.517076 ^ _1601_/Q (sky130_fd_sc_hd__dfxtp_2)
                                                         u_dp.acc_q[1] (net)
                      0.087495    0.000095    0.517171 ^ _1480_/A1 (sky130_fd_sc_hd__o211a_2)
     1    0.002874    0.026214    0.105006    0.622177 ^ _1480_/X (sky130_fd_sc_hd__o211a_2)
                                                         _0029_ (net)
                      0.026214    0.000022    0.622199 ^ _1601_/D (sky130_fd_sc_hd__dfxtp_2)
                                              0.622199   data arrival time

                                  0.000000    0.000000   clock clk (rise edge)
                                  0.000000    0.000000   clock source latency
     1    0.019024    0.068474    0.046761    0.046761 ^ clk (in)
                                                         clk (net)
                      0.068482    0.000000    0.046761 ^ clkbuf_0_clk/A (sky130_fd_sc_hd__clkbuf_16)
     8    0.082698    0.076007    0.130428    0.177189 ^ clkbuf_0_clk/X (sky130_fd_sc_hd__clkbuf_16)
                                                         clknet_0_clk (net)
                      0.076099    0.001673    0.178861 ^ clkbuf_3_0__f_clk/A (sky130_fd_sc_hd__clkbuf_16)
     8    0.023710    0.034074    0.099505    0.278366 ^ clkbuf_3_0__f_clk/X (sky130_fd_sc_hd__clkbuf_16)
                                                         clknet_3_0__leaf_clk (net)
                      0.034075    0.000145    0.278511 ^ _1601_/CLK (sky130_fd_sc_hd__dfxtp_2)
                                  0.250000    0.528511   clock uncertainty
                                  0.000000    0.528511   clock reconvergence pessimism
                                 -0.016888    0.511622   library hold time
                                              0.511622   data required time
---------------------------------------------------------------------------------------------
                                              0.511622   data required time
                                             -0.622199   data arrival time
---------------------------------------------------------------------------------------------
                                              0.110577   slack (MET)


Startpoint: _1609_ (rising edge-triggered flip-flop clocked by clk)
Endpoint: _1609_ (rising edge-triggered flip-flop clocked by clk)
Path Group: clk
Path Type: min

Fanout         Cap        Slew       Delay        Time   Description
---------------------------------------------------------------------------------------------
                                  0.000000    0.000000   clock clk (rise edge)
                                  0.000000    0.000000   clock source latency
     1    0.019024    0.068474    0.046761    0.046761 ^ clk (in)
                                                         clk (net)
                      0.068482    0.000000    0.046761 ^ clkbuf_0_clk/A (sky130_fd_sc_hd__clkbuf_16)
     8    0.082698    0.076007    0.130428    0.177189 ^ clkbuf_0_clk/X (sky130_fd_sc_hd__clkbuf_16)
                                                         clknet_0_clk (net)
                      0.076097    0.001646    0.178835 ^ clkbuf_3_1__f_clk/A (sky130_fd_sc_hd__clkbuf_16)
     8    0.023329    0.033822    0.099293    0.278128 ^ clkbuf_3_1__f_clk/X (sky130_fd_sc_hd__clkbuf_16)
                                                         clknet_3_1__leaf_clk (net)
                      0.033827    0.000129    0.278257 ^ _1609_/CLK (sky130_fd_sc_hd__dfxtp_2)
     4    0.023372    0.093110    0.242445    0.520701 ^ _1609_/Q (sky130_fd_sc_hd__dfxtp_2)
                                                         u_dp.acc_q[9] (net)
                      0.093110    0.000118    0.520819 ^ _1507_/A1 (sky130_fd_sc_hd__o211a_2)
     1    0.002235    0.023838    0.103145    0.623964 ^ _1507_/X (sky130_fd_sc_hd__o211a_2)
                                                         _0037_ (net)
                      0.023838    0.000022    0.623985 ^ _1609_/D (sky130_fd_sc_hd__dfxtp_2)
                                              0.623985   data arrival time

                                  0.000000    0.000000   clock clk (rise edge)
                                  0.000000    0.000000   clock source latency
     1    0.019024    0.068474    0.046761    0.046761 ^ clk (in)
                                                         clk (net)
                      0.068482    0.000000    0.046761 ^ clkbuf_0_clk/A (sky130_fd_sc_hd__clkbuf_16)
     8    0.082698    0.076007    0.130428    0.177189 ^ clkbuf_0_clk/X (sky130_fd_sc_hd__clkbuf_16)
                                                         clknet_0_clk (net)
                      0.076097    0.001646    0.178835 ^ clkbuf_3_1__f_clk/A (sky130_fd_sc_hd__clkbuf_16)
     8    0.023329    0.033822    0.099293    0.278128 ^ clkbuf_3_1__f_clk/X (sky130_fd_sc_hd__clkbuf_16)
                                                         clknet_3_1__leaf_clk (net)
                      0.033827    0.000129    0.278257 ^ _1609_/CLK (sky130_fd_sc_hd__dfxtp_2)
                                  0.250000    0.528257   clock uncertainty
                                  0.000000    0.528257   clock reconvergence pessimism
                                 -0.016726    0.511531   library hold time
                                              0.511531   data required time
---------------------------------------------------------------------------------------------
                                              0.511531   data required time
                                             -0.623985   data arrival time
---------------------------------------------------------------------------------------------
                                              0.112454   slack (MET)


Startpoint: _1630_ (rising edge-triggered flip-flop clocked by clk)
Endpoint: _1630_ (rising edge-triggered flip-flop clocked by clk)
Path Group: clk
Path Type: min

Fanout         Cap        Slew       Delay        Time   Description
---------------------------------------------------------------------------------------------
                                  0.000000    0.000000   clock clk (rise edge)
                                  0.000000    0.000000   clock source latency
     1    0.019024    0.068474    0.046761    0.046761 ^ clk (in)
                                                         clk (net)
                      0.068482    0.000000    0.046761 ^ clkbuf_0_clk/A (sky130_fd_sc_hd__clkbuf_16)
     8    0.082698    0.076007    0.130428    0.177189 ^ clkbuf_0_clk/X (sky130_fd_sc_hd__clkbuf_16)
                                                         clknet_0_clk (net)
                      0.076088    0.001513    0.178702 ^ clkbuf_3_2__f_clk/A (sky130_fd_sc_hd__clkbuf_16)
     8    0.024444    0.034559    0.099908    0.278610 ^ clkbuf_3_2__f_clk/X (sky130_fd_sc_hd__clkbuf_16)
                                                         clknet_3_2__leaf_clk (net)
                      0.034573    0.000523    0.279133 ^ _1630_/CLK (sky130_fd_sc_hd__dfxtp_2)
     4    0.012437    0.032075    0.209936    0.489068 v _1630_/Q (sky130_fd_sc_hd__dfxtp_2)
                                                         u_sync.lock_cnt[0] (net)
                      0.032075    0.000076    0.489144 v _1569_/A (sky130_fd_sc_hd__nand2_2)
     2    0.009451    0.044178    0.050651    0.539795 ^ _1569_/Y (sky130_fd_sc_hd__nand2_2)
                                                         _0785_ (net)
                      0.044178    0.000087    0.539882 ^ _1570_/B1 (sky130_fd_sc_hd__o2111a_2)
     1    0.002660    0.024135    0.086376    0.626258 ^ _1570_/X (sky130_fd_sc_hd__o2111a_2)
                                                         _0057_ (net)
                      0.024135    0.000029    0.626287 ^ _1630_/D (sky130_fd_sc_hd__dfxtp_2)
                                              0.626287   data arrival time

                                  0.000000    0.000000   clock clk (rise edge)
                                  0.000000    0.000000   clock source latency
     1    0.019024    0.068474    0.046761    0.046761 ^ clk (in)
                                                         clk (net)
                      0.068482    0.000000    0.046761 ^ clkbuf_0_clk/A (sky130_fd_sc_hd__clkbuf_16)
     8    0.082698    0.076007    0.130428    0.177189 ^ clkbuf_0_clk/X (sky130_fd_sc_hd__clkbuf_16)
                                                         clknet_0_clk (net)
                      0.076088    0.001513    0.178702 ^ clkbuf_3_2__f_clk/A (sky130_fd_sc_hd__clkbuf_16)
     8    0.024444    0.034559    0.099908    0.278610 ^ clkbuf_3_2__f_clk/X (sky130_fd_sc_hd__clkbuf_16)
                                                         clknet_3_2__leaf_clk (net)
                      0.034573    0.000523    0.279133 ^ _1630_/CLK (sky130_fd_sc_hd__dfxtp_2)
                                  0.250000    0.529133   clock uncertainty
                                  0.000000    0.529133   clock reconvergence pessimism
                                 -0.016729    0.512403   library hold time
                                              0.512403   data required time
---------------------------------------------------------------------------------------------
                                              0.512403   data required time
                                             -0.626287   data arrival time
---------------------------------------------------------------------------------------------
                                              0.113883   slack (MET)


Startpoint: _1603_ (rising edge-triggered flip-flop clocked by clk)
Endpoint: _1603_ (rising edge-triggered flip-flop clocked by clk)
Path Group: clk
Path Type: min

Fanout         Cap        Slew       Delay        Time   Description
---------------------------------------------------------------------------------------------
                                  0.000000    0.000000   clock clk (rise edge)
                                  0.000000    0.000000   clock source latency
     1    0.019024    0.068474    0.046761    0.046761 ^ clk (in)
                                                         clk (net)
                      0.068482    0.000000    0.046761 ^ clkbuf_0_clk/A (sky130_fd_sc_hd__clkbuf_16)
     8    0.082698    0.076007    0.130428    0.177189 ^ clkbuf_0_clk/X (sky130_fd_sc_hd__clkbuf_16)
                                                         clknet_0_clk (net)
                      0.076088    0.001513    0.178702 ^ clkbuf_3_2__f_clk/A (sky130_fd_sc_hd__clkbuf_16)
     8    0.024444    0.034559    0.099908    0.278610 ^ clkbuf_3_2__f_clk/X (sky130_fd_sc_hd__clkbuf_16)
                                                         clknet_3_2__leaf_clk (net)
                      0.034559    0.000085    0.278695 ^ _1603_/CLK (sky130_fd_sc_hd__dfxtp_2)
     5    0.023557    0.093813    0.242987    0.521681 ^ _1603_/Q (sky130_fd_sc_hd__dfxtp_2)
                                                         u_dp.acc_q[3] (net)
                      0.093813    0.000296    0.521977 ^ _1486_/A1 (sky130_fd_sc_hd__o211a_2)
     1    0.002478    0.024742    0.104231    0.626209 ^ _1486_/X (sky130_fd_sc_hd__o211a_2)
                                                         _0031_ (net)
                      0.024742    0.000026    0.626235 ^ _1603_/D (sky130_fd_sc_hd__dfxtp_2)
                                              0.626235   data arrival time

                                  0.000000    0.000000   clock clk (rise edge)
                                  0.000000    0.000000   clock source latency
     1    0.019024    0.068474    0.046761    0.046761 ^ clk (in)
                                                         clk (net)
                      0.068482    0.000000    0.046761 ^ clkbuf_0_clk/A (sky130_fd_sc_hd__clkbuf_16)
     8    0.082698    0.076007    0.130428    0.177189 ^ clkbuf_0_clk/X (sky130_fd_sc_hd__clkbuf_16)
                                                         clknet_0_clk (net)
                      0.076088    0.001513    0.178702 ^ clkbuf_3_2__f_clk/A (sky130_fd_sc_hd__clkbuf_16)
     8    0.024444    0.034559    0.099908    0.278610 ^ clkbuf_3_2__f_clk/X (sky130_fd_sc_hd__clkbuf_16)
                                                         clknet_3_2__leaf_clk (net)
                      0.034559    0.000085    0.278695 ^ _1603_/CLK (sky130_fd_sc_hd__dfxtp_2)
                                  0.250000    0.528695   clock uncertainty
                                  0.000000    0.528695   clock reconvergence pessimism
                                 -0.016772    0.511922   library hold time
                                              0.511922   data required time
---------------------------------------------------------------------------------------------
                                              0.511922   data required time
                                             -0.626235   data arrival time
---------------------------------------------------------------------------------------------
                                              0.114313   slack (MET)


Startpoint: _1606_ (rising edge-triggered flip-flop clocked by clk)
Endpoint: _1606_ (rising edge-triggered flip-flop clocked by clk)
Path Group: clk
Path Type: min

Fanout         Cap        Slew       Delay        Time   Description
---------------------------------------------------------------------------------------------
                                  0.000000    0.000000   clock clk (rise edge)
                                  0.000000    0.000000   clock source latency
     1    0.019024    0.068474    0.046761    0.046761 ^ clk (in)
                                                         clk (net)
                      0.068482    0.000000    0.046761 ^ clkbuf_0_clk/A (sky130_fd_sc_hd__clkbuf_16)
     8    0.082698    0.076007    0.130428    0.177189 ^ clkbuf_0_clk/X (sky130_fd_sc_hd__clkbuf_16)
                                                         clknet_0_clk (net)
                      0.076023    0.001100    0.178288 ^ clkbuf_3_4__f_clk/A (sky130_fd_sc_hd__clkbuf_16)
     8    0.031042    0.039190    0.104406    0.282694 ^ clkbuf_3_4__f_clk/X (sky130_fd_sc_hd__clkbuf_16)
                                                         clknet_3_4__leaf_clk (net)
                      0.039192    0.000557    0.283251 ^ _1606_/CLK (sky130_fd_sc_hd__dfxtp_2)
     4    0.023853    0.094865    0.245213    0.528463 ^ _1606_/Q (sky130_fd_sc_hd__dfxtp_2)
                                                         u_dp.acc_q[6] (net)
                      0.094865    0.000071    0.528534 ^ _1496_/A1 (sky130_fd_sc_hd__o211a_2)
     1    0.002108    0.023368    0.102863    0.631397 ^ _1496_/X (sky130_fd_sc_hd__o211a_2)
                                                         _0034_ (net)
                      0.023368    0.000009    0.631406 ^ _1606_/D (sky130_fd_sc_hd__dfxtp_2)
                                              0.631406   data arrival time

                                  0.000000    0.000000   clock clk (rise edge)
                                  0.000000    0.000000   clock source latency
     1    0.019024    0.068474    0.046761    0.046761 ^ clk (in)
                                                         clk (net)
                      0.068482    0.000000    0.046761 ^ clkbuf_0_clk/A (sky130_fd_sc_hd__clkbuf_16)
     8    0.082698    0.076007    0.130428    0.177189 ^ clkbuf_0_clk/X (sky130_fd_sc_hd__clkbuf_16)
                                                         clknet_0_clk (net)
                      0.076023    0.001100    0.178288 ^ clkbuf_3_4__f_clk/A (sky130_fd_sc_hd__clkbuf_16)
     8    0.031042    0.039190    0.104406    0.282694 ^ clkbuf_3_4__f_clk/X (sky130_fd_sc_hd__clkbuf_16)
                                                         clknet_3_4__leaf_clk (net)
                      0.039192    0.000557    0.283251 ^ _1606_/CLK (sky130_fd_sc_hd__dfxtp_2)
                                  0.250000    0.533251   clock uncertainty
                                  0.000000    0.533251   clock reconvergence pessimism
                                 -0.016565    0.516686   library hold time
                                              0.516686   data required time
---------------------------------------------------------------------------------------------
                                              0.516686   data required time
                                             -0.631406   data arrival time
---------------------------------------------------------------------------------------------
                                              0.114721   slack (MET)


Startpoint: _1602_ (rising edge-triggered flip-flop clocked by clk)
Endpoint: _1602_ (rising edge-triggered flip-flop clocked by clk)
Path Group: clk
Path Type: min

Fanout         Cap        Slew       Delay        Time   Description
---------------------------------------------------------------------------------------------
                                  0.000000    0.000000   clock clk (rise edge)
                                  0.000000    0.000000   clock source latency
     1    0.019024    0.068474    0.046761    0.046761 ^ clk (in)
                                                         clk (net)
                      0.068482    0.000000    0.046761 ^ clkbuf_0_clk/A (sky130_fd_sc_hd__clkbuf_16)
     8    0.082698    0.076007    0.130428    0.177189 ^ clkbuf_0_clk/X (sky130_fd_sc_hd__clkbuf_16)
                                                         clknet_0_clk (net)
                      0.076093    0.001583    0.178772 ^ clkbuf_3_3__f_clk/A (sky130_fd_sc_hd__clkbuf_16)
     8    0.030190    0.038568    0.103876    0.282648 ^ clkbuf_3_3__f_clk/X (sky130_fd_sc_hd__clkbuf_16)
                                                         clknet_3_3__leaf_clk (net)
                      0.038569    0.000304    0.282952 ^ _1602_/CLK (sky130_fd_sc_hd__dfxtp_2)
     5    0.023790    0.094658    0.244758    0.527710 ^ _1602_/Q (sky130_fd_sc_hd__dfxtp_2)
                                                         u_dp.acc_q[2] (net)
                      0.094658    0.000339    0.528049 ^ _1483_/A1 (sky130_fd_sc_hd__o211a_2)
     1    0.002261    0.023938    0.103459    0.631508 ^ _1483_/X (sky130_fd_sc_hd__o211a_2)
                                                         _0030_ (net)
                      0.023938    0.000012    0.631520 ^ _1602_/D (sky130_fd_sc_hd__dfxtp_2)
                                              0.631520   data arrival time

                                  0.000000    0.000000   clock clk (rise edge)
                                  0.000000    0.000000   clock source latency
     1    0.019024    0.068474    0.046761    0.046761 ^ clk (in)
                                                         clk (net)
                      0.068482    0.000000    0.046761 ^ clkbuf_0_clk/A (sky130_fd_sc_hd__clkbuf_16)
     8    0.082698    0.076007    0.130428    0.177189 ^ clkbuf_0_clk/X (sky130_fd_sc_hd__clkbuf_16)
                                                         clknet_0_clk (net)
                      0.076093    0.001583    0.178772 ^ clkbuf_3_3__f_clk/A (sky130_fd_sc_hd__clkbuf_16)
     8    0.030190    0.038568    0.103876    0.282648 ^ clkbuf_3_3__f_clk/X (sky130_fd_sc_hd__clkbuf_16)
                                                         clknet_3_3__leaf_clk (net)
                      0.038569    0.000304    0.282952 ^ _1602_/CLK (sky130_fd_sc_hd__dfxtp_2)
                                  0.250000    0.532952   clock uncertainty
                                  0.000000    0.532952   clock reconvergence pessimism
                                 -0.016620    0.516332   library hold time
                                              0.516332   data required time
---------------------------------------------------------------------------------------------
                                              0.516332   data required time
                                             -0.631520   data arrival time
---------------------------------------------------------------------------------------------
                                              0.115188   slack (MET)


Startpoint: _1615_ (rising edge-triggered flip-flop clocked by clk)
Endpoint: _1615_ (rising edge-triggered flip-flop clocked by clk)
Path Group: clk
Path Type: min

Fanout         Cap        Slew       Delay        Time   Description
---------------------------------------------------------------------------------------------
                                  0.000000    0.000000   clock clk (rise edge)
                                  0.000000    0.000000   clock source latency
     1    0.019024    0.068474    0.046761    0.046761 ^ clk (in)
                                                         clk (net)
                      0.068482    0.000000    0.046761 ^ clkbuf_0_clk/A (sky130_fd_sc_hd__clkbuf_16)
     8    0.082698    0.076007    0.130428    0.177189 ^ clkbuf_0_clk/X (sky130_fd_sc_hd__clkbuf_16)
                                                         clknet_0_clk (net)
                      0.076097    0.001646    0.178835 ^ clkbuf_3_1__f_clk/A (sky130_fd_sc_hd__clkbuf_16)
     8    0.023329    0.033822    0.099293    0.278128 ^ clkbuf_3_1__f_clk/X (sky130_fd_sc_hd__clkbuf_16)
                                                         clknet_3_1__leaf_clk (net)
                      0.033829    0.000213    0.278340 ^ _1615_/CLK (sky130_fd_sc_hd__dfxtp_2)
     4    0.024653    0.097822    0.245593    0.523934 ^ _1615_/Q (sky130_fd_sc_hd__dfxtp_2)
                                                         u_dp.acc_q[15] (net)
                      0.097822    0.000256    0.524189 ^ _1533_/A1 (sky130_fd_sc_hd__o211a_2)
     1    0.002180    0.023639    0.103549    0.627738 ^ _1533_/X (sky130_fd_sc_hd__o211a_2)
                                                         _0043_ (net)
                      0.023639    0.000020    0.627758 ^ _1615_/D (sky130_fd_sc_hd__dfxtp_2)
                                              0.627758   data arrival time

                                  0.000000    0.000000   clock clk (rise edge)
                                  0.000000    0.000000   clock source latency
     1    0.019024    0.068474    0.046761    0.046761 ^ clk (in)
                                                         clk (net)
                      0.068482    0.000000    0.046761 ^ clkbuf_0_clk/A (sky130_fd_sc_hd__clkbuf_16)
     8    0.082698    0.076007    0.130428    0.177189 ^ clkbuf_0_clk/X (sky130_fd_sc_hd__clkbuf_16)
                                                         clknet_0_clk (net)
                      0.076097    0.001646    0.178835 ^ clkbuf_3_1__f_clk/A (sky130_fd_sc_hd__clkbuf_16)
     8    0.023329    0.033822    0.099293    0.278128 ^ clkbuf_3_1__f_clk/X (sky130_fd_sc_hd__clkbuf_16)
                                                         clknet_3_1__leaf_clk (net)
                      0.033829    0.000213    0.278340 ^ _1615_/CLK (sky130_fd_sc_hd__dfxtp_2)
                                  0.250000    0.528340   clock uncertainty
                                  0.000000    0.528340   clock reconvergence pessimism
                                 -0.016712    0.511628   library hold time
                                              0.511628   data required time
---------------------------------------------------------------------------------------------
                                              0.511628   data required time
                                             -0.627758   data arrival time
---------------------------------------------------------------------------------------------
                                              0.116130   slack (MET)


Startpoint: _1622_ (rising edge-triggered flip-flop clocked by clk)
Endpoint: _1622_ (rising edge-triggered flip-flop clocked by clk)
Path Group: clk
Path Type: min

Fanout         Cap        Slew       Delay        Time   Description
---------------------------------------------------------------------------------------------
                                  0.000000    0.000000   clock clk (rise edge)
                                  0.000000    0.000000   clock source latency
     1    0.019024    0.068474    0.046761    0.046761 ^ clk (in)
                                                         clk (net)
                      0.068482    0.000000    0.046761 ^ clkbuf_0_clk/A (sky130_fd_sc_hd__clkbuf_16)
     8    0.082698    0.076007    0.130428    0.177189 ^ clkbuf_0_clk/X (sky130_fd_sc_hd__clkbuf_16)
                                                         clknet_0_clk (net)
                      0.076099    0.001673    0.178861 ^ clkbuf_3_0__f_clk/A (sky130_fd_sc_hd__clkbuf_16)
     8    0.023710    0.034074    0.099505    0.278366 ^ clkbuf_3_0__f_clk/X (sky130_fd_sc_hd__clkbuf_16)
                                                         clknet_3_0__leaf_clk (net)
                      0.034077    0.000186    0.278552 ^ _1622_/CLK (sky130_fd_sc_hd__dfxtp_2)
     4    0.025356    0.100382    0.247508    0.526060 ^ _1622_/Q (sky130_fd_sc_hd__dfxtp_2)
                                                         u_dp.acc_q[22] (net)
                      0.100382    0.000209    0.526269 ^ _1559_/A1 (sky130_fd_sc_hd__o211a_2)
     1    0.002070    0.023227    0.103442    0.629711 ^ _1559_/X (sky130_fd_sc_hd__o211a_2)
                                                         _0050_ (net)
                      0.023227    0.000010    0.629722 ^ _1622_/D (sky130_fd_sc_hd__dfxtp_2)
                                              0.629722   data arrival time

                                  0.000000    0.000000   clock clk (rise edge)
                                  0.000000    0.000000   clock source latency
     1    0.019024    0.068474    0.046761    0.046761 ^ clk (in)
                                                         clk (net)
                      0.068482    0.000000    0.046761 ^ clkbuf_0_clk/A (sky130_fd_sc_hd__clkbuf_16)
     8    0.082698    0.076007    0.130428    0.177189 ^ clkbuf_0_clk/X (sky130_fd_sc_hd__clkbuf_16)
                                                         clknet_0_clk (net)
                      0.076099    0.001673    0.178861 ^ clkbuf_3_0__f_clk/A (sky130_fd_sc_hd__clkbuf_16)
     8    0.023710    0.034074    0.099505    0.278366 ^ clkbuf_3_0__f_clk/X (sky130_fd_sc_hd__clkbuf_16)
                                                         clknet_3_0__leaf_clk (net)
                      0.034077    0.000186    0.278552 ^ _1622_/CLK (sky130_fd_sc_hd__dfxtp_2)
                                  0.250000    0.528552   clock uncertainty
                                  0.000000    0.528552   clock reconvergence pessimism
                                 -0.016677    0.511875   library hold time
                                              0.511875   data required time
---------------------------------------------------------------------------------------------
                                              0.511875   data required time
                                             -0.629722   data arrival time
---------------------------------------------------------------------------------------------
                                              0.117846   slack (MET)


Startpoint: _1584_ (rising edge-triggered flip-flop clocked by clk)
Endpoint: _1584_ (rising edge-triggered flip-flop clocked by clk)
Path Group: clk
Path Type: min

Fanout         Cap        Slew       Delay        Time   Description
---------------------------------------------------------------------------------------------
                                  0.000000    0.000000   clock clk (rise edge)
                                  0.000000    0.000000   clock source latency
     1    0.019024    0.068474    0.046761    0.046761 ^ clk (in)
                                                         clk (net)
                      0.068482    0.000000    0.046761 ^ clkbuf_0_clk/A (sky130_fd_sc_hd__clkbuf_16)
     8    0.082698    0.076007    0.130428    0.177189 ^ clkbuf_0_clk/X (sky130_fd_sc_hd__clkbuf_16)
                                                         clknet_0_clk (net)
                      0.076098    0.001667    0.178856 ^ clkbuf_3_5__f_clk/A (sky130_fd_sc_hd__clkbuf_16)
     8    0.028666    0.037481    0.102938    0.281793 ^ clkbuf_3_5__f_clk/X (sky130_fd_sc_hd__clkbuf_16)
                                                         clknet_3_5__leaf_clk (net)
                      0.037482    0.000228    0.282022 ^ _1584_/CLK (sky130_fd_sc_hd__dfxtp_2)
     5    0.025370    0.100410    0.248632    0.530654 ^ _1584_/Q (sky130_fd_sc_hd__dfxtp_2)
                                                         u_dp.a_q[0] (net)
                      0.100410    0.000227    0.530881 ^ _1440_/A1 (sky130_fd_sc_hd__o211a_2)
     1    0.002164    0.023589    0.103830    0.634710 ^ _1440_/X (sky130_fd_sc_hd__o211a_2)
                                                         _0012_ (net)
                      0.023589    0.000020    0.634730 ^ _1584_/D (sky130_fd_sc_hd__dfxtp_2)
                                              0.634730   data arrival time

                                  0.000000    0.000000   clock clk (rise edge)
                                  0.000000    0.000000   clock source latency
     1    0.019024    0.068474    0.046761    0.046761 ^ clk (in)
                                                         clk (net)
                      0.068482    0.000000    0.046761 ^ clkbuf_0_clk/A (sky130_fd_sc_hd__clkbuf_16)
     8    0.082698    0.076007    0.130428    0.177189 ^ clkbuf_0_clk/X (sky130_fd_sc_hd__clkbuf_16)
                                                         clknet_0_clk (net)
                      0.076098    0.001667    0.178856 ^ clkbuf_3_5__f_clk/A (sky130_fd_sc_hd__clkbuf_16)
     8    0.028666    0.037481    0.102938    0.281793 ^ clkbuf_3_5__f_clk/X (sky130_fd_sc_hd__clkbuf_16)
                                                         clknet_3_5__leaf_clk (net)
                      0.037482    0.000228    0.282022 ^ _1584_/CLK (sky130_fd_sc_hd__dfxtp_2)
                                  0.250000    0.532022   clock uncertainty
                                  0.000000    0.532022   clock reconvergence pessimism
                                 -0.016621    0.515400   library hold time
                                              0.515400   data required time
---------------------------------------------------------------------------------------------
                                              0.515400   data required time
                                             -0.634730   data arrival time
---------------------------------------------------------------------------------------------
                                              0.119329   slack (MET)


Startpoint: _1592_ (rising edge-triggered flip-flop clocked by clk)
Endpoint: _1592_ (rising edge-triggered flip-flop clocked by clk)
Path Group: clk
Path Type: min

Fanout         Cap        Slew       Delay        Time   Description
---------------------------------------------------------------------------------------------
                                  0.000000    0.000000   clock clk (rise edge)
                                  0.000000    0.000000   clock source latency
     1    0.019024    0.068474    0.046761    0.046761 ^ clk (in)
                                                         clk (net)
                      0.068482    0.000000    0.046761 ^ clkbuf_0_clk/A (sky130_fd_sc_hd__clkbuf_16)
     8    0.082698    0.076007    0.130428    0.177189 ^ clkbuf_0_clk/X (sky130_fd_sc_hd__clkbuf_16)
                                                         clknet_0_clk (net)
                      0.076098    0.001667    0.178856 ^ clkbuf_3_5__f_clk/A (sky130_fd_sc_hd__clkbuf_16)
     8    0.028666    0.037481    0.102938    0.281793 ^ clkbuf_3_5__f_clk/X (sky130_fd_sc_hd__clkbuf_16)
                                                         clknet_3_5__leaf_clk (net)
                      0.037482    0.000208    0.282002 ^ _1592_/CLK (sky130_fd_sc_hd__dfxtp_2)
     2    0.008983    0.041828    0.206198    0.488200 ^ _1592_/Q (sky130_fd_sc_hd__dfxtp_2)
                                                         u_dp.b_q[0] (net)
                      0.041828    0.000076    0.488276 ^ _1457_/A (sky130_fd_sc_hd__or2_2)
     1    0.004023    0.024886    0.069724    0.558000 ^ _1457_/X (sky130_fd_sc_hd__or2_2)
                                                         _0710_ (net)
                      0.024887    0.000051    0.558052 ^ _1458_/B1 (sky130_fd_sc_hd__o211a_2)
     1    0.002646    0.025381    0.077390    0.635442 ^ _1458_/X (sky130_fd_sc_hd__o211a_2)
                                                         _0020_ (net)
                      0.025385    0.000030    0.635472 ^ _1592_/D (sky130_fd_sc_hd__dfxtp_2)
                                              0.635472   data arrival time

                                  0.000000    0.000000   clock clk (rise edge)
                                  0.000000    0.000000   clock source latency
     1    0.019024    0.068474    0.046761    0.046761 ^ clk (in)
                                                         clk (net)
                      0.068482    0.000000    0.046761 ^ clkbuf_0_clk/A (sky130_fd_sc_hd__clkbuf_16)
     8    0.082698    0.076007    0.130428    0.177189 ^ clkbuf_0_clk/X (sky130_fd_sc_hd__clkbuf_16)
                                                         clknet_0_clk (net)
                      0.076098    0.001667    0.178856 ^ clkbuf_3_5__f_clk/A (sky130_fd_sc_hd__clkbuf_16)
     8    0.028666    0.037481    0.102938    0.281793 ^ clkbuf_3_5__f_clk/X (sky130_fd_sc_hd__clkbuf_16)
                                                         clknet_3_5__leaf_clk (net)
                      0.037482    0.000208    0.282002 ^ _1592_/CLK (sky130_fd_sc_hd__dfxtp_2)
                                  0.250000    0.532002   clock uncertainty
                                  0.000000    0.532002   clock reconvergence pessimism
                                 -0.016748    0.515253   library hold time
                                              0.515253   data required time
---------------------------------------------------------------------------------------------
                                              0.515253   data required time
                                             -0.635472   data arrival time
---------------------------------------------------------------------------------------------
                                              0.120219   slack (MET)


Startpoint: _1621_ (rising edge-triggered flip-flop clocked by clk)
Endpoint: _1621_ (rising edge-triggered flip-flop clocked by clk)
Path Group: clk
Path Type: min

Fanout         Cap        Slew       Delay        Time   Description
---------------------------------------------------------------------------------------------
                                  0.000000    0.000000   clock clk (rise edge)
                                  0.000000    0.000000   clock source latency
     1    0.019024    0.068474    0.046761    0.046761 ^ clk (in)
                                                         clk (net)
                      0.068482    0.000000    0.046761 ^ clkbuf_0_clk/A (sky130_fd_sc_hd__clkbuf_16)
     8    0.082698    0.076007    0.130428    0.177189 ^ clkbuf_0_clk/X (sky130_fd_sc_hd__clkbuf_16)
                                                         clknet_0_clk (net)
                      0.076099    0.001673    0.178861 ^ clkbuf_3_0__f_clk/A (sky130_fd_sc_hd__clkbuf_16)
     8    0.023710    0.034074    0.099505    0.278366 ^ clkbuf_3_0__f_clk/X (sky130_fd_sc_hd__clkbuf_16)
                                                         clknet_3_0__leaf_clk (net)
                      0.034084    0.000390    0.278756 ^ _1621_/CLK (sky130_fd_sc_hd__dfxtp_2)
     4    0.025325    0.100269    0.247440    0.526196 ^ _1621_/Q (sky130_fd_sc_hd__dfxtp_2)
                                                         u_dp.acc_q[21] (net)
                      0.100269    0.000256    0.526451 ^ _1556_/A1 (sky130_fd_sc_hd__o211a_2)
     1    0.002921    0.026386    0.106899    0.633350 ^ _1556_/X (sky130_fd_sc_hd__o211a_2)
                                                         _0049_ (net)
                      0.026386    0.000034    0.633384 ^ _1621_/D (sky130_fd_sc_hd__dfxtp_2)
                                              0.633384   data arrival time

                                  0.000000    0.000000   clock clk (rise edge)
                                  0.000000    0.000000   clock source latency
     1    0.019024    0.068474    0.046761    0.046761 ^ clk (in)
                                                         clk (net)
                      0.068482    0.000000    0.046761 ^ clkbuf_0_clk/A (sky130_fd_sc_hd__clkbuf_16)
     8    0.082698    0.076007    0.130428    0.177189 ^ clkbuf_0_clk/X (sky130_fd_sc_hd__clkbuf_16)
                                                         clknet_0_clk (net)
                      0.076099    0.001673    0.178861 ^ clkbuf_3_0__f_clk/A (sky130_fd_sc_hd__clkbuf_16)
     8    0.023710    0.034074    0.099505    0.278366 ^ clkbuf_3_0__f_clk/X (sky130_fd_sc_hd__clkbuf_16)
                                                         clknet_3_0__leaf_clk (net)
                      0.034084    0.000390    0.278756 ^ _1621_/CLK (sky130_fd_sc_hd__dfxtp_2)
                                  0.250000    0.528756   clock uncertainty
                                  0.000000    0.528756   clock reconvergence pessimism
                                 -0.016900    0.511856   library hold time
                                              0.511856   data required time
---------------------------------------------------------------------------------------------
                                              0.511856   data required time
                                             -0.633384   data arrival time
---------------------------------------------------------------------------------------------
                                              0.121528   slack (MET)


Startpoint: _1616_ (rising edge-triggered flip-flop clocked by clk)
Endpoint: _1616_ (rising edge-triggered flip-flop clocked by clk)
Path Group: clk
Path Type: min

Fanout         Cap        Slew       Delay        Time   Description
---------------------------------------------------------------------------------------------
                                  0.000000    0.000000   clock clk (rise edge)
                                  0.000000    0.000000   clock source latency
     1    0.019024    0.068474    0.046761    0.046761 ^ clk (in)
                                                         clk (net)
                      0.068482    0.000000    0.046761 ^ clkbuf_0_clk/A (sky130_fd_sc_hd__clkbuf_16)
     8    0.082698    0.076007    0.130428    0.177189 ^ clkbuf_0_clk/X (sky130_fd_sc_hd__clkbuf_16)
                                                         clknet_0_clk (net)
                      0.076097    0.001646    0.178835 ^ clkbuf_3_1__f_clk/A (sky130_fd_sc_hd__clkbuf_16)
     8    0.023329    0.033822    0.099293    0.278128 ^ clkbuf_3_1__f_clk/X (sky130_fd_sc_hd__clkbuf_16)
                                                         clknet_3_1__leaf_clk (net)
                      0.033829    0.000218    0.278346 ^ _1616_/CLK (sky130_fd_sc_hd__dfxtp_2)
     4    0.025951    0.102550    0.249006    0.527352 ^ _1616_/Q (sky130_fd_sc_hd__dfxtp_2)
                                                         u_dp.acc_q[16] (net)
                      0.102550    0.000094    0.527446 ^ _1536_/A1 (sky130_fd_sc_hd__o211a_2)
     1    0.002675    0.025469    0.106200    0.633645 ^ _1536_/X (sky130_fd_sc_hd__o211a_2)
                                                         _0044_ (net)
                      0.025469    0.000029    0.633674 ^ _1616_/D (sky130_fd_sc_hd__dfxtp_2)
                                              0.633674   data arrival time

                                  0.000000    0.000000   clock clk (rise edge)
                                  0.000000    0.000000   clock source latency
     1    0.019024    0.068474    0.046761    0.046761 ^ clk (in)
                                                         clk (net)
                      0.068482    0.000000    0.046761 ^ clkbuf_0_clk/A (sky130_fd_sc_hd__clkbuf_16)
     8    0.082698    0.076007    0.130428    0.177189 ^ clkbuf_0_clk/X (sky130_fd_sc_hd__clkbuf_16)
                                                         clknet_0_clk (net)
                      0.076097    0.001646    0.178835 ^ clkbuf_3_1__f_clk/A (sky130_fd_sc_hd__clkbuf_16)
     8    0.023329    0.033822    0.099293    0.278128 ^ clkbuf_3_1__f_clk/X (sky130_fd_sc_hd__clkbuf_16)
                                                         clknet_3_1__leaf_clk (net)
                      0.033829    0.000218    0.278346 ^ _1616_/CLK (sky130_fd_sc_hd__dfxtp_2)
                                  0.250000    0.528346   clock uncertainty
                                  0.000000    0.528346   clock reconvergence pessimism
                                 -0.016841    0.511505   library hold time
                                              0.511505   data required time
---------------------------------------------------------------------------------------------
                                              0.511505   data required time
                                             -0.633674   data arrival time
---------------------------------------------------------------------------------------------
                                              0.122169   slack (MET)


Startpoint: _1607_ (rising edge-triggered flip-flop clocked by clk)
Endpoint: _1607_ (rising edge-triggered flip-flop clocked by clk)
Path Group: clk
Path Type: min

Fanout         Cap        Slew       Delay        Time   Description
---------------------------------------------------------------------------------------------
                                  0.000000    0.000000   clock clk (rise edge)
                                  0.000000    0.000000   clock source latency
     1    0.019024    0.068474    0.046761    0.046761 ^ clk (in)
                                                         clk (net)
                      0.068482    0.000000    0.046761 ^ clkbuf_0_clk/A (sky130_fd_sc_hd__clkbuf_16)
     8    0.082698    0.076007    0.130428    0.177189 ^ clkbuf_0_clk/X (sky130_fd_sc_hd__clkbuf_16)
                                                         clknet_0_clk (net)
                      0.076023    0.001100    0.178288 ^ clkbuf_3_4__f_clk/A (sky130_fd_sc_hd__clkbuf_16)
     8    0.031042    0.039190    0.104406    0.282694 ^ clkbuf_3_4__f_clk/X (sky130_fd_sc_hd__clkbuf_16)
                                                         clknet_3_4__leaf_clk (net)
                      0.039191    0.000364    0.283058 ^ _1607_/CLK (sky130_fd_sc_hd__dfxtp_2)
     4    0.025786    0.101959    0.250059    0.533116 ^ _1607_/Q (sky130_fd_sc_hd__dfxtp_2)
                                                         u_dp.acc_q[7] (net)
                      0.101959    0.000144    0.533260 ^ _1499_/A1 (sky130_fd_sc_hd__o211a_2)
     1    0.002493    0.024798    0.105378    0.638638 ^ _1499_/X (sky130_fd_sc_hd__o211a_2)
                                                         _0035_ (net)
                      0.024798    0.000026    0.638664 ^ _1607_/D (sky130_fd_sc_hd__dfxtp_2)
                                              0.638664   data arrival time

                                  0.000000    0.000000   clock clk (rise edge)
                                  0.000000    0.000000   clock source latency
     1    0.019024    0.068474    0.046761    0.046761 ^ clk (in)
                                                         clk (net)
                      0.068482    0.000000    0.046761 ^ clkbuf_0_clk/A (sky130_fd_sc_hd__clkbuf_16)
     8    0.082698    0.076007    0.130428    0.177189 ^ clkbuf_0_clk/X (sky130_fd_sc_hd__clkbuf_16)
                                                         clknet_0_clk (net)
                      0.076023    0.001100    0.178288 ^ clkbuf_3_4__f_clk/A (sky130_fd_sc_hd__clkbuf_16)
     8    0.031042    0.039190    0.104406    0.282694 ^ clkbuf_3_4__f_clk/X (sky130_fd_sc_hd__clkbuf_16)
                                                         clknet_3_4__leaf_clk (net)
                      0.039191    0.000364    0.283058 ^ _1607_/CLK (sky130_fd_sc_hd__dfxtp_2)
                                  0.250000    0.533058   clock uncertainty
                                  0.000000    0.533058   clock reconvergence pessimism
                                 -0.016666    0.516391   library hold time
                                              0.516391   data required time
---------------------------------------------------------------------------------------------
                                              0.516391   data required time
                                             -0.638664   data arrival time
---------------------------------------------------------------------------------------------
                                              0.122273   slack (MET)


Startpoint: _1599_ (rising edge-triggered flip-flop clocked by clk)
Endpoint: _1599_ (rising edge-triggered flip-flop clocked by clk)
Path Group: clk
Path Type: min

Fanout         Cap        Slew       Delay        Time   Description
---------------------------------------------------------------------------------------------
                                  0.000000    0.000000   clock clk (rise edge)
                                  0.000000    0.000000   clock source latency
     1    0.019024    0.068474    0.046761    0.046761 ^ clk (in)
                                                         clk (net)
                      0.068482    0.000000    0.046761 ^ clkbuf_0_clk/A (sky130_fd_sc_hd__clkbuf_16)
     8    0.082698    0.076007    0.130428    0.177189 ^ clkbuf_0_clk/X (sky130_fd_sc_hd__clkbuf_16)
                                                         clknet_0_clk (net)
                      0.076113    0.001862    0.179050 ^ clkbuf_3_6__f_clk/A (sky130_fd_sc_hd__clkbuf_16)
     8    0.024071    0.034308    0.099634    0.278684 ^ clkbuf_3_6__f_clk/X (sky130_fd_sc_hd__clkbuf_16)
                                                         clknet_3_6__leaf_clk (net)
                      0.034308    0.000151    0.278835 ^ _1599_/CLK (sky130_fd_sc_hd__dfxtp_2)
     2    0.011579    0.050784    0.212150    0.490985 ^ _1599_/Q (sky130_fd_sc_hd__dfxtp_2)
                                                         u_dp.b_q[7] (net)
                      0.050784    0.000065    0.491050 ^ _1471_/A (sky130_fd_sc_hd__or2_2)
     1    0.002891    0.021185    0.068973    0.560023 ^ _1471_/X (sky130_fd_sc_hd__or2_2)
                                                         _0717_ (net)
                      0.021185    0.000026    0.560049 ^ _1472_/B1 (sky130_fd_sc_hd__o211a_2)
     1    0.002386    0.024416    0.075464    0.635513 ^ _1472_/X (sky130_fd_sc_hd__o211a_2)
                                                         _0027_ (net)
                      0.024416    0.000023    0.635536 ^ _1599_/D (sky130_fd_sc_hd__dfxtp_2)
                                              0.635536   data arrival time

                                  0.000000    0.000000   clock clk (rise edge)
                                  0.000000    0.000000   clock source latency
     1    0.019024    0.068474    0.046761    0.046761 ^ clk (in)
                                                         clk (net)
                      0.068482    0.000000    0.046761 ^ clkbuf_0_clk/A (sky130_fd_sc_hd__clkbuf_16)
     8    0.082698    0.076007    0.130428    0.177189 ^ clkbuf_0_clk/X (sky130_fd_sc_hd__clkbuf_16)
                                                         clknet_0_clk (net)
                      0.076113    0.001862    0.179050 ^ clkbuf_3_6__f_clk/A (sky130_fd_sc_hd__clkbuf_16)
     8    0.024071    0.034308    0.099634    0.278684 ^ clkbuf_3_6__f_clk/X (sky130_fd_sc_hd__clkbuf_16)
                                                         clknet_3_6__leaf_clk (net)
                      0.034308    0.000151    0.278835 ^ _1599_/CLK (sky130_fd_sc_hd__dfxtp_2)
                                  0.250000    0.528835   clock uncertainty
                                  0.000000    0.528835   clock reconvergence pessimism
                                 -0.016755    0.512080   library hold time
                                              0.512080   data required time
---------------------------------------------------------------------------------------------
                                              0.512080   data required time
                                             -0.635536   data arrival time
---------------------------------------------------------------------------------------------
                                              0.123456   slack (MET)


Startpoint: _1620_ (rising edge-triggered flip-flop clocked by clk)
Endpoint: _1620_ (rising edge-triggered flip-flop clocked by clk)
Path Group: clk
Path Type: min

Fanout         Cap        Slew       Delay        Time   Description
---------------------------------------------------------------------------------------------
                                  0.000000    0.000000   clock clk (rise edge)
                                  0.000000    0.000000   clock source latency
     1    0.019024    0.068474    0.046761    0.046761 ^ clk (in)
                                                         clk (net)
                      0.068482    0.000000    0.046761 ^ clkbuf_0_clk/A (sky130_fd_sc_hd__clkbuf_16)
     8    0.082698    0.076007    0.130428    0.177189 ^ clkbuf_0_clk/X (sky130_fd_sc_hd__clkbuf_16)
                                                         clknet_0_clk (net)
                      0.076099    0.001673    0.178861 ^ clkbuf_3_0__f_clk/A (sky130_fd_sc_hd__clkbuf_16)
     8    0.023710    0.034074    0.099505    0.278366 ^ clkbuf_3_0__f_clk/X (sky130_fd_sc_hd__clkbuf_16)
                                                         clknet_3_0__leaf_clk (net)
                      0.034085    0.000412    0.278778 ^ _1620_/CLK (sky130_fd_sc_hd__dfxtp_2)
     4    0.026244    0.103641    0.249750    0.528529 ^ _1620_/Q (sky130_fd_sc_hd__dfxtp_2)
                                                         u_dp.acc_q[20] (net)
                      0.103641    0.000321    0.528849 ^ _1552_/A1 (sky130_fd_sc_hd__o211a_2)
     1    0.002756    0.025772    0.106676    0.635525 ^ _1552_/X (sky130_fd_sc_hd__o211a_2)
                                                         _0048_ (net)
                      0.025772    0.000031    0.635556 ^ _1620_/D (sky130_fd_sc_hd__dfxtp_2)
                                              0.635556   data arrival time

                                  0.000000    0.000000   clock clk (rise edge)
                                  0.000000    0.000000   clock source latency
     1    0.019024    0.068474    0.046761    0.046761 ^ clk (in)
                                                         clk (net)
                      0.068482    0.000000    0.046761 ^ clkbuf_0_clk/A (sky130_fd_sc_hd__clkbuf_16)
     8    0.082698    0.076007    0.130428    0.177189 ^ clkbuf_0_clk/X (sky130_fd_sc_hd__clkbuf_16)
                                                         clknet_0_clk (net)
                      0.076099    0.001673    0.178861 ^ clkbuf_3_0__f_clk/A (sky130_fd_sc_hd__clkbuf_16)
     8    0.023710    0.034074    0.099505    0.278366 ^ clkbuf_3_0__f_clk/X (sky130_fd_sc_hd__clkbuf_16)
                                                         clknet_3_0__leaf_clk (net)
                      0.034085    0.000412    0.278778 ^ _1620_/CLK (sky130_fd_sc_hd__dfxtp_2)
                                  0.250000    0.528778   clock uncertainty
                                  0.000000    0.528778   clock reconvergence pessimism
                                 -0.016857    0.511922   library hold time
                                              0.511922   data required time
---------------------------------------------------------------------------------------------
                                              0.511922   data required time
                                             -0.635556   data arrival time
---------------------------------------------------------------------------------------------
                                              0.123635   slack (MET)


Startpoint: _1613_ (rising edge-triggered flip-flop clocked by clk)
Endpoint: _1613_ (rising edge-triggered flip-flop clocked by clk)
Path Group: clk
Path Type: min

Fanout         Cap        Slew       Delay        Time   Description
---------------------------------------------------------------------------------------------
                                  0.000000    0.000000   clock clk (rise edge)
                                  0.000000    0.000000   clock source latency
     1    0.019024    0.068474    0.046761    0.046761 ^ clk (in)
                                                         clk (net)
                      0.068482    0.000000    0.046761 ^ clkbuf_0_clk/A (sky130_fd_sc_hd__clkbuf_16)
     8    0.082698    0.076007    0.130428    0.177189 ^ clkbuf_0_clk/X (sky130_fd_sc_hd__clkbuf_16)
                                                         clknet_0_clk (net)
                      0.076023    0.001100    0.178288 ^ clkbuf_3_4__f_clk/A (sky130_fd_sc_hd__clkbuf_16)
     8    0.031042    0.039190    0.104406    0.282694 ^ clkbuf_3_4__f_clk/X (sky130_fd_sc_hd__clkbuf_16)
                                                         clknet_3_4__leaf_clk (net)
                      0.039191    0.000439    0.283133 ^ _1613_/CLK (sky130_fd_sc_hd__dfxtp_2)
     4    0.026891    0.105994    0.252936    0.536069 ^ _1613_/Q (sky130_fd_sc_hd__dfxtp_2)
                                                         u_dp.acc_q[13] (net)
                      0.105994    0.000196    0.536266 ^ _1525_/A1 (sky130_fd_sc_hd__o211a_2)
     1    0.002034    0.023099    0.104044    0.640309 ^ _1525_/X (sky130_fd_sc_hd__o211a_2)
                                                         _0041_ (net)
                      0.023099    0.000009    0.640318 ^ _1613_/D (sky130_fd_sc_hd__dfxtp_2)
                                              0.640318   data arrival time

                                  0.000000    0.000000   clock clk (rise edge)
                                  0.000000    0.000000   clock source latency
     1    0.019024    0.068474    0.046761    0.046761 ^ clk (in)
                                                         clk (net)
                      0.068482    0.000000    0.046761 ^ clkbuf_0_clk/A (sky130_fd_sc_hd__clkbuf_16)
     8    0.082698    0.076007    0.130428    0.177189 ^ clkbuf_0_clk/X (sky130_fd_sc_hd__clkbuf_16)
                                                         clknet_0_clk (net)
                      0.076023    0.001100    0.178288 ^ clkbuf_3_4__f_clk/A (sky130_fd_sc_hd__clkbuf_16)
     8    0.031042    0.039190    0.104406    0.282694 ^ clkbuf_3_4__f_clk/X (sky130_fd_sc_hd__clkbuf_16)
                                                         clknet_3_4__leaf_clk (net)
                      0.039191    0.000439    0.283133 ^ _1613_/CLK (sky130_fd_sc_hd__dfxtp_2)
                                  0.250000    0.533133   clock uncertainty
                                  0.000000    0.533133   clock reconvergence pessimism
                                 -0.016546    0.516587   library hold time
                                              0.516587   data required time
---------------------------------------------------------------------------------------------
                                              0.516587   data required time
                                             -0.640318   data arrival time
---------------------------------------------------------------------------------------------
                                              0.123731   slack (MET)


Startpoint: _1614_ (rising edge-triggered flip-flop clocked by clk)
Endpoint: _1614_ (rising edge-triggered flip-flop clocked by clk)
Path Group: clk
Path Type: min

Fanout         Cap        Slew       Delay        Time   Description
---------------------------------------------------------------------------------------------
                                  0.000000    0.000000   clock clk (rise edge)
                                  0.000000    0.000000   clock source latency
     1    0.019024    0.068474    0.046761    0.046761 ^ clk (in)
                                                         clk (net)
                      0.068482    0.000000    0.046761 ^ clkbuf_0_clk/A (sky130_fd_sc_hd__clkbuf_16)
     8    0.082698    0.076007    0.130428    0.177189 ^ clkbuf_0_clk/X (sky130_fd_sc_hd__clkbuf_16)
                                                         clknet_0_clk (net)
                      0.076023    0.001100    0.178288 ^ clkbuf_3_4__f_clk/A (sky130_fd_sc_hd__clkbuf_16)
     8    0.031042    0.039190    0.104406    0.282694 ^ clkbuf_3_4__f_clk/X (sky130_fd_sc_hd__clkbuf_16)
                                                         clknet_3_4__leaf_clk (net)
                      0.039191    0.000458    0.283152 ^ _1614_/CLK (sky130_fd_sc_hd__dfxtp_2)
     4    0.026575    0.104852    0.252062    0.535214 ^ _1614_/Q (sky130_fd_sc_hd__dfxtp_2)
                                                         u_dp.acc_q[14] (net)
                      0.104852    0.000335    0.535549 ^ _1529_/A1 (sky130_fd_sc_hd__o211a_2)
     1    0.002236    0.023848    0.104716    0.640265 ^ _1529_/X (sky130_fd_sc_hd__o211a_2)
                                                         _0042_ (net)
                      0.023848    0.000021    0.640286 ^ _1614_/D (sky130_fd_sc_hd__dfxtp_2)
                                              0.640286   data arrival time

                                  0.000000    0.000000   clock clk (rise edge)
                                  0.000000    0.000000   clock source latency
     1    0.019024    0.068474    0.046761    0.046761 ^ clk (in)
                                                         clk (net)
                      0.068482    0.000000    0.046761 ^ clkbuf_0_clk/A (sky130_fd_sc_hd__clkbuf_16)
     8    0.082698    0.076007    0.130428    0.177189 ^ clkbuf_0_clk/X (sky130_fd_sc_hd__clkbuf_16)
                                                         clknet_0_clk (net)
                      0.076023    0.001100    0.178288 ^ clkbuf_3_4__f_clk/A (sky130_fd_sc_hd__clkbuf_16)
     8    0.031042    0.039190    0.104406    0.282694 ^ clkbuf_3_4__f_clk/X (sky130_fd_sc_hd__clkbuf_16)
                                                         clknet_3_4__leaf_clk (net)
                      0.039191    0.000458    0.283152 ^ _1614_/CLK (sky130_fd_sc_hd__dfxtp_2)
                                  0.250000    0.533152   clock uncertainty
                                  0.000000    0.533152   clock reconvergence pessimism
                                 -0.016599    0.516553   library hold time
                                              0.516553   data required time
---------------------------------------------------------------------------------------------
                                              0.516553   data required time
                                             -0.640286   data arrival time
---------------------------------------------------------------------------------------------
                                              0.123733   slack (MET)


Startpoint: _1619_ (rising edge-triggered flip-flop clocked by clk)
Endpoint: _1619_ (rising edge-triggered flip-flop clocked by clk)
Path Group: clk
Path Type: min

Fanout         Cap        Slew       Delay        Time   Description
---------------------------------------------------------------------------------------------
                                  0.000000    0.000000   clock clk (rise edge)
                                  0.000000    0.000000   clock source latency
     1    0.019024    0.068474    0.046761    0.046761 ^ clk (in)
                                                         clk (net)
                      0.068482    0.000000    0.046761 ^ clkbuf_0_clk/A (sky130_fd_sc_hd__clkbuf_16)
     8    0.082698    0.076007    0.130428    0.177189 ^ clkbuf_0_clk/X (sky130_fd_sc_hd__clkbuf_16)
                                                         clknet_0_clk (net)
                      0.076099    0.001673    0.178861 ^ clkbuf_3_0__f_clk/A (sky130_fd_sc_hd__clkbuf_16)
     8    0.023710    0.034074    0.099505    0.278366 ^ clkbuf_3_0__f_clk/X (sky130_fd_sc_hd__clkbuf_16)
                                                         clknet_3_0__leaf_clk (net)
                      0.034084    0.000397    0.278763 ^ _1619_/CLK (sky130_fd_sc_hd__dfxtp_2)
     4    0.027260    0.107401    0.252128    0.530891 ^ _1619_/Q (sky130_fd_sc_hd__dfxtp_2)
                                                         u_dp.acc_q[19] (net)
                      0.107401    0.000337    0.531228 ^ _1549_/A1 (sky130_fd_sc_hd__o211a_2)
     1    0.002124    0.023431    0.104595    0.635823 ^ _1549_/X (sky130_fd_sc_hd__o211a_2)
                                                         _0047_ (net)
                      0.023431    0.000019    0.635842 ^ _1619_/D (sky130_fd_sc_hd__dfxtp_2)
                                              0.635842   data arrival time

                                  0.000000    0.000000   clock clk (rise edge)
                                  0.000000    0.000000   clock source latency
     1    0.019024    0.068474    0.046761    0.046761 ^ clk (in)
                                                         clk (net)
                      0.068482    0.000000    0.046761 ^ clkbuf_0_clk/A (sky130_fd_sc_hd__clkbuf_16)
     8    0.082698    0.076007    0.130428    0.177189 ^ clkbuf_0_clk/X (sky130_fd_sc_hd__clkbuf_16)
                                                         clknet_0_clk (net)
                      0.076099    0.001673    0.178861 ^ clkbuf_3_0__f_clk/A (sky130_fd_sc_hd__clkbuf_16)
     8    0.023710    0.034074    0.099505    0.278366 ^ clkbuf_3_0__f_clk/X (sky130_fd_sc_hd__clkbuf_16)
                                                         clknet_3_0__leaf_clk (net)
                      0.034084    0.000397    0.278763 ^ _1619_/CLK (sky130_fd_sc_hd__dfxtp_2)
                                  0.250000    0.528763   clock uncertainty
                                  0.000000    0.528763   clock reconvergence pessimism
                                 -0.016691    0.512072   library hold time
                                              0.512072   data required time
---------------------------------------------------------------------------------------------
                                              0.512072   data required time
                                             -0.635842   data arrival time
---------------------------------------------------------------------------------------------
                                              0.123770   slack (MET)


Startpoint: _1612_ (rising edge-triggered flip-flop clocked by clk)
Endpoint: _1612_ (rising edge-triggered flip-flop clocked by clk)
Path Group: clk
Path Type: min

Fanout         Cap        Slew       Delay        Time   Description
---------------------------------------------------------------------------------------------
                                  0.000000    0.000000   clock clk (rise edge)
                                  0.000000    0.000000   clock source latency
     1    0.019024    0.068474    0.046761    0.046761 ^ clk (in)
                                                         clk (net)
                      0.068482    0.000000    0.046761 ^ clkbuf_0_clk/A (sky130_fd_sc_hd__clkbuf_16)
     8    0.082698    0.076007    0.130428    0.177189 ^ clkbuf_0_clk/X (sky130_fd_sc_hd__clkbuf_16)
                                                         clknet_0_clk (net)
                      0.076097    0.001646    0.178835 ^ clkbuf_3_1__f_clk/A (sky130_fd_sc_hd__clkbuf_16)
     8    0.023329    0.033822    0.099293    0.278128 ^ clkbuf_3_1__f_clk/X (sky130_fd_sc_hd__clkbuf_16)
                                                         clknet_3_1__leaf_clk (net)
                      0.033828    0.000163    0.278291 ^ _1612_/CLK (sky130_fd_sc_hd__dfxtp_2)
     4    0.027755    0.109179    0.253487    0.531778 ^ _1612_/Q (sky130_fd_sc_hd__dfxtp_2)
                                                         u_dp.acc_q[12] (net)
                      0.109179    0.000103    0.531881 ^ _1521_/A1 (sky130_fd_sc_hd__o211a_2)
     1    0.002388    0.024411    0.105914    0.637795 ^ _1521_/X (sky130_fd_sc_hd__o211a_2)
                                                         _0040_ (net)
                      0.024411    0.000023    0.637818 ^ _1612_/D (sky130_fd_sc_hd__dfxtp_2)
                                              0.637818   data arrival time

                                  0.000000    0.000000   clock clk (rise edge)
                                  0.000000    0.000000   clock source latency
     1    0.019024    0.068474    0.046761    0.046761 ^ clk (in)
                                                         clk (net)
                      0.068482    0.000000    0.046761 ^ clkbuf_0_clk/A (sky130_fd_sc_hd__clkbuf_16)
     8    0.082698    0.076007    0.130428    0.177189 ^ clkbuf_0_clk/X (sky130_fd_sc_hd__clkbuf_16)
                                                         clknet_0_clk (net)
                      0.076097    0.001646    0.178835 ^ clkbuf_3_1__f_clk/A (sky130_fd_sc_hd__clkbuf_16)
     8    0.023329    0.033822    0.099293    0.278128 ^ clkbuf_3_1__f_clk/X (sky130_fd_sc_hd__clkbuf_16)
                                                         clknet_3_1__leaf_clk (net)
                      0.033828    0.000163    0.278291 ^ _1612_/CLK (sky130_fd_sc_hd__dfxtp_2)
                                  0.250000    0.528291   clock uncertainty
                                  0.000000    0.528291   clock reconvergence pessimism
                                 -0.016766    0.511525   library hold time
                                              0.511525   data required time
---------------------------------------------------------------------------------------------
                                              0.511525   data required time
                                             -0.637818   data arrival time
---------------------------------------------------------------------------------------------
                                              0.126294   slack (MET)


Startpoint: _1630_ (rising edge-triggered flip-flop clocked by clk)
Endpoint: _1632_ (rising edge-triggered flip-flop clocked by clk)
Path Group: clk
Path Type: min

Fanout         Cap        Slew       Delay        Time   Description
---------------------------------------------------------------------------------------------
                                  0.000000    0.000000   clock clk (rise edge)
                                  0.000000    0.000000   clock source latency
     1    0.019024    0.068474    0.046761    0.046761 ^ clk (in)
                                                         clk (net)
                      0.068482    0.000000    0.046761 ^ clkbuf_0_clk/A (sky130_fd_sc_hd__clkbuf_16)
     8    0.082698    0.076007    0.130428    0.177189 ^ clkbuf_0_clk/X (sky130_fd_sc_hd__clkbuf_16)
                                                         clknet_0_clk (net)
                      0.076088    0.001513    0.178702 ^ clkbuf_3_2__f_clk/A (sky130_fd_sc_hd__clkbuf_16)
     8    0.024444    0.034559    0.099908    0.278610 ^ clkbuf_3_2__f_clk/X (sky130_fd_sc_hd__clkbuf_16)
                                                         clknet_3_2__leaf_clk (net)
                      0.034573    0.000523    0.279133 ^ _1630_/CLK (sky130_fd_sc_hd__dfxtp_2)
     4    0.013248    0.056538    0.216742    0.495875 ^ _1630_/Q (sky130_fd_sc_hd__dfxtp_2)
                                                         u_sync.lock_cnt[0] (net)
                      0.056538    0.000051    0.495926 ^ _1568_/A2 (sky130_fd_sc_hd__o21a_2)
     2    0.007050    0.034784    0.081983    0.577910 ^ _1568_/X (sky130_fd_sc_hd__o21a_2)
                                                         _0784_ (net)
                      0.034784    0.000085    0.577995 ^ _1573_/A2 (sky130_fd_sc_hd__o21a_2)
     1    0.002180    0.018266    0.062386    0.640381 ^ _1573_/X (sky130_fd_sc_hd__o21a_2)
                                                         _0059_ (net)
                      0.018266    0.000019    0.640400 ^ _1632_/D (sky130_fd_sc_hd__dfxtp_2)
                                              0.640400   data arrival time

                                  0.000000    0.000000   clock clk (rise edge)
                                  0.000000    0.000000   clock source latency
     1    0.019024    0.068474    0.046761    0.046761 ^ clk (in)
                                                         clk (net)
                      0.068482    0.000000    0.046761 ^ clkbuf_0_clk/A (sky130_fd_sc_hd__clkbuf_16)
     8    0.082698    0.076007    0.130428    0.177189 ^ clkbuf_0_clk/X (sky130_fd_sc_hd__clkbuf_16)
                                                         clknet_0_clk (net)
                      0.076088    0.001513    0.178702 ^ clkbuf_3_2__f_clk/A (sky130_fd_sc_hd__clkbuf_16)
     8    0.024444    0.034559    0.099908    0.278610 ^ clkbuf_3_2__f_clk/X (sky130_fd_sc_hd__clkbuf_16)
                                                         clknet_3_2__leaf_clk (net)
                      0.034577    0.000597    0.279206 ^ _1632_/CLK (sky130_fd_sc_hd__dfxtp_2)
                                  0.250000    0.529206   clock uncertainty
                                  0.000000    0.529206   clock reconvergence pessimism
                                 -0.016314    0.512892   library hold time
                                              0.512892   data required time
---------------------------------------------------------------------------------------------
                                              0.512892   data required time
                                             -0.640400   data arrival time
---------------------------------------------------------------------------------------------
                                              0.127508   slack (MET)


Startpoint: _1611_ (rising edge-triggered flip-flop clocked by clk)
Endpoint: _1611_ (rising edge-triggered flip-flop clocked by clk)
Path Group: clk
Path Type: min

Fanout         Cap        Slew       Delay        Time   Description
---------------------------------------------------------------------------------------------
                                  0.000000    0.000000   clock clk (rise edge)
                                  0.000000    0.000000   clock source latency
     1    0.019024    0.068474    0.046761    0.046761 ^ clk (in)
                                                         clk (net)
                      0.068482    0.000000    0.046761 ^ clkbuf_0_clk/A (sky130_fd_sc_hd__clkbuf_16)
     8    0.082698    0.076007    0.130428    0.177189 ^ clkbuf_0_clk/X (sky130_fd_sc_hd__clkbuf_16)
                                                         clknet_0_clk (net)
                      0.076023    0.001100    0.178288 ^ clkbuf_3_4__f_clk/A (sky130_fd_sc_hd__clkbuf_16)
     8    0.031042    0.039190    0.104406    0.282694 ^ clkbuf_3_4__f_clk/X (sky130_fd_sc_hd__clkbuf_16)
                                                         clknet_3_4__leaf_clk (net)
                      0.039191    0.000412    0.283106 ^ _1611_/CLK (sky130_fd_sc_hd__dfxtp_2)
     4    0.027648    0.108762    0.254869    0.537975 ^ _1611_/Q (sky130_fd_sc_hd__dfxtp_2)
                                                         u_dp.acc_q[11] (net)
                      0.108762    0.000201    0.538176 ^ _1516_/A1 (sky130_fd_sc_hd__o211a_2)
     1    0.002409    0.024482    0.105941    0.644117 ^ _1516_/X (sky130_fd_sc_hd__o211a_2)
                                                         _0039_ (net)
                      0.024482    0.000024    0.644141 ^ _1611_/D (sky130_fd_sc_hd__dfxtp_2)
                                              0.644141   data arrival time

                                  0.000000    0.000000   clock clk (rise edge)
                                  0.000000    0.000000   clock source latency
     1    0.019024    0.068474    0.046761    0.046761 ^ clk (in)
                                                         clk (net)
                      0.068482    0.000000    0.046761 ^ clkbuf_0_clk/A (sky130_fd_sc_hd__clkbuf_16)
     8    0.082698    0.076007    0.130428    0.177189 ^ clkbuf_0_clk/X (sky130_fd_sc_hd__clkbuf_16)
                                                         clknet_0_clk (net)
                      0.076023    0.001100    0.178288 ^ clkbuf_3_4__f_clk/A (sky130_fd_sc_hd__clkbuf_16)
     8    0.031042    0.039190    0.104406    0.282694 ^ clkbuf_3_4__f_clk/X (sky130_fd_sc_hd__clkbuf_16)
                                                         clknet_3_4__leaf_clk (net)
                      0.039191    0.000412    0.283106 ^ _1611_/CLK (sky130_fd_sc_hd__dfxtp_2)
                                  0.250000    0.533106   clock uncertainty
                                  0.000000    0.533106   clock reconvergence pessimism
                                 -0.016644    0.516462   library hold time
                                              0.516462   data required time
---------------------------------------------------------------------------------------------
                                              0.516462   data required time
                                             -0.644141   data arrival time
---------------------------------------------------------------------------------------------
                                              0.127679   slack (MET)


Startpoint: _1623_ (rising edge-triggered flip-flop clocked by clk)
Endpoint: _1623_ (rising edge-triggered flip-flop clocked by clk)
Path Group: clk
Path Type: min

Fanout         Cap        Slew       Delay        Time   Description
---------------------------------------------------------------------------------------------
                                  0.000000    0.000000   clock clk (rise edge)
                                  0.000000    0.000000   clock source latency
     1    0.019024    0.068474    0.046761    0.046761 ^ clk (in)
                                                         clk (net)
                      0.068482    0.000000    0.046761 ^ clkbuf_0_clk/A (sky130_fd_sc_hd__clkbuf_16)
     8    0.082698    0.076007    0.130428    0.177189 ^ clkbuf_0_clk/X (sky130_fd_sc_hd__clkbuf_16)
                                                         clknet_0_clk (net)
                      0.076099    0.001673    0.178861 ^ clkbuf_3_0__f_clk/A (sky130_fd_sc_hd__clkbuf_16)
     8    0.023710    0.034074    0.099505    0.278366 ^ clkbuf_3_0__f_clk/X (sky130_fd_sc_hd__clkbuf_16)
                                                         clknet_3_0__leaf_clk (net)
                      0.034080    0.000275    0.278641 ^ _1623_/CLK (sky130_fd_sc_hd__dfxtp_2)
     4    0.026732    0.105455    0.250844    0.529485 ^ _1623_/Q (sky130_fd_sc_hd__dfxtp_2)
                                                         u_dp.acc_q[23] (net)
                      0.105455    0.000489    0.529974 ^ _1561_/A1 (sky130_fd_sc_hd__o211a_2)
     1    0.003427    0.028244    0.109653    0.639627 ^ _1561_/X (sky130_fd_sc_hd__o211a_2)
                                                         _0051_ (net)
                      0.028244    0.000048    0.639675 ^ _1623_/D (sky130_fd_sc_hd__dfxtp_2)
                                              0.639675   data arrival time

                                  0.000000    0.000000   clock clk (rise edge)
                                  0.000000    0.000000   clock source latency
     1    0.019024    0.068474    0.046761    0.046761 ^ clk (in)
                                                         clk (net)
                      0.068482    0.000000    0.046761 ^ clkbuf_0_clk/A (sky130_fd_sc_hd__clkbuf_16)
     8    0.082698    0.076007    0.130428    0.177189 ^ clkbuf_0_clk/X (sky130_fd_sc_hd__clkbuf_16)
                                                         clknet_0_clk (net)
                      0.076099    0.001673    0.178861 ^ clkbuf_3_0__f_clk/A (sky130_fd_sc_hd__clkbuf_16)
     8    0.023710    0.034074    0.099505    0.278366 ^ clkbuf_3_0__f_clk/X (sky130_fd_sc_hd__clkbuf_16)
                                                         clknet_3_0__leaf_clk (net)
                      0.034080    0.000275    0.278641 ^ _1623_/CLK (sky130_fd_sc_hd__dfxtp_2)
                                  0.250000    0.528641   clock uncertainty
                                  0.000000    0.528641   clock reconvergence pessimism
                                 -0.017032    0.511610   library hold time
                                              0.511610   data required time
---------------------------------------------------------------------------------------------
                                              0.511610   data required time
                                             -0.639675   data arrival time
---------------------------------------------------------------------------------------------
                                              0.128066   slack (MET)


Startpoint: _1617_ (rising edge-triggered flip-flop clocked by clk)
Endpoint: _1617_ (rising edge-triggered flip-flop clocked by clk)
Path Group: clk
Path Type: min

Fanout         Cap        Slew       Delay        Time   Description
---------------------------------------------------------------------------------------------
                                  0.000000    0.000000   clock clk (rise edge)
                                  0.000000    0.000000   clock source latency
     1    0.019024    0.068474    0.046761    0.046761 ^ clk (in)
                                                         clk (net)
                      0.068482    0.000000    0.046761 ^ clkbuf_0_clk/A (sky130_fd_sc_hd__clkbuf_16)
     8    0.082698    0.076007    0.130428    0.177189 ^ clkbuf_0_clk/X (sky130_fd_sc_hd__clkbuf_16)
                                                         clknet_0_clk (net)
                      0.076097    0.001646    0.178835 ^ clkbuf_3_1__f_clk/A (sky130_fd_sc_hd__clkbuf_16)
     8    0.023329    0.033822    0.099293    0.278128 ^ clkbuf_3_1__f_clk/X (sky130_fd_sc_hd__clkbuf_16)
                                                         clknet_3_1__leaf_clk (net)
                      0.033829    0.000212    0.278339 ^ _1617_/CLK (sky130_fd_sc_hd__dfxtp_2)
     4    0.028129    0.110575    0.254325    0.532664 ^ _1617_/Q (sky130_fd_sc_hd__dfxtp_2)
                                                         u_dp.acc_q[17] (net)
                      0.110575    0.000258    0.532922 ^ _1540_/A1 (sky130_fd_sc_hd__o211a_2)
     1    0.002681    0.025495    0.107294    0.640216 ^ _1540_/X (sky130_fd_sc_hd__o211a_2)
                                                         _0045_ (net)
                      0.025495    0.000032    0.640248 ^ _1617_/D (sky130_fd_sc_hd__dfxtp_2)
                                              0.640248   data arrival time

                                  0.000000    0.000000   clock clk (rise edge)
                                  0.000000    0.000000   clock source latency
     1    0.019024    0.068474    0.046761    0.046761 ^ clk (in)
                                                         clk (net)
                      0.068482    0.000000    0.046761 ^ clkbuf_0_clk/A (sky130_fd_sc_hd__clkbuf_16)
     8    0.082698    0.076007    0.130428    0.177189 ^ clkbuf_0_clk/X (sky130_fd_sc_hd__clkbuf_16)
                                                         clknet_0_clk (net)
                      0.076097    0.001646    0.178835 ^ clkbuf_3_1__f_clk/A (sky130_fd_sc_hd__clkbuf_16)
     8    0.023329    0.033822    0.099293    0.278128 ^ clkbuf_3_1__f_clk/X (sky130_fd_sc_hd__clkbuf_16)
                                                         clknet_3_1__leaf_clk (net)
                      0.033829    0.000212    0.278339 ^ _1617_/CLK (sky130_fd_sc_hd__dfxtp_2)
                                  0.250000    0.528339   clock uncertainty
                                  0.000000    0.528339   clock reconvergence pessimism
                                 -0.016843    0.511496   library hold time
                                              0.511496   data required time
---------------------------------------------------------------------------------------------
                                              0.511496   data required time
                                             -0.640248   data arrival time
---------------------------------------------------------------------------------------------
                                              0.128752   slack (MET)


Startpoint: _1618_ (rising edge-triggered flip-flop clocked by clk)
Endpoint: _1618_ (rising edge-triggered flip-flop clocked by clk)
Path Group: clk
Path Type: min

Fanout         Cap        Slew       Delay        Time   Description
---------------------------------------------------------------------------------------------
                                  0.000000    0.000000   clock clk (rise edge)
                                  0.000000    0.000000   clock source latency
     1    0.019024    0.068474    0.046761    0.046761 ^ clk (in)
                                                         clk (net)
                      0.068482    0.000000    0.046761 ^ clkbuf_0_clk/A (sky130_fd_sc_hd__clkbuf_16)
     8    0.082698    0.076007    0.130428    0.177189 ^ clkbuf_0_clk/X (sky130_fd_sc_hd__clkbuf_16)
                                                         clknet_0_clk (net)
                      0.076099    0.001673    0.178861 ^ clkbuf_3_0__f_clk/A (sky130_fd_sc_hd__clkbuf_16)
     8    0.023710    0.034074    0.099505    0.278366 ^ clkbuf_3_0__f_clk/X (sky130_fd_sc_hd__clkbuf_16)
                                                         clknet_3_0__leaf_clk (net)
                      0.034084    0.000407    0.278773 ^ _1618_/CLK (sky130_fd_sc_hd__dfxtp_2)
     4    0.029143    0.114297    0.256921    0.535694 ^ _1618_/Q (sky130_fd_sc_hd__dfxtp_2)
                                                         u_dp.acc_q[18] (net)
                      0.114297    0.000296    0.535990 ^ _1545_/A1 (sky130_fd_sc_hd__o211a_2)
     1    0.002315    0.024138    0.106297    0.642287 ^ _1545_/X (sky130_fd_sc_hd__o211a_2)
                                                         _0046_ (net)
                      0.024138    0.000022    0.642309 ^ _1618_/D (sky130_fd_sc_hd__dfxtp_2)
                                              0.642309   data arrival time

                                  0.000000    0.000000   clock clk (rise edge)
                                  0.000000    0.000000   clock source latency
     1    0.019024    0.068474    0.046761    0.046761 ^ clk (in)
                                                         clk (net)
                      0.068482    0.000000    0.046761 ^ clkbuf_0_clk/A (sky130_fd_sc_hd__clkbuf_16)
     8    0.082698    0.076007    0.130428    0.177189 ^ clkbuf_0_clk/X (sky130_fd_sc_hd__clkbuf_16)
                                                         clknet_0_clk (net)
                      0.076099    0.001673    0.178861 ^ clkbuf_3_0__f_clk/A (sky130_fd_sc_hd__clkbuf_16)
     8    0.023710    0.034074    0.099505    0.278366 ^ clkbuf_3_0__f_clk/X (sky130_fd_sc_hd__clkbuf_16)
                                                         clknet_3_0__leaf_clk (net)
                      0.034084    0.000407    0.278773 ^ _1618_/CLK (sky130_fd_sc_hd__dfxtp_2)
                                  0.250000    0.528773   clock uncertainty
                                  0.000000    0.528773   clock reconvergence pessimism
                                 -0.016741    0.512032   library hold time
                                              0.512032   data required time
---------------------------------------------------------------------------------------------
                                              0.512032   data required time
                                             -0.642309   data arrival time
---------------------------------------------------------------------------------------------
                                              0.130278   slack (MET)


Startpoint: _1608_ (rising edge-triggered flip-flop clocked by clk)
Endpoint: _1608_ (rising edge-triggered flip-flop clocked by clk)
Path Group: clk
Path Type: min

Fanout         Cap        Slew       Delay        Time   Description
---------------------------------------------------------------------------------------------
                                  0.000000    0.000000   clock clk (rise edge)
                                  0.000000    0.000000   clock source latency
     1    0.019024    0.068474    0.046761    0.046761 ^ clk (in)
                                                         clk (net)
                      0.068482    0.000000    0.046761 ^ clkbuf_0_clk/A (sky130_fd_sc_hd__clkbuf_16)
     8    0.082698    0.076007    0.130428    0.177189 ^ clkbuf_0_clk/X (sky130_fd_sc_hd__clkbuf_16)
                                                         clknet_0_clk (net)
                      0.076097    0.001646    0.178835 ^ clkbuf_3_1__f_clk/A (sky130_fd_sc_hd__clkbuf_16)
     8    0.023329    0.033822    0.099293    0.278128 ^ clkbuf_3_1__f_clk/X (sky130_fd_sc_hd__clkbuf_16)
                                                         clknet_3_1__leaf_clk (net)
                      0.033829    0.000194    0.278321 ^ _1608_/CLK (sky130_fd_sc_hd__dfxtp_2)
     4    0.028261    0.111052    0.254697    0.533019 ^ _1608_/Q (sky130_fd_sc_hd__dfxtp_2)
                                                         u_dp.acc_q[8] (net)
                      0.111052    0.000224    0.533243 ^ _1503_/A1 (sky130_fd_sc_hd__o211a_2)
     1    0.003071    0.026946    0.108952    0.642194 ^ _1503_/X (sky130_fd_sc_hd__o211a_2)
                                                         _0036_ (net)
                      0.026946    0.000036    0.642230 ^ _1608_/D (sky130_fd_sc_hd__dfxtp_2)
                                              0.642230   data arrival time

                                  0.000000    0.000000   clock clk (rise edge)
                                  0.000000    0.000000   clock source latency
     1    0.019024    0.068474    0.046761    0.046761 ^ clk (in)
                                                         clk (net)
                      0.068482    0.000000    0.046761 ^ clkbuf_0_clk/A (sky130_fd_sc_hd__clkbuf_16)
     8    0.082698    0.076007    0.130428    0.177189 ^ clkbuf_0_clk/X (sky130_fd_sc_hd__clkbuf_16)
                                                         clknet_0_clk (net)
                      0.076097    0.001646    0.178835 ^ clkbuf_3_1__f_clk/A (sky130_fd_sc_hd__clkbuf_16)
     8    0.023329    0.033822    0.099293    0.278128 ^ clkbuf_3_1__f_clk/X (sky130_fd_sc_hd__clkbuf_16)
                                                         clknet_3_1__leaf_clk (net)
                      0.033829    0.000194    0.278321 ^ _1608_/CLK (sky130_fd_sc_hd__dfxtp_2)
                                  0.250000    0.528321   clock uncertainty
                                  0.000000    0.528321   clock reconvergence pessimism
                                 -0.016946    0.511376   library hold time
                                              0.511376   data required time
---------------------------------------------------------------------------------------------
                                              0.511376   data required time
                                             -0.642230   data arrival time
---------------------------------------------------------------------------------------------
                                              0.130854   slack (MET)


Startpoint: _1589_ (rising edge-triggered flip-flop clocked by clk)
Endpoint: _1589_ (rising edge-triggered flip-flop clocked by clk)
Path Group: clk
Path Type: min

Fanout         Cap        Slew       Delay        Time   Description
---------------------------------------------------------------------------------------------
                                  0.000000    0.000000   clock clk (rise edge)
                                  0.000000    0.000000   clock source latency
     1    0.019024    0.068474    0.046761    0.046761 ^ clk (in)
                                                         clk (net)
                      0.068482    0.000000    0.046761 ^ clkbuf_0_clk/A (sky130_fd_sc_hd__clkbuf_16)
     8    0.082698    0.076007    0.130428    0.177189 ^ clkbuf_0_clk/X (sky130_fd_sc_hd__clkbuf_16)
                                                         clknet_0_clk (net)
                      0.076113    0.001862    0.179050 ^ clkbuf_3_6__f_clk/A (sky130_fd_sc_hd__clkbuf_16)
     8    0.024071    0.034308    0.099634    0.278684 ^ clkbuf_3_6__f_clk/X (sky130_fd_sc_hd__clkbuf_16)
                                                         clknet_3_6__leaf_clk (net)
                      0.034339    0.000774    0.279457 ^ _1589_/CLK (sky130_fd_sc_hd__dfxtp_2)
     5    0.031396    0.122549    0.262810    0.542268 ^ _1589_/Q (sky130_fd_sc_hd__dfxtp_2)
                                                         u_dp.a_q[5] (net)
                      0.122549    0.000476    0.542744 ^ _1450_/A1 (sky130_fd_sc_hd__o211a_2)
     1    0.002615    0.025267    0.108617    0.651361 ^ _1450_/X (sky130_fd_sc_hd__o211a_2)
                                                         _0017_ (net)
                      0.025267    0.000028    0.651389 ^ _1589_/D (sky130_fd_sc_hd__dfxtp_2)
                                              0.651389   data arrival time

                                  0.000000    0.000000   clock clk (rise edge)
                                  0.000000    0.000000   clock source latency
     1    0.019024    0.068474    0.046761    0.046761 ^ clk (in)
                                                         clk (net)
                      0.068482    0.000000    0.046761 ^ clkbuf_0_clk/A (sky130_fd_sc_hd__clkbuf_16)
     8    0.082698    0.076007    0.130428    0.177189 ^ clkbuf_0_clk/X (sky130_fd_sc_hd__clkbuf_16)
                                                         clknet_0_clk (net)
                      0.076113    0.001862    0.179050 ^ clkbuf_3_6__f_clk/A (sky130_fd_sc_hd__clkbuf_16)
     8    0.024071    0.034308    0.099634    0.278684 ^ clkbuf_3_6__f_clk/X (sky130_fd_sc_hd__clkbuf_16)
                                                         clknet_3_6__leaf_clk (net)
                      0.034339    0.000774    0.279457 ^ _1589_/CLK (sky130_fd_sc_hd__dfxtp_2)
                                  0.250000    0.529458   clock uncertainty
                                  0.000000    0.529458   clock reconvergence pessimism
                                 -0.016815    0.512643   library hold time
                                              0.512643   data required time
---------------------------------------------------------------------------------------------
                                              0.512643   data required time
                                             -0.651389   data arrival time
---------------------------------------------------------------------------------------------
                                              0.138746   slack (MET)


Startpoint: _1585_ (rising edge-triggered flip-flop clocked by clk)
Endpoint: _1585_ (rising edge-triggered flip-flop clocked by clk)
Path Group: clk
Path Type: min

Fanout         Cap        Slew       Delay        Time   Description
---------------------------------------------------------------------------------------------
                                  0.000000    0.000000   clock clk (rise edge)
                                  0.000000    0.000000   clock source latency
     1    0.019024    0.068474    0.046761    0.046761 ^ clk (in)
                                                         clk (net)
                      0.068482    0.000000    0.046761 ^ clkbuf_0_clk/A (sky130_fd_sc_hd__clkbuf_16)
     8    0.082698    0.076007    0.130428    0.177189 ^ clkbuf_0_clk/X (sky130_fd_sc_hd__clkbuf_16)
                                                         clknet_0_clk (net)
                      0.076113    0.001871    0.179059 ^ clkbuf_3_7__f_clk/A (sky130_fd_sc_hd__clkbuf_16)
     8    0.026884    0.036250    0.101475    0.280535 ^ clkbuf_3_7__f_clk/X (sky130_fd_sc_hd__clkbuf_16)
                                                         clknet_3_7__leaf_clk (net)
                      0.036279    0.000898    0.281433 ^ _1585_/CLK (sky130_fd_sc_hd__dfxtp_2)
     5    0.033042    0.128491    0.267943    0.549376 ^ _1585_/Q (sky130_fd_sc_hd__dfxtp_2)
                                                         u_dp.a_q[1] (net)
                      0.128491    0.000208    0.549584 ^ _1442_/A1 (sky130_fd_sc_hd__o211a_2)
     1    0.002117    0.023408    0.106989    0.656573 ^ _1442_/X (sky130_fd_sc_hd__o211a_2)
                                                         _0013_ (net)
                      0.023408    0.000010    0.656583 ^ _1585_/D (sky130_fd_sc_hd__dfxtp_2)
                                              0.656583   data arrival time

                                  0.000000    0.000000   clock clk (rise edge)
                                  0.000000    0.000000   clock source latency
     1    0.019024    0.068474    0.046761    0.046761 ^ clk (in)
                                                         clk (net)
                      0.068482    0.000000    0.046761 ^ clkbuf_0_clk/A (sky130_fd_sc_hd__clkbuf_16)
     8    0.082698    0.076007    0.130428    0.177189 ^ clkbuf_0_clk/X (sky130_fd_sc_hd__clkbuf_16)
                                                         clknet_0_clk (net)
                      0.076113    0.001871    0.179059 ^ clkbuf_3_7__f_clk/A (sky130_fd_sc_hd__clkbuf_16)
     8    0.026884    0.036250    0.101475    0.280535 ^ clkbuf_3_7__f_clk/X (sky130_fd_sc_hd__clkbuf_16)
                                                         clknet_3_7__leaf_clk (net)
                      0.036279    0.000898    0.281433 ^ _1585_/CLK (sky130_fd_sc_hd__dfxtp_2)
                                  0.250000    0.531433   clock uncertainty
                                  0.000000    0.531433   clock reconvergence pessimism
                                 -0.016637    0.514795   library hold time
                                              0.514795   data required time
---------------------------------------------------------------------------------------------
                                              0.514795   data required time
                                             -0.656583   data arrival time
---------------------------------------------------------------------------------------------
                                              0.141788   slack (MET)


Startpoint: _1610_ (rising edge-triggered flip-flop clocked by clk)
Endpoint: _1578_ (rising edge-triggered flip-flop clocked by clk)
Path Group: clk
Path Type: min

Fanout         Cap        Slew       Delay        Time   Description
---------------------------------------------------------------------------------------------
                                  0.000000    0.000000   clock clk (rise edge)
                                  0.000000    0.000000   clock source latency
     1    0.019024    0.068474    0.046761    0.046761 ^ clk (in)
                                                         clk (net)
                      0.068482    0.000000    0.046761 ^ clkbuf_0_clk/A (sky130_fd_sc_hd__clkbuf_16)
     8    0.082698    0.076007    0.130428    0.177189 ^ clkbuf_0_clk/X (sky130_fd_sc_hd__clkbuf_16)
                                                         clknet_0_clk (net)
                      0.076097    0.001646    0.178835 ^ clkbuf_3_1__f_clk/A (sky130_fd_sc_hd__clkbuf_16)
     8    0.023329    0.033822    0.099293    0.278128 ^ clkbuf_3_1__f_clk/X (sky130_fd_sc_hd__clkbuf_16)
                                                         clknet_3_1__leaf_clk (net)
                      0.033827    0.000136    0.278264 ^ _1610_/CLK (sky130_fd_sc_hd__dfxtp_2)
     5    0.020921    0.084157    0.236123    0.514387 ^ _1610_/Q (sky130_fd_sc_hd__dfxtp_2)
                                                         u_dp.acc_q[10] (net)
                      0.084157    0.000240    0.514627 ^ _1419_/A1 (sky130_fd_sc_hd__a22o_2)
     1    0.008352    0.040943    0.100866    0.615492 ^ _1419_/X (sky130_fd_sc_hd__a22o_2)
                                                         _0686_ (net)
                      0.040943    0.000199    0.615692 ^ _1420_/B1 (sky130_fd_sc_hd__a21oi_2)
     1    0.009799    0.022465    0.027907    0.643598 v _1420_/Y (sky130_fd_sc_hd__a21oi_2)
                                                         _0687_ (net)
                      0.022472    0.000300    0.643899 v _1421_/B (sky130_fd_sc_hd__nor2_2)
     1    0.003322    0.046804    0.046177    0.690076 ^ _1421_/Y (sky130_fd_sc_hd__nor2_2)
                                                         _0006_ (net)
                      0.046804    0.000049    0.690125 ^ _1578_/D (sky130_fd_sc_hd__dfxtp_2)
                                              0.690125   data arrival time

                                  0.000000    0.000000   clock clk (rise edge)
                                  0.000000    0.000000   clock source latency
     1    0.019024    0.068474    0.046761    0.046761 ^ clk (in)
                                                         clk (net)
                      0.068482    0.000000    0.046761 ^ clkbuf_0_clk/A (sky130_fd_sc_hd__clkbuf_16)
     8    0.082698    0.076007    0.130428    0.177189 ^ clkbuf_0_clk/X (sky130_fd_sc_hd__clkbuf_16)
                                                         clknet_0_clk (net)
                      0.076023    0.001100    0.178288 ^ clkbuf_3_4__f_clk/A (sky130_fd_sc_hd__clkbuf_16)
     8    0.031042    0.039190    0.104406    0.282694 ^ clkbuf_3_4__f_clk/X (sky130_fd_sc_hd__clkbuf_16)
                                                         clknet_3_4__leaf_clk (net)
                      0.039200    0.000803    0.283497 ^ _1578_/CLK (sky130_fd_sc_hd__dfxtp_2)
                                  0.250000    0.533497   clock uncertainty
                                  0.000000    0.533497   clock reconvergence pessimism
                                 -0.018221    0.515276   library hold time
                                              0.515276   data required time
---------------------------------------------------------------------------------------------
                                              0.515276   data required time
                                             -0.690125   data arrival time
---------------------------------------------------------------------------------------------
                                              0.174850   slack (MET)


Startpoint: _1609_ (rising edge-triggered flip-flop clocked by clk)
Endpoint: _1577_ (rising edge-triggered flip-flop clocked by clk)
Path Group: clk
Path Type: min

Fanout         Cap        Slew       Delay        Time   Description
---------------------------------------------------------------------------------------------
                                  0.000000    0.000000   clock clk (rise edge)
                                  0.000000    0.000000   clock source latency
     1    0.019024    0.068474    0.046761    0.046761 ^ clk (in)
                                                         clk (net)
                      0.068482    0.000000    0.046761 ^ clkbuf_0_clk/A (sky130_fd_sc_hd__clkbuf_16)
     8    0.082698    0.076007    0.130428    0.177189 ^ clkbuf_0_clk/X (sky130_fd_sc_hd__clkbuf_16)
                                                         clknet_0_clk (net)
                      0.076097    0.001646    0.178835 ^ clkbuf_3_1__f_clk/A (sky130_fd_sc_hd__clkbuf_16)
     8    0.023329    0.033822    0.099293    0.278128 ^ clkbuf_3_1__f_clk/X (sky130_fd_sc_hd__clkbuf_16)
                                                         clknet_3_1__leaf_clk (net)
                      0.033827    0.000129    0.278257 ^ _1609_/CLK (sky130_fd_sc_hd__dfxtp_2)
     4    0.023372    0.093110    0.242445    0.520701 ^ _1609_/Q (sky130_fd_sc_hd__dfxtp_2)
                                                         u_dp.acc_q[9] (net)
                      0.093110    0.000156    0.520857 ^ _1416_/A1 (sky130_fd_sc_hd__a22o_2)
     1    0.005628    0.031718    0.095450    0.616307 ^ _1416_/X (sky130_fd_sc_hd__a22o_2)
                                                         _0684_ (net)
                      0.031718    0.000063    0.616370 ^ _1417_/B1 (sky130_fd_sc_hd__a21oi_2)
     1    0.012035    0.023405    0.028608    0.644978 v _1417_/Y (sky130_fd_sc_hd__a21oi_2)
                                                         _0685_ (net)
                      0.023408    0.000184    0.645162 v _1418_/B (sky130_fd_sc_hd__nor2_2)
     1    0.003968    0.051346    0.050025    0.695187 ^ _1418_/Y (sky130_fd_sc_hd__nor2_2)
                                                         _0005_ (net)
                      0.051346    0.000046    0.695233 ^ _1577_/D (sky130_fd_sc_hd__dfxtp_2)
                                              0.695233   data arrival time

                                  0.000000    0.000000   clock clk (rise edge)
                                  0.000000    0.000000   clock source latency
     1    0.019024    0.068474    0.046761    0.046761 ^ clk (in)
                                                         clk (net)
                      0.068482    0.000000    0.046761 ^ clkbuf_0_clk/A (sky130_fd_sc_hd__clkbuf_16)
     8    0.082698    0.076007    0.130428    0.177189 ^ clkbuf_0_clk/X (sky130_fd_sc_hd__clkbuf_16)
                                                         clknet_0_clk (net)
                      0.076023    0.001100    0.178288 ^ clkbuf_3_4__f_clk/A (sky130_fd_sc_hd__clkbuf_16)
     8    0.031042    0.039190    0.104406    0.282694 ^ clkbuf_3_4__f_clk/X (sky130_fd_sc_hd__clkbuf_16)
                                                         clknet_3_4__leaf_clk (net)
                      0.039201    0.000805    0.283499 ^ _1577_/CLK (sky130_fd_sc_hd__dfxtp_2)
                                  0.250000    0.533499   clock uncertainty
                                  0.000000    0.533499   clock reconvergence pessimism
                                 -0.018543    0.514956   library hold time
                                              0.514956   data required time
---------------------------------------------------------------------------------------------
                                              0.514956   data required time
                                             -0.695233   data arrival time
---------------------------------------------------------------------------------------------
                                              0.180277   slack (MET)


Startpoint: _1594_ (rising edge-triggered flip-flop clocked by clk)
Endpoint: _1594_ (rising edge-triggered flip-flop clocked by clk)
Path Group: clk
Path Type: min

Fanout         Cap        Slew       Delay        Time   Description
---------------------------------------------------------------------------------------------
                                  0.000000    0.000000   clock clk (rise edge)
                                  0.000000    0.000000   clock source latency
     1    0.019024    0.068474    0.046761    0.046761 ^ clk (in)
                                                         clk (net)
                      0.068482    0.000000    0.046761 ^ clkbuf_0_clk/A (sky130_fd_sc_hd__clkbuf_16)
     8    0.082698    0.076007    0.130428    0.177189 ^ clkbuf_0_clk/X (sky130_fd_sc_hd__clkbuf_16)
                                                         clknet_0_clk (net)
                      0.076113    0.001871    0.179059 ^ clkbuf_3_7__f_clk/A (sky130_fd_sc_hd__clkbuf_16)
     8    0.026884    0.036250    0.101475    0.280535 ^ clkbuf_3_7__f_clk/X (sky130_fd_sc_hd__clkbuf_16)
                                                         clknet_3_7__leaf_clk (net)
                      0.036271    0.000788    0.281322 ^ _1594_/CLK (sky130_fd_sc_hd__dfxtp_2)
     4    0.027887    0.109636    0.254668    0.535991 ^ _1594_/Q (sky130_fd_sc_hd__dfxtp_2)
                                                         u_dp.b_q[2] (net)
                      0.109636    0.000078    0.536068 ^ _1461_/A (sky130_fd_sc_hd__or2_2)
     1    0.003020    0.022673    0.083212    0.619280 ^ _1461_/X (sky130_fd_sc_hd__or2_2)
                                                         _0712_ (net)
                      0.022673    0.000029    0.619309 ^ _1462_/B1 (sky130_fd_sc_hd__o211a_2)
     1    0.002749    0.025770    0.077235    0.696544 ^ _1462_/X (sky130_fd_sc_hd__o211a_2)
                                                         _0022_ (net)
                      0.025770    0.000032    0.696576 ^ _1594_/D (sky130_fd_sc_hd__dfxtp_2)
                                              0.696576   data arrival time

                                  0.000000    0.000000   clock clk (rise edge)
                                  0.000000    0.000000   clock source latency
     1    0.019024    0.068474    0.046761    0.046761 ^ clk (in)
                                                         clk (net)
                      0.068482    0.000000    0.046761 ^ clkbuf_0_clk/A (sky130_fd_sc_hd__clkbuf_16)
     8    0.082698    0.076007    0.130428    0.177189 ^ clkbuf_0_clk/X (sky130_fd_sc_hd__clkbuf_16)
                                                         clknet_0_clk (net)
                      0.076113    0.001871    0.179059 ^ clkbuf_3_7__f_clk/A (sky130_fd_sc_hd__clkbuf_16)
     8    0.026884    0.036250    0.101475    0.280535 ^ clkbuf_3_7__f_clk/X (sky130_fd_sc_hd__clkbuf_16)
                                                         clknet_3_7__leaf_clk (net)
                      0.036271    0.000788    0.281322 ^ _1594_/CLK (sky130_fd_sc_hd__dfxtp_2)
                                  0.250000    0.531322   clock uncertainty
                                  0.000000    0.531322   clock reconvergence pessimism
                                 -0.016804    0.514518   library hold time
                                              0.514518   data required time
---------------------------------------------------------------------------------------------
                                              0.514518   data required time
                                             -0.696576   data arrival time
---------------------------------------------------------------------------------------------
                                              0.182058   slack (MET)


Startpoint: _1600_ (rising edge-triggered flip-flop clocked by clk)
Endpoint: _1600_ (rising edge-triggered flip-flop clocked by clk)
Path Group: clk
Path Type: min

Fanout         Cap        Slew       Delay        Time   Description
---------------------------------------------------------------------------------------------
                                  0.000000    0.000000   clock clk (rise edge)
                                  0.000000    0.000000   clock source latency
     1    0.019024    0.068474    0.046761    0.046761 ^ clk (in)
                                                         clk (net)
                      0.068482    0.000000    0.046761 ^ clkbuf_0_clk/A (sky130_fd_sc_hd__clkbuf_16)
     8    0.082698    0.076007    0.130428    0.177189 ^ clkbuf_0_clk/X (sky130_fd_sc_hd__clkbuf_16)
                                                         clknet_0_clk (net)
                      0.076099    0.001673    0.178861 ^ clkbuf_3_0__f_clk/A (sky130_fd_sc_hd__clkbuf_16)
     8    0.023710    0.034074    0.099505    0.278366 ^ clkbuf_3_0__f_clk/X (sky130_fd_sc_hd__clkbuf_16)
                                                         clknet_3_0__leaf_clk (net)
                      0.034075    0.000143    0.278509 ^ _1600_/CLK (sky130_fd_sc_hd__dfxtp_2)
     3    0.010693    0.029164    0.206663    0.485172 v _1600_/Q (sky130_fd_sc_hd__dfxtp_2)
                                                         u_dp.acc_q[0] (net)
                      0.029164    0.000128    0.485299 v _1348_/A (sky130_fd_sc_hd__nand3_2)
     3    0.010906    0.050925    0.055097    0.540397 ^ _1348_/Y (sky130_fd_sc_hd__nand3_2)
                                                         _0618_ (net)
                      0.050925    0.000049    0.540445 ^ _1475_/A1 (sky130_fd_sc_hd__a31o_2)
     1    0.003613    0.028369    0.084361    0.624806 ^ _1475_/X (sky130_fd_sc_hd__a31o_2)
                                                         _0720_ (net)
                      0.028369    0.000044    0.624849 ^ _1476_/C1 (sky130_fd_sc_hd__o211a_2)
     1    0.002063    0.023203    0.071566    0.696415 ^ _1476_/X (sky130_fd_sc_hd__o211a_2)
                                                         _0028_ (net)
                      0.023203    0.000018    0.696433 ^ _1600_/D (sky130_fd_sc_hd__dfxtp_2)
                                              0.696433   data arrival time

                                  0.000000    0.000000   clock clk (rise edge)
                                  0.000000    0.000000   clock source latency
     1    0.019024    0.068474    0.046761    0.046761 ^ clk (in)
                                                         clk (net)
                      0.068482    0.000000    0.046761 ^ clkbuf_0_clk/A (sky130_fd_sc_hd__clkbuf_16)
     8    0.082698    0.076007    0.130428    0.177189 ^ clkbuf_0_clk/X (sky130_fd_sc_hd__clkbuf_16)
                                                         clknet_0_clk (net)
                      0.076099    0.001673    0.178861 ^ clkbuf_3_0__f_clk/A (sky130_fd_sc_hd__clkbuf_16)
     8    0.023710    0.034074    0.099505    0.278366 ^ clkbuf_3_0__f_clk/X (sky130_fd_sc_hd__clkbuf_16)
                                                         clknet_3_0__leaf_clk (net)
                      0.034075    0.000143    0.278509 ^ _1600_/CLK (sky130_fd_sc_hd__dfxtp_2)
                                  0.250000    0.528509   clock uncertainty
                                  0.000000    0.528509   clock reconvergence pessimism
                                 -0.016675    0.511834   library hold time
                                              0.511834   data required time
---------------------------------------------------------------------------------------------
                                              0.511834   data required time
                                             -0.696433   data arrival time
---------------------------------------------------------------------------------------------
                                              0.184600   slack (MET)


Startpoint: _1634_ (rising edge-triggered flip-flop clocked by clk)
Endpoint: _1634_ (rising edge-triggered flip-flop clocked by clk)
Path Group: clk
Path Type: min

Fanout         Cap        Slew       Delay        Time   Description
---------------------------------------------------------------------------------------------
                                  0.000000    0.000000   clock clk (rise edge)
                                  0.000000    0.000000   clock source latency
     1    0.019024    0.068474    0.046761    0.046761 ^ clk (in)
                                                         clk (net)
                      0.068482    0.000000    0.046761 ^ clkbuf_0_clk/A (sky130_fd_sc_hd__clkbuf_16)
     8    0.082698    0.076007    0.130428    0.177189 ^ clkbuf_0_clk/X (sky130_fd_sc_hd__clkbuf_16)
                                                         clknet_0_clk (net)
                      0.076098    0.001667    0.178856 ^ clkbuf_3_5__f_clk/A (sky130_fd_sc_hd__clkbuf_16)
     8    0.028666    0.037481    0.102938    0.281793 ^ clkbuf_3_5__f_clk/X (sky130_fd_sc_hd__clkbuf_16)
                                                         clknet_3_5__leaf_clk (net)
                      0.037481    0.000111    0.281904 ^ _1634_/CLK (sky130_fd_sc_hd__dfxtp_2)
    10    0.040801    0.073337    0.247050    0.528954 v _1634_/Q (sky130_fd_sc_hd__dfxtp_2)
                                                         u_dp.out_sel_q[2] (net)
                      0.073337    0.000089    0.529043 v _0798_/C1 (sky130_fd_sc_hd__o211a_2)
     1    0.003431    0.017658    0.088988    0.618031 v _0798_/X (sky130_fd_sc_hd__o211a_2)
                                                         _0071_ (net)
                      0.017658    0.000042    0.618073 v _0799_/B1 (sky130_fd_sc_hd__a41o_2)
     1    0.002409    0.016537    0.069437    0.687510 v _0799_/X (sky130_fd_sc_hd__a41o_2)
                                                         _0001_ (net)
                      0.016537    0.000023    0.687533 v _1634_/D (sky130_fd_sc_hd__dfxtp_2)
                                              0.687533   data arrival time

                                  0.000000    0.000000   clock clk (rise edge)
                                  0.000000    0.000000   clock source latency
     1    0.019024    0.068474    0.046761    0.046761 ^ clk (in)
                                                         clk (net)
                      0.068482    0.000000    0.046761 ^ clkbuf_0_clk/A (sky130_fd_sc_hd__clkbuf_16)
     8    0.082698    0.076007    0.130428    0.177189 ^ clkbuf_0_clk/X (sky130_fd_sc_hd__clkbuf_16)
                                                         clknet_0_clk (net)
                      0.076098    0.001667    0.178856 ^ clkbuf_3_5__f_clk/A (sky130_fd_sc_hd__clkbuf_16)
     8    0.028666    0.037481    0.102938    0.281793 ^ clkbuf_3_5__f_clk/X (sky130_fd_sc_hd__clkbuf_16)
                                                         clknet_3_5__leaf_clk (net)
                      0.037481    0.000111    0.281904 ^ _1634_/CLK (sky130_fd_sc_hd__dfxtp_2)
                                  0.250000    0.531904   clock uncertainty
                                  0.000000    0.531904   clock reconvergence pessimism
                                 -0.029209    0.502695   library hold time
                                              0.502695   data required time
---------------------------------------------------------------------------------------------
                                              0.502695   data required time
                                             -0.687533   data arrival time
---------------------------------------------------------------------------------------------
                                              0.184838   slack (MET)


Startpoint: _1622_ (rising edge-triggered flip-flop clocked by clk)
Endpoint: _1582_ (rising edge-triggered flip-flop clocked by clk)
Path Group: clk
Path Type: min

Fanout         Cap        Slew       Delay        Time   Description
---------------------------------------------------------------------------------------------
                                  0.000000    0.000000   clock clk (rise edge)
                                  0.000000    0.000000   clock source latency
     1    0.019024    0.068474    0.046761    0.046761 ^ clk (in)
                                                         clk (net)
                      0.068482    0.000000    0.046761 ^ clkbuf_0_clk/A (sky130_fd_sc_hd__clkbuf_16)
     8    0.082698    0.076007    0.130428    0.177189 ^ clkbuf_0_clk/X (sky130_fd_sc_hd__clkbuf_16)
                                                         clknet_0_clk (net)
                      0.076099    0.001673    0.178861 ^ clkbuf_3_0__f_clk/A (sky130_fd_sc_hd__clkbuf_16)
     8    0.023710    0.034074    0.099505    0.278366 ^ clkbuf_3_0__f_clk/X (sky130_fd_sc_hd__clkbuf_16)
                                                         clknet_3_0__leaf_clk (net)
                      0.034077    0.000186    0.278552 ^ _1622_/CLK (sky130_fd_sc_hd__dfxtp_2)
     4    0.025356    0.100382    0.247508    0.526060 ^ _1622_/Q (sky130_fd_sc_hd__dfxtp_2)
                                                         u_dp.acc_q[22] (net)
                      0.100382    0.000079    0.526139 ^ _1431_/B2 (sky130_fd_sc_hd__a22o_2)
     1    0.012183    0.054050    0.109301    0.635440 ^ _1431_/X (sky130_fd_sc_hd__a22o_2)
                                                         _0694_ (net)
                      0.054050    0.000181    0.635621 ^ _1432_/B1 (sky130_fd_sc_hd__a21oi_2)
     1    0.006140    0.020850    0.024126    0.659747 v _1432_/Y (sky130_fd_sc_hd__a21oi_2)
                                                         _0695_ (net)
                      0.020850    0.000098    0.659845 v _1433_/B (sky130_fd_sc_hd__nor2_2)
     1    0.002413    0.040376    0.040710    0.700555 ^ _1433_/Y (sky130_fd_sc_hd__nor2_2)
                                                         _0010_ (net)
                      0.040376    0.000026    0.700581 ^ _1582_/D (sky130_fd_sc_hd__dfxtp_2)
                                              0.700581   data arrival time

                                  0.000000    0.000000   clock clk (rise edge)
                                  0.000000    0.000000   clock source latency
     1    0.019024    0.068474    0.046761    0.046761 ^ clk (in)
                                                         clk (net)
                      0.068482    0.000000    0.046761 ^ clkbuf_0_clk/A (sky130_fd_sc_hd__clkbuf_16)
     8    0.082698    0.076007    0.130428    0.177189 ^ clkbuf_0_clk/X (sky130_fd_sc_hd__clkbuf_16)
                                                         clknet_0_clk (net)
                      0.076093    0.001583    0.178772 ^ clkbuf_3_3__f_clk/A (sky130_fd_sc_hd__clkbuf_16)
     8    0.030190    0.038568    0.103876    0.282648 ^ clkbuf_3_3__f_clk/X (sky130_fd_sc_hd__clkbuf_16)
                                                         clknet_3_3__leaf_clk (net)
                      0.038576    0.000541    0.283189 ^ _1582_/CLK (sky130_fd_sc_hd__dfxtp_2)
                                  0.250000    0.533189   clock uncertainty
                                  0.000000    0.533189   clock reconvergence pessimism
                                 -0.017782    0.515407   library hold time
                                              0.515407   data required time
---------------------------------------------------------------------------------------------
                                              0.515407   data required time
                                             -0.700581   data arrival time
---------------------------------------------------------------------------------------------
                                              0.185174   slack (MET)


Startpoint: _1620_ (rising edge-triggered flip-flop clocked by clk)
Endpoint: _1580_ (rising edge-triggered flip-flop clocked by clk)
Path Group: clk
Path Type: min

Fanout         Cap        Slew       Delay        Time   Description
---------------------------------------------------------------------------------------------
                                  0.000000    0.000000   clock clk (rise edge)
                                  0.000000    0.000000   clock source latency
     1    0.019024    0.068474    0.046761    0.046761 ^ clk (in)
                                                         clk (net)
                      0.068482    0.000000    0.046761 ^ clkbuf_0_clk/A (sky130_fd_sc_hd__clkbuf_16)
     8    0.082698    0.076007    0.130428    0.177189 ^ clkbuf_0_clk/X (sky130_fd_sc_hd__clkbuf_16)
                                                         clknet_0_clk (net)
                      0.076099    0.001673    0.178861 ^ clkbuf_3_0__f_clk/A (sky130_fd_sc_hd__clkbuf_16)
     8    0.023710    0.034074    0.099505    0.278366 ^ clkbuf_3_0__f_clk/X (sky130_fd_sc_hd__clkbuf_16)
                                                         clknet_3_0__leaf_clk (net)
                      0.034085    0.000412    0.278778 ^ _1620_/CLK (sky130_fd_sc_hd__dfxtp_2)
     4    0.026244    0.103641    0.249750    0.528529 ^ _1620_/Q (sky130_fd_sc_hd__dfxtp_2)
                                                         u_dp.acc_q[20] (net)
                      0.103641    0.000243    0.528771 ^ _1425_/B2 (sky130_fd_sc_hd__a22o_2)
     1    0.010762    0.049160    0.105832    0.634603 ^ _1425_/X (sky130_fd_sc_hd__a22o_2)
                                                         _0690_ (net)
                      0.049162    0.000426    0.635030 ^ _1426_/B1 (sky130_fd_sc_hd__a21oi_2)
     1    0.006632    0.020470    0.024402    0.659432 v _1426_/Y (sky130_fd_sc_hd__a21oi_2)
                                                         _0691_ (net)
                      0.020479    0.000123    0.659555 v _1427_/B (sky130_fd_sc_hd__nor2_2)
     1    0.002735    0.042660    0.042404    0.701959 ^ _1427_/Y (sky130_fd_sc_hd__nor2_2)
                                                         _0008_ (net)
                      0.042660    0.000031    0.701990 ^ _1580_/D (sky130_fd_sc_hd__dfxtp_2)
                                              0.701990   data arrival time

                                  0.000000    0.000000   clock clk (rise edge)
                                  0.000000    0.000000   clock source latency
     1    0.019024    0.068474    0.046761    0.046761 ^ clk (in)
                                                         clk (net)
                      0.068482    0.000000    0.046761 ^ clkbuf_0_clk/A (sky130_fd_sc_hd__clkbuf_16)
     8    0.082698    0.076007    0.130428    0.177189 ^ clkbuf_0_clk/X (sky130_fd_sc_hd__clkbuf_16)
                                                         clknet_0_clk (net)
                      0.076093    0.001583    0.178772 ^ clkbuf_3_3__f_clk/A (sky130_fd_sc_hd__clkbuf_16)
     8    0.030190    0.038568    0.103876    0.282648 ^ clkbuf_3_3__f_clk/X (sky130_fd_sc_hd__clkbuf_16)
                                                         clknet_3_3__leaf_clk (net)
                      0.038575    0.000519    0.283167 ^ _1580_/CLK (sky130_fd_sc_hd__dfxtp_2)
                                  0.250000    0.533167   clock uncertainty
                                  0.000000    0.533167   clock reconvergence pessimism
                                 -0.017943    0.515223   library hold time
                                              0.515223   data required time
---------------------------------------------------------------------------------------------
                                              0.515223   data required time
                                             -0.701990   data arrival time
---------------------------------------------------------------------------------------------
                                              0.186767   slack (MET)


Startpoint: _1621_ (rising edge-triggered flip-flop clocked by clk)
Endpoint: _1581_ (rising edge-triggered flip-flop clocked by clk)
Path Group: clk
Path Type: min

Fanout         Cap        Slew       Delay        Time   Description
---------------------------------------------------------------------------------------------
                                  0.000000    0.000000   clock clk (rise edge)
                                  0.000000    0.000000   clock source latency
     1    0.019024    0.068474    0.046761    0.046761 ^ clk (in)
                                                         clk (net)
                      0.068482    0.000000    0.046761 ^ clkbuf_0_clk/A (sky130_fd_sc_hd__clkbuf_16)
     8    0.082698    0.076007    0.130428    0.177189 ^ clkbuf_0_clk/X (sky130_fd_sc_hd__clkbuf_16)
                                                         clknet_0_clk (net)
                      0.076099    0.001673    0.178861 ^ clkbuf_3_0__f_clk/A (sky130_fd_sc_hd__clkbuf_16)
     8    0.023710    0.034074    0.099505    0.278366 ^ clkbuf_3_0__f_clk/X (sky130_fd_sc_hd__clkbuf_16)
                                                         clknet_3_0__leaf_clk (net)
                      0.034084    0.000390    0.278756 ^ _1621_/CLK (sky130_fd_sc_hd__dfxtp_2)
     4    0.025325    0.100269    0.247440    0.526196 ^ _1621_/Q (sky130_fd_sc_hd__dfxtp_2)
                                                         u_dp.acc_q[21] (net)
                      0.100269    0.000104    0.526299 ^ _1428_/B2 (sky130_fd_sc_hd__a22o_2)
     1    0.013887    0.059701    0.113755    0.640054 ^ _1428_/X (sky130_fd_sc_hd__a22o_2)
                                                         _0692_ (net)
                      0.059707    0.000652    0.640707 ^ _1429_/B1 (sky130_fd_sc_hd__a21oi_2)
     1    0.004556    0.019827    0.021185    0.661892 v _1429_/Y (sky130_fd_sc_hd__a21oi_2)
                                                         _0693_ (net)
                      0.019827    0.000041    0.661933 v _1430_/B (sky130_fd_sc_hd__nor2_2)
     1    0.002786    0.043035    0.042522    0.704455 ^ _1430_/Y (sky130_fd_sc_hd__nor2_2)
                                                         _0009_ (net)
                      0.043035    0.000033    0.704488 ^ _1581_/D (sky130_fd_sc_hd__dfxtp_2)
                                              0.704488   data arrival time

                                  0.000000    0.000000   clock clk (rise edge)
                                  0.000000    0.000000   clock source latency
     1    0.019024    0.068474    0.046761    0.046761 ^ clk (in)
                                                         clk (net)
                      0.068482    0.000000    0.046761 ^ clkbuf_0_clk/A (sky130_fd_sc_hd__clkbuf_16)
     8    0.082698    0.076007    0.130428    0.177189 ^ clkbuf_0_clk/X (sky130_fd_sc_hd__clkbuf_16)
                                                         clknet_0_clk (net)
                      0.076023    0.001100    0.178288 ^ clkbuf_3_4__f_clk/A (sky130_fd_sc_hd__clkbuf_16)
     8    0.031042    0.039190    0.104406    0.282694 ^ clkbuf_3_4__f_clk/X (sky130_fd_sc_hd__clkbuf_16)
                                                         clknet_3_4__leaf_clk (net)
                      0.039199    0.000771    0.283465 ^ _1581_/CLK (sky130_fd_sc_hd__dfxtp_2)
                                  0.250000    0.533465   clock uncertainty
                                  0.000000    0.533465   clock reconvergence pessimism
                                 -0.017955    0.515510   library hold time
                                              0.515510   data required time
---------------------------------------------------------------------------------------------
                                              0.515510   data required time
                                             -0.704488   data arrival time
---------------------------------------------------------------------------------------------
                                              0.188978   slack (MET)


Startpoint: _1615_ (rising edge-triggered flip-flop clocked by clk)
Endpoint: _1583_ (rising edge-triggered flip-flop clocked by clk)
Path Group: clk
Path Type: min

Fanout         Cap        Slew       Delay        Time   Description
---------------------------------------------------------------------------------------------
                                  0.000000    0.000000   clock clk (rise edge)
                                  0.000000    0.000000   clock source latency
     1    0.019024    0.068474    0.046761    0.046761 ^ clk (in)
                                                         clk (net)
                      0.068482    0.000000    0.046761 ^ clkbuf_0_clk/A (sky130_fd_sc_hd__clkbuf_16)
     8    0.082698    0.076007    0.130428    0.177189 ^ clkbuf_0_clk/X (sky130_fd_sc_hd__clkbuf_16)
                                                         clknet_0_clk (net)
                      0.076097    0.001646    0.178835 ^ clkbuf_3_1__f_clk/A (sky130_fd_sc_hd__clkbuf_16)
     8    0.023329    0.033822    0.099293    0.278128 ^ clkbuf_3_1__f_clk/X (sky130_fd_sc_hd__clkbuf_16)
                                                         clknet_3_1__leaf_clk (net)
                      0.033829    0.000213    0.278340 ^ _1615_/CLK (sky130_fd_sc_hd__dfxtp_2)
     4    0.024653    0.097822    0.245593    0.523934 ^ _1615_/Q (sky130_fd_sc_hd__dfxtp_2)
                                                         u_dp.acc_q[15] (net)
                      0.097822    0.000269    0.524203 ^ _1434_/A1 (sky130_fd_sc_hd__a22o_2)
     1    0.011331    0.051125    0.112236    0.636439 ^ _1434_/X (sky130_fd_sc_hd__a22o_2)
                                                         _0696_ (net)
                      0.051125    0.000158    0.636598 ^ _1435_/B1 (sky130_fd_sc_hd__a21oi_2)
     1    0.007163    0.021656    0.025627    0.662225 v _1435_/Y (sky130_fd_sc_hd__a21oi_2)
                                                         _0697_ (net)
                      0.021657    0.000142    0.662367 v _1436_/B (sky130_fd_sc_hd__nor2_2)
     1    0.002591    0.041624    0.041914    0.704282 ^ _1436_/Y (sky130_fd_sc_hd__nor2_2)
                                                         _0011_ (net)
                      0.041624    0.000028    0.704310 ^ _1583_/D (sky130_fd_sc_hd__dfxtp_2)
                                              0.704310   data arrival time

                                  0.000000    0.000000   clock clk (rise edge)
                                  0.000000    0.000000   clock source latency
     1    0.019024    0.068474    0.046761    0.046761 ^ clk (in)
                                                         clk (net)
                      0.068482    0.000000    0.046761 ^ clkbuf_0_clk/A (sky130_fd_sc_hd__clkbuf_16)
     8    0.082698    0.076007    0.130428    0.177189 ^ clkbuf_0_clk/X (sky130_fd_sc_hd__clkbuf_16)
                                                         clknet_0_clk (net)
                      0.076098    0.001667    0.178856 ^ clkbuf_3_5__f_clk/A (sky130_fd_sc_hd__clkbuf_16)
     8    0.028666    0.037481    0.102938    0.281793 ^ clkbuf_3_5__f_clk/X (sky130_fd_sc_hd__clkbuf_16)
                                                         clknet_3_5__leaf_clk (net)
                      0.037484    0.000327    0.282120 ^ _1583_/CLK (sky130_fd_sc_hd__dfxtp_2)
                                  0.250000    0.532120   clock uncertainty
                                  0.000000    0.532120   clock reconvergence pessimism
                                 -0.017896    0.514224   library hold time
                                              0.514224   data required time
---------------------------------------------------------------------------------------------
                                              0.514224   data required time
                                             -0.704310   data arrival time
---------------------------------------------------------------------------------------------
                                              0.190086   slack (MET)


Startpoint: _1633_ (rising edge-triggered flip-flop clocked by clk)
Endpoint: _1633_ (rising edge-triggered flip-flop clocked by clk)
Path Group: clk
Path Type: min

Fanout         Cap        Slew       Delay        Time   Description
---------------------------------------------------------------------------------------------
                                  0.000000    0.000000   clock clk (rise edge)
                                  0.000000    0.000000   clock source latency
     1    0.019024    0.068474    0.046761    0.046761 ^ clk (in)
                                                         clk (net)
                      0.068482    0.000000    0.046761 ^ clkbuf_0_clk/A (sky130_fd_sc_hd__clkbuf_16)
     8    0.082698    0.076007    0.130428    0.177189 ^ clkbuf_0_clk/X (sky130_fd_sc_hd__clkbuf_16)
                                                         clknet_0_clk (net)
                      0.076098    0.001667    0.178856 ^ clkbuf_3_5__f_clk/A (sky130_fd_sc_hd__clkbuf_16)
     8    0.028666    0.037481    0.102938    0.281793 ^ clkbuf_3_5__f_clk/X (sky130_fd_sc_hd__clkbuf_16)
                                                         clknet_3_5__leaf_clk (net)
                      0.037481    0.000119    0.281913 ^ _1633_/CLK (sky130_fd_sc_hd__dfxtp_2)
    10    0.043293    0.074504    0.250594    0.532507 v _1633_/Q (sky130_fd_sc_hd__dfxtp_2)
                                                         u_dp.out_sel_q[1] (net)
                      0.074504    0.000164    0.532671 v _0800_/C1 (sky130_fd_sc_hd__o211a_2)
     1    0.003147    0.017237    0.088768    0.621439 v _0800_/X (sky130_fd_sc_hd__o211a_2)
                                                         _0072_ (net)
                      0.017237    0.000034    0.621473 v _0801_/B1 (sky130_fd_sc_hd__a41o_2)
     1    0.004058    0.019512    0.073631    0.695104 v _0801_/X (sky130_fd_sc_hd__a41o_2)
                                                         _0000_ (net)
                      0.019512    0.000067    0.695171 v _1633_/D (sky130_fd_sc_hd__dfxtp_2)
                                              0.695171   data arrival time

                                  0.000000    0.000000   clock clk (rise edge)
                                  0.000000    0.000000   clock source latency
     1    0.019024    0.068474    0.046761    0.046761 ^ clk (in)
                                                         clk (net)
                      0.068482    0.000000    0.046761 ^ clkbuf_0_clk/A (sky130_fd_sc_hd__clkbuf_16)
     8    0.082698    0.076007    0.130428    0.177189 ^ clkbuf_0_clk/X (sky130_fd_sc_hd__clkbuf_16)
                                                         clknet_0_clk (net)
                      0.076098    0.001667    0.178856 ^ clkbuf_3_5__f_clk/A (sky130_fd_sc_hd__clkbuf_16)
     8    0.028666    0.037481    0.102938    0.281793 ^ clkbuf_3_5__f_clk/X (sky130_fd_sc_hd__clkbuf_16)
                                                         clknet_3_5__leaf_clk (net)
                      0.037481    0.000119    0.281913 ^ _1633_/CLK (sky130_fd_sc_hd__dfxtp_2)
                                  0.250000    0.531913   clock uncertainty
                                  0.000000    0.531913   clock reconvergence pessimism
                                 -0.030199    0.501714   library hold time
                                              0.501714   data required time
---------------------------------------------------------------------------------------------
                                              0.501714   data required time
                                             -0.695171   data arrival time
---------------------------------------------------------------------------------------------
                                              0.193458   slack (MET)


Startpoint: _1616_ (rising edge-triggered flip-flop clocked by clk)
Endpoint: _1576_ (rising edge-triggered flip-flop clocked by clk)
Path Group: clk
Path Type: min

Fanout         Cap        Slew       Delay        Time   Description
---------------------------------------------------------------------------------------------
                                  0.000000    0.000000   clock clk (rise edge)
                                  0.000000    0.000000   clock source latency
     1    0.019024    0.068474    0.046761    0.046761 ^ clk (in)
                                                         clk (net)
                      0.068482    0.000000    0.046761 ^ clkbuf_0_clk/A (sky130_fd_sc_hd__clkbuf_16)
     8    0.082698    0.076007    0.130428    0.177189 ^ clkbuf_0_clk/X (sky130_fd_sc_hd__clkbuf_16)
                                                         clknet_0_clk (net)
                      0.076097    0.001646    0.178835 ^ clkbuf_3_1__f_clk/A (sky130_fd_sc_hd__clkbuf_16)
     8    0.023329    0.033822    0.099293    0.278128 ^ clkbuf_3_1__f_clk/X (sky130_fd_sc_hd__clkbuf_16)
                                                         clknet_3_1__leaf_clk (net)
                      0.033829    0.000218    0.278346 ^ _1616_/CLK (sky130_fd_sc_hd__dfxtp_2)
     4    0.025951    0.102550    0.249006    0.527352 ^ _1616_/Q (sky130_fd_sc_hd__dfxtp_2)
                                                         u_dp.acc_q[16] (net)
                      0.102550    0.000201    0.527553 ^ _1413_/B2 (sky130_fd_sc_hd__a22o_2)
     1    0.006574    0.034735    0.094144    0.621697 ^ _1413_/X (sky130_fd_sc_hd__a22o_2)
                                                         _0682_ (net)
                      0.034735    0.000100    0.621797 ^ _1414_/B1 (sky130_fd_sc_hd__a21oi_2)
     1    0.010612    0.022130    0.027517    0.649314 v _1414_/Y (sky130_fd_sc_hd__a21oi_2)
                                                         _0683_ (net)
                      0.022143    0.000421    0.649735 v _1415_/B (sky130_fd_sc_hd__nor2_2)
     1    0.005652    0.063089    0.058925    0.708660 ^ _1415_/Y (sky130_fd_sc_hd__nor2_2)
                                                         _0004_ (net)
                      0.063089    0.000117    0.708777 ^ _1576_/D (sky130_fd_sc_hd__dfxtp_2)
                                              0.708777   data arrival time

                                  0.000000    0.000000   clock clk (rise edge)
                                  0.000000    0.000000   clock source latency
     1    0.019024    0.068474    0.046761    0.046761 ^ clk (in)
                                                         clk (net)
                      0.068482    0.000000    0.046761 ^ clkbuf_0_clk/A (sky130_fd_sc_hd__clkbuf_16)
     8    0.082698    0.076007    0.130428    0.177189 ^ clkbuf_0_clk/X (sky130_fd_sc_hd__clkbuf_16)
                                                         clknet_0_clk (net)
                      0.076098    0.001667    0.178856 ^ clkbuf_3_5__f_clk/A (sky130_fd_sc_hd__clkbuf_16)
     8    0.028666    0.037481    0.102938    0.281793 ^ clkbuf_3_5__f_clk/X (sky130_fd_sc_hd__clkbuf_16)
                                                         clknet_3_5__leaf_clk (net)
                      0.037484    0.000336    0.282130 ^ _1576_/CLK (sky130_fd_sc_hd__dfxtp_2)
                                  0.250000    0.532130   clock uncertainty
                                  0.000000    0.532130   clock reconvergence pessimism
                                 -0.019414    0.512716   library hold time
                                              0.512716   data required time
---------------------------------------------------------------------------------------------
                                              0.512716   data required time
                                             -0.708777   data arrival time
---------------------------------------------------------------------------------------------
                                              0.196061   slack (MET)


Startpoint: _1619_ (rising edge-triggered flip-flop clocked by clk)
Endpoint: _1579_ (rising edge-triggered flip-flop clocked by clk)
Path Group: clk
Path Type: min

Fanout         Cap        Slew       Delay        Time   Description
---------------------------------------------------------------------------------------------
                                  0.000000    0.000000   clock clk (rise edge)
                                  0.000000    0.000000   clock source latency
     1    0.019024    0.068474    0.046761    0.046761 ^ clk (in)
                                                         clk (net)
                      0.068482    0.000000    0.046761 ^ clkbuf_0_clk/A (sky130_fd_sc_hd__clkbuf_16)
     8    0.082698    0.076007    0.130428    0.177189 ^ clkbuf_0_clk/X (sky130_fd_sc_hd__clkbuf_16)
                                                         clknet_0_clk (net)
                      0.076099    0.001673    0.178861 ^ clkbuf_3_0__f_clk/A (sky130_fd_sc_hd__clkbuf_16)
     8    0.023710    0.034074    0.099505    0.278366 ^ clkbuf_3_0__f_clk/X (sky130_fd_sc_hd__clkbuf_16)
                                                         clknet_3_0__leaf_clk (net)
                      0.034084    0.000397    0.278763 ^ _1619_/CLK (sky130_fd_sc_hd__dfxtp_2)
     4    0.027260    0.107401    0.252128    0.530891 ^ _1619_/Q (sky130_fd_sc_hd__dfxtp_2)
                                                         u_dp.acc_q[19] (net)
                      0.107401    0.000152    0.531043 ^ _1422_/B2 (sky130_fd_sc_hd__a22o_2)
     1    0.007959    0.039503    0.098859    0.629902 ^ _1422_/X (sky130_fd_sc_hd__a22o_2)
                                                         _0688_ (net)
                      0.039503    0.000185    0.630086 ^ _1423_/B1 (sky130_fd_sc_hd__a21oi_2)
     1    0.010570    0.023096    0.028604    0.658691 v _1423_/Y (sky130_fd_sc_hd__a21oi_2)
                                                         _0689_ (net)
                      0.023096    0.000119    0.658810 v _1424_/B (sky130_fd_sc_hd__nor2_2)
     1    0.004195    0.052912    0.051146    0.709956 ^ _1424_/Y (sky130_fd_sc_hd__nor2_2)
                                                         _0007_ (net)
                      0.052912    0.000075    0.710031 ^ _1579_/D (sky130_fd_sc_hd__dfxtp_2)
                                              0.710031   data arrival time

                                  0.000000    0.000000   clock clk (rise edge)
                                  0.000000    0.000000   clock source latency
     1    0.019024    0.068474    0.046761    0.046761 ^ clk (in)
                                                         clk (net)
                      0.068482    0.000000    0.046761 ^ clkbuf_0_clk/A (sky130_fd_sc_hd__clkbuf_16)
     8    0.082698    0.076007    0.130428    0.177189 ^ clkbuf_0_clk/X (sky130_fd_sc_hd__clkbuf_16)
                                                         clknet_0_clk (net)
                      0.076098    0.001667    0.178856 ^ clkbuf_3_5__f_clk/A (sky130_fd_sc_hd__clkbuf_16)
     8    0.028666    0.037481    0.102938    0.281793 ^ clkbuf_3_5__f_clk/X (sky130_fd_sc_hd__clkbuf_16)
                                                         clknet_3_5__leaf_clk (net)
                      0.037484    0.000336    0.282129 ^ _1579_/CLK (sky130_fd_sc_hd__dfxtp_2)
                                  0.250000    0.532129   clock uncertainty
                                  0.000000    0.532129   clock reconvergence pessimism
                                 -0.018695    0.513435   library hold time
                                              0.513435   data required time
---------------------------------------------------------------------------------------------
                                              0.513435   data required time
                                             -0.710031   data arrival time
---------------------------------------------------------------------------------------------
                                              0.196597   slack (MET)


Startpoint: _1636_ (rising edge-triggered flip-flop clocked by clk)
Endpoint: _1635_ (rising edge-triggered flip-flop clocked by clk)
Path Group: clk
Path Type: min

Fanout         Cap        Slew       Delay        Time   Description
---------------------------------------------------------------------------------------------
                                  0.000000    0.000000   clock clk (rise edge)
                                  0.000000    0.000000   clock source latency
     1    0.019024    0.068474    0.046761    0.046761 ^ clk (in)
                                                         clk (net)
                      0.068482    0.000000    0.046761 ^ clkbuf_0_clk/A (sky130_fd_sc_hd__clkbuf_16)
     8    0.082698    0.076007    0.130428    0.177189 ^ clkbuf_0_clk/X (sky130_fd_sc_hd__clkbuf_16)
                                                         clknet_0_clk (net)
                      0.076113    0.001871    0.179059 ^ clkbuf_3_7__f_clk/A (sky130_fd_sc_hd__clkbuf_16)
     8    0.026884    0.036250    0.101475    0.280535 ^ clkbuf_3_7__f_clk/X (sky130_fd_sc_hd__clkbuf_16)
                                                         clknet_3_7__leaf_clk (net)
                      0.036283    0.000953    0.281488 ^ _1636_/CLK (sky130_fd_sc_hd__dfxtp_2)
     1    0.002040    0.019604    0.185955    0.467443 ^ _1636_/Q (sky130_fd_sc_hd__dfxtp_2)
                                                         u_rst_sync.rst_ff1 (net)
                      0.019604    0.000017    0.467460 ^ hold82/A (sky130_fd_sc_hd__dlygate4sd3_1)
     1    0.002508    0.035563    0.366362    0.833822 ^ hold82/X (sky130_fd_sc_hd__dlygate4sd3_1)
                                                         net82 (net)
                      0.035563    0.000026    0.833848 ^ _1635_/D (sky130_fd_sc_hd__dfxtp_2)
                                              0.833848   data arrival time

                                  0.000000    0.000000   clock clk (rise edge)
                                  0.000000    0.000000   clock source latency
     1    0.019024    0.068474    0.046761    0.046761 ^ clk (in)
                                                         clk (net)
                      0.068482    0.000000    0.046761 ^ clkbuf_0_clk/A (sky130_fd_sc_hd__clkbuf_16)
     8    0.082698    0.076007    0.130428    0.177189 ^ clkbuf_0_clk/X (sky130_fd_sc_hd__clkbuf_16)
                                                         clknet_0_clk (net)
                      0.076113    0.001862    0.179050 ^ clkbuf_3_6__f_clk/A (sky130_fd_sc_hd__clkbuf_16)
     8    0.024071    0.034308    0.099634    0.278684 ^ clkbuf_3_6__f_clk/X (sky130_fd_sc_hd__clkbuf_16)
                                                         clknet_3_6__leaf_clk (net)
                      0.034328    0.000597    0.279281 ^ _1635_/CLK (sky130_fd_sc_hd__dfxtp_2)
                                  0.250000    0.529281   clock uncertainty
                                  0.000000    0.529281   clock reconvergence pessimism
                                 -0.017543    0.511738   library hold time
                                              0.511738   data required time
---------------------------------------------------------------------------------------------
                                              0.511738   data required time
                                             -0.833848   data arrival time
---------------------------------------------------------------------------------------------
                                              0.322110   slack (MET)


Startpoint: _1574_ (rising edge-triggered flip-flop clocked by clk)
Endpoint: _1590_ (rising edge-triggered flip-flop clocked by clk)
Path Group: clk
Path Type: min

Fanout         Cap        Slew       Delay        Time   Description
---------------------------------------------------------------------------------------------
                                  0.000000    0.000000   clock clk (rise edge)
                                  0.000000    0.000000   clock source latency
     1    0.019024    0.068474    0.046761    0.046761 ^ clk (in)
                                                         clk (net)
                      0.068482    0.000000    0.046761 ^ clkbuf_0_clk/A (sky130_fd_sc_hd__clkbuf_16)
     8    0.082698    0.076007    0.130428    0.177189 ^ clkbuf_0_clk/X (sky130_fd_sc_hd__clkbuf_16)
                                                         clknet_0_clk (net)
                      0.076093    0.001583    0.178772 ^ clkbuf_3_3__f_clk/A (sky130_fd_sc_hd__clkbuf_16)
     8    0.030190    0.038568    0.103876    0.282648 ^ clkbuf_3_3__f_clk/X (sky130_fd_sc_hd__clkbuf_16)
                                                         clknet_3_3__leaf_clk (net)
                      0.038573    0.000461    0.283108 ^ _1574_/CLK (sky130_fd_sc_hd__dfxtp_2)
     3    0.013563    0.057572    0.218653    0.501761 ^ _1574_/Q (sky130_fd_sc_hd__dfxtp_2)
                                                         busy (net)
                      0.057573    0.000347    0.502108 ^ _0805_/A (sky130_fd_sc_hd__or3_2)
     2    0.007887    0.037174    0.088255    0.590363 ^ _0805_/X (sky130_fd_sc_hd__or3_2)
                                                         _0075_ (net)
                      0.037174    0.000120    0.590483 ^ _1438_/B (sky130_fd_sc_hd__or3b_2)
     9    0.032785    0.146888    0.156121    0.746604 ^ _1438_/X (sky130_fd_sc_hd__or3b_2)
                                                         _0699_ (net)
                      0.146899    0.001011    0.747615 ^ _1452_/A2 (sky130_fd_sc_hd__o211a_2)
     1    0.002279    0.024013    0.103836    0.851451 ^ _1452_/X (sky130_fd_sc_hd__o211a_2)
                                                         _0018_ (net)
                      0.024013    0.000014    0.851465 ^ _1590_/D (sky130_fd_sc_hd__dfxtp_2)
                                              0.851465   data arrival time

                                  0.000000    0.000000   clock clk (rise edge)
                                  0.000000    0.000000   clock source latency
     1    0.019024    0.068474    0.046761    0.046761 ^ clk (in)
                                                         clk (net)
                      0.068482    0.000000    0.046761 ^ clkbuf_0_clk/A (sky130_fd_sc_hd__clkbuf_16)
     8    0.082698    0.076007    0.130428    0.177189 ^ clkbuf_0_clk/X (sky130_fd_sc_hd__clkbuf_16)
                                                         clknet_0_clk (net)
                      0.076113    0.001871    0.179059 ^ clkbuf_3_7__f_clk/A (sky130_fd_sc_hd__clkbuf_16)
     8    0.026884    0.036250    0.101475    0.280535 ^ clkbuf_3_7__f_clk/X (sky130_fd_sc_hd__clkbuf_16)
                                                         clknet_3_7__leaf_clk (net)
                      0.036288    0.001017    0.281551 ^ _1590_/CLK (sky130_fd_sc_hd__dfxtp_2)
                                  0.250000    0.531551   clock uncertainty
                                  0.000000    0.531551   clock reconvergence pessimism
                                 -0.016680    0.514871   library hold time
                                              0.514871   data required time
---------------------------------------------------------------------------------------------
                                              0.514871   data required time
                                             -0.851465   data arrival time
---------------------------------------------------------------------------------------------
                                              0.336593   slack (MET)


Startpoint: _1591_ (rising edge-triggered flip-flop clocked by clk)
Endpoint: _1591_ (rising edge-triggered flip-flop clocked by clk)
Path Group: clk
Path Type: min

Fanout         Cap        Slew       Delay        Time   Description
---------------------------------------------------------------------------------------------
                                  0.000000    0.000000   clock clk (rise edge)
                                  0.000000    0.000000   clock source latency
     1    0.019024    0.068474    0.046761    0.046761 ^ clk (in)
                                                         clk (net)
                      0.068482    0.000000    0.046761 ^ clkbuf_0_clk/A (sky130_fd_sc_hd__clkbuf_16)
     8    0.082698    0.076007    0.130428    0.177189 ^ clkbuf_0_clk/X (sky130_fd_sc_hd__clkbuf_16)
                                                         clknet_0_clk (net)
                      0.076098    0.001667    0.178856 ^ clkbuf_3_5__f_clk/A (sky130_fd_sc_hd__clkbuf_16)
     8    0.028666    0.037481    0.102938    0.281793 ^ clkbuf_3_5__f_clk/X (sky130_fd_sc_hd__clkbuf_16)
                                                         clknet_3_5__leaf_clk (net)
                      0.037483    0.000274    0.282067 ^ _1591_/CLK (sky130_fd_sc_hd__dfxtp_2)
     2    0.011034    0.048897    0.211622    0.493689 ^ _1591_/Q (sky130_fd_sc_hd__dfxtp_2)
                                                         u_dp.a_q[7] (net)
                      0.048897    0.000076    0.493766 ^ fanout58/A (sky130_fd_sc_hd__clkdlybuf4s25_1)
     5    0.021653    0.167011    0.259215    0.752980 ^ fanout58/X (sky130_fd_sc_hd__clkdlybuf4s25_1)
                                                         net58 (net)
                      0.167011    0.000068    0.753049 ^ _1454_/A1 (sky130_fd_sc_hd__o211a_2)
     1    0.002315    0.024152    0.110451    0.863499 ^ _1454_/X (sky130_fd_sc_hd__o211a_2)
                                                         _0019_ (net)
                      0.024152    0.000024    0.863523 ^ _1591_/D (sky130_fd_sc_hd__dfxtp_2)
                                              0.863523   data arrival time

                                  0.000000    0.000000   clock clk (rise edge)
                                  0.000000    0.000000   clock source latency
     1    0.019024    0.068474    0.046761    0.046761 ^ clk (in)
                                                         clk (net)
                      0.068482    0.000000    0.046761 ^ clkbuf_0_clk/A (sky130_fd_sc_hd__clkbuf_16)
     8    0.082698    0.076007    0.130428    0.177189 ^ clkbuf_0_clk/X (sky130_fd_sc_hd__clkbuf_16)
                                                         clknet_0_clk (net)
                      0.076098    0.001667    0.178856 ^ clkbuf_3_5__f_clk/A (sky130_fd_sc_hd__clkbuf_16)
     8    0.028666    0.037481    0.102938    0.281793 ^ clkbuf_3_5__f_clk/X (sky130_fd_sc_hd__clkbuf_16)
                                                         clknet_3_5__leaf_clk (net)
                      0.037483    0.000274    0.282067 ^ _1591_/CLK (sky130_fd_sc_hd__dfxtp_2)
                                  0.250000    0.532067   clock uncertainty
                                  0.000000    0.532067   clock reconvergence pessimism
                                 -0.016661    0.515406   library hold time
                                              0.515406   data required time
---------------------------------------------------------------------------------------------
                                              0.515406   data required time
                                             -0.863523   data arrival time
---------------------------------------------------------------------------------------------
                                              0.348117   slack (MET)


Startpoint: _1574_ (rising edge-triggered flip-flop clocked by clk)
Endpoint: _1596_ (rising edge-triggered flip-flop clocked by clk)
Path Group: clk
Path Type: min

Fanout         Cap        Slew       Delay        Time   Description
---------------------------------------------------------------------------------------------
                                  0.000000    0.000000   clock clk (rise edge)
                                  0.000000    0.000000   clock source latency
     1    0.019024    0.068474    0.046761    0.046761 ^ clk (in)
                                                         clk (net)
                      0.068482    0.000000    0.046761 ^ clkbuf_0_clk/A (sky130_fd_sc_hd__clkbuf_16)
     8    0.082698    0.076007    0.130428    0.177189 ^ clkbuf_0_clk/X (sky130_fd_sc_hd__clkbuf_16)
                                                         clknet_0_clk (net)
                      0.076093    0.001583    0.178772 ^ clkbuf_3_3__f_clk/A (sky130_fd_sc_hd__clkbuf_16)
     8    0.030190    0.038568    0.103876    0.282648 ^ clkbuf_3_3__f_clk/X (sky130_fd_sc_hd__clkbuf_16)
                                                         clknet_3_3__leaf_clk (net)
                      0.038573    0.000461    0.283108 ^ _1574_/CLK (sky130_fd_sc_hd__dfxtp_2)
     3    0.013563    0.057572    0.218653    0.501761 ^ _1574_/Q (sky130_fd_sc_hd__dfxtp_2)
                                                         busy (net)
                      0.057573    0.000344    0.502106 ^ _0794_/A (sky130_fd_sc_hd__nor2_2)
     4    0.011761    0.031220    0.038191    0.540296 v _0794_/Y (sky130_fd_sc_hd__nor2_2)
                                                         _0067_ (net)
                      0.031221    0.000087    0.540384 v _0804_/B (sky130_fd_sc_hd__and2b_2)
     3    0.009206    0.035938    0.129715    0.670099 v _0804_/X (sky130_fd_sc_hd__and2b_2)
                                                         _0074_ (net)
                      0.035938    0.000054    0.670152 v _1456_/C (sky130_fd_sc_hd__nand3_2)
     8    0.030714    0.127200    0.115639    0.785791 ^ _1456_/Y (sky130_fd_sc_hd__nand3_2)
                                                         _0709_ (net)
                      0.127244    0.000479    0.786270 ^ _1466_/A2 (sky130_fd_sc_hd__o211a_2)
     1    0.002046    0.023151    0.101538    0.887808 ^ _1466_/X (sky130_fd_sc_hd__o211a_2)
                                                         _0024_ (net)
                      0.023151    0.000018    0.887826 ^ _1596_/D (sky130_fd_sc_hd__dfxtp_2)
                                              0.887826   data arrival time

                                  0.000000    0.000000   clock clk (rise edge)
                                  0.000000    0.000000   clock source latency
     1    0.019024    0.068474    0.046761    0.046761 ^ clk (in)
                                                         clk (net)
                      0.068482    0.000000    0.046761 ^ clkbuf_0_clk/A (sky130_fd_sc_hd__clkbuf_16)
     8    0.082698    0.076007    0.130428    0.177189 ^ clkbuf_0_clk/X (sky130_fd_sc_hd__clkbuf_16)
                                                         clknet_0_clk (net)
                      0.076113    0.001871    0.179059 ^ clkbuf_3_7__f_clk/A (sky130_fd_sc_hd__clkbuf_16)
     8    0.026884    0.036250    0.101475    0.280535 ^ clkbuf_3_7__f_clk/X (sky130_fd_sc_hd__clkbuf_16)
                                                         clknet_3_7__leaf_clk (net)
                      0.036254    0.000472    0.281006 ^ _1596_/CLK (sky130_fd_sc_hd__dfxtp_2)
                                  0.250000    0.531006   clock uncertainty
                                  0.000000    0.531006   clock reconvergence pessimism
                                 -0.016620    0.514387   library hold time
                                              0.514387   data required time
---------------------------------------------------------------------------------------------
                                              0.514387   data required time
                                             -0.887826   data arrival time
---------------------------------------------------------------------------------------------
                                              0.373439   slack (MET)


Startpoint: _1574_ (rising edge-triggered flip-flop clocked by clk)
Endpoint: _1593_ (rising edge-triggered flip-flop clocked by clk)
Path Group: clk
Path Type: min

Fanout         Cap        Slew       Delay        Time   Description
---------------------------------------------------------------------------------------------
                                  0.000000    0.000000   clock clk (rise edge)
                                  0.000000    0.000000   clock source latency
     1    0.019024    0.068474    0.046761    0.046761 ^ clk (in)
                                                         clk (net)
                      0.068482    0.000000    0.046761 ^ clkbuf_0_clk/A (sky130_fd_sc_hd__clkbuf_16)
     8    0.082698    0.076007    0.130428    0.177189 ^ clkbuf_0_clk/X (sky130_fd_sc_hd__clkbuf_16)
                                                         clknet_0_clk (net)
                      0.076093    0.001583    0.178772 ^ clkbuf_3_3__f_clk/A (sky130_fd_sc_hd__clkbuf_16)
     8    0.030190    0.038568    0.103876    0.282648 ^ clkbuf_3_3__f_clk/X (sky130_fd_sc_hd__clkbuf_16)
                                                         clknet_3_3__leaf_clk (net)
                      0.038573    0.000461    0.283108 ^ _1574_/CLK (sky130_fd_sc_hd__dfxtp_2)
     3    0.013563    0.057572    0.218653    0.501761 ^ _1574_/Q (sky130_fd_sc_hd__dfxtp_2)
                                                         busy (net)
                      0.057573    0.000344    0.502106 ^ _0794_/A (sky130_fd_sc_hd__nor2_2)
     4    0.011761    0.031220    0.038191    0.540296 v _0794_/Y (sky130_fd_sc_hd__nor2_2)
                                                         _0067_ (net)
                      0.031221    0.000087    0.540384 v _0804_/B (sky130_fd_sc_hd__and2b_2)
     3    0.009206    0.035938    0.129715    0.670099 v _0804_/X (sky130_fd_sc_hd__and2b_2)
                                                         _0074_ (net)
                      0.035938    0.000054    0.670152 v _1456_/C (sky130_fd_sc_hd__nand3_2)
     8    0.030714    0.127200    0.115639    0.785791 ^ _1456_/Y (sky130_fd_sc_hd__nand3_2)
                                                         _0709_ (net)
                      0.127242    0.000220    0.786011 ^ _1460_/A2 (sky130_fd_sc_hd__o211a_2)
     1    0.002228    0.023827    0.102286    0.888297 ^ _1460_/X (sky130_fd_sc_hd__o211a_2)
                                                         _0021_ (net)
                      0.023827    0.000022    0.888319 ^ _1593_/D (sky130_fd_sc_hd__dfxtp_2)
                                              0.888319   data arrival time

                                  0.000000    0.000000   clock clk (rise edge)
                                  0.000000    0.000000   clock source latency
     1    0.019024    0.068474    0.046761    0.046761 ^ clk (in)
                                                         clk (net)
                      0.068482    0.000000    0.046761 ^ clkbuf_0_clk/A (sky130_fd_sc_hd__clkbuf_16)
     8    0.082698    0.076007    0.130428    0.177189 ^ clkbuf_0_clk/X (sky130_fd_sc_hd__clkbuf_16)
                                                         clknet_0_clk (net)
                      0.076113    0.001862    0.179050 ^ clkbuf_3_6__f_clk/A (sky130_fd_sc_hd__clkbuf_16)
     8    0.024071    0.034308    0.099634    0.278684 ^ clkbuf_3_6__f_clk/X (sky130_fd_sc_hd__clkbuf_16)
                                                         clknet_3_6__leaf_clk (net)
                      0.034319    0.000424    0.279108 ^ _1593_/CLK (sky130_fd_sc_hd__dfxtp_2)
                                  0.250000    0.529108   clock uncertainty
                                  0.000000    0.529108   clock reconvergence pessimism
                                 -0.016713    0.512394   library hold time
                                              0.512394   data required time
---------------------------------------------------------------------------------------------
                                              0.512394   data required time
                                             -0.888319   data arrival time
---------------------------------------------------------------------------------------------
                                              0.375925   slack (MET)


Startpoint: _1574_ (rising edge-triggered flip-flop clocked by clk)
Endpoint: _1595_ (rising edge-triggered flip-flop clocked by clk)
Path Group: clk
Path Type: min

Fanout         Cap        Slew       Delay        Time   Description
---------------------------------------------------------------------------------------------
                                  0.000000    0.000000   clock clk (rise edge)
                                  0.000000    0.000000   clock source latency
     1    0.019024    0.068474    0.046761    0.046761 ^ clk (in)
                                                         clk (net)
                      0.068482    0.000000    0.046761 ^ clkbuf_0_clk/A (sky130_fd_sc_hd__clkbuf_16)
     8    0.082698    0.076007    0.130428    0.177189 ^ clkbuf_0_clk/X (sky130_fd_sc_hd__clkbuf_16)
                                                         clknet_0_clk (net)
                      0.076093    0.001583    0.178772 ^ clkbuf_3_3__f_clk/A (sky130_fd_sc_hd__clkbuf_16)
     8    0.030190    0.038568    0.103876    0.282648 ^ clkbuf_3_3__f_clk/X (sky130_fd_sc_hd__clkbuf_16)
                                                         clknet_3_3__leaf_clk (net)
                      0.038573    0.000461    0.283108 ^ _1574_/CLK (sky130_fd_sc_hd__dfxtp_2)
     3    0.013563    0.057572    0.218653    0.501761 ^ _1574_/Q (sky130_fd_sc_hd__dfxtp_2)
                                                         busy (net)
                      0.057573    0.000344    0.502106 ^ _0794_/A (sky130_fd_sc_hd__nor2_2)
     4    0.011761    0.031220    0.038191    0.540296 v _0794_/Y (sky130_fd_sc_hd__nor2_2)
                                                         _0067_ (net)
                      0.031221    0.000087    0.540384 v _0804_/B (sky130_fd_sc_hd__and2b_2)
     3    0.009206    0.035938    0.129715    0.670099 v _0804_/X (sky130_fd_sc_hd__and2b_2)
                                                         _0074_ (net)
                      0.035938    0.000054    0.670152 v _1456_/C (sky130_fd_sc_hd__nand3_2)
     8    0.030714    0.127200    0.115639    0.785791 ^ _1456_/Y (sky130_fd_sc_hd__nand3_2)
                                                         _0709_ (net)
                      0.127242    0.000234    0.786026 ^ _1464_/A2 (sky130_fd_sc_hd__o211a_2)
     1    0.002545    0.025005    0.103594    0.889619 ^ _1464_/X (sky130_fd_sc_hd__o211a_2)
                                                         _0023_ (net)
                      0.025005    0.000027    0.889646 ^ _1595_/D (sky130_fd_sc_hd__dfxtp_2)
                                              0.889646   data arrival time

                                  0.000000    0.000000   clock clk (rise edge)
                                  0.000000    0.000000   clock source latency
     1    0.019024    0.068474    0.046761    0.046761 ^ clk (in)
                                                         clk (net)
                      0.068482    0.000000    0.046761 ^ clkbuf_0_clk/A (sky130_fd_sc_hd__clkbuf_16)
     8    0.082698    0.076007    0.130428    0.177189 ^ clkbuf_0_clk/X (sky130_fd_sc_hd__clkbuf_16)
                                                         clknet_0_clk (net)
                      0.076113    0.001862    0.179050 ^ clkbuf_3_6__f_clk/A (sky130_fd_sc_hd__clkbuf_16)
     8    0.024071    0.034308    0.099634    0.278684 ^ clkbuf_3_6__f_clk/X (sky130_fd_sc_hd__clkbuf_16)
                                                         clknet_3_6__leaf_clk (net)
                      0.034321    0.000468    0.279152 ^ _1595_/CLK (sky130_fd_sc_hd__dfxtp_2)
                                  0.250000    0.529152   clock uncertainty
                                  0.000000    0.529152   clock reconvergence pessimism
                                 -0.016797    0.512355   library hold time
                                              0.512355   data required time
---------------------------------------------------------------------------------------------
                                              0.512355   data required time
                                             -0.889646   data arrival time
---------------------------------------------------------------------------------------------
                                              0.377291   slack (MET)


Startpoint: _1574_ (rising edge-triggered flip-flop clocked by clk)
Endpoint: _1598_ (rising edge-triggered flip-flop clocked by clk)
Path Group: clk
Path Type: min

Fanout         Cap        Slew       Delay        Time   Description
---------------------------------------------------------------------------------------------
                                  0.000000    0.000000   clock clk (rise edge)
                                  0.000000    0.000000   clock source latency
     1    0.019024    0.068474    0.046761    0.046761 ^ clk (in)
                                                         clk (net)
                      0.068482    0.000000    0.046761 ^ clkbuf_0_clk/A (sky130_fd_sc_hd__clkbuf_16)
     8    0.082698    0.076007    0.130428    0.177189 ^ clkbuf_0_clk/X (sky130_fd_sc_hd__clkbuf_16)
                                                         clknet_0_clk (net)
                      0.076093    0.001583    0.178772 ^ clkbuf_3_3__f_clk/A (sky130_fd_sc_hd__clkbuf_16)
     8    0.030190    0.038568    0.103876    0.282648 ^ clkbuf_3_3__f_clk/X (sky130_fd_sc_hd__clkbuf_16)
                                                         clknet_3_3__leaf_clk (net)
                      0.038573    0.000461    0.283108 ^ _1574_/CLK (sky130_fd_sc_hd__dfxtp_2)
     3    0.013563    0.057572    0.218653    0.501761 ^ _1574_/Q (sky130_fd_sc_hd__dfxtp_2)
                                                         busy (net)
                      0.057573    0.000344    0.502106 ^ _0794_/A (sky130_fd_sc_hd__nor2_2)
     4    0.011761    0.031220    0.038191    0.540296 v _0794_/Y (sky130_fd_sc_hd__nor2_2)
                                                         _0067_ (net)
                      0.031221    0.000087    0.540384 v _0804_/B (sky130_fd_sc_hd__and2b_2)
     3    0.009206    0.035938    0.129715    0.670099 v _0804_/X (sky130_fd_sc_hd__and2b_2)
                                                         _0074_ (net)
                      0.035938    0.000054    0.670152 v _1456_/C (sky130_fd_sc_hd__nand3_2)
     8    0.030714    0.127200    0.115639    0.785791 ^ _1456_/Y (sky130_fd_sc_hd__nand3_2)
                                                         _0709_ (net)
                      0.127245    0.000530    0.786321 ^ _1470_/A2 (sky130_fd_sc_hd__o211a_2)
     1    0.003348    0.028006    0.106906    0.893227 ^ _1470_/X (sky130_fd_sc_hd__o211a_2)
                                                         _0026_ (net)
                      0.028006    0.000048    0.893275 ^ _1598_/D (sky130_fd_sc_hd__dfxtp_2)
                                              0.893275   data arrival time

                                  0.000000    0.000000   clock clk (rise edge)
                                  0.000000    0.000000   clock source latency
     1    0.019024    0.068474    0.046761    0.046761 ^ clk (in)
                                                         clk (net)
                      0.068482    0.000000    0.046761 ^ clkbuf_0_clk/A (sky130_fd_sc_hd__clkbuf_16)
     8    0.082698    0.076007    0.130428    0.177189 ^ clkbuf_0_clk/X (sky130_fd_sc_hd__clkbuf_16)
                                                         clknet_0_clk (net)
                      0.076113    0.001871    0.179059 ^ clkbuf_3_7__f_clk/A (sky130_fd_sc_hd__clkbuf_16)
     8    0.026884    0.036250    0.101475    0.280535 ^ clkbuf_3_7__f_clk/X (sky130_fd_sc_hd__clkbuf_16)
                                                         clknet_3_7__leaf_clk (net)
                      0.036289    0.001025    0.281560 ^ _1598_/CLK (sky130_fd_sc_hd__dfxtp_2)
                                  0.250000    0.531560   clock uncertainty
                                  0.000000    0.531560   clock reconvergence pessimism
                                 -0.016962    0.514598   library hold time
                                              0.514598   data required time
---------------------------------------------------------------------------------------------
                                              0.514598   data required time
                                             -0.893275   data arrival time
---------------------------------------------------------------------------------------------
                                              0.378677   slack (MET)


Startpoint: _1574_ (rising edge-triggered flip-flop clocked by clk)
Endpoint: _1597_ (rising edge-triggered flip-flop clocked by clk)
Path Group: clk
Path Type: min

Fanout         Cap        Slew       Delay        Time   Description
---------------------------------------------------------------------------------------------
                                  0.000000    0.000000   clock clk (rise edge)
                                  0.000000    0.000000   clock source latency
     1    0.019024    0.068474    0.046761    0.046761 ^ clk (in)
                                                         clk (net)
                      0.068482    0.000000    0.046761 ^ clkbuf_0_clk/A (sky130_fd_sc_hd__clkbuf_16)
     8    0.082698    0.076007    0.130428    0.177189 ^ clkbuf_0_clk/X (sky130_fd_sc_hd__clkbuf_16)
                                                         clknet_0_clk (net)
                      0.076093    0.001583    0.178772 ^ clkbuf_3_3__f_clk/A (sky130_fd_sc_hd__clkbuf_16)
     8    0.030190    0.038568    0.103876    0.282648 ^ clkbuf_3_3__f_clk/X (sky130_fd_sc_hd__clkbuf_16)
                                                         clknet_3_3__leaf_clk (net)
                      0.038573    0.000461    0.283108 ^ _1574_/CLK (sky130_fd_sc_hd__dfxtp_2)
     3    0.013563    0.057572    0.218653    0.501761 ^ _1574_/Q (sky130_fd_sc_hd__dfxtp_2)
                                                         busy (net)
                      0.057573    0.000344    0.502106 ^ _0794_/A (sky130_fd_sc_hd__nor2_2)
     4    0.011761    0.031220    0.038191    0.540296 v _0794_/Y (sky130_fd_sc_hd__nor2_2)
                                                         _0067_ (net)
                      0.031221    0.000087    0.540384 v _0804_/B (sky130_fd_sc_hd__and2b_2)
     3    0.009206    0.035938    0.129715    0.670099 v _0804_/X (sky130_fd_sc_hd__and2b_2)
                                                         _0074_ (net)
                      0.035938    0.000054    0.670152 v _1456_/C (sky130_fd_sc_hd__nand3_2)
     8    0.030714    0.127200    0.115639    0.785791 ^ _1456_/Y (sky130_fd_sc_hd__nand3_2)
                                                         _0709_ (net)
                      0.127245    0.000529    0.786320 ^ _1468_/A2 (sky130_fd_sc_hd__o211a_2)
     1    0.003300    0.027825    0.106709    0.893029 ^ _1468_/X (sky130_fd_sc_hd__o211a_2)
                                                         _0025_ (net)
                      0.027825    0.000045    0.893075 ^ _1597_/D (sky130_fd_sc_hd__dfxtp_2)
                                              0.893075   data arrival time

                                  0.000000    0.000000   clock clk (rise edge)
                                  0.000000    0.000000   clock source latency
     1    0.019024    0.068474    0.046761    0.046761 ^ clk (in)
                                                         clk (net)
                      0.068482    0.000000    0.046761 ^ clkbuf_0_clk/A (sky130_fd_sc_hd__clkbuf_16)
     8    0.082698    0.076007    0.130428    0.177189 ^ clkbuf_0_clk/X (sky130_fd_sc_hd__clkbuf_16)
                                                         clknet_0_clk (net)
                      0.076113    0.001862    0.179050 ^ clkbuf_3_6__f_clk/A (sky130_fd_sc_hd__clkbuf_16)
     8    0.024071    0.034308    0.099634    0.278684 ^ clkbuf_3_6__f_clk/X (sky130_fd_sc_hd__clkbuf_16)
                                                         clknet_3_6__leaf_clk (net)
                      0.034339    0.000776    0.279460 ^ _1597_/CLK (sky130_fd_sc_hd__dfxtp_2)
                                  0.250000    0.529459   clock uncertainty
                                  0.000000    0.529459   clock reconvergence pessimism
                                 -0.016996    0.512464   library hold time
                                              0.512464   data required time
---------------------------------------------------------------------------------------------
                                              0.512464   data required time
                                             -0.893075   data arrival time
---------------------------------------------------------------------------------------------
                                              0.380611   slack (MET)


Startpoint: _1635_ (rising edge-triggered flip-flop clocked by clk)
Endpoint: _1627_ (rising edge-triggered flip-flop clocked by clk)
Path Group: clk
Path Type: min

Fanout         Cap        Slew       Delay        Time   Description
---------------------------------------------------------------------------------------------
                                  0.000000    0.000000   clock clk (rise edge)
                                  0.000000    0.000000   clock source latency
     1    0.019024    0.068474    0.046761    0.046761 ^ clk (in)
                                                         clk (net)
                      0.068482    0.000000    0.046761 ^ clkbuf_0_clk/A (sky130_fd_sc_hd__clkbuf_16)
     8    0.082698    0.076007    0.130428    0.177189 ^ clkbuf_0_clk/X (sky130_fd_sc_hd__clkbuf_16)
                                                         clknet_0_clk (net)
                      0.076113    0.001862    0.179050 ^ clkbuf_3_6__f_clk/A (sky130_fd_sc_hd__clkbuf_16)
     8    0.024071    0.034308    0.099634    0.278684 ^ clkbuf_3_6__f_clk/X (sky130_fd_sc_hd__clkbuf_16)
                                                         clknet_3_6__leaf_clk (net)
                      0.034328    0.000597    0.279281 ^ _1635_/CLK (sky130_fd_sc_hd__dfxtp_2)
     1    0.003746    0.018188    0.193812    0.473093 v _1635_/Q (sky130_fd_sc_hd__dfxtp_2)
                                                         u_rst_sync.rst_ff2 (net)
                      0.018439    0.000056    0.473149 v fanout42/A (sky130_fd_sc_hd__clkdlybuf4s25_1)
    10    0.050498    0.255262    0.328501    0.801651 v fanout42/X (sky130_fd_sc_hd__clkdlybuf4s25_1)
                                                         net42 (net)
                      0.255353    0.004473    0.806124 v _1627_/D (sky130_fd_sc_hd__dfxtp_2)
                                              0.806124   data arrival time

                                  0.000000    0.000000   clock clk (rise edge)
                                  0.000000    0.000000   clock source latency
     1    0.019024    0.068474    0.046761    0.046761 ^ clk (in)
                                                         clk (net)
                      0.068482    0.000000    0.046761 ^ clkbuf_0_clk/A (sky130_fd_sc_hd__clkbuf_16)
     8    0.082698    0.076007    0.130428    0.177189 ^ clkbuf_0_clk/X (sky130_fd_sc_hd__clkbuf_16)
                                                         clknet_0_clk (net)
                      0.076088    0.001513    0.178702 ^ clkbuf_3_2__f_clk/A (sky130_fd_sc_hd__clkbuf_16)
     8    0.024444    0.034559    0.099908    0.278610 ^ clkbuf_3_2__f_clk/X (sky130_fd_sc_hd__clkbuf_16)
                                                         clknet_3_2__leaf_clk (net)
                      0.034588    0.000758    0.279368 ^ _1627_/CLK (sky130_fd_sc_hd__dfxtp_2)
                                  0.250000    0.529368   clock uncertainty
                                  0.000000    0.529368   clock reconvergence pessimism
                                 -0.108945    0.420423   library hold time
                                              0.420423   data required time
---------------------------------------------------------------------------------------------
                                              0.420423   data required time
                                             -0.806124   data arrival time
---------------------------------------------------------------------------------------------
                                              0.385701   slack (MET)


Startpoint: _1627_ (rising edge-triggered flip-flop clocked by clk)
Endpoint: _1628_ (rising edge-triggered flip-flop clocked by clk)
Path Group: clk
Path Type: min

Fanout         Cap        Slew       Delay        Time   Description
---------------------------------------------------------------------------------------------
                                  0.000000    0.000000   clock clk (rise edge)
                                  0.000000    0.000000   clock source latency
     1    0.019024    0.068474    0.046761    0.046761 ^ clk (in)
                                                         clk (net)
                      0.068482    0.000000    0.046761 ^ clkbuf_0_clk/A (sky130_fd_sc_hd__clkbuf_16)
     8    0.082698    0.076007    0.130428    0.177189 ^ clkbuf_0_clk/X (sky130_fd_sc_hd__clkbuf_16)
                                                         clknet_0_clk (net)
                      0.076088    0.001513    0.178702 ^ clkbuf_3_2__f_clk/A (sky130_fd_sc_hd__clkbuf_16)
     8    0.024444    0.034559    0.099908    0.278610 ^ clkbuf_3_2__f_clk/X (sky130_fd_sc_hd__clkbuf_16)
                                                         clknet_3_2__leaf_clk (net)
                      0.034588    0.000758    0.279368 ^ _1627_/CLK (sky130_fd_sc_hd__dfxtp_2)
     1    0.002779    0.021616    0.187808    0.467176 ^ _1627_/Q (sky130_fd_sc_hd__dfxtp_2)
                                                         u_sync.seen_reset[0] (net)
                      0.021616    0.000031    0.467207 ^ hold83/A (sky130_fd_sc_hd__dlygate4sd3_1)
     1    0.001813    0.032346    0.362391    0.829598 ^ hold83/X (sky130_fd_sc_hd__dlygate4sd3_1)
                                                         net83 (net)
                      0.032346    0.000008    0.829606 ^ _1565_/B (sky130_fd_sc_hd__and2_2)
     1    0.002559    0.024046    0.077862    0.907467 ^ _1565_/X (sky130_fd_sc_hd__and2_2)
                                                         _0055_ (net)
                      0.024046    0.000028    0.907495 ^ _1628_/D (sky130_fd_sc_hd__dfxtp_2)
                                              0.907495   data arrival time

                                  0.000000    0.000000   clock clk (rise edge)
                                  0.000000    0.000000   clock source latency
     1    0.019024    0.068474    0.046761    0.046761 ^ clk (in)
                                                         clk (net)
                      0.068482    0.000000    0.046761 ^ clkbuf_0_clk/A (sky130_fd_sc_hd__clkbuf_16)
     8    0.082698    0.076007    0.130428    0.177189 ^ clkbuf_0_clk/X (sky130_fd_sc_hd__clkbuf_16)
                                                         clknet_0_clk (net)
                      0.076088    0.001513    0.178702 ^ clkbuf_3_2__f_clk/A (sky130_fd_sc_hd__clkbuf_16)
     8    0.024444    0.034559    0.099908    0.278610 ^ clkbuf_3_2__f_clk/X (sky130_fd_sc_hd__clkbuf_16)
                                                         clknet_3_2__leaf_clk (net)
                      0.034587    0.000744    0.279354 ^ _1628_/CLK (sky130_fd_sc_hd__dfxtp_2)
                                  0.250000    0.529354   clock uncertainty
                                  0.000000    0.529354   clock reconvergence pessimism
                                 -0.016723    0.512631   library hold time
                                              0.512631   data required time
---------------------------------------------------------------------------------------------
                                              0.512631   data required time
                                             -0.907495   data arrival time
---------------------------------------------------------------------------------------------
                                              0.394864   slack (MET)


Startpoint: _1574_ (rising edge-triggered flip-flop clocked by clk)
Endpoint: _1588_ (rising edge-triggered flip-flop clocked by clk)
Path Group: clk
Path Type: min

Fanout         Cap        Slew       Delay        Time   Description
---------------------------------------------------------------------------------------------
                                  0.000000    0.000000   clock clk (rise edge)
                                  0.000000    0.000000   clock source latency
     1    0.019024    0.068474    0.046761    0.046761 ^ clk (in)
                                                         clk (net)
                      0.068482    0.000000    0.046761 ^ clkbuf_0_clk/A (sky130_fd_sc_hd__clkbuf_16)
     8    0.082698    0.076007    0.130428    0.177189 ^ clkbuf_0_clk/X (sky130_fd_sc_hd__clkbuf_16)
                                                         clknet_0_clk (net)
                      0.076093    0.001583    0.178772 ^ clkbuf_3_3__f_clk/A (sky130_fd_sc_hd__clkbuf_16)
     8    0.030190    0.038568    0.103876    0.282648 ^ clkbuf_3_3__f_clk/X (sky130_fd_sc_hd__clkbuf_16)
                                                         clknet_3_3__leaf_clk (net)
                      0.038573    0.000461    0.283108 ^ _1574_/CLK (sky130_fd_sc_hd__dfxtp_2)
     3    0.013563    0.057572    0.218653    0.501761 ^ _1574_/Q (sky130_fd_sc_hd__dfxtp_2)
                                                         busy (net)
                      0.057573    0.000347    0.502108 ^ _0805_/A (sky130_fd_sc_hd__or3_2)
     2    0.007887    0.037174    0.088255    0.590363 ^ _0805_/X (sky130_fd_sc_hd__or3_2)
                                                         _0075_ (net)
                      0.037174    0.000120    0.590483 ^ _1438_/B (sky130_fd_sc_hd__or3b_2)
     9    0.032785    0.146888    0.156121    0.746604 ^ _1438_/X (sky130_fd_sc_hd__or3b_2)
                                                         _0699_ (net)
                      0.146899    0.001042    0.747646 ^ _1447_/B (sky130_fd_sc_hd__or2_2)
     1    0.003641    0.024402    0.088283    0.835929 ^ _1447_/X (sky130_fd_sc_hd__or2_2)
                                                         _0704_ (net)
                      0.024402    0.000045    0.835974 ^ _1448_/B1 (sky130_fd_sc_hd__o211a_2)
     1    0.002688    0.025543    0.077432    0.913406 ^ _1448_/X (sky130_fd_sc_hd__o211a_2)
                                                         _0016_ (net)
                      0.025543    0.000029    0.913435 ^ _1588_/D (sky130_fd_sc_hd__dfxtp_2)
                                              0.913435   data arrival time

                                  0.000000    0.000000   clock clk (rise edge)
                                  0.000000    0.000000   clock source latency
     1    0.019024    0.068474    0.046761    0.046761 ^ clk (in)
                                                         clk (net)
                      0.068482    0.000000    0.046761 ^ clkbuf_0_clk/A (sky130_fd_sc_hd__clkbuf_16)
     8    0.082698    0.076007    0.130428    0.177189 ^ clkbuf_0_clk/X (sky130_fd_sc_hd__clkbuf_16)
                                                         clknet_0_clk (net)
                      0.076113    0.001871    0.179059 ^ clkbuf_3_7__f_clk/A (sky130_fd_sc_hd__clkbuf_16)
     8    0.026884    0.036250    0.101475    0.280535 ^ clkbuf_3_7__f_clk/X (sky130_fd_sc_hd__clkbuf_16)
                                                         clknet_3_7__leaf_clk (net)
                      0.036284    0.000970    0.281504 ^ _1588_/CLK (sky130_fd_sc_hd__dfxtp_2)
                                  0.250000    0.531504   clock uncertainty
                                  0.000000    0.531504   clock reconvergence pessimism
                                 -0.016788    0.514716   library hold time
                                              0.514716   data required time
---------------------------------------------------------------------------------------------
                                              0.514716   data required time
                                             -0.913435   data arrival time
---------------------------------------------------------------------------------------------
                                              0.398719   slack (MET)


Startpoint: _1624_ (rising edge-triggered flip-flop clocked by clk)
Endpoint: _1625_ (rising edge-triggered flip-flop clocked by clk)
Path Group: clk
Path Type: min

Fanout         Cap        Slew       Delay        Time   Description
---------------------------------------------------------------------------------------------
                                  0.000000    0.000000   clock clk (rise edge)
                                  0.000000    0.000000   clock source latency
     1    0.019024    0.068474    0.046761    0.046761 ^ clk (in)
                                                         clk (net)
                      0.068482    0.000000    0.046761 ^ clkbuf_0_clk/A (sky130_fd_sc_hd__clkbuf_16)
     8    0.082698    0.076007    0.130428    0.177189 ^ clkbuf_0_clk/X (sky130_fd_sc_hd__clkbuf_16)
                                                         clknet_0_clk (net)
                      0.076093    0.001583    0.178772 ^ clkbuf_3_3__f_clk/A (sky130_fd_sc_hd__clkbuf_16)
     8    0.030190    0.038568    0.103876    0.282648 ^ clkbuf_3_3__f_clk/X (sky130_fd_sc_hd__clkbuf_16)
                                                         clknet_3_3__leaf_clk (net)
                      0.038579    0.000601    0.283249 ^ _1624_/CLK (sky130_fd_sc_hd__dfxtp_2)
     1    0.003202    0.022696    0.190352    0.473601 ^ _1624_/Q (sky130_fd_sc_hd__dfxtp_2)
                                                         u_sync.ff1 (net)
                      0.022696    0.000043    0.473644 ^ hold84/A (sky130_fd_sc_hd__dlygate4sd3_1)
     1    0.002150    0.033569    0.364823    0.838466 ^ hold84/X (sky130_fd_sc_hd__dlygate4sd3_1)
                                                         net84 (net)
                      0.033569    0.000019    0.838486 ^ _1563_/B (sky130_fd_sc_hd__and2_2)
     1    0.002985    0.025370    0.079629    0.918114 ^ _1563_/X (sky130_fd_sc_hd__and2_2)
                                                         _0053_ (net)
                      0.025370    0.000041    0.918156 ^ _1625_/D (sky130_fd_sc_hd__dfxtp_2)
                                              0.918156   data arrival time

                                  0.000000    0.000000   clock clk (rise edge)
                                  0.000000    0.000000   clock source latency
     1    0.019024    0.068474    0.046761    0.046761 ^ clk (in)
                                                         clk (net)
                      0.068482    0.000000    0.046761 ^ clkbuf_0_clk/A (sky130_fd_sc_hd__clkbuf_16)
     8    0.082698    0.076007    0.130428    0.177189 ^ clkbuf_0_clk/X (sky130_fd_sc_hd__clkbuf_16)
                                                         clknet_0_clk (net)
                      0.076093    0.001583    0.178772 ^ clkbuf_3_3__f_clk/A (sky130_fd_sc_hd__clkbuf_16)
     8    0.030190    0.038568    0.103876    0.282648 ^ clkbuf_3_3__f_clk/X (sky130_fd_sc_hd__clkbuf_16)
                                                         clknet_3_3__leaf_clk (net)
                      0.038580    0.000623    0.283270 ^ _1625_/CLK (sky130_fd_sc_hd__dfxtp_2)
                                  0.250000    0.533270   clock uncertainty
                                  0.000000    0.533270   clock reconvergence pessimism
                                 -0.016721    0.516549   library hold time
                                              0.516549   data required time
---------------------------------------------------------------------------------------------
                                              0.516549   data required time
                                             -0.918156   data arrival time
---------------------------------------------------------------------------------------------
                                              0.401607   slack (MET)


Startpoint: _1574_ (rising edge-triggered flip-flop clocked by clk)
Endpoint: _1586_ (rising edge-triggered flip-flop clocked by clk)
Path Group: clk
Path Type: min

Fanout         Cap        Slew       Delay        Time   Description
---------------------------------------------------------------------------------------------
                                  0.000000    0.000000   clock clk (rise edge)
                                  0.000000    0.000000   clock source latency
     1    0.019024    0.068474    0.046761    0.046761 ^ clk (in)
                                                         clk (net)
                      0.068482    0.000000    0.046761 ^ clkbuf_0_clk/A (sky130_fd_sc_hd__clkbuf_16)
     8    0.082698    0.076007    0.130428    0.177189 ^ clkbuf_0_clk/X (sky130_fd_sc_hd__clkbuf_16)
                                                         clknet_0_clk (net)
                      0.076093    0.001583    0.178772 ^ clkbuf_3_3__f_clk/A (sky130_fd_sc_hd__clkbuf_16)
     8    0.030190    0.038568    0.103876    0.282648 ^ clkbuf_3_3__f_clk/X (sky130_fd_sc_hd__clkbuf_16)
                                                         clknet_3_3__leaf_clk (net)
                      0.038573    0.000461    0.283108 ^ _1574_/CLK (sky130_fd_sc_hd__dfxtp_2)
     3    0.013563    0.057572    0.218653    0.501761 ^ _1574_/Q (sky130_fd_sc_hd__dfxtp_2)
                                                         busy (net)
                      0.057573    0.000347    0.502108 ^ _0805_/A (sky130_fd_sc_hd__or3_2)
     2    0.007887    0.037174    0.088255    0.590363 ^ _0805_/X (sky130_fd_sc_hd__or3_2)
                                                         _0075_ (net)
                      0.037174    0.000120    0.590483 ^ _1438_/B (sky130_fd_sc_hd__or3b_2)
     9    0.032785    0.146888    0.156121    0.746604 ^ _1438_/X (sky130_fd_sc_hd__or3b_2)
                                                         _0699_ (net)
                      0.146895    0.000796    0.747400 ^ _1443_/B (sky130_fd_sc_hd__or2_2)
     1    0.005511    0.030337    0.093977    0.841377 ^ _1443_/X (sky130_fd_sc_hd__or2_2)
                                                         _0702_ (net)
                      0.030337    0.000112    0.841488 ^ _1444_/B1 (sky130_fd_sc_hd__o211a_2)
     1    0.002098    0.023337    0.076639    0.918127 ^ _1444_/X (sky130_fd_sc_hd__o211a_2)
                                                         _0014_ (net)
                      0.023337    0.000011    0.918138 ^ _1586_/D (sky130_fd_sc_hd__dfxtp_2)
                                              0.918138   data arrival time

                                  0.000000    0.000000   clock clk (rise edge)
                                  0.000000    0.000000   clock source latency
     1    0.019024    0.068474    0.046761    0.046761 ^ clk (in)
                                                         clk (net)
                      0.068482    0.000000    0.046761 ^ clkbuf_0_clk/A (sky130_fd_sc_hd__clkbuf_16)
     8    0.082698    0.076007    0.130428    0.177189 ^ clkbuf_0_clk/X (sky130_fd_sc_hd__clkbuf_16)
                                                         clknet_0_clk (net)
                      0.076113    0.001862    0.179050 ^ clkbuf_3_6__f_clk/A (sky130_fd_sc_hd__clkbuf_16)
     8    0.024071    0.034308    0.099634    0.278684 ^ clkbuf_3_6__f_clk/X (sky130_fd_sc_hd__clkbuf_16)
                                                         clknet_3_6__leaf_clk (net)
                      0.034338    0.000749    0.279433 ^ _1586_/CLK (sky130_fd_sc_hd__dfxtp_2)
                                  0.250000    0.529433   clock uncertainty
                                  0.000000    0.529433   clock reconvergence pessimism
                                 -0.016678    0.512755   library hold time
                                              0.512755   data required time
---------------------------------------------------------------------------------------------
                                              0.512755   data required time
                                             -0.918138   data arrival time
---------------------------------------------------------------------------------------------
                                              0.405384   slack (MET)


Startpoint: _1574_ (rising edge-triggered flip-flop clocked by clk)
Endpoint: _1587_ (rising edge-triggered flip-flop clocked by clk)
Path Group: clk
Path Type: min

Fanout         Cap        Slew       Delay        Time   Description
---------------------------------------------------------------------------------------------
                                  0.000000    0.000000   clock clk (rise edge)
                                  0.000000    0.000000   clock source latency
     1    0.019024    0.068474    0.046761    0.046761 ^ clk (in)
                                                         clk (net)
                      0.068482    0.000000    0.046761 ^ clkbuf_0_clk/A (sky130_fd_sc_hd__clkbuf_16)
     8    0.082698    0.076007    0.130428    0.177189 ^ clkbuf_0_clk/X (sky130_fd_sc_hd__clkbuf_16)
                                                         clknet_0_clk (net)
                      0.076093    0.001583    0.178772 ^ clkbuf_3_3__f_clk/A (sky130_fd_sc_hd__clkbuf_16)
     8    0.030190    0.038568    0.103876    0.282648 ^ clkbuf_3_3__f_clk/X (sky130_fd_sc_hd__clkbuf_16)
                                                         clknet_3_3__leaf_clk (net)
                      0.038573    0.000461    0.283108 ^ _1574_/CLK (sky130_fd_sc_hd__dfxtp_2)
     3    0.013563    0.057572    0.218653    0.501761 ^ _1574_/Q (sky130_fd_sc_hd__dfxtp_2)
                                                         busy (net)
                      0.057573    0.000347    0.502108 ^ _0805_/A (sky130_fd_sc_hd__or3_2)
     2    0.007887    0.037174    0.088255    0.590363 ^ _0805_/X (sky130_fd_sc_hd__or3_2)
                                                         _0075_ (net)
                      0.037174    0.000120    0.590483 ^ _1438_/B (sky130_fd_sc_hd__or3b_2)
     9    0.032785    0.146888    0.156121    0.746604 ^ _1438_/X (sky130_fd_sc_hd__or3b_2)
                                                         _0699_ (net)
                      0.146903    0.001197    0.747801 ^ _1445_/B (sky130_fd_sc_hd__or2_2)
     1    0.005461    0.030673    0.093848    0.841648 ^ _1445_/X (sky130_fd_sc_hd__or2_2)
                                                         _0703_ (net)
                      0.030673    0.000100    0.841749 ^ _1446_/B1 (sky130_fd_sc_hd__o211a_2)
     1    0.003458    0.028418    0.081953    0.923702 ^ _1446_/X (sky130_fd_sc_hd__o211a_2)
                                                         _0015_ (net)
                      0.028418    0.000046    0.923748 ^ _1587_/D (sky130_fd_sc_hd__dfxtp_2)
                                              0.923748   data arrival time

                                  0.000000    0.000000   clock clk (rise edge)
                                  0.000000    0.000000   clock source latency
     1    0.019024    0.068474    0.046761    0.046761 ^ clk (in)
                                                         clk (net)
                      0.068482    0.000000    0.046761 ^ clkbuf_0_clk/A (sky130_fd_sc_hd__clkbuf_16)
     8    0.082698    0.076007    0.130428    0.177189 ^ clkbuf_0_clk/X (sky130_fd_sc_hd__clkbuf_16)
                                                         clknet_0_clk (net)
                      0.076113    0.001862    0.179050 ^ clkbuf_3_6__f_clk/A (sky130_fd_sc_hd__clkbuf_16)
     8    0.024071    0.034308    0.099634    0.278684 ^ clkbuf_3_6__f_clk/X (sky130_fd_sc_hd__clkbuf_16)
                                                         clknet_3_6__leaf_clk (net)
                      0.034335    0.000716    0.279400 ^ _1587_/CLK (sky130_fd_sc_hd__dfxtp_2)
                                  0.250000    0.529400   clock uncertainty
                                  0.000000    0.529400   clock reconvergence pessimism
                                 -0.017038    0.512362   library hold time
                                              0.512362   data required time
---------------------------------------------------------------------------------------------
                                              0.512362   data required time
                                             -0.923748   data arrival time
---------------------------------------------------------------------------------------------
                                              0.411385   slack (MET)


Startpoint: _1625_ (rising edge-triggered flip-flop clocked by clk)
Endpoint: _1626_ (rising edge-triggered flip-flop clocked by clk)
Path Group: clk
Path Type: min

Fanout         Cap        Slew       Delay        Time   Description
---------------------------------------------------------------------------------------------
                                  0.000000    0.000000   clock clk (rise edge)
                                  0.000000    0.000000   clock source latency
     1    0.019024    0.068474    0.046761    0.046761 ^ clk (in)
                                                         clk (net)
                      0.068482    0.000000    0.046761 ^ clkbuf_0_clk/A (sky130_fd_sc_hd__clkbuf_16)
     8    0.082698    0.076007    0.130428    0.177189 ^ clkbuf_0_clk/X (sky130_fd_sc_hd__clkbuf_16)
                                                         clknet_0_clk (net)
                      0.076093    0.001583    0.178772 ^ clkbuf_3_3__f_clk/A (sky130_fd_sc_hd__clkbuf_16)
     8    0.030190    0.038568    0.103876    0.282648 ^ clkbuf_3_3__f_clk/X (sky130_fd_sc_hd__clkbuf_16)
                                                         clknet_3_3__leaf_clk (net)
                      0.038580    0.000623    0.283270 ^ _1625_/CLK (sky130_fd_sc_hd__dfxtp_2)
     3    0.007654    0.037273    0.202986    0.486257 ^ _1625_/Q (sky130_fd_sc_hd__dfxtp_2)
                                                         u_sync.ff2 (net)
                      0.037273    0.000090    0.486347 ^ hold87/A (sky130_fd_sc_hd__dlygate4sd3_1)
     1    0.001992    0.032735    0.366959    0.853306 ^ hold87/X (sky130_fd_sc_hd__dlygate4sd3_1)
                                                         net87 (net)
                      0.032735    0.000017    0.853323 ^ _1564_/A (sky130_fd_sc_hd__and2_2)
     1    0.002512    0.023910    0.074236    0.927558 ^ _1564_/X (sky130_fd_sc_hd__and2_2)
                                                         _0054_ (net)
                      0.023910    0.000027    0.927586 ^ _1626_/D (sky130_fd_sc_hd__dfxtp_2)
                                              0.927586   data arrival time

                                  0.000000    0.000000   clock clk (rise edge)
                                  0.000000    0.000000   clock source latency
     1    0.019024    0.068474    0.046761    0.046761 ^ clk (in)
                                                         clk (net)
                      0.068482    0.000000    0.046761 ^ clkbuf_0_clk/A (sky130_fd_sc_hd__clkbuf_16)
     8    0.082698    0.076007    0.130428    0.177189 ^ clkbuf_0_clk/X (sky130_fd_sc_hd__clkbuf_16)
                                                         clknet_0_clk (net)
                      0.076088    0.001513    0.178702 ^ clkbuf_3_2__f_clk/A (sky130_fd_sc_hd__clkbuf_16)
     8    0.024444    0.034559    0.099908    0.278610 ^ clkbuf_3_2__f_clk/X (sky130_fd_sc_hd__clkbuf_16)
                                                         clknet_3_2__leaf_clk (net)
                      0.034585    0.000717    0.279327 ^ _1626_/CLK (sky130_fd_sc_hd__dfxtp_2)
                                  0.250000    0.529327   clock uncertainty
                                  0.000000    0.529327   clock reconvergence pessimism
                                 -0.016713    0.512614   library hold time
                                              0.512614   data required time
---------------------------------------------------------------------------------------------
                                              0.512614   data required time
                                             -0.927586   data arrival time
---------------------------------------------------------------------------------------------
                                              0.414972   slack (MET)


Startpoint: _1601_ (rising edge-triggered flip-flop clocked by clk)
Endpoint: _1604_ (rising edge-triggered flip-flop clocked by clk)
Path Group: clk
Path Type: min

Fanout         Cap        Slew       Delay        Time   Description
---------------------------------------------------------------------------------------------
                                  0.000000    0.000000   clock clk (rise edge)
                                  0.000000    0.000000   clock source latency
     1    0.019024    0.068474    0.046761    0.046761 ^ clk (in)
                                                         clk (net)
                      0.068482    0.000000    0.046761 ^ clkbuf_0_clk/A (sky130_fd_sc_hd__clkbuf_16)
     8    0.082698    0.076007    0.130428    0.177189 ^ clkbuf_0_clk/X (sky130_fd_sc_hd__clkbuf_16)
                                                         clknet_0_clk (net)
                      0.076099    0.001673    0.178861 ^ clkbuf_3_0__f_clk/A (sky130_fd_sc_hd__clkbuf_16)
     8    0.023710    0.034074    0.099505    0.278366 ^ clkbuf_3_0__f_clk/X (sky130_fd_sc_hd__clkbuf_16)
                                                         clknet_3_0__leaf_clk (net)
                      0.034075    0.000145    0.278511 ^ _1601_/CLK (sky130_fd_sc_hd__dfxtp_2)
     4    0.021836    0.087495    0.238566    0.517076 ^ _1601_/Q (sky130_fd_sc_hd__dfxtp_2)
                                                         u_dp.acc_q[1] (net)
                      0.087495    0.000316    0.517392 ^ _1342_/A1 (sky130_fd_sc_hd__a21boi_2)
     2    0.013335    0.038251    0.051860    0.569253 v _1342_/Y (sky130_fd_sc_hd__a21boi_2)
                                                         _0612_ (net)
                      0.038251    0.000134    0.569386 v _1343_/B (sky130_fd_sc_hd__nor2_2)
     3    0.014094    0.124138    0.109960    0.679346 ^ _1343_/Y (sky130_fd_sc_hd__nor2_2)
                                                         _0613_ (net)
                      0.124138    0.000158    0.679504 ^ _1347_/A1 (sky130_fd_sc_hd__o21ai_2)
     2    0.007828    0.028302    0.053371    0.732875 v _1347_/Y (sky130_fd_sc_hd__o21ai_2)
                                                         _0617_ (net)
                      0.028302    0.000074    0.732949 v _1487_/B (sky130_fd_sc_hd__nand3_2)
     1    0.003435    0.024990    0.043542    0.776491 ^ _1487_/Y (sky130_fd_sc_hd__nand3_2)
                                                         _0728_ (net)
                      0.024990    0.000039    0.776530 ^ _1488_/A3 (sky130_fd_sc_hd__a31o_2)
     1    0.003954    0.029743    0.086837    0.863367 ^ _1488_/X (sky130_fd_sc_hd__a31o_2)
                                                         _0729_ (net)
                      0.029743    0.000056    0.863423 ^ _1489_/C1 (sky130_fd_sc_hd__o211a_2)
     1    0.002141    0.023489    0.072218    0.935641 ^ _1489_/X (sky130_fd_sc_hd__o211a_2)
                                                         _0032_ (net)
                      0.023489    0.000010    0.935652 ^ _1604_/D (sky130_fd_sc_hd__dfxtp_2)
                                              0.935652   data arrival time

                                  0.000000    0.000000   clock clk (rise edge)
                                  0.000000    0.000000   clock source latency
     1    0.019024    0.068474    0.046761    0.046761 ^ clk (in)
                                                         clk (net)
                      0.068482    0.000000    0.046761 ^ clkbuf_0_clk/A (sky130_fd_sc_hd__clkbuf_16)
     8    0.082698    0.076007    0.130428    0.177189 ^ clkbuf_0_clk/X (sky130_fd_sc_hd__clkbuf_16)
                                                         clknet_0_clk (net)
                      0.076088    0.001513    0.178702 ^ clkbuf_3_2__f_clk/A (sky130_fd_sc_hd__clkbuf_16)
     8    0.024444    0.034559    0.099908    0.278610 ^ clkbuf_3_2__f_clk/X (sky130_fd_sc_hd__clkbuf_16)
                                                         clknet_3_2__leaf_clk (net)
                      0.034559    0.000155    0.278765 ^ _1604_/CLK (sky130_fd_sc_hd__dfxtp_2)
                                  0.250000    0.528765   clock uncertainty
                                  0.000000    0.528765   clock reconvergence pessimism
                                 -0.016684    0.512081   library hold time
                                              0.512081   data required time
---------------------------------------------------------------------------------------------
                                              0.512081   data required time
                                             -0.935652   data arrival time
---------------------------------------------------------------------------------------------
                                              0.423571   slack (MET)


Startpoint: _1630_ (rising edge-triggered flip-flop clocked by clk)
Endpoint: _1631_ (rising edge-triggered flip-flop clocked by clk)
Path Group: clk
Path Type: min

Fanout         Cap        Slew       Delay        Time   Description
---------------------------------------------------------------------------------------------
                                  0.000000    0.000000   clock clk (rise edge)
                                  0.000000    0.000000   clock source latency
     1    0.019024    0.068474    0.046761    0.046761 ^ clk (in)
                                                         clk (net)
                      0.068482    0.000000    0.046761 ^ clkbuf_0_clk/A (sky130_fd_sc_hd__clkbuf_16)
     8    0.082698    0.076007    0.130428    0.177189 ^ clkbuf_0_clk/X (sky130_fd_sc_hd__clkbuf_16)
                                                         clknet_0_clk (net)
                      0.076088    0.001513    0.178702 ^ clkbuf_3_2__f_clk/A (sky130_fd_sc_hd__clkbuf_16)
     8    0.024444    0.034559    0.099908    0.278610 ^ clkbuf_3_2__f_clk/X (sky130_fd_sc_hd__clkbuf_16)
                                                         clknet_3_2__leaf_clk (net)
                      0.034573    0.000523    0.279133 ^ _1630_/CLK (sky130_fd_sc_hd__dfxtp_2)
     4    0.012437    0.032075    0.209936    0.489068 v _1630_/Q (sky130_fd_sc_hd__dfxtp_2)
                                                         u_sync.lock_cnt[0] (net)
                      0.032075    0.000076    0.489144 v _1569_/A (sky130_fd_sc_hd__nand2_2)
     2    0.009451    0.044178    0.050651    0.539795 ^ _1569_/Y (sky130_fd_sc_hd__nand2_2)
                                                         _0785_ (net)
                      0.044178    0.000109    0.539904 ^ _1572_/A2 (sky130_fd_sc_hd__a2111oi_2)
     1    0.001846    0.018657    0.034890    0.574794 v _1572_/Y (sky130_fd_sc_hd__a2111oi_2)
                                                         _0058_ (net)
                      0.018657    0.000015    0.574809 v hold89/A (sky130_fd_sc_hd__dlygate4sd3_1)
     1    0.002669    0.037570    0.354835    0.929644 v hold89/X (sky130_fd_sc_hd__dlygate4sd3_1)
                                                         net89 (net)
                      0.037570    0.000031    0.929675 v _1631_/D (sky130_fd_sc_hd__dfxtp_2)
                                              0.929675   data arrival time

                                  0.000000    0.000000   clock clk (rise edge)
                                  0.000000    0.000000   clock source latency
     1    0.019024    0.068474    0.046761    0.046761 ^ clk (in)
                                                         clk (net)
                      0.068482    0.000000    0.046761 ^ clkbuf_0_clk/A (sky130_fd_sc_hd__clkbuf_16)
     8    0.082698    0.076007    0.130428    0.177189 ^ clkbuf_0_clk/X (sky130_fd_sc_hd__clkbuf_16)
                                                         clknet_0_clk (net)
                      0.076093    0.001583    0.178772 ^ clkbuf_3_3__f_clk/A (sky130_fd_sc_hd__clkbuf_16)
     8    0.030190    0.038568    0.103876    0.282648 ^ clkbuf_3_3__f_clk/X (sky130_fd_sc_hd__clkbuf_16)
                                                         clknet_3_3__leaf_clk (net)
                      0.038573    0.000447    0.283095 ^ _1631_/CLK (sky130_fd_sc_hd__dfxtp_2)
                                  0.250000    0.533095   clock uncertainty
                                  0.000000    0.533095   clock reconvergence pessimism
                                 -0.036100    0.496995   library hold time
                                              0.496995   data required time
---------------------------------------------------------------------------------------------
                                              0.496995   data required time
                                             -0.929675   data arrival time
---------------------------------------------------------------------------------------------
                                              0.432679   slack (MET)


Startpoint: _1628_ (rising edge-triggered flip-flop clocked by clk)
Endpoint: _1629_ (rising edge-triggered flip-flop clocked by clk)
Path Group: clk
Path Type: min

Fanout         Cap        Slew       Delay        Time   Description
---------------------------------------------------------------------------------------------
                                  0.000000    0.000000   clock clk (rise edge)
                                  0.000000    0.000000   clock source latency
     1    0.019024    0.068474    0.046761    0.046761 ^ clk (in)
                                                         clk (net)
                      0.068482    0.000000    0.046761 ^ clkbuf_0_clk/A (sky130_fd_sc_hd__clkbuf_16)
     8    0.082698    0.076007    0.130428    0.177189 ^ clkbuf_0_clk/X (sky130_fd_sc_hd__clkbuf_16)
                                                         clknet_0_clk (net)
                      0.076088    0.001513    0.178702 ^ clkbuf_3_2__f_clk/A (sky130_fd_sc_hd__clkbuf_16)
     8    0.024444    0.034559    0.099908    0.278610 ^ clkbuf_3_2__f_clk/X (sky130_fd_sc_hd__clkbuf_16)
                                                         clknet_3_2__leaf_clk (net)
                      0.034587    0.000744    0.279354 ^ _1628_/CLK (sky130_fd_sc_hd__dfxtp_2)
     1    0.002705    0.021434    0.187571    0.466925 ^ _1628_/Q (sky130_fd_sc_hd__dfxtp_2)
                                                         u_sync.seen_reset[1] (net)
                      0.021434    0.000031    0.466956 ^ _1566_/B (sky130_fd_sc_hd__and2b_2)
     1    0.004526    0.028945    0.082399    0.549356 ^ _1566_/X (sky130_fd_sc_hd__and2b_2)
                                                         _0783_ (net)
                      0.028945    0.000075    0.549430 ^ _1567_/A2 (sky130_fd_sc_hd__o21a_2)
     1    0.002340    0.018770    0.061536    0.610967 ^ _1567_/X (sky130_fd_sc_hd__o21a_2)
                                                         _0056_ (net)
                      0.018770    0.000022    0.610988 ^ hold86/A (sky130_fd_sc_hd__dlygate4sd3_1)
     1    0.002071    0.033139    0.363341    0.974329 ^ hold86/X (sky130_fd_sc_hd__dlygate4sd3_1)
                                                         net86 (net)
                      0.033139    0.000018    0.974347 ^ _1629_/D (sky130_fd_sc_hd__dfxtp_2)
                                              0.974347   data arrival time

                                  0.000000    0.000000   clock clk (rise edge)
                                  0.000000    0.000000   clock source latency
     1    0.019024    0.068474    0.046761    0.046761 ^ clk (in)
                                                         clk (net)
                      0.068482    0.000000    0.046761 ^ clkbuf_0_clk/A (sky130_fd_sc_hd__clkbuf_16)
     8    0.082698    0.076007    0.130428    0.177189 ^ clkbuf_0_clk/X (sky130_fd_sc_hd__clkbuf_16)
                                                         clknet_0_clk (net)
                      0.076088    0.001513    0.178702 ^ clkbuf_3_2__f_clk/A (sky130_fd_sc_hd__clkbuf_16)
     8    0.024444    0.034559    0.099908    0.278610 ^ clkbuf_3_2__f_clk/X (sky130_fd_sc_hd__clkbuf_16)
                                                         clknet_3_2__leaf_clk (net)
                      0.034588    0.000758    0.279368 ^ _1629_/CLK (sky130_fd_sc_hd__dfxtp_2)
                                  0.250000    0.529368   clock uncertainty
                                  0.000000    0.529368   clock reconvergence pessimism
                                 -0.017366    0.512002   library hold time
                                              0.512002   data required time
---------------------------------------------------------------------------------------------
                                              0.512002   data required time
                                             -0.974347   data arrival time
---------------------------------------------------------------------------------------------
                                              0.462345   slack (MET)


Startpoint: _1635_ (rising edge-triggered flip-flop clocked by clk)
Endpoint: _1574_ (rising edge-triggered flip-flop clocked by clk)
Path Group: clk
Path Type: min

Fanout         Cap        Slew       Delay        Time   Description
---------------------------------------------------------------------------------------------
                                  0.000000    0.000000   clock clk (rise edge)
                                  0.000000    0.000000   clock source latency
     1    0.019024    0.068474    0.046761    0.046761 ^ clk (in)
                                                         clk (net)
                      0.068482    0.000000    0.046761 ^ clkbuf_0_clk/A (sky130_fd_sc_hd__clkbuf_16)
     8    0.082698    0.076007    0.130428    0.177189 ^ clkbuf_0_clk/X (sky130_fd_sc_hd__clkbuf_16)
                                                         clknet_0_clk (net)
                      0.076113    0.001862    0.179050 ^ clkbuf_3_6__f_clk/A (sky130_fd_sc_hd__clkbuf_16)
     8    0.024071    0.034308    0.099634    0.278684 ^ clkbuf_3_6__f_clk/X (sky130_fd_sc_hd__clkbuf_16)
                                                         clknet_3_6__leaf_clk (net)
                      0.034328    0.000597    0.279281 ^ _1635_/CLK (sky130_fd_sc_hd__dfxtp_2)
     1    0.003972    0.025202    0.191535    0.470816 ^ _1635_/Q (sky130_fd_sc_hd__dfxtp_2)
                                                         u_rst_sync.rst_ff2 (net)
                      0.025202    0.000060    0.470876 ^ fanout42/A (sky130_fd_sc_hd__clkdlybuf4s25_1)
    10    0.052072    0.390561    0.405090    0.875966 ^ fanout42/X (sky130_fd_sc_hd__clkdlybuf4s25_1)
                                                         net42 (net)
                      0.390617    0.003904    0.879870 ^ _0803_/A (sky130_fd_sc_hd__and2_2)
     1    0.002020    0.029317    0.117108    0.996978 ^ _0803_/X (sky130_fd_sc_hd__and2_2)
                                                         _0002_ (net)
                      0.029317    0.000009    0.996987 ^ _1574_/D (sky130_fd_sc_hd__dfxtp_2)
                                              0.996987   data arrival time

                                  0.000000    0.000000   clock clk (rise edge)
                                  0.000000    0.000000   clock source latency
     1    0.019024    0.068474    0.046761    0.046761 ^ clk (in)
                                                         clk (net)
                      0.068482    0.000000    0.046761 ^ clkbuf_0_clk/A (sky130_fd_sc_hd__clkbuf_16)
     8    0.082698    0.076007    0.130428    0.177189 ^ clkbuf_0_clk/X (sky130_fd_sc_hd__clkbuf_16)
                                                         clknet_0_clk (net)
                      0.076093    0.001583    0.178772 ^ clkbuf_3_3__f_clk/A (sky130_fd_sc_hd__clkbuf_16)
     8    0.030190    0.038568    0.103876    0.282648 ^ clkbuf_3_3__f_clk/X (sky130_fd_sc_hd__clkbuf_16)
                                                         clknet_3_3__leaf_clk (net)
                      0.038573    0.000461    0.283108 ^ _1574_/CLK (sky130_fd_sc_hd__dfxtp_2)
                                  0.250000    0.533108   clock uncertainty
                                  0.000000    0.533108   clock reconvergence pessimism
                                 -0.017000    0.516108   library hold time
                                              0.516108   data required time
---------------------------------------------------------------------------------------------
                                              0.516108   data required time
                                             -0.996987   data arrival time
---------------------------------------------------------------------------------------------
                                              0.480879   slack (MET)


Startpoint: _1575_ (rising edge-triggered flip-flop clocked by clk)
Endpoint: _1575_ (rising edge-triggered flip-flop clocked by clk)
Path Group: clk
Path Type: min

Fanout         Cap        Slew       Delay        Time   Description
---------------------------------------------------------------------------------------------
                                  0.000000    0.000000   clock clk (rise edge)
                                  0.000000    0.000000   clock source latency
     1    0.019024    0.068474    0.046761    0.046761 ^ clk (in)
                                                         clk (net)
                      0.068482    0.000000    0.046761 ^ clkbuf_0_clk/A (sky130_fd_sc_hd__clkbuf_16)
     8    0.082698    0.076007    0.130428    0.177189 ^ clkbuf_0_clk/X (sky130_fd_sc_hd__clkbuf_16)
                                                         clknet_0_clk (net)
                      0.076097    0.001646    0.178835 ^ clkbuf_3_1__f_clk/A (sky130_fd_sc_hd__clkbuf_16)
     8    0.023329    0.033822    0.099293    0.278128 ^ clkbuf_3_1__f_clk/X (sky130_fd_sc_hd__clkbuf_16)
                                                         clknet_3_1__leaf_clk (net)
                      0.033829    0.000196    0.278324 ^ _1575_/CLK (sky130_fd_sc_hd__dfxtp_2)
     2    0.011985    0.052207    0.213036    0.491359 ^ _1575_/Q (sky130_fd_sc_hd__dfxtp_2)
                                                         ovf (net)
                      0.052207    0.000015    0.491375 ^ hold95/A (sky130_fd_sc_hd__dlygate4sd3_1)
     1    0.003101    0.039281    0.377267    0.868642 ^ hold95/X (sky130_fd_sc_hd__dlygate4sd3_1)
                                                         net95 (net)
                      0.039281    0.000029    0.868671 ^ _1410_/B1 (sky130_fd_sc_hd__a21o_2)
     1    0.003229    0.019611    0.051571    0.920242 ^ _1410_/X (sky130_fd_sc_hd__a21o_2)
                                                         _0680_ (net)
                      0.019611    0.000045    0.920287 ^ _1411_/B (sky130_fd_sc_hd__and2_2)
     1    0.002078    0.022549    0.072963    0.993250 ^ _1411_/X (sky130_fd_sc_hd__and2_2)
                                                         _0003_ (net)
                      0.022549    0.000010    0.993259 ^ _1575_/D (sky130_fd_sc_hd__dfxtp_2)
                                              0.993259   data arrival time

                                  0.000000    0.000000   clock clk (rise edge)
                                  0.000000    0.000000   clock source latency
     1    0.019024    0.068474    0.046761    0.046761 ^ clk (in)
                                                         clk (net)
                      0.068482    0.000000    0.046761 ^ clkbuf_0_clk/A (sky130_fd_sc_hd__clkbuf_16)
     8    0.082698    0.076007    0.130428    0.177189 ^ clkbuf_0_clk/X (sky130_fd_sc_hd__clkbuf_16)
                                                         clknet_0_clk (net)
                      0.076097    0.001646    0.178835 ^ clkbuf_3_1__f_clk/A (sky130_fd_sc_hd__clkbuf_16)
     8    0.023329    0.033822    0.099293    0.278128 ^ clkbuf_3_1__f_clk/X (sky130_fd_sc_hd__clkbuf_16)
                                                         clknet_3_1__leaf_clk (net)
                      0.033829    0.000196    0.278324 ^ _1575_/CLK (sky130_fd_sc_hd__dfxtp_2)
                                  0.250000    0.528324   clock uncertainty
                                  0.000000    0.528324   clock reconvergence pessimism
                                 -0.016635    0.511689   library hold time
                                              0.511689   data required time
---------------------------------------------------------------------------------------------
                                              0.511689   data required time
                                             -0.993259   data arrival time
---------------------------------------------------------------------------------------------
                                              0.481570   slack (MET)


Startpoint: _1610_ (rising edge-triggered flip-flop clocked by clk)
Endpoint: _1610_ (rising edge-triggered flip-flop clocked by clk)
Path Group: clk
Path Type: min

Fanout         Cap        Slew       Delay        Time   Description
---------------------------------------------------------------------------------------------
                                  0.000000    0.000000   clock clk (rise edge)
                                  0.000000    0.000000   clock source latency
     1    0.019024    0.068474    0.046761    0.046761 ^ clk (in)
                                                         clk (net)
                      0.068482    0.000000    0.046761 ^ clkbuf_0_clk/A (sky130_fd_sc_hd__clkbuf_16)
     8    0.082698    0.076007    0.130428    0.177189 ^ clkbuf_0_clk/X (sky130_fd_sc_hd__clkbuf_16)
                                                         clknet_0_clk (net)
                      0.076097    0.001646    0.178835 ^ clkbuf_3_1__f_clk/A (sky130_fd_sc_hd__clkbuf_16)
     8    0.023329    0.033822    0.099293    0.278128 ^ clkbuf_3_1__f_clk/X (sky130_fd_sc_hd__clkbuf_16)
                                                         clknet_3_1__leaf_clk (net)
                      0.033827    0.000136    0.278264 ^ _1610_/CLK (sky130_fd_sc_hd__dfxtp_2)
     5    0.020921    0.084157    0.236123    0.514387 ^ _1610_/Q (sky130_fd_sc_hd__dfxtp_2)
                                                         u_dp.acc_q[10] (net)
                      0.084157    0.000176    0.514563 ^ hold100/A (sky130_fd_sc_hd__dlygate4sd3_1)
     1    0.003676    0.043023    0.386056    0.900619 ^ hold100/X (sky130_fd_sc_hd__dlygate4sd3_1)
                                                         net100 (net)
                      0.043023    0.000033    0.900651 ^ _1511_/A1 (sky130_fd_sc_hd__o211a_2)
     1    0.002243    0.023873    0.096230    0.996881 ^ _1511_/X (sky130_fd_sc_hd__o211a_2)
                                                         _0038_ (net)
                      0.023873    0.000021    0.996902 ^ _1610_/D (sky130_fd_sc_hd__dfxtp_2)
                                              0.996902   data arrival time

                                  0.000000    0.000000   clock clk (rise edge)
                                  0.000000    0.000000   clock source latency
     1    0.019024    0.068474    0.046761    0.046761 ^ clk (in)
                                                         clk (net)
                      0.068482    0.000000    0.046761 ^ clkbuf_0_clk/A (sky130_fd_sc_hd__clkbuf_16)
     8    0.082698    0.076007    0.130428    0.177189 ^ clkbuf_0_clk/X (sky130_fd_sc_hd__clkbuf_16)
                                                         clknet_0_clk (net)
                      0.076097    0.001646    0.178835 ^ clkbuf_3_1__f_clk/A (sky130_fd_sc_hd__clkbuf_16)
     8    0.023329    0.033822    0.099293    0.278128 ^ clkbuf_3_1__f_clk/X (sky130_fd_sc_hd__clkbuf_16)
                                                         clknet_3_1__leaf_clk (net)
                      0.033827    0.000136    0.278264 ^ _1610_/CLK (sky130_fd_sc_hd__dfxtp_2)
                                  0.250000    0.528264   clock uncertainty
                                  0.000000    0.528264   clock reconvergence pessimism
                                 -0.016728    0.511535   library hold time
                                              0.511535   data required time
---------------------------------------------------------------------------------------------
                                              0.511535   data required time
                                             -0.996902   data arrival time
---------------------------------------------------------------------------------------------
                                              0.485367   slack (MET)


Startpoint: _1603_ (rising edge-triggered flip-flop clocked by clk)
Endpoint: _1605_ (rising edge-triggered flip-flop clocked by clk)
Path Group: clk
Path Type: min

Fanout         Cap        Slew       Delay        Time   Description
---------------------------------------------------------------------------------------------
                                  0.000000    0.000000   clock clk (rise edge)
                                  0.000000    0.000000   clock source latency
     1    0.019024    0.068474    0.046761    0.046761 ^ clk (in)
                                                         clk (net)
                      0.068482    0.000000    0.046761 ^ clkbuf_0_clk/A (sky130_fd_sc_hd__clkbuf_16)
     8    0.082698    0.076007    0.130428    0.177189 ^ clkbuf_0_clk/X (sky130_fd_sc_hd__clkbuf_16)
                                                         clknet_0_clk (net)
                      0.076088    0.001513    0.178702 ^ clkbuf_3_2__f_clk/A (sky130_fd_sc_hd__clkbuf_16)
     8    0.024444    0.034559    0.099908    0.278610 ^ clkbuf_3_2__f_clk/X (sky130_fd_sc_hd__clkbuf_16)
                                                         clknet_3_2__leaf_clk (net)
                      0.034559    0.000085    0.278695 ^ _1603_/CLK (sky130_fd_sc_hd__dfxtp_2)
     5    0.023557    0.093813    0.242987    0.521681 ^ _1603_/Q (sky130_fd_sc_hd__dfxtp_2)
                                                         u_dp.acc_q[3] (net)
                      0.093816    0.000708    0.522389 ^ _1301_/A1 (sky130_fd_sc_hd__a21boi_2)
     2    0.012764    0.037478    0.051800    0.574189 v _1301_/Y (sky130_fd_sc_hd__a21boi_2)
                                                         _0571_ (net)
                      0.037478    0.000080    0.574269 v _1305_/A2 (sky130_fd_sc_hd__o21ai_2)
     2    0.016875    0.075423    0.143884    0.718153 ^ _1305_/Y (sky130_fd_sc_hd__o21ai_2)
                                                         _0575_ (net)
                      0.075424    0.000277    0.718430 ^ _1316_/A (sky130_fd_sc_hd__xnor2_2)
     3    0.012820    0.045747    0.063399    0.781829 v _1316_/Y (sky130_fd_sc_hd__xnor2_2)
                                                         _0586_ (net)
                      0.045747    0.000104    0.781933 v _1491_/A (sky130_fd_sc_hd__xnor2_2)
     1    0.002512    0.023720    0.096565    0.878498 ^ _1491_/Y (sky130_fd_sc_hd__xnor2_2)
                                                         _0731_ (net)
                      0.023720    0.000009    0.878507 ^ _1492_/A2 (sky130_fd_sc_hd__a21o_2)
     1    0.004159    0.024982    0.070496    0.949003 ^ _1492_/X (sky130_fd_sc_hd__a21o_2)
                                                         _0732_ (net)
                      0.024982    0.000066    0.949069 ^ _1493_/C1 (sky130_fd_sc_hd__o211a_2)
     1    0.002380    0.024378    0.071917    1.020986 ^ _1493_/X (sky130_fd_sc_hd__o211a_2)
                                                         _0033_ (net)
                      0.024378    0.000025    1.021011 ^ _1605_/D (sky130_fd_sc_hd__dfxtp_2)
                                              1.021011   data arrival time

                                  0.000000    0.000000   clock clk (rise edge)
                                  0.000000    0.000000   clock source latency
     1    0.019024    0.068474    0.046761    0.046761 ^ clk (in)
                                                         clk (net)
                      0.068482    0.000000    0.046761 ^ clkbuf_0_clk/A (sky130_fd_sc_hd__clkbuf_16)
     8    0.082698    0.076007    0.130428    0.177189 ^ clkbuf_0_clk/X (sky130_fd_sc_hd__clkbuf_16)
                                                         clknet_0_clk (net)
                      0.076093    0.001583    0.178772 ^ clkbuf_3_3__f_clk/A (sky130_fd_sc_hd__clkbuf_16)
     8    0.030190    0.038568    0.103876    0.282648 ^ clkbuf_3_3__f_clk/X (sky130_fd_sc_hd__clkbuf_16)
                                                         clknet_3_3__leaf_clk (net)
                      0.038569    0.000278    0.282926 ^ _1605_/CLK (sky130_fd_sc_hd__dfxtp_2)
                                  0.250000    0.532926   clock uncertainty
                                  0.000000    0.532926   clock reconvergence pessimism
                                 -0.016651    0.516275   library hold time
                                              0.516275   data required time
---------------------------------------------------------------------------------------------
                                              0.516275   data required time
                                             -1.021011   data arrival time
---------------------------------------------------------------------------------------------
                                              0.504736   slack (MET)


Startpoint: _1635_ (rising edge-triggered flip-flop clocked by clk)
Endpoint: _1624_ (rising edge-triggered flip-flop clocked by clk)
Path Group: clk
Path Type: min

Fanout         Cap        Slew       Delay        Time   Description
---------------------------------------------------------------------------------------------
                                  0.000000    0.000000   clock clk (rise edge)
                                  0.000000    0.000000   clock source latency
     1    0.019024    0.068474    0.046761    0.046761 ^ clk (in)
                                                         clk (net)
                      0.068482    0.000000    0.046761 ^ clkbuf_0_clk/A (sky130_fd_sc_hd__clkbuf_16)
     8    0.082698    0.076007    0.130428    0.177189 ^ clkbuf_0_clk/X (sky130_fd_sc_hd__clkbuf_16)
                                                         clknet_0_clk (net)
                      0.076113    0.001862    0.179050 ^ clkbuf_3_6__f_clk/A (sky130_fd_sc_hd__clkbuf_16)
     8    0.024071    0.034308    0.099634    0.278684 ^ clkbuf_3_6__f_clk/X (sky130_fd_sc_hd__clkbuf_16)
                                                         clknet_3_6__leaf_clk (net)
                      0.034328    0.000597    0.279281 ^ _1635_/CLK (sky130_fd_sc_hd__dfxtp_2)
     1    0.003746    0.018188    0.193812    0.473093 v _1635_/Q (sky130_fd_sc_hd__dfxtp_2)
                                                         u_rst_sync.rst_ff2 (net)
                      0.018439    0.000056    0.473149 v fanout42/A (sky130_fd_sc_hd__clkdlybuf4s25_1)
    10    0.050498    0.255262    0.328501    0.801651 v fanout42/X (sky130_fd_sc_hd__clkdlybuf4s25_1)
                                                         net42 (net)
                      0.255265    0.001236    0.802886 v fanout41/A (sky130_fd_sc_hd__clkdlybuf4s25_1)
     9    0.032153    0.165346    0.337644    1.140530 v fanout41/X (sky130_fd_sc_hd__clkdlybuf4s25_1)
                                                         net41 (net)
                      0.165347    0.000735    1.141265 v _1562_/A (sky130_fd_sc_hd__and2_2)
     1    0.015177    0.045532    0.180437    1.321702 v _1562_/X (sky130_fd_sc_hd__and2_2)
                                                         _0052_ (net)
                      0.045553    0.000757    1.322458 v _1624_/D (sky130_fd_sc_hd__dfxtp_2)
                                              1.322458   data arrival time

                                  0.000000    0.000000   clock clk (rise edge)
                                  0.000000    0.000000   clock source latency
     1    0.019024    0.068474    0.046761    0.046761 ^ clk (in)
                                                         clk (net)
                      0.068482    0.000000    0.046761 ^ clkbuf_0_clk/A (sky130_fd_sc_hd__clkbuf_16)
     8    0.082698    0.076007    0.130428    0.177189 ^ clkbuf_0_clk/X (sky130_fd_sc_hd__clkbuf_16)
                                                         clknet_0_clk (net)
                      0.076093    0.001583    0.178772 ^ clkbuf_3_3__f_clk/A (sky130_fd_sc_hd__clkbuf_16)
     8    0.030190    0.038568    0.103876    0.282648 ^ clkbuf_3_3__f_clk/X (sky130_fd_sc_hd__clkbuf_16)
                                                         clknet_3_3__leaf_clk (net)
                      0.038579    0.000601    0.283249 ^ _1624_/CLK (sky130_fd_sc_hd__dfxtp_2)
                                  0.250000    0.533249   clock uncertainty
                                  0.000000    0.533249   clock reconvergence pessimism
                                 -0.038755    0.494494   library hold time
                                              0.494494   data required time
---------------------------------------------------------------------------------------------
                                              0.494494   data required time
                                             -1.322458   data arrival time
---------------------------------------------------------------------------------------------
                                              0.827965   slack (MET)


Startpoint: rst_n (input port clocked by clk)
Endpoint: _1636_ (rising edge-triggered flip-flop clocked by clk)
Path Group: clk
Path Type: min

Fanout         Cap        Slew       Delay        Time   Description
---------------------------------------------------------------------------------------------
                                  0.000000    0.000000   clock clk (rise edge)
                                  0.000000    0.000000   clock network delay (propagated)
                                  4.000000    4.000000 v input external delay
     1    0.005550    0.009106    0.004870    4.004870 v rst_n (in)
                                                         rst_n (net)
                      0.009106    0.000000    4.004870 v input1/A (sky130_fd_sc_hd__clkdlybuf4s25_1)
     1    0.003598    0.030829    0.152499    4.157369 v input1/X (sky130_fd_sc_hd__clkdlybuf4s25_1)
                                                         net1 (net)
                      0.030829    0.000055    4.157424 v _1636_/D (sky130_fd_sc_hd__dfxtp_2)
                                              4.157424   data arrival time

                                  0.000000    0.000000   clock clk (rise edge)
                                  0.000000    0.000000   clock source latency
     1    0.019024    0.068474    0.046761    0.046761 ^ clk (in)
                                                         clk (net)
                      0.068482    0.000000    0.046761 ^ clkbuf_0_clk/A (sky130_fd_sc_hd__clkbuf_16)
     8    0.082698    0.076007    0.130428    0.177189 ^ clkbuf_0_clk/X (sky130_fd_sc_hd__clkbuf_16)
                                                         clknet_0_clk (net)
                      0.076113    0.001871    0.179059 ^ clkbuf_3_7__f_clk/A (sky130_fd_sc_hd__clkbuf_16)
     8    0.026884    0.036250    0.101475    0.280535 ^ clkbuf_3_7__f_clk/X (sky130_fd_sc_hd__clkbuf_16)
                                                         clknet_3_7__leaf_clk (net)
                      0.036283    0.000953    0.281488 ^ _1636_/CLK (sky130_fd_sc_hd__dfxtp_2)
                                  0.250000    0.531488   clock uncertainty
                                  0.000000    0.531488   clock reconvergence pessimism
                                 -0.034082    0.497406   library hold time
                                              0.497406   data required time
---------------------------------------------------------------------------------------------
                                              0.497406   data required time
                                             -4.157424   data arrival time
---------------------------------------------------------------------------------------------
                                              3.660019   slack (MET)


Startpoint: _1579_ (rising edge-triggered flip-flop clocked by clk)
Endpoint: uo_out[3] (output port clocked by clk)
Path Group: clk
Path Type: min

Fanout         Cap        Slew       Delay        Time   Description
---------------------------------------------------------------------------------------------
                                  0.000000    0.000000   clock clk (rise edge)
                                  0.000000    0.000000   clock source latency
     1    0.019024    0.068474    0.046761    0.046761 ^ clk (in)
                                                         clk (net)
                      0.068482    0.000000    0.046761 ^ clkbuf_0_clk/A (sky130_fd_sc_hd__clkbuf_16)
     8    0.082698    0.076007    0.130428    0.177189 ^ clkbuf_0_clk/X (sky130_fd_sc_hd__clkbuf_16)
                                                         clknet_0_clk (net)
                      0.076098    0.001667    0.178856 ^ clkbuf_3_5__f_clk/A (sky130_fd_sc_hd__clkbuf_16)
     8    0.028666    0.037481    0.102938    0.281793 ^ clkbuf_3_5__f_clk/X (sky130_fd_sc_hd__clkbuf_16)
                                                         clknet_3_5__leaf_clk (net)
                      0.037484    0.000336    0.282129 ^ _1579_/CLK (sky130_fd_sc_hd__dfxtp_2)
     1    0.034588    0.063407    0.240330    0.522460 v _1579_/Q (sky130_fd_sc_hd__dfxtp_2)
                                                         uo_out[3] (net)
                      0.063407    0.000207    0.522666 v uo_out[3] (out)
                                              0.522666   data arrival time

                                  0.000000    0.000000   clock clk (rise edge)
                                  0.000000    0.000000   clock network delay (propagated)
                                  0.250000    0.250000   clock uncertainty
                                  0.000000    0.250000   clock reconvergence pessimism
                                 -4.000000   -3.750000   output external delay
                                             -3.750000   data required time
---------------------------------------------------------------------------------------------
                                             -3.750000   data required time
                                             -0.522666   data arrival time
---------------------------------------------------------------------------------------------
                                              4.272666   slack (MET)


Startpoint: _1583_ (rising edge-triggered flip-flop clocked by clk)
Endpoint: uo_out[7] (output port clocked by clk)
Path Group: clk
Path Type: min

Fanout         Cap        Slew       Delay        Time   Description
---------------------------------------------------------------------------------------------
                                  0.000000    0.000000   clock clk (rise edge)
                                  0.000000    0.000000   clock source latency
     1    0.019024    0.068474    0.046761    0.046761 ^ clk (in)
                                                         clk (net)
                      0.068482    0.000000    0.046761 ^ clkbuf_0_clk/A (sky130_fd_sc_hd__clkbuf_16)
     8    0.082698    0.076007    0.130428    0.177189 ^ clkbuf_0_clk/X (sky130_fd_sc_hd__clkbuf_16)
                                                         clknet_0_clk (net)
                      0.076098    0.001667    0.178856 ^ clkbuf_3_5__f_clk/A (sky130_fd_sc_hd__clkbuf_16)
     8    0.028666    0.037481    0.102938    0.281793 ^ clkbuf_3_5__f_clk/X (sky130_fd_sc_hd__clkbuf_16)
                                                         clknet_3_5__leaf_clk (net)
                      0.037484    0.000327    0.282120 ^ _1583_/CLK (sky130_fd_sc_hd__dfxtp_2)
     1    0.035112    0.064231    0.240939    0.523059 v _1583_/Q (sky130_fd_sc_hd__dfxtp_2)
                                                         uo_out[7] (net)
                      0.064232    0.000298    0.523357 v uo_out[7] (out)
                                              0.523357   data arrival time

                                  0.000000    0.000000   clock clk (rise edge)
                                  0.000000    0.000000   clock network delay (propagated)
                                  0.250000    0.250000   clock uncertainty
                                  0.000000    0.250000   clock reconvergence pessimism
                                 -4.000000   -3.750000   output external delay
                                             -3.750000   data required time
---------------------------------------------------------------------------------------------
                                             -3.750000   data required time
                                             -0.523357   data arrival time
---------------------------------------------------------------------------------------------
                                              4.273357   slack (MET)


Startpoint: _1576_ (rising edge-triggered flip-flop clocked by clk)
Endpoint: uo_out[0] (output port clocked by clk)
Path Group: clk
Path Type: min

Fanout         Cap        Slew       Delay        Time   Description
---------------------------------------------------------------------------------------------
                                  0.000000    0.000000   clock clk (rise edge)
                                  0.000000    0.000000   clock source latency
     1    0.019024    0.068474    0.046761    0.046761 ^ clk (in)
                                                         clk (net)
                      0.068482    0.000000    0.046761 ^ clkbuf_0_clk/A (sky130_fd_sc_hd__clkbuf_16)
     8    0.082698    0.076007    0.130428    0.177189 ^ clkbuf_0_clk/X (sky130_fd_sc_hd__clkbuf_16)
                                                         clknet_0_clk (net)
                      0.076098    0.001667    0.178856 ^ clkbuf_3_5__f_clk/A (sky130_fd_sc_hd__clkbuf_16)
     8    0.028666    0.037481    0.102938    0.281793 ^ clkbuf_3_5__f_clk/X (sky130_fd_sc_hd__clkbuf_16)
                                                         clknet_3_5__leaf_clk (net)
                      0.037484    0.000336    0.282130 ^ _1576_/CLK (sky130_fd_sc_hd__dfxtp_2)
     1    0.035319    0.064523    0.241236    0.523366 v _1576_/Q (sky130_fd_sc_hd__dfxtp_2)
                                                         uo_out[0] (net)
                      0.064524    0.000263    0.523629 v uo_out[0] (out)
                                              0.523629   data arrival time

                                  0.000000    0.000000   clock clk (rise edge)
                                  0.000000    0.000000   clock network delay (propagated)
                                  0.250000    0.250000   clock uncertainty
                                  0.000000    0.250000   clock reconvergence pessimism
                                 -4.000000   -3.750000   output external delay
                                             -3.750000   data required time
---------------------------------------------------------------------------------------------
                                             -3.750000   data required time
                                             -0.523629   data arrival time
---------------------------------------------------------------------------------------------
                                              4.273629   slack (MET)


Startpoint: _1582_ (rising edge-triggered flip-flop clocked by clk)
Endpoint: uo_out[6] (output port clocked by clk)
Path Group: clk
Path Type: min

Fanout         Cap        Slew       Delay        Time   Description
---------------------------------------------------------------------------------------------
                                  0.000000    0.000000   clock clk (rise edge)
                                  0.000000    0.000000   clock source latency
     1    0.019024    0.068474    0.046761    0.046761 ^ clk (in)
                                                         clk (net)
                      0.068482    0.000000    0.046761 ^ clkbuf_0_clk/A (sky130_fd_sc_hd__clkbuf_16)
     8    0.082698    0.076007    0.130428    0.177189 ^ clkbuf_0_clk/X (sky130_fd_sc_hd__clkbuf_16)
                                                         clknet_0_clk (net)
                      0.076093    0.001583    0.178772 ^ clkbuf_3_3__f_clk/A (sky130_fd_sc_hd__clkbuf_16)
     8    0.030190    0.038568    0.103876    0.282648 ^ clkbuf_3_3__f_clk/X (sky130_fd_sc_hd__clkbuf_16)
                                                         clknet_3_3__leaf_clk (net)
                      0.038576    0.000541    0.283189 ^ _1582_/CLK (sky130_fd_sc_hd__dfxtp_2)
     1    0.035342    0.064552    0.241603    0.524792 v _1582_/Q (sky130_fd_sc_hd__dfxtp_2)
                                                         uo_out[6] (net)
                      0.064553    0.000255    0.525047 v uo_out[6] (out)
                                              0.525047   data arrival time

                                  0.000000    0.000000   clock clk (rise edge)
                                  0.000000    0.000000   clock network delay (propagated)
                                  0.250000    0.250000   clock uncertainty
                                  0.000000    0.250000   clock reconvergence pessimism
                                 -4.000000   -3.750000   output external delay
                                             -3.750000   data required time
---------------------------------------------------------------------------------------------
                                             -3.750000   data required time
                                             -0.525047   data arrival time
---------------------------------------------------------------------------------------------
                                              4.275048   slack (MET)


Startpoint: _1577_ (rising edge-triggered flip-flop clocked by clk)
Endpoint: uo_out[1] (output port clocked by clk)
Path Group: clk
Path Type: min

Fanout         Cap        Slew       Delay        Time   Description
---------------------------------------------------------------------------------------------
                                  0.000000    0.000000   clock clk (rise edge)
                                  0.000000    0.000000   clock source latency
     1    0.019024    0.068474    0.046761    0.046761 ^ clk (in)
                                                         clk (net)
                      0.068482    0.000000    0.046761 ^ clkbuf_0_clk/A (sky130_fd_sc_hd__clkbuf_16)
     8    0.082698    0.076007    0.130428    0.177189 ^ clkbuf_0_clk/X (sky130_fd_sc_hd__clkbuf_16)
                                                         clknet_0_clk (net)
                      0.076023    0.001100    0.178288 ^ clkbuf_3_4__f_clk/A (sky130_fd_sc_hd__clkbuf_16)
     8    0.031042    0.039190    0.104406    0.282694 ^ clkbuf_3_4__f_clk/X (sky130_fd_sc_hd__clkbuf_16)
                                                         clknet_3_4__leaf_clk (net)
                      0.039201    0.000805    0.283499 ^ _1577_/CLK (sky130_fd_sc_hd__dfxtp_2)
     1    0.035196    0.064370    0.241538    0.525037 v _1577_/Q (sky130_fd_sc_hd__dfxtp_2)
                                                         uo_out[1] (net)
                      0.064371    0.000337    0.525373 v uo_out[1] (out)
                                              0.525373   data arrival time

                                  0.000000    0.000000   clock clk (rise edge)
                                  0.000000    0.000000   clock network delay (propagated)
                                  0.250000    0.250000   clock uncertainty
                                  0.000000    0.250000   clock reconvergence pessimism
                                 -4.000000   -3.750000   output external delay
                                             -3.750000   data required time
---------------------------------------------------------------------------------------------
                                             -3.750000   data required time
                                             -0.525373   data arrival time
---------------------------------------------------------------------------------------------
                                              4.275373   slack (MET)


Startpoint: _1581_ (rising edge-triggered flip-flop clocked by clk)
Endpoint: uo_out[5] (output port clocked by clk)
Path Group: clk
Path Type: min

Fanout         Cap        Slew       Delay        Time   Description
---------------------------------------------------------------------------------------------
                                  0.000000    0.000000   clock clk (rise edge)
                                  0.000000    0.000000   clock source latency
     1    0.019024    0.068474    0.046761    0.046761 ^ clk (in)
                                                         clk (net)
                      0.068482    0.000000    0.046761 ^ clkbuf_0_clk/A (sky130_fd_sc_hd__clkbuf_16)
     8    0.082698    0.076007    0.130428    0.177189 ^ clkbuf_0_clk/X (sky130_fd_sc_hd__clkbuf_16)
                                                         clknet_0_clk (net)
                      0.076023    0.001100    0.178288 ^ clkbuf_3_4__f_clk/A (sky130_fd_sc_hd__clkbuf_16)
     8    0.031042    0.039190    0.104406    0.282694 ^ clkbuf_3_4__f_clk/X (sky130_fd_sc_hd__clkbuf_16)
                                                         clknet_3_4__leaf_clk (net)
                      0.039199    0.000771    0.283465 ^ _1581_/CLK (sky130_fd_sc_hd__dfxtp_2)
     1    0.035447    0.064703    0.241935    0.525400 v _1581_/Q (sky130_fd_sc_hd__dfxtp_2)
                                                         uo_out[5] (net)
                      0.064703    0.000245    0.525645 v uo_out[5] (out)
                                              0.525645   data arrival time

                                  0.000000    0.000000   clock clk (rise edge)
                                  0.000000    0.000000   clock network delay (propagated)
                                  0.250000    0.250000   clock uncertainty
                                  0.000000    0.250000   clock reconvergence pessimism
                                 -4.000000   -3.750000   output external delay
                                             -3.750000   data required time
---------------------------------------------------------------------------------------------
                                             -3.750000   data required time
                                             -0.525645   data arrival time
---------------------------------------------------------------------------------------------
                                              4.275645   slack (MET)


Startpoint: _1578_ (rising edge-triggered flip-flop clocked by clk)
Endpoint: uo_out[2] (output port clocked by clk)
Path Group: clk
Path Type: min

Fanout         Cap        Slew       Delay        Time   Description
---------------------------------------------------------------------------------------------
                                  0.000000    0.000000   clock clk (rise edge)
                                  0.000000    0.000000   clock source latency
     1    0.019024    0.068474    0.046761    0.046761 ^ clk (in)
                                                         clk (net)
                      0.068482    0.000000    0.046761 ^ clkbuf_0_clk/A (sky130_fd_sc_hd__clkbuf_16)
     8    0.082698    0.076007    0.130428    0.177189 ^ clkbuf_0_clk/X (sky130_fd_sc_hd__clkbuf_16)
                                                         clknet_0_clk (net)
                      0.076023    0.001100    0.178288 ^ clkbuf_3_4__f_clk/A (sky130_fd_sc_hd__clkbuf_16)
     8    0.031042    0.039190    0.104406    0.282694 ^ clkbuf_3_4__f_clk/X (sky130_fd_sc_hd__clkbuf_16)
                                                         clknet_3_4__leaf_clk (net)
                      0.039200    0.000803    0.283497 ^ _1578_/CLK (sky130_fd_sc_hd__dfxtp_2)
     1    0.035903    0.065384    0.242533    0.526030 v _1578_/Q (sky130_fd_sc_hd__dfxtp_2)
                                                         uo_out[2] (net)
                      0.065384    0.000243    0.526273 v uo_out[2] (out)
                                              0.526273   data arrival time

                                  0.000000    0.000000   clock clk (rise edge)
                                  0.000000    0.000000   clock network delay (propagated)
                                  0.250000    0.250000   clock uncertainty
                                  0.000000    0.250000   clock reconvergence pessimism
                                 -4.000000   -3.750000   output external delay
                                             -3.750000   data required time
---------------------------------------------------------------------------------------------
                                             -3.750000   data required time
                                             -0.526273   data arrival time
---------------------------------------------------------------------------------------------
                                              4.276272   slack (MET)


Startpoint: _1580_ (rising edge-triggered flip-flop clocked by clk)
Endpoint: uo_out[4] (output port clocked by clk)
Path Group: clk
Path Type: min

Fanout         Cap        Slew       Delay        Time   Description
---------------------------------------------------------------------------------------------
                                  0.000000    0.000000   clock clk (rise edge)
                                  0.000000    0.000000   clock source latency
     1    0.019024    0.068474    0.046761    0.046761 ^ clk (in)
                                                         clk (net)
                      0.068482    0.000000    0.046761 ^ clkbuf_0_clk/A (sky130_fd_sc_hd__clkbuf_16)
     8    0.082698    0.076007    0.130428    0.177189 ^ clkbuf_0_clk/X (sky130_fd_sc_hd__clkbuf_16)
                                                         clknet_0_clk (net)
                      0.076093    0.001583    0.178772 ^ clkbuf_3_3__f_clk/A (sky130_fd_sc_hd__clkbuf_16)
     8    0.030190    0.038568    0.103876    0.282648 ^ clkbuf_3_3__f_clk/X (sky130_fd_sc_hd__clkbuf_16)
                                                         clknet_3_3__leaf_clk (net)
                      0.038575    0.000519    0.283167 ^ _1580_/CLK (sky130_fd_sc_hd__dfxtp_2)
     1    0.037161    0.067487    0.243585    0.526752 v _1580_/Q (sky130_fd_sc_hd__dfxtp_2)
                                                         uo_out[4] (net)
                      0.067496    0.000751    0.527502 v uo_out[4] (out)
                                              0.527502   data arrival time

                                  0.000000    0.000000   clock clk (rise edge)
                                  0.000000    0.000000   clock network delay (propagated)
                                  0.250000    0.250000   clock uncertainty
                                  0.000000    0.250000   clock reconvergence pessimism
                                 -4.000000   -3.750000   output external delay
                                             -3.750000   data required time
---------------------------------------------------------------------------------------------
                                             -3.750000   data required time
                                             -0.527502   data arrival time
---------------------------------------------------------------------------------------------
                                              4.277503   slack (MET)


Startpoint: _1575_ (rising edge-triggered flip-flop clocked by clk)
Endpoint: uio_out[5] (output port clocked by clk)
Path Group: clk
Path Type: min

Fanout         Cap        Slew       Delay        Time   Description
---------------------------------------------------------------------------------------------
                                  0.000000    0.000000   clock clk (rise edge)
                                  0.000000    0.000000   clock source latency
     1    0.019024    0.068474    0.046761    0.046761 ^ clk (in)
                                                         clk (net)
                      0.068482    0.000000    0.046761 ^ clkbuf_0_clk/A (sky130_fd_sc_hd__clkbuf_16)
     8    0.082698    0.076007    0.130428    0.177189 ^ clkbuf_0_clk/X (sky130_fd_sc_hd__clkbuf_16)
                                                         clknet_0_clk (net)
                      0.076097    0.001646    0.178835 ^ clkbuf_3_1__f_clk/A (sky130_fd_sc_hd__clkbuf_16)
     8    0.023329    0.033822    0.099293    0.278128 ^ clkbuf_3_1__f_clk/X (sky130_fd_sc_hd__clkbuf_16)
                                                         clknet_3_1__leaf_clk (net)
                      0.033829    0.000196    0.278324 ^ _1575_/CLK (sky130_fd_sc_hd__dfxtp_2)
     2    0.011656    0.030808    0.208207    0.486531 v _1575_/Q (sky130_fd_sc_hd__dfxtp_2)
                                                         ovf (net)
                      0.030856    0.000364    0.486895 v _1652_/A (sky130_fd_sc_hd__buf_2)
     1    0.034504    0.062978    0.118140    0.605035 v _1652_/X (sky130_fd_sc_hd__buf_2)
                                                         uio_out[5] (net)
                      0.062979    0.000289    0.605324 v uio_out[5] (out)
                                              0.605324   data arrival time

                                  0.000000    0.000000   clock clk (rise edge)
                                  0.000000    0.000000   clock network delay (propagated)
                                  0.250000    0.250000   clock uncertainty
                                  0.000000    0.250000   clock reconvergence pessimism
                                 -4.000000   -3.750000   output external delay
                                             -3.750000   data required time
---------------------------------------------------------------------------------------------
                                             -3.750000   data required time
                                             -0.605324   data arrival time
---------------------------------------------------------------------------------------------
                                              4.355324   slack (MET)


Startpoint: _1574_ (rising edge-triggered flip-flop clocked by clk)
Endpoint: uio_out[4] (output port clocked by clk)
Path Group: clk
Path Type: min

Fanout         Cap        Slew       Delay        Time   Description
---------------------------------------------------------------------------------------------
                                  0.000000    0.000000   clock clk (rise edge)
                                  0.000000    0.000000   clock source latency
     1    0.019024    0.068474    0.046761    0.046761 ^ clk (in)
                                                         clk (net)
                      0.068482    0.000000    0.046761 ^ clkbuf_0_clk/A (sky130_fd_sc_hd__clkbuf_16)
     8    0.082698    0.076007    0.130428    0.177189 ^ clkbuf_0_clk/X (sky130_fd_sc_hd__clkbuf_16)
                                                         clknet_0_clk (net)
                      0.076093    0.001583    0.178772 ^ clkbuf_3_3__f_clk/A (sky130_fd_sc_hd__clkbuf_16)
     8    0.030190    0.038568    0.103876    0.282648 ^ clkbuf_3_3__f_clk/X (sky130_fd_sc_hd__clkbuf_16)
                                                         clknet_3_3__leaf_clk (net)
                      0.038573    0.000461    0.283108 ^ _1574_/CLK (sky130_fd_sc_hd__dfxtp_2)
     3    0.012764    0.032707    0.211577    0.494685 v _1574_/Q (sky130_fd_sc_hd__dfxtp_2)
                                                         busy (net)
                      0.032707    0.000049    0.494735 v _1651_/A (sky130_fd_sc_hd__buf_2)
     1    0.035245    0.064045    0.119882    0.614617 v _1651_/X (sky130_fd_sc_hd__buf_2)
                                                         uio_out[4] (net)
                      0.064045    0.000221    0.614838 v uio_out[4] (out)
                                              0.614838   data arrival time

                                  0.000000    0.000000   clock clk (rise edge)
                                  0.000000    0.000000   clock network delay (propagated)
                                  0.250000    0.250000   clock uncertainty
                                  0.000000    0.250000   clock reconvergence pessimism
                                 -4.000000   -3.750000   output external delay
                                             -3.750000   data required time
---------------------------------------------------------------------------------------------
                                             -3.750000   data required time
                                             -0.614838   data arrival time
---------------------------------------------------------------------------------------------
                                              4.364838   slack (MET)



