
===========================================================================
report_checks -path_delay max (Setup)
============================================================================
======================= nom_ff_n40C_1v95 Corner ===================================

Startpoint: uio_in[1] (input port clocked by clk)
Endpoint: _1621_ (rising edge-triggered flip-flop clocked by clk)
Path Group: clk
Path Type: max

Fanout         Cap        Slew       Delay        Time   Description
---------------------------------------------------------------------------------------------
                                  0.000000    0.000000   clock clk (rise edge)
                                  0.000000    0.000000   clock network delay (propagated)
                                  4.000000    4.000000 v input external delay
     1    0.003742    0.006096    0.003115    4.003115 v uio_in[1] (in)
                                                         uio_in[1] (net)
                      0.006097    0.000000    4.003115 v input11/A (sky130_fd_sc_hd__clkdlybuf4s25_1)
     8    0.026742    0.139431    0.239115    4.242230 v input11/X (sky130_fd_sc_hd__clkdlybuf4s25_1)
                                                         net11 (net)
                      0.139441    0.001192    4.243422 v _0797_/A (sky130_fd_sc_hd__nor2_2)
     3    0.010024    0.098689    0.139525    4.382947 ^ _0797_/Y (sky130_fd_sc_hd__nor2_2)
                                                         _0070_ (net)
                      0.098689    0.000170    4.383117 ^ _0802_/C (sky130_fd_sc_hd__and3_2)
     1    0.008350    0.046241    0.127525    4.510641 ^ _0802_/X (sky130_fd_sc_hd__and3_2)
                                                         _0073_ (net)
                      0.046241    0.000261    4.510902 ^ fanout28/A (sky130_fd_sc_hd__clkdlybuf4s25_1)
    10    0.049692    0.372391    0.399992    4.910895 ^ fanout28/X (sky130_fd_sc_hd__clkdlybuf4s25_1)
                                                         net28 (net)
                      0.372439    0.003566    4.914462 ^ fanout27/A (sky130_fd_sc_hd__clkdlybuf4s25_1)
    10    0.044722    0.336439    0.406122    5.320583 ^ fanout27/X (sky130_fd_sc_hd__clkdlybuf4s25_1)
                                                         net27 (net)
                      0.336559    0.002549    5.323132 ^ fanout26/A (sky130_fd_sc_hd__clkdlybuf4s25_1)
    10    0.041058    0.309553    0.387290    5.710422 ^ fanout26/X (sky130_fd_sc_hd__clkdlybuf4s25_1)
                                                         net26 (net)
                      0.309555    0.001394    5.711815 ^ _1473_/B1_N (sky130_fd_sc_hd__a21bo_2)
     1    0.004091    0.028001    0.120539    5.832354 v _1473_/X (sky130_fd_sc_hd__a21bo_2)
                                                         _0718_ (net)
                      0.028001    0.000107    5.832460 v fanout16/A (sky130_fd_sc_hd__clkdlybuf4s25_1)
     5    0.026224    0.136832    0.245479    6.077939 v fanout16/X (sky130_fd_sc_hd__clkdlybuf4s25_1)
                                                         net16 (net)
                      0.136832    0.000352    6.078291 v fanout14/A (sky130_fd_sc_hd__clkdlybuf4s25_1)
    10    0.042515    0.215819    0.344375    6.422666 v fanout14/X (sky130_fd_sc_hd__clkdlybuf4s25_1)
                                                         net14 (net)
                      0.215824    0.001220    6.423886 v _1555_/B1 (sky130_fd_sc_hd__a21o_2)
     1    0.003489    0.025843    0.149992    6.573878 v _1555_/X (sky130_fd_sc_hd__a21o_2)
                                                         _0779_ (net)
                      0.025843    0.000111    6.573988 v _1556_/C1 (sky130_fd_sc_hd__o211a_2)
     1    0.003099    0.031114    0.068740    6.642728 v _1556_/X (sky130_fd_sc_hd__o211a_2)
                                                         _0049_ (net)
                      0.031114    0.000091    6.642820 v _1621_/D (sky130_fd_sc_hd__dfxtp_2)
                                              6.642820   data arrival time

                                 20.000000   20.000000   clock clk (rise edge)
                                  0.000000   20.000000   clock source latency
     1    0.020088    0.072004    0.049386   20.049387 ^ clk (in)
                                                         clk (net)
                      0.072017    0.000000   20.049387 ^ clkbuf_0_clk/A (sky130_fd_sc_hd__clkbuf_16)
     8    0.084509    0.077719    0.131609   20.180996 ^ clkbuf_0_clk/X (sky130_fd_sc_hd__clkbuf_16)
                                                         clknet_0_clk (net)
                      0.077893    0.002945   20.183941 ^ clkbuf_3_0__f_clk/A (sky130_fd_sc_hd__clkbuf_16)
     8    0.024648    0.034736    0.100441   20.284382 ^ clkbuf_3_0__f_clk/X (sky130_fd_sc_hd__clkbuf_16)
                                                         clknet_3_0__leaf_clk (net)
                      0.034767    0.000878   20.285259 ^ _1621_/CLK (sky130_fd_sc_hd__dfxtp_2)
                                 -0.250000   20.035259   clock uncertainty
                                  0.000000   20.035259   clock reconvergence pessimism
                                 -0.070641   19.964617   library setup time
                                             19.964617   data required time
---------------------------------------------------------------------------------------------
                                             19.964617   data required time
                                             -6.642820   data arrival time
---------------------------------------------------------------------------------------------
                                             13.321797   slack (MET)


Startpoint: uio_in[1] (input port clocked by clk)
Endpoint: _1619_ (rising edge-triggered flip-flop clocked by clk)
Path Group: clk
Path Type: max

Fanout         Cap        Slew       Delay        Time   Description
---------------------------------------------------------------------------------------------
                                  0.000000    0.000000   clock clk (rise edge)
                                  0.000000    0.000000   clock network delay (propagated)
                                  4.000000    4.000000 v input external delay
     1    0.003742    0.006096    0.003115    4.003115 v uio_in[1] (in)
                                                         uio_in[1] (net)
                      0.006097    0.000000    4.003115 v input11/A (sky130_fd_sc_hd__clkdlybuf4s25_1)
     8    0.026742    0.139431    0.239115    4.242230 v input11/X (sky130_fd_sc_hd__clkdlybuf4s25_1)
                                                         net11 (net)
                      0.139441    0.001192    4.243422 v _0797_/A (sky130_fd_sc_hd__nor2_2)
     3    0.010024    0.098689    0.139525    4.382947 ^ _0797_/Y (sky130_fd_sc_hd__nor2_2)
                                                         _0070_ (net)
                      0.098689    0.000170    4.383117 ^ _0802_/C (sky130_fd_sc_hd__and3_2)
     1    0.008350    0.046241    0.127525    4.510641 ^ _0802_/X (sky130_fd_sc_hd__and3_2)
                                                         _0073_ (net)
                      0.046241    0.000261    4.510902 ^ fanout28/A (sky130_fd_sc_hd__clkdlybuf4s25_1)
    10    0.049692    0.372391    0.399992    4.910895 ^ fanout28/X (sky130_fd_sc_hd__clkdlybuf4s25_1)
                                                         net28 (net)
                      0.372439    0.003566    4.914462 ^ fanout27/A (sky130_fd_sc_hd__clkdlybuf4s25_1)
    10    0.044722    0.336439    0.406122    5.320583 ^ fanout27/X (sky130_fd_sc_hd__clkdlybuf4s25_1)
                                                         net27 (net)
                      0.336559    0.002549    5.323132 ^ fanout26/A (sky130_fd_sc_hd__clkdlybuf4s25_1)
    10    0.041058    0.309553    0.387290    5.710422 ^ fanout26/X (sky130_fd_sc_hd__clkdlybuf4s25_1)
                                                         net26 (net)
                      0.309555    0.001394    5.711815 ^ _1473_/B1_N (sky130_fd_sc_hd__a21bo_2)
     1    0.004091    0.028001    0.120539    5.832354 v _1473_/X (sky130_fd_sc_hd__a21bo_2)
                                                         _0718_ (net)
                      0.028001    0.000107    5.832460 v fanout16/A (sky130_fd_sc_hd__clkdlybuf4s25_1)
     5    0.026224    0.136832    0.245479    6.077939 v fanout16/X (sky130_fd_sc_hd__clkdlybuf4s25_1)
                                                         net16 (net)
                      0.136832    0.000352    6.078291 v fanout14/A (sky130_fd_sc_hd__clkdlybuf4s25_1)
    10    0.042515    0.215819    0.344375    6.422666 v fanout14/X (sky130_fd_sc_hd__clkdlybuf4s25_1)
                                                         net14 (net)
                      0.215826    0.001398    6.424065 v _1548_/B1 (sky130_fd_sc_hd__a21o_2)
     1    0.003870    0.026693    0.151128    6.575192 v _1548_/X (sky130_fd_sc_hd__a21o_2)
                                                         _0774_ (net)
                      0.026693    0.000123    6.575316 v _1549_/C1 (sky130_fd_sc_hd__o211a_2)
     1    0.002203    0.029293    0.066867    6.642183 v _1549_/X (sky130_fd_sc_hd__o211a_2)
                                                         _0047_ (net)
                      0.029293    0.000064    6.642247 v _1619_/D (sky130_fd_sc_hd__dfxtp_2)
                                              6.642247   data arrival time

                                 20.000000   20.000000   clock clk (rise edge)
                                  0.000000   20.000000   clock source latency
     1    0.020088    0.072004    0.049386   20.049387 ^ clk (in)
                                                         clk (net)
                      0.072017    0.000000   20.049387 ^ clkbuf_0_clk/A (sky130_fd_sc_hd__clkbuf_16)
     8    0.084509    0.077719    0.131609   20.180996 ^ clkbuf_0_clk/X (sky130_fd_sc_hd__clkbuf_16)
                                                         clknet_0_clk (net)
                      0.077893    0.002945   20.183941 ^ clkbuf_3_0__f_clk/A (sky130_fd_sc_hd__clkbuf_16)
     8    0.024648    0.034736    0.100441   20.284382 ^ clkbuf_3_0__f_clk/X (sky130_fd_sc_hd__clkbuf_16)
                                                         clknet_3_0__leaf_clk (net)
                      0.034768    0.000890   20.285271 ^ _1619_/CLK (sky130_fd_sc_hd__dfxtp_2)
                                 -0.250000   20.035273   clock uncertainty
                                  0.000000   20.035273   clock reconvergence pessimism
                                 -0.069991   19.965282   library setup time
                                             19.965282   data required time
---------------------------------------------------------------------------------------------
                                             19.965282   data required time
                                             -6.642247   data arrival time
---------------------------------------------------------------------------------------------
                                             13.323034   slack (MET)


Startpoint: uio_in[1] (input port clocked by clk)
Endpoint: _1622_ (rising edge-triggered flip-flop clocked by clk)
Path Group: clk
Path Type: max

Fanout         Cap        Slew       Delay        Time   Description
---------------------------------------------------------------------------------------------
                                  0.000000    0.000000   clock clk (rise edge)
                                  0.000000    0.000000   clock network delay (propagated)
                                  4.000000    4.000000 v input external delay
     1    0.003742    0.006096    0.003115    4.003115 v uio_in[1] (in)
                                                         uio_in[1] (net)
                      0.006097    0.000000    4.003115 v input11/A (sky130_fd_sc_hd__clkdlybuf4s25_1)
     8    0.026742    0.139431    0.239115    4.242230 v input11/X (sky130_fd_sc_hd__clkdlybuf4s25_1)
                                                         net11 (net)
                      0.139441    0.001192    4.243422 v _0797_/A (sky130_fd_sc_hd__nor2_2)
     3    0.010024    0.098689    0.139525    4.382947 ^ _0797_/Y (sky130_fd_sc_hd__nor2_2)
                                                         _0070_ (net)
                      0.098689    0.000170    4.383117 ^ _0802_/C (sky130_fd_sc_hd__and3_2)
     1    0.008350    0.046241    0.127525    4.510641 ^ _0802_/X (sky130_fd_sc_hd__and3_2)
                                                         _0073_ (net)
                      0.046241    0.000261    4.510902 ^ fanout28/A (sky130_fd_sc_hd__clkdlybuf4s25_1)
    10    0.049692    0.372391    0.399992    4.910895 ^ fanout28/X (sky130_fd_sc_hd__clkdlybuf4s25_1)
                                                         net28 (net)
                      0.372439    0.003566    4.914462 ^ fanout27/A (sky130_fd_sc_hd__clkdlybuf4s25_1)
    10    0.044722    0.336439    0.406122    5.320583 ^ fanout27/X (sky130_fd_sc_hd__clkdlybuf4s25_1)
                                                         net27 (net)
                      0.336559    0.002549    5.323132 ^ fanout26/A (sky130_fd_sc_hd__clkdlybuf4s25_1)
    10    0.041058    0.309553    0.387290    5.710422 ^ fanout26/X (sky130_fd_sc_hd__clkdlybuf4s25_1)
                                                         net26 (net)
                      0.309555    0.001394    5.711815 ^ _1473_/B1_N (sky130_fd_sc_hd__a21bo_2)
     1    0.004091    0.028001    0.120539    5.832354 v _1473_/X (sky130_fd_sc_hd__a21bo_2)
                                                         _0718_ (net)
                      0.028001    0.000107    5.832460 v fanout16/A (sky130_fd_sc_hd__clkdlybuf4s25_1)
     5    0.026224    0.136832    0.245479    6.077939 v fanout16/X (sky130_fd_sc_hd__clkdlybuf4s25_1)
                                                         net16 (net)
                      0.136832    0.000352    6.078291 v fanout14/A (sky130_fd_sc_hd__clkdlybuf4s25_1)
    10    0.042515    0.215819    0.344375    6.422666 v fanout14/X (sky130_fd_sc_hd__clkdlybuf4s25_1)
                                                         net14 (net)
                      0.215822    0.001048    6.423714 v _1558_/B1 (sky130_fd_sc_hd__a31o_2)
     1    0.003945    0.030177    0.149518    6.573232 v _1558_/X (sky130_fd_sc_hd__a31o_2)
                                                         _0781_ (net)
                      0.030177    0.000131    6.573362 v _1559_/C1 (sky130_fd_sc_hd__o211a_2)
     1    0.002140    0.029162    0.068134    6.641496 v _1559_/X (sky130_fd_sc_hd__o211a_2)
                                                         _0050_ (net)
                      0.029162    0.000044    6.641540 v _1622_/D (sky130_fd_sc_hd__dfxtp_2)
                                              6.641540   data arrival time

                                 20.000000   20.000000   clock clk (rise edge)
                                  0.000000   20.000000   clock source latency
     1    0.020088    0.072004    0.049386   20.049387 ^ clk (in)
                                                         clk (net)
                      0.072017    0.000000   20.049387 ^ clkbuf_0_clk/A (sky130_fd_sc_hd__clkbuf_16)
     8    0.084509    0.077719    0.131609   20.180996 ^ clkbuf_0_clk/X (sky130_fd_sc_hd__clkbuf_16)
                                                         clknet_0_clk (net)
                      0.077893    0.002945   20.183941 ^ clkbuf_3_0__f_clk/A (sky130_fd_sc_hd__clkbuf_16)
     8    0.024648    0.034736    0.100441   20.284382 ^ clkbuf_3_0__f_clk/X (sky130_fd_sc_hd__clkbuf_16)
                                                         clknet_3_0__leaf_clk (net)
                      0.034744    0.000522   20.284903 ^ _1622_/CLK (sky130_fd_sc_hd__dfxtp_2)
                                 -0.250000   20.034904   clock uncertainty
                                  0.000000   20.034904   clock reconvergence pessimism
                                 -0.069947   19.964958   library setup time
                                             19.964958   data required time
---------------------------------------------------------------------------------------------
                                             19.964958   data required time
                                             -6.641540   data arrival time
---------------------------------------------------------------------------------------------
                                             13.323420   slack (MET)


Startpoint: uio_in[1] (input port clocked by clk)
Endpoint: _1610_ (rising edge-triggered flip-flop clocked by clk)
Path Group: clk
Path Type: max

Fanout         Cap        Slew       Delay        Time   Description
---------------------------------------------------------------------------------------------
                                  0.000000    0.000000   clock clk (rise edge)
                                  0.000000    0.000000   clock network delay (propagated)
                                  4.000000    4.000000 v input external delay
     1    0.003742    0.006096    0.003115    4.003115 v uio_in[1] (in)
                                                         uio_in[1] (net)
                      0.006097    0.000000    4.003115 v input11/A (sky130_fd_sc_hd__clkdlybuf4s25_1)
     8    0.026742    0.139431    0.239115    4.242230 v input11/X (sky130_fd_sc_hd__clkdlybuf4s25_1)
                                                         net11 (net)
                      0.139441    0.001192    4.243422 v _0797_/A (sky130_fd_sc_hd__nor2_2)
     3    0.010024    0.098689    0.139525    4.382947 ^ _0797_/Y (sky130_fd_sc_hd__nor2_2)
                                                         _0070_ (net)
                      0.098689    0.000170    4.383117 ^ _0802_/C (sky130_fd_sc_hd__and3_2)
     1    0.008350    0.046241    0.127525    4.510641 ^ _0802_/X (sky130_fd_sc_hd__and3_2)
                                                         _0073_ (net)
                      0.046241    0.000261    4.510902 ^ fanout28/A (sky130_fd_sc_hd__clkdlybuf4s25_1)
    10    0.049692    0.372391    0.399992    4.910895 ^ fanout28/X (sky130_fd_sc_hd__clkdlybuf4s25_1)
                                                         net28 (net)
                      0.372439    0.003566    4.914462 ^ fanout27/A (sky130_fd_sc_hd__clkdlybuf4s25_1)
    10    0.044722    0.336439    0.406122    5.320583 ^ fanout27/X (sky130_fd_sc_hd__clkdlybuf4s25_1)
                                                         net27 (net)
                      0.336559    0.002549    5.323132 ^ fanout26/A (sky130_fd_sc_hd__clkdlybuf4s25_1)
    10    0.041058    0.309553    0.387290    5.710422 ^ fanout26/X (sky130_fd_sc_hd__clkdlybuf4s25_1)
                                                         net26 (net)
                      0.309555    0.001394    5.711815 ^ _1473_/B1_N (sky130_fd_sc_hd__a21bo_2)
     1    0.004091    0.028001    0.120539    5.832354 v _1473_/X (sky130_fd_sc_hd__a21bo_2)
                                                         _0718_ (net)
                      0.028001    0.000107    5.832460 v fanout16/A (sky130_fd_sc_hd__clkdlybuf4s25_1)
     5    0.026224    0.136832    0.245479    6.077939 v fanout16/X (sky130_fd_sc_hd__clkdlybuf4s25_1)
                                                         net16 (net)
                      0.136832    0.000352    6.078291 v fanout14/A (sky130_fd_sc_hd__clkdlybuf4s25_1)
    10    0.042515    0.215819    0.344375    6.422666 v fanout14/X (sky130_fd_sc_hd__clkdlybuf4s25_1)
                                                         net14 (net)
                      0.215831    0.001702    6.424368 v _1510_/B1 (sky130_fd_sc_hd__a21o_2)
     1    0.003297    0.025456    0.149426    6.573794 v _1510_/X (sky130_fd_sc_hd__a21o_2)
                                                         _0745_ (net)
                      0.025456    0.000100    6.573895 v _1511_/C1 (sky130_fd_sc_hd__o211a_2)
     1    0.002343    0.029707    0.066712    6.640606 v _1511_/X (sky130_fd_sc_hd__o211a_2)
                                                         _0038_ (net)
                      0.029707    0.000068    6.640674 v _1610_/D (sky130_fd_sc_hd__dfxtp_2)
                                              6.640674   data arrival time

                                 20.000000   20.000000   clock clk (rise edge)
                                  0.000000   20.000000   clock source latency
     1    0.020088    0.072004    0.049386   20.049387 ^ clk (in)
                                                         clk (net)
                      0.072017    0.000000   20.049387 ^ clkbuf_0_clk/A (sky130_fd_sc_hd__clkbuf_16)
     8    0.084509    0.077719    0.131609   20.180996 ^ clkbuf_0_clk/X (sky130_fd_sc_hd__clkbuf_16)
                                                         clknet_0_clk (net)
                      0.077889    0.002913   20.183908 ^ clkbuf_3_1__f_clk/A (sky130_fd_sc_hd__clkbuf_16)
     8    0.024162    0.034411    0.100211   20.284121 ^ clkbuf_3_1__f_clk/X (sky130_fd_sc_hd__clkbuf_16)
                                                         clknet_3_1__leaf_clk (net)
                      0.034416    0.000421   20.284540 ^ _1610_/CLK (sky130_fd_sc_hd__dfxtp_2)
                                 -0.250000   20.034542   clock uncertainty
                                  0.000000   20.034542   clock reconvergence pessimism
                                 -0.070173   19.964369   library setup time
                                             19.964369   data required time
---------------------------------------------------------------------------------------------
                                             19.964369   data required time
                                             -6.640674   data arrival time
---------------------------------------------------------------------------------------------
                                             13.323694   slack (MET)


Startpoint: uio_in[1] (input port clocked by clk)
Endpoint: _1620_ (rising edge-triggered flip-flop clocked by clk)
Path Group: clk
Path Type: max

Fanout         Cap        Slew       Delay        Time   Description
---------------------------------------------------------------------------------------------
                                  0.000000    0.000000   clock clk (rise edge)
                                  0.000000    0.000000   clock network delay (propagated)
                                  4.000000    4.000000 v input external delay
     1    0.003742    0.006096    0.003115    4.003115 v uio_in[1] (in)
                                                         uio_in[1] (net)
                      0.006097    0.000000    4.003115 v input11/A (sky130_fd_sc_hd__clkdlybuf4s25_1)
     8    0.026742    0.139431    0.239115    4.242230 v input11/X (sky130_fd_sc_hd__clkdlybuf4s25_1)
                                                         net11 (net)
                      0.139441    0.001192    4.243422 v _0797_/A (sky130_fd_sc_hd__nor2_2)
     3    0.010024    0.098689    0.139525    4.382947 ^ _0797_/Y (sky130_fd_sc_hd__nor2_2)
                                                         _0070_ (net)
                      0.098689    0.000170    4.383117 ^ _0802_/C (sky130_fd_sc_hd__and3_2)
     1    0.008350    0.046241    0.127525    4.510641 ^ _0802_/X (sky130_fd_sc_hd__and3_2)
                                                         _0073_ (net)
                      0.046241    0.000261    4.510902 ^ fanout28/A (sky130_fd_sc_hd__clkdlybuf4s25_1)
    10    0.049692    0.372391    0.399992    4.910895 ^ fanout28/X (sky130_fd_sc_hd__clkdlybuf4s25_1)
                                                         net28 (net)
                      0.372439    0.003566    4.914462 ^ fanout27/A (sky130_fd_sc_hd__clkdlybuf4s25_1)
    10    0.044722    0.336439    0.406122    5.320583 ^ fanout27/X (sky130_fd_sc_hd__clkdlybuf4s25_1)
                                                         net27 (net)
                      0.336559    0.002549    5.323132 ^ fanout26/A (sky130_fd_sc_hd__clkdlybuf4s25_1)
    10    0.041058    0.309553    0.387290    5.710422 ^ fanout26/X (sky130_fd_sc_hd__clkdlybuf4s25_1)
                                                         net26 (net)
                      0.309555    0.001394    5.711815 ^ _1473_/B1_N (sky130_fd_sc_hd__a21bo_2)
     1    0.004091    0.028001    0.120539    5.832354 v _1473_/X (sky130_fd_sc_hd__a21bo_2)
                                                         _0718_ (net)
                      0.028001    0.000107    5.832460 v fanout16/A (sky130_fd_sc_hd__clkdlybuf4s25_1)
     5    0.026224    0.136832    0.245479    6.077939 v fanout16/X (sky130_fd_sc_hd__clkdlybuf4s25_1)
                                                         net16 (net)
                      0.136832    0.000352    6.078291 v fanout14/A (sky130_fd_sc_hd__clkdlybuf4s25_1)
    10    0.042515    0.215819    0.344375    6.422666 v fanout14/X (sky130_fd_sc_hd__clkdlybuf4s25_1)
                                                         net14 (net)
                      0.215824    0.001256    6.423922 v _1551_/B1 (sky130_fd_sc_hd__a31o_2)
     1    0.002883    0.027733    0.146376    6.570298 v _1551_/X (sky130_fd_sc_hd__a31o_2)
                                                         _0776_ (net)
                      0.027733    0.000084    6.570382 v _1552_/C1 (sky130_fd_sc_hd__o211a_2)
     1    0.002907    0.030726    0.069029    6.639411 v _1552_/X (sky130_fd_sc_hd__o211a_2)
                                                         _0048_ (net)
                      0.030726    0.000087    6.639499 v _1620_/D (sky130_fd_sc_hd__dfxtp_2)
                                              6.639499   data arrival time

                                 20.000000   20.000000   clock clk (rise edge)
                                  0.000000   20.000000   clock source latency
     1    0.020088    0.072004    0.049386   20.049387 ^ clk (in)
                                                         clk (net)
                      0.072017    0.000000   20.049387 ^ clkbuf_0_clk/A (sky130_fd_sc_hd__clkbuf_16)
     8    0.084509    0.077719    0.131609   20.180996 ^ clkbuf_0_clk/X (sky130_fd_sc_hd__clkbuf_16)
                                                         clknet_0_clk (net)
                      0.077893    0.002945   20.183941 ^ clkbuf_3_0__f_clk/A (sky130_fd_sc_hd__clkbuf_16)
     8    0.024648    0.034736    0.100441   20.284382 ^ clkbuf_3_0__f_clk/X (sky130_fd_sc_hd__clkbuf_16)
                                                         clknet_3_0__leaf_clk (net)
                      0.034769    0.000909   20.285290 ^ _1620_/CLK (sky130_fd_sc_hd__dfxtp_2)
                                 -0.250000   20.035292   clock uncertainty
                                  0.000000   20.035292   clock reconvergence pessimism
                                 -0.070503   19.964790   library setup time
                                             19.964790   data required time
---------------------------------------------------------------------------------------------
                                             19.964790   data required time
                                             -6.639499   data arrival time
---------------------------------------------------------------------------------------------
                                             13.325291   slack (MET)


Startpoint: uio_in[1] (input port clocked by clk)
Endpoint: _1615_ (rising edge-triggered flip-flop clocked by clk)
Path Group: clk
Path Type: max

Fanout         Cap        Slew       Delay        Time   Description
---------------------------------------------------------------------------------------------
                                  0.000000    0.000000   clock clk (rise edge)
                                  0.000000    0.000000   clock network delay (propagated)
                                  4.000000    4.000000 v input external delay
     1    0.003742    0.006096    0.003115    4.003115 v uio_in[1] (in)
                                                         uio_in[1] (net)
                      0.006097    0.000000    4.003115 v input11/A (sky130_fd_sc_hd__clkdlybuf4s25_1)
     8    0.026742    0.139431    0.239115    4.242230 v input11/X (sky130_fd_sc_hd__clkdlybuf4s25_1)
                                                         net11 (net)
                      0.139441    0.001192    4.243422 v _0797_/A (sky130_fd_sc_hd__nor2_2)
     3    0.010024    0.098689    0.139525    4.382947 ^ _0797_/Y (sky130_fd_sc_hd__nor2_2)
                                                         _0070_ (net)
                      0.098689    0.000170    4.383117 ^ _0802_/C (sky130_fd_sc_hd__and3_2)
     1    0.008350    0.046241    0.127525    4.510641 ^ _0802_/X (sky130_fd_sc_hd__and3_2)
                                                         _0073_ (net)
                      0.046241    0.000261    4.510902 ^ fanout28/A (sky130_fd_sc_hd__clkdlybuf4s25_1)
    10    0.049692    0.372391    0.399992    4.910895 ^ fanout28/X (sky130_fd_sc_hd__clkdlybuf4s25_1)
                                                         net28 (net)
                      0.372439    0.003566    4.914462 ^ fanout27/A (sky130_fd_sc_hd__clkdlybuf4s25_1)
    10    0.044722    0.336439    0.406122    5.320583 ^ fanout27/X (sky130_fd_sc_hd__clkdlybuf4s25_1)
                                                         net27 (net)
                      0.336559    0.002549    5.323132 ^ fanout26/A (sky130_fd_sc_hd__clkdlybuf4s25_1)
    10    0.041058    0.309553    0.387290    5.710422 ^ fanout26/X (sky130_fd_sc_hd__clkdlybuf4s25_1)
                                                         net26 (net)
                      0.309555    0.001394    5.711815 ^ _1473_/B1_N (sky130_fd_sc_hd__a21bo_2)
     1    0.004091    0.028001    0.120539    5.832354 v _1473_/X (sky130_fd_sc_hd__a21bo_2)
                                                         _0718_ (net)
                      0.028001    0.000107    5.832460 v fanout16/A (sky130_fd_sc_hd__clkdlybuf4s25_1)
     5    0.026224    0.136832    0.245479    6.077939 v fanout16/X (sky130_fd_sc_hd__clkdlybuf4s25_1)
                                                         net16 (net)
                      0.136832    0.000352    6.078291 v fanout14/A (sky130_fd_sc_hd__clkdlybuf4s25_1)
    10    0.042515    0.215819    0.344375    6.422666 v fanout14/X (sky130_fd_sc_hd__clkdlybuf4s25_1)
                                                         net14 (net)
                      0.215831    0.001703    6.424369 v _1532_/B1 (sky130_fd_sc_hd__a21o_2)
     1    0.002945    0.024758    0.148381    6.572751 v _1532_/X (sky130_fd_sc_hd__a21o_2)
                                                         _0762_ (net)
                      0.024758    0.000087    6.572838 v _1533_/C1 (sky130_fd_sc_hd__o211a_2)
     1    0.002258    0.029727    0.066218    6.639056 v _1533_/X (sky130_fd_sc_hd__o211a_2)
                                                         _0043_ (net)
                      0.029727    0.000065    6.639121 v _1615_/D (sky130_fd_sc_hd__dfxtp_2)
                                              6.639121   data arrival time

                                 20.000000   20.000000   clock clk (rise edge)
                                  0.000000   20.000000   clock source latency
     1    0.020088    0.072004    0.049386   20.049387 ^ clk (in)
                                                         clk (net)
                      0.072017    0.000000   20.049387 ^ clkbuf_0_clk/A (sky130_fd_sc_hd__clkbuf_16)
     8    0.084509    0.077719    0.131609   20.180996 ^ clkbuf_0_clk/X (sky130_fd_sc_hd__clkbuf_16)
                                                         clknet_0_clk (net)
                      0.077889    0.002913   20.183908 ^ clkbuf_3_1__f_clk/A (sky130_fd_sc_hd__clkbuf_16)
     8    0.024162    0.034411    0.100211   20.284121 ^ clkbuf_3_1__f_clk/X (sky130_fd_sc_hd__clkbuf_16)
                                                         clknet_3_1__leaf_clk (net)
                      0.034420    0.000513   20.284634 ^ _1615_/CLK (sky130_fd_sc_hd__dfxtp_2)
                                 -0.250000   20.034634   clock uncertainty
                                  0.000000   20.034634   clock reconvergence pessimism
                                 -0.070179   19.964455   library setup time
                                             19.964455   data required time
---------------------------------------------------------------------------------------------
                                             19.964455   data required time
                                             -6.639121   data arrival time
---------------------------------------------------------------------------------------------
                                             13.325335   slack (MET)


Startpoint: uio_in[1] (input port clocked by clk)
Endpoint: _1612_ (rising edge-triggered flip-flop clocked by clk)
Path Group: clk
Path Type: max

Fanout         Cap        Slew       Delay        Time   Description
---------------------------------------------------------------------------------------------
                                  0.000000    0.000000   clock clk (rise edge)
                                  0.000000    0.000000   clock network delay (propagated)
                                  4.000000    4.000000 v input external delay
     1    0.003742    0.006096    0.003115    4.003115 v uio_in[1] (in)
                                                         uio_in[1] (net)
                      0.006097    0.000000    4.003115 v input11/A (sky130_fd_sc_hd__clkdlybuf4s25_1)
     8    0.026742    0.139431    0.239115    4.242230 v input11/X (sky130_fd_sc_hd__clkdlybuf4s25_1)
                                                         net11 (net)
                      0.139441    0.001192    4.243422 v _0797_/A (sky130_fd_sc_hd__nor2_2)
     3    0.010024    0.098689    0.139525    4.382947 ^ _0797_/Y (sky130_fd_sc_hd__nor2_2)
                                                         _0070_ (net)
                      0.098689    0.000170    4.383117 ^ _0802_/C (sky130_fd_sc_hd__and3_2)
     1    0.008350    0.046241    0.127525    4.510641 ^ _0802_/X (sky130_fd_sc_hd__and3_2)
                                                         _0073_ (net)
                      0.046241    0.000261    4.510902 ^ fanout28/A (sky130_fd_sc_hd__clkdlybuf4s25_1)
    10    0.049692    0.372391    0.399992    4.910895 ^ fanout28/X (sky130_fd_sc_hd__clkdlybuf4s25_1)
                                                         net28 (net)
                      0.372439    0.003566    4.914462 ^ fanout27/A (sky130_fd_sc_hd__clkdlybuf4s25_1)
    10    0.044722    0.336439    0.406122    5.320583 ^ fanout27/X (sky130_fd_sc_hd__clkdlybuf4s25_1)
                                                         net27 (net)
                      0.336559    0.002549    5.323132 ^ fanout26/A (sky130_fd_sc_hd__clkdlybuf4s25_1)
    10    0.041058    0.309553    0.387290    5.710422 ^ fanout26/X (sky130_fd_sc_hd__clkdlybuf4s25_1)
                                                         net26 (net)
                      0.309555    0.001394    5.711815 ^ _1473_/B1_N (sky130_fd_sc_hd__a21bo_2)
     1    0.004091    0.028001    0.120539    5.832354 v _1473_/X (sky130_fd_sc_hd__a21bo_2)
                                                         _0718_ (net)
                      0.028001    0.000107    5.832460 v fanout16/A (sky130_fd_sc_hd__clkdlybuf4s25_1)
     5    0.026224    0.136832    0.245479    6.077939 v fanout16/X (sky130_fd_sc_hd__clkdlybuf4s25_1)
                                                         net16 (net)
                      0.136832    0.000352    6.078291 v fanout14/A (sky130_fd_sc_hd__clkdlybuf4s25_1)
    10    0.042515    0.215819    0.344375    6.422666 v fanout14/X (sky130_fd_sc_hd__clkdlybuf4s25_1)
                                                         net14 (net)
                      0.215830    0.001643    6.424309 v _1520_/B1 (sky130_fd_sc_hd__a21o_2)
     1    0.002592    0.024070    0.147341    6.571650 v _1520_/X (sky130_fd_sc_hd__a21o_2)
                                                         _0753_ (net)
                      0.024070    0.000050    6.571700 v _1521_/C1 (sky130_fd_sc_hd__o211a_2)
     1    0.002503    0.030034    0.066544    6.638244 v _1521_/X (sky130_fd_sc_hd__o211a_2)
                                                         _0040_ (net)
                      0.030034    0.000074    6.638318 v _1612_/D (sky130_fd_sc_hd__dfxtp_2)
                                              6.638318   data arrival time

                                 20.000000   20.000000   clock clk (rise edge)
                                  0.000000   20.000000   clock source latency
     1    0.020088    0.072004    0.049386   20.049387 ^ clk (in)
                                                         clk (net)
                      0.072017    0.000000   20.049387 ^ clkbuf_0_clk/A (sky130_fd_sc_hd__clkbuf_16)
     8    0.084509    0.077719    0.131609   20.180996 ^ clkbuf_0_clk/X (sky130_fd_sc_hd__clkbuf_16)
                                                         clknet_0_clk (net)
                      0.077889    0.002913   20.183908 ^ clkbuf_3_1__f_clk/A (sky130_fd_sc_hd__clkbuf_16)
     8    0.024162    0.034411    0.100211   20.284121 ^ clkbuf_3_1__f_clk/X (sky130_fd_sc_hd__clkbuf_16)
                                                         clknet_3_1__leaf_clk (net)
                      0.034417    0.000449   20.284569 ^ _1612_/CLK (sky130_fd_sc_hd__dfxtp_2)
                                 -0.250000   20.034571   clock uncertainty
                                  0.000000   20.034571   clock reconvergence pessimism
                                 -0.070289   19.964281   library setup time
                                             19.964281   data required time
---------------------------------------------------------------------------------------------
                                             19.964281   data required time
                                             -6.638318   data arrival time
---------------------------------------------------------------------------------------------
                                             13.325963   slack (MET)


Startpoint: uio_in[1] (input port clocked by clk)
Endpoint: _1618_ (rising edge-triggered flip-flop clocked by clk)
Path Group: clk
Path Type: max

Fanout         Cap        Slew       Delay        Time   Description
---------------------------------------------------------------------------------------------
                                  0.000000    0.000000   clock clk (rise edge)
                                  0.000000    0.000000   clock network delay (propagated)
                                  4.000000    4.000000 v input external delay
     1    0.003742    0.006096    0.003115    4.003115 v uio_in[1] (in)
                                                         uio_in[1] (net)
                      0.006097    0.000000    4.003115 v input11/A (sky130_fd_sc_hd__clkdlybuf4s25_1)
     8    0.026742    0.139431    0.239115    4.242230 v input11/X (sky130_fd_sc_hd__clkdlybuf4s25_1)
                                                         net11 (net)
                      0.139441    0.001192    4.243422 v _0797_/A (sky130_fd_sc_hd__nor2_2)
     3    0.010024    0.098689    0.139525    4.382947 ^ _0797_/Y (sky130_fd_sc_hd__nor2_2)
                                                         _0070_ (net)
                      0.098689    0.000170    4.383117 ^ _0802_/C (sky130_fd_sc_hd__and3_2)
     1    0.008350    0.046241    0.127525    4.510641 ^ _0802_/X (sky130_fd_sc_hd__and3_2)
                                                         _0073_ (net)
                      0.046241    0.000261    4.510902 ^ fanout28/A (sky130_fd_sc_hd__clkdlybuf4s25_1)
    10    0.049692    0.372391    0.399992    4.910895 ^ fanout28/X (sky130_fd_sc_hd__clkdlybuf4s25_1)
                                                         net28 (net)
                      0.372439    0.003566    4.914462 ^ fanout27/A (sky130_fd_sc_hd__clkdlybuf4s25_1)
    10    0.044722    0.336439    0.406122    5.320583 ^ fanout27/X (sky130_fd_sc_hd__clkdlybuf4s25_1)
                                                         net27 (net)
                      0.336559    0.002549    5.323132 ^ fanout26/A (sky130_fd_sc_hd__clkdlybuf4s25_1)
    10    0.041058    0.309553    0.387290    5.710422 ^ fanout26/X (sky130_fd_sc_hd__clkdlybuf4s25_1)
                                                         net26 (net)
                      0.309555    0.001394    5.711815 ^ _1473_/B1_N (sky130_fd_sc_hd__a21bo_2)
     1    0.004091    0.028001    0.120539    5.832354 v _1473_/X (sky130_fd_sc_hd__a21bo_2)
                                                         _0718_ (net)
                      0.028001    0.000107    5.832460 v fanout16/A (sky130_fd_sc_hd__clkdlybuf4s25_1)
     5    0.026224    0.136832    0.245479    6.077939 v fanout16/X (sky130_fd_sc_hd__clkdlybuf4s25_1)
                                                         net16 (net)
                      0.136832    0.000352    6.078291 v fanout14/A (sky130_fd_sc_hd__clkdlybuf4s25_1)
    10    0.042515    0.215819    0.344375    6.422666 v fanout14/X (sky130_fd_sc_hd__clkdlybuf4s25_1)
                                                         net14 (net)
                      0.215826    0.001418    6.424085 v _1544_/B1 (sky130_fd_sc_hd__a31o_2)
     1    0.003030    0.028034    0.146811    6.570895 v _1544_/X (sky130_fd_sc_hd__a31o_2)
                                                         _0771_ (net)
                      0.028034    0.000090    6.570985 v _1545_/C1 (sky130_fd_sc_hd__o211a_2)
     1    0.002418    0.029734    0.067944    6.638929 v _1545_/X (sky130_fd_sc_hd__o211a_2)
                                                         _0046_ (net)
                      0.029734    0.000070    6.638999 v _1618_/D (sky130_fd_sc_hd__dfxtp_2)
                                              6.638999   data arrival time

                                 20.000000   20.000000   clock clk (rise edge)
                                  0.000000   20.000000   clock source latency
     1    0.020088    0.072004    0.049386   20.049387 ^ clk (in)
                                                         clk (net)
                      0.072017    0.000000   20.049387 ^ clkbuf_0_clk/A (sky130_fd_sc_hd__clkbuf_16)
     8    0.084509    0.077719    0.131609   20.180996 ^ clkbuf_0_clk/X (sky130_fd_sc_hd__clkbuf_16)
                                                         clknet_0_clk (net)
                      0.077893    0.002945   20.183941 ^ clkbuf_3_0__f_clk/A (sky130_fd_sc_hd__clkbuf_16)
     8    0.024648    0.034736    0.100441   20.284382 ^ clkbuf_3_0__f_clk/X (sky130_fd_sc_hd__clkbuf_16)
                                                         clknet_3_0__leaf_clk (net)
                      0.034768    0.000897   20.285278 ^ _1618_/CLK (sky130_fd_sc_hd__dfxtp_2)
                                 -0.250000   20.035278   clock uncertainty
                                  0.000000   20.035278   clock reconvergence pessimism
                                 -0.070148   19.965130   library setup time
                                             19.965130   data required time
---------------------------------------------------------------------------------------------
                                             19.965130   data required time
                                             -6.638999   data arrival time
---------------------------------------------------------------------------------------------
                                             13.326132   slack (MET)


Startpoint: uio_in[1] (input port clocked by clk)
Endpoint: _1604_ (rising edge-triggered flip-flop clocked by clk)
Path Group: clk
Path Type: max

Fanout         Cap        Slew       Delay        Time   Description
---------------------------------------------------------------------------------------------
                                  0.000000    0.000000   clock clk (rise edge)
                                  0.000000    0.000000   clock network delay (propagated)
                                  4.000000    4.000000 v input external delay
     1    0.003742    0.006096    0.003115    4.003115 v uio_in[1] (in)
                                                         uio_in[1] (net)
                      0.006097    0.000000    4.003115 v input11/A (sky130_fd_sc_hd__clkdlybuf4s25_1)
     8    0.026742    0.139431    0.239115    4.242230 v input11/X (sky130_fd_sc_hd__clkdlybuf4s25_1)
                                                         net11 (net)
                      0.139441    0.001192    4.243422 v _0797_/A (sky130_fd_sc_hd__nor2_2)
     3    0.010024    0.098689    0.139525    4.382947 ^ _0797_/Y (sky130_fd_sc_hd__nor2_2)
                                                         _0070_ (net)
                      0.098689    0.000170    4.383117 ^ _0802_/C (sky130_fd_sc_hd__and3_2)
     1    0.008350    0.046241    0.127525    4.510641 ^ _0802_/X (sky130_fd_sc_hd__and3_2)
                                                         _0073_ (net)
                      0.046241    0.000261    4.510902 ^ fanout28/A (sky130_fd_sc_hd__clkdlybuf4s25_1)
    10    0.049692    0.372391    0.399992    4.910895 ^ fanout28/X (sky130_fd_sc_hd__clkdlybuf4s25_1)
                                                         net28 (net)
                      0.372439    0.003566    4.914462 ^ fanout27/A (sky130_fd_sc_hd__clkdlybuf4s25_1)
    10    0.044722    0.336439    0.406122    5.320583 ^ fanout27/X (sky130_fd_sc_hd__clkdlybuf4s25_1)
                                                         net27 (net)
                      0.336559    0.002549    5.323132 ^ fanout26/A (sky130_fd_sc_hd__clkdlybuf4s25_1)
    10    0.041058    0.309553    0.387290    5.710422 ^ fanout26/X (sky130_fd_sc_hd__clkdlybuf4s25_1)
                                                         net26 (net)
                      0.309555    0.001394    5.711815 ^ _1473_/B1_N (sky130_fd_sc_hd__a21bo_2)
     1    0.004091    0.028001    0.120539    5.832354 v _1473_/X (sky130_fd_sc_hd__a21bo_2)
                                                         _0718_ (net)
                      0.028001    0.000107    5.832460 v fanout16/A (sky130_fd_sc_hd__clkdlybuf4s25_1)
     5    0.026224    0.136832    0.245479    6.077939 v fanout16/X (sky130_fd_sc_hd__clkdlybuf4s25_1)
                                                         net16 (net)
                      0.136836    0.000852    6.078791 v fanout15/A (sky130_fd_sc_hd__clkdlybuf4s25_1)
    10    0.041016    0.208491    0.339074    6.417865 v fanout15/X (sky130_fd_sc_hd__clkdlybuf4s25_1)
                                                         net15 (net)
                      0.208508    0.001950    6.419815 v _1488_/B1 (sky130_fd_sc_hd__a31o_2)
     1    0.003942    0.030170    0.147039    6.566854 v _1488_/X (sky130_fd_sc_hd__a31o_2)
                                                         _0729_ (net)
                      0.030170    0.000137    6.566991 v _1489_/C1 (sky130_fd_sc_hd__o211a_2)
     1    0.002226    0.029660    0.068344    6.635334 v _1489_/X (sky130_fd_sc_hd__o211a_2)
                                                         _0032_ (net)
                      0.029660    0.000045    6.635379 v _1604_/D (sky130_fd_sc_hd__dfxtp_2)
                                              6.635379   data arrival time

                                 20.000000   20.000000   clock clk (rise edge)
                                  0.000000   20.000000   clock source latency
     1    0.020088    0.072004    0.049386   20.049387 ^ clk (in)
                                                         clk (net)
                      0.072017    0.000000   20.049387 ^ clkbuf_0_clk/A (sky130_fd_sc_hd__clkbuf_16)
     8    0.084509    0.077719    0.131609   20.180996 ^ clkbuf_0_clk/X (sky130_fd_sc_hd__clkbuf_16)
                                                         clknet_0_clk (net)
                      0.077883    0.002863   20.183859 ^ clkbuf_3_2__f_clk/A (sky130_fd_sc_hd__clkbuf_16)
     8    0.025423    0.035258    0.100862   20.284719 ^ clkbuf_3_2__f_clk/X (sky130_fd_sc_hd__clkbuf_16)
                                                         clknet_3_2__leaf_clk (net)
                      0.035259    0.000444   20.285164 ^ _1604_/CLK (sky130_fd_sc_hd__dfxtp_2)
                                 -0.250000   20.035166   clock uncertainty
                                  0.000000   20.035166   clock reconvergence pessimism
                                 -0.070075   19.965090   library setup time
                                             19.965090   data required time
---------------------------------------------------------------------------------------------
                                             19.965090   data required time
                                             -6.635379   data arrival time
---------------------------------------------------------------------------------------------
                                             13.329710   slack (MET)


Startpoint: uio_in[1] (input port clocked by clk)
Endpoint: _1613_ (rising edge-triggered flip-flop clocked by clk)
Path Group: clk
Path Type: max

Fanout         Cap        Slew       Delay        Time   Description
---------------------------------------------------------------------------------------------
                                  0.000000    0.000000   clock clk (rise edge)
                                  0.000000    0.000000   clock network delay (propagated)
                                  4.000000    4.000000 v input external delay
     1    0.003742    0.006096    0.003115    4.003115 v uio_in[1] (in)
                                                         uio_in[1] (net)
                      0.006097    0.000000    4.003115 v input11/A (sky130_fd_sc_hd__clkdlybuf4s25_1)
     8    0.026742    0.139431    0.239115    4.242230 v input11/X (sky130_fd_sc_hd__clkdlybuf4s25_1)
                                                         net11 (net)
                      0.139441    0.001192    4.243422 v _0797_/A (sky130_fd_sc_hd__nor2_2)
     3    0.010024    0.098689    0.139525    4.382947 ^ _0797_/Y (sky130_fd_sc_hd__nor2_2)
                                                         _0070_ (net)
                      0.098689    0.000170    4.383117 ^ _0802_/C (sky130_fd_sc_hd__and3_2)
     1    0.008350    0.046241    0.127525    4.510641 ^ _0802_/X (sky130_fd_sc_hd__and3_2)
                                                         _0073_ (net)
                      0.046241    0.000261    4.510902 ^ fanout28/A (sky130_fd_sc_hd__clkdlybuf4s25_1)
    10    0.049692    0.372391    0.399992    4.910895 ^ fanout28/X (sky130_fd_sc_hd__clkdlybuf4s25_1)
                                                         net28 (net)
                      0.372439    0.003566    4.914462 ^ fanout27/A (sky130_fd_sc_hd__clkdlybuf4s25_1)
    10    0.044722    0.336439    0.406122    5.320583 ^ fanout27/X (sky130_fd_sc_hd__clkdlybuf4s25_1)
                                                         net27 (net)
                      0.336559    0.002549    5.323132 ^ fanout26/A (sky130_fd_sc_hd__clkdlybuf4s25_1)
    10    0.041058    0.309553    0.387290    5.710422 ^ fanout26/X (sky130_fd_sc_hd__clkdlybuf4s25_1)
                                                         net26 (net)
                      0.309555    0.001394    5.711815 ^ _1473_/B1_N (sky130_fd_sc_hd__a21bo_2)
     1    0.004091    0.028001    0.120539    5.832354 v _1473_/X (sky130_fd_sc_hd__a21bo_2)
                                                         _0718_ (net)
                      0.028001    0.000107    5.832460 v fanout16/A (sky130_fd_sc_hd__clkdlybuf4s25_1)
     5    0.026224    0.136832    0.245479    6.077939 v fanout16/X (sky130_fd_sc_hd__clkdlybuf4s25_1)
                                                         net16 (net)
                      0.136832    0.000352    6.078291 v fanout14/A (sky130_fd_sc_hd__clkdlybuf4s25_1)
    10    0.042515    0.215819    0.344375    6.422666 v fanout14/X (sky130_fd_sc_hd__clkdlybuf4s25_1)
                                                         net14 (net)
                      0.215833    0.001806    6.424472 v _1524_/B1 (sky130_fd_sc_hd__a21o_2)
     1    0.003308    0.025488    0.149462    6.573934 v _1524_/X (sky130_fd_sc_hd__a21o_2)
                                                         _0756_ (net)
                      0.025488    0.000099    6.574034 v _1525_/C1 (sky130_fd_sc_hd__o211a_2)
     1    0.002100    0.029207    0.066129    6.640163 v _1525_/X (sky130_fd_sc_hd__o211a_2)
                                                         _0041_ (net)
                      0.029207    0.000041    6.640203 v _1613_/D (sky130_fd_sc_hd__dfxtp_2)
                                              6.640203   data arrival time

                                 20.000000   20.000000   clock clk (rise edge)
                                  0.000000   20.000000   clock source latency
     1    0.020088    0.072004    0.049386   20.049387 ^ clk (in)
                                                         clk (net)
                      0.072017    0.000000   20.049387 ^ clkbuf_0_clk/A (sky130_fd_sc_hd__clkbuf_16)
     8    0.084509    0.077719    0.131609   20.180996 ^ clkbuf_0_clk/X (sky130_fd_sc_hd__clkbuf_16)
                                                         clknet_0_clk (net)
                      0.077813    0.002181   20.183176 ^ clkbuf_3_4__f_clk/A (sky130_fd_sc_hd__clkbuf_16)
     8    0.032738    0.040439    0.105690   20.288866 ^ clkbuf_3_4__f_clk/X (sky130_fd_sc_hd__clkbuf_16)
                                                         clknet_3_4__leaf_clk (net)
                      0.040445    0.000881   20.289747 ^ _1613_/CLK (sky130_fd_sc_hd__dfxtp_2)
                                 -0.250000   20.039749   clock uncertainty
                                  0.000000   20.039749   clock reconvergence pessimism
                                 -0.069414   19.970333   library setup time
                                             19.970333   data required time
---------------------------------------------------------------------------------------------
                                             19.970333   data required time
                                             -6.640203   data arrival time
---------------------------------------------------------------------------------------------
                                             13.330131   slack (MET)


Startpoint: uio_in[1] (input port clocked by clk)
Endpoint: _1601_ (rising edge-triggered flip-flop clocked by clk)
Path Group: clk
Path Type: max

Fanout         Cap        Slew       Delay        Time   Description
---------------------------------------------------------------------------------------------
                                  0.000000    0.000000   clock clk (rise edge)
                                  0.000000    0.000000   clock network delay (propagated)
                                  4.000000    4.000000 v input external delay
     1    0.003742    0.006096    0.003115    4.003115 v uio_in[1] (in)
                                                         uio_in[1] (net)
                      0.006097    0.000000    4.003115 v input11/A (sky130_fd_sc_hd__clkdlybuf4s25_1)
     8    0.026742    0.139431    0.239115    4.242230 v input11/X (sky130_fd_sc_hd__clkdlybuf4s25_1)
                                                         net11 (net)
                      0.139441    0.001192    4.243422 v _0797_/A (sky130_fd_sc_hd__nor2_2)
     3    0.010024    0.098689    0.139525    4.382947 ^ _0797_/Y (sky130_fd_sc_hd__nor2_2)
                                                         _0070_ (net)
                      0.098689    0.000170    4.383117 ^ _0802_/C (sky130_fd_sc_hd__and3_2)
     1    0.008350    0.046241    0.127525    4.510641 ^ _0802_/X (sky130_fd_sc_hd__and3_2)
                                                         _0073_ (net)
                      0.046241    0.000261    4.510902 ^ fanout28/A (sky130_fd_sc_hd__clkdlybuf4s25_1)
    10    0.049692    0.372391    0.399992    4.910895 ^ fanout28/X (sky130_fd_sc_hd__clkdlybuf4s25_1)
                                                         net28 (net)
                      0.372439    0.003566    4.914462 ^ fanout27/A (sky130_fd_sc_hd__clkdlybuf4s25_1)
    10    0.044722    0.336439    0.406122    5.320583 ^ fanout27/X (sky130_fd_sc_hd__clkdlybuf4s25_1)
                                                         net27 (net)
                      0.336559    0.002549    5.323132 ^ fanout26/A (sky130_fd_sc_hd__clkdlybuf4s25_1)
    10    0.041058    0.309553    0.387290    5.710422 ^ fanout26/X (sky130_fd_sc_hd__clkdlybuf4s25_1)
                                                         net26 (net)
                      0.309555    0.001394    5.711815 ^ _1473_/B1_N (sky130_fd_sc_hd__a21bo_2)
     1    0.004091    0.028001    0.120539    5.832354 v _1473_/X (sky130_fd_sc_hd__a21bo_2)
                                                         _0718_ (net)
                      0.028001    0.000107    5.832460 v fanout16/A (sky130_fd_sc_hd__clkdlybuf4s25_1)
     5    0.026224    0.136832    0.245479    6.077939 v fanout16/X (sky130_fd_sc_hd__clkdlybuf4s25_1)
                                                         net16 (net)
                      0.136836    0.000852    6.078791 v fanout15/A (sky130_fd_sc_hd__clkdlybuf4s25_1)
    10    0.041016    0.208491    0.339074    6.417865 v fanout15/X (sky130_fd_sc_hd__clkdlybuf4s25_1)
                                                         net15 (net)
                      0.208491    0.000704    6.418569 v _1479_/B1 (sky130_fd_sc_hd__a21o_2)
     1    0.003194    0.025274    0.146666    6.565235 v _1479_/X (sky130_fd_sc_hd__a21o_2)
                                                         _0723_ (net)
                      0.025274    0.000097    6.565332 v _1480_/C1 (sky130_fd_sc_hd__o211a_2)
     1    0.003039    0.030992    0.068367    6.633699 v _1480_/X (sky130_fd_sc_hd__o211a_2)
                                                         _0029_ (net)
                      0.030992    0.000068    6.633768 v _1601_/D (sky130_fd_sc_hd__dfxtp_2)
                                              6.633768   data arrival time

                                 20.000000   20.000000   clock clk (rise edge)
                                  0.000000   20.000000   clock source latency
     1    0.020088    0.072004    0.049386   20.049387 ^ clk (in)
                                                         clk (net)
                      0.072017    0.000000   20.049387 ^ clkbuf_0_clk/A (sky130_fd_sc_hd__clkbuf_16)
     8    0.084509    0.077719    0.131609   20.180996 ^ clkbuf_0_clk/X (sky130_fd_sc_hd__clkbuf_16)
                                                         clknet_0_clk (net)
                      0.077893    0.002945   20.183941 ^ clkbuf_3_0__f_clk/A (sky130_fd_sc_hd__clkbuf_16)
     8    0.024648    0.034736    0.100441   20.284382 ^ clkbuf_3_0__f_clk/X (sky130_fd_sc_hd__clkbuf_16)
                                                         clknet_3_0__leaf_clk (net)
                      0.034739    0.000439   20.284821 ^ _1601_/CLK (sky130_fd_sc_hd__dfxtp_2)
                                 -0.250000   20.034821   clock uncertainty
                                  0.000000   20.034821   clock reconvergence pessimism
                                 -0.070600   19.964222   library setup time
                                             19.964222   data required time
---------------------------------------------------------------------------------------------
                                             19.964222   data required time
                                             -6.633768   data arrival time
---------------------------------------------------------------------------------------------
                                             13.330454   slack (MET)


Startpoint: uio_in[1] (input port clocked by clk)
Endpoint: _1609_ (rising edge-triggered flip-flop clocked by clk)
Path Group: clk
Path Type: max

Fanout         Cap        Slew       Delay        Time   Description
---------------------------------------------------------------------------------------------
                                  0.000000    0.000000   clock clk (rise edge)
                                  0.000000    0.000000   clock network delay (propagated)
                                  4.000000    4.000000 v input external delay
     1    0.003742    0.006096    0.003115    4.003115 v uio_in[1] (in)
                                                         uio_in[1] (net)
                      0.006097    0.000000    4.003115 v input11/A (sky130_fd_sc_hd__clkdlybuf4s25_1)
     8    0.026742    0.139431    0.239115    4.242230 v input11/X (sky130_fd_sc_hd__clkdlybuf4s25_1)
                                                         net11 (net)
                      0.139441    0.001192    4.243422 v _0797_/A (sky130_fd_sc_hd__nor2_2)
     3    0.010024    0.098689    0.139525    4.382947 ^ _0797_/Y (sky130_fd_sc_hd__nor2_2)
                                                         _0070_ (net)
                      0.098689    0.000170    4.383117 ^ _0802_/C (sky130_fd_sc_hd__and3_2)
     1    0.008350    0.046241    0.127525    4.510641 ^ _0802_/X (sky130_fd_sc_hd__and3_2)
                                                         _0073_ (net)
                      0.046241    0.000261    4.510902 ^ fanout28/A (sky130_fd_sc_hd__clkdlybuf4s25_1)
    10    0.049692    0.372391    0.399992    4.910895 ^ fanout28/X (sky130_fd_sc_hd__clkdlybuf4s25_1)
                                                         net28 (net)
                      0.372439    0.003566    4.914462 ^ fanout27/A (sky130_fd_sc_hd__clkdlybuf4s25_1)
    10    0.044722    0.336439    0.406122    5.320583 ^ fanout27/X (sky130_fd_sc_hd__clkdlybuf4s25_1)
                                                         net27 (net)
                      0.336559    0.002549    5.323132 ^ fanout26/A (sky130_fd_sc_hd__clkdlybuf4s25_1)
    10    0.041058    0.309553    0.387290    5.710422 ^ fanout26/X (sky130_fd_sc_hd__clkdlybuf4s25_1)
                                                         net26 (net)
                      0.309555    0.001394    5.711815 ^ _1473_/B1_N (sky130_fd_sc_hd__a21bo_2)
     1    0.004091    0.028001    0.120539    5.832354 v _1473_/X (sky130_fd_sc_hd__a21bo_2)
                                                         _0718_ (net)
                      0.028001    0.000107    5.832460 v fanout16/A (sky130_fd_sc_hd__clkdlybuf4s25_1)
     5    0.026224    0.136832    0.245479    6.077939 v fanout16/X (sky130_fd_sc_hd__clkdlybuf4s25_1)
                                                         net16 (net)
                      0.136836    0.000852    6.078791 v fanout15/A (sky130_fd_sc_hd__clkdlybuf4s25_1)
    10    0.041016    0.208491    0.339074    6.417865 v fanout15/X (sky130_fd_sc_hd__clkdlybuf4s25_1)
                                                         net15 (net)
                      0.208492    0.000876    6.418740 v _1506_/B1 (sky130_fd_sc_hd__a31o_2)
     1    0.003718    0.029579    0.146380    6.565120 v _1506_/X (sky130_fd_sc_hd__a31o_2)
                                                         _0742_ (net)
                      0.029579    0.000121    6.565241 v _1507_/C1 (sky130_fd_sc_hd__o211a_2)
     1    0.002320    0.029661    0.068330    6.633571 v _1507_/X (sky130_fd_sc_hd__o211a_2)
                                                         _0037_ (net)
                      0.029661    0.000068    6.633639 v _1609_/D (sky130_fd_sc_hd__dfxtp_2)
                                              6.633639   data arrival time

                                 20.000000   20.000000   clock clk (rise edge)
                                  0.000000   20.000000   clock source latency
     1    0.020088    0.072004    0.049386   20.049387 ^ clk (in)
                                                         clk (net)
                      0.072017    0.000000   20.049387 ^ clkbuf_0_clk/A (sky130_fd_sc_hd__clkbuf_16)
     8    0.084509    0.077719    0.131609   20.180996 ^ clkbuf_0_clk/X (sky130_fd_sc_hd__clkbuf_16)
                                                         clknet_0_clk (net)
                      0.077889    0.002913   20.183908 ^ clkbuf_3_1__f_clk/A (sky130_fd_sc_hd__clkbuf_16)
     8    0.024162    0.034411    0.100211   20.284121 ^ clkbuf_3_1__f_clk/X (sky130_fd_sc_hd__clkbuf_16)
                                                         clknet_3_1__leaf_clk (net)
                      0.034417    0.000428   20.284548 ^ _1609_/CLK (sky130_fd_sc_hd__dfxtp_2)
                                 -0.250000   20.034550   clock uncertainty
                                  0.000000   20.034550   clock reconvergence pessimism
                                 -0.070156   19.964394   library setup time
                                             19.964394   data required time
---------------------------------------------------------------------------------------------
                                             19.964394   data required time
                                             -6.633639   data arrival time
---------------------------------------------------------------------------------------------
                                             13.330754   slack (MET)


Startpoint: uio_in[1] (input port clocked by clk)
Endpoint: _1608_ (rising edge-triggered flip-flop clocked by clk)
Path Group: clk
Path Type: max

Fanout         Cap        Slew       Delay        Time   Description
---------------------------------------------------------------------------------------------
                                  0.000000    0.000000   clock clk (rise edge)
                                  0.000000    0.000000   clock network delay (propagated)
                                  4.000000    4.000000 v input external delay
     1    0.003742    0.006096    0.003115    4.003115 v uio_in[1] (in)
                                                         uio_in[1] (net)
                      0.006097    0.000000    4.003115 v input11/A (sky130_fd_sc_hd__clkdlybuf4s25_1)
     8    0.026742    0.139431    0.239115    4.242230 v input11/X (sky130_fd_sc_hd__clkdlybuf4s25_1)
                                                         net11 (net)
                      0.139441    0.001192    4.243422 v _0797_/A (sky130_fd_sc_hd__nor2_2)
     3    0.010024    0.098689    0.139525    4.382947 ^ _0797_/Y (sky130_fd_sc_hd__nor2_2)
                                                         _0070_ (net)
                      0.098689    0.000170    4.383117 ^ _0802_/C (sky130_fd_sc_hd__and3_2)
     1    0.008350    0.046241    0.127525    4.510641 ^ _0802_/X (sky130_fd_sc_hd__and3_2)
                                                         _0073_ (net)
                      0.046241    0.000261    4.510902 ^ fanout28/A (sky130_fd_sc_hd__clkdlybuf4s25_1)
    10    0.049692    0.372391    0.399992    4.910895 ^ fanout28/X (sky130_fd_sc_hd__clkdlybuf4s25_1)
                                                         net28 (net)
                      0.372439    0.003566    4.914462 ^ fanout27/A (sky130_fd_sc_hd__clkdlybuf4s25_1)
    10    0.044722    0.336439    0.406122    5.320583 ^ fanout27/X (sky130_fd_sc_hd__clkdlybuf4s25_1)
                                                         net27 (net)
                      0.336559    0.002549    5.323132 ^ fanout26/A (sky130_fd_sc_hd__clkdlybuf4s25_1)
    10    0.041058    0.309553    0.387290    5.710422 ^ fanout26/X (sky130_fd_sc_hd__clkdlybuf4s25_1)
                                                         net26 (net)
                      0.309555    0.001394    5.711815 ^ _1473_/B1_N (sky130_fd_sc_hd__a21bo_2)
     1    0.004091    0.028001    0.120539    5.832354 v _1473_/X (sky130_fd_sc_hd__a21bo_2)
                                                         _0718_ (net)
                      0.028001    0.000107    5.832460 v fanout16/A (sky130_fd_sc_hd__clkdlybuf4s25_1)
     5    0.026224    0.136832    0.245479    6.077939 v fanout16/X (sky130_fd_sc_hd__clkdlybuf4s25_1)
                                                         net16 (net)
                      0.136836    0.000852    6.078791 v fanout15/A (sky130_fd_sc_hd__clkdlybuf4s25_1)
    10    0.041016    0.208491    0.339074    6.417865 v fanout15/X (sky130_fd_sc_hd__clkdlybuf4s25_1)
                                                         net15 (net)
                      0.208493    0.000997    6.418861 v _1502_/B1 (sky130_fd_sc_hd__a21o_2)
     1    0.002635    0.024174    0.145025    6.563887 v _1502_/X (sky130_fd_sc_hd__a21o_2)
                                                         _0739_ (net)
                      0.024174    0.000052    6.563939 v _1503_/C1 (sky130_fd_sc_hd__o211a_2)
     1    0.003289    0.031622    0.068531    6.632470 v _1503_/X (sky130_fd_sc_hd__o211a_2)
                                                         _0036_ (net)
                      0.031622    0.000098    6.632567 v _1608_/D (sky130_fd_sc_hd__dfxtp_2)
                                              6.632567   data arrival time

                                 20.000000   20.000000   clock clk (rise edge)
                                  0.000000   20.000000   clock source latency
     1    0.020088    0.072004    0.049386   20.049387 ^ clk (in)
                                                         clk (net)
                      0.072017    0.000000   20.049387 ^ clkbuf_0_clk/A (sky130_fd_sc_hd__clkbuf_16)
     8    0.084509    0.077719    0.131609   20.180996 ^ clkbuf_0_clk/X (sky130_fd_sc_hd__clkbuf_16)
                                                         clknet_0_clk (net)
                      0.077889    0.002913   20.183908 ^ clkbuf_3_1__f_clk/A (sky130_fd_sc_hd__clkbuf_16)
     8    0.024162    0.034411    0.100211   20.284121 ^ clkbuf_3_1__f_clk/X (sky130_fd_sc_hd__clkbuf_16)
                                                         clknet_3_1__leaf_clk (net)
                      0.034421    0.000529   20.284649 ^ _1608_/CLK (sky130_fd_sc_hd__dfxtp_2)
                                 -0.250000   20.034651   clock uncertainty
                                  0.000000   20.034651   clock reconvergence pessimism
                                 -0.070856   19.963795   library setup time
                                             19.963795   data required time
---------------------------------------------------------------------------------------------
                                             19.963795   data required time
                                             -6.632567   data arrival time
---------------------------------------------------------------------------------------------
                                             13.331227   slack (MET)


Startpoint: uio_in[1] (input port clocked by clk)
Endpoint: _1614_ (rising edge-triggered flip-flop clocked by clk)
Path Group: clk
Path Type: max

Fanout         Cap        Slew       Delay        Time   Description
---------------------------------------------------------------------------------------------
                                  0.000000    0.000000   clock clk (rise edge)
                                  0.000000    0.000000   clock network delay (propagated)
                                  4.000000    4.000000 v input external delay
     1    0.003742    0.006096    0.003115    4.003115 v uio_in[1] (in)
                                                         uio_in[1] (net)
                      0.006097    0.000000    4.003115 v input11/A (sky130_fd_sc_hd__clkdlybuf4s25_1)
     8    0.026742    0.139431    0.239115    4.242230 v input11/X (sky130_fd_sc_hd__clkdlybuf4s25_1)
                                                         net11 (net)
                      0.139441    0.001192    4.243422 v _0797_/A (sky130_fd_sc_hd__nor2_2)
     3    0.010024    0.098689    0.139525    4.382947 ^ _0797_/Y (sky130_fd_sc_hd__nor2_2)
                                                         _0070_ (net)
                      0.098689    0.000170    4.383117 ^ _0802_/C (sky130_fd_sc_hd__and3_2)
     1    0.008350    0.046241    0.127525    4.510641 ^ _0802_/X (sky130_fd_sc_hd__and3_2)
                                                         _0073_ (net)
                      0.046241    0.000261    4.510902 ^ fanout28/A (sky130_fd_sc_hd__clkdlybuf4s25_1)
    10    0.049692    0.372391    0.399992    4.910895 ^ fanout28/X (sky130_fd_sc_hd__clkdlybuf4s25_1)
                                                         net28 (net)
                      0.372439    0.003566    4.914462 ^ fanout27/A (sky130_fd_sc_hd__clkdlybuf4s25_1)
    10    0.044722    0.336439    0.406122    5.320583 ^ fanout27/X (sky130_fd_sc_hd__clkdlybuf4s25_1)
                                                         net27 (net)
                      0.336559    0.002549    5.323132 ^ fanout26/A (sky130_fd_sc_hd__clkdlybuf4s25_1)
    10    0.041058    0.309553    0.387290    5.710422 ^ fanout26/X (sky130_fd_sc_hd__clkdlybuf4s25_1)
                                                         net26 (net)
                      0.309555    0.001394    5.711815 ^ _1473_/B1_N (sky130_fd_sc_hd__a21bo_2)
     1    0.004091    0.028001    0.120539    5.832354 v _1473_/X (sky130_fd_sc_hd__a21bo_2)
                                                         _0718_ (net)
                      0.028001    0.000107    5.832460 v fanout16/A (sky130_fd_sc_hd__clkdlybuf4s25_1)
     5    0.026224    0.136832    0.245479    6.077939 v fanout16/X (sky130_fd_sc_hd__clkdlybuf4s25_1)
                                                         net16 (net)
                      0.136832    0.000352    6.078291 v fanout14/A (sky130_fd_sc_hd__clkdlybuf4s25_1)
    10    0.042515    0.215819    0.344375    6.422666 v fanout14/X (sky130_fd_sc_hd__clkdlybuf4s25_1)
                                                         net14 (net)
                      0.215832    0.001742    6.424408 v _1528_/B1 (sky130_fd_sc_hd__a21o_2)
     1    0.002850    0.024566    0.148101    6.572509 v _1528_/X (sky130_fd_sc_hd__a21o_2)
                                                         _0759_ (net)
                      0.024566    0.000083    6.572592 v _1529_/C1 (sky130_fd_sc_hd__o211a_2)
     1    0.002323    0.029666    0.066301    6.638892 v _1529_/X (sky130_fd_sc_hd__o211a_2)
                                                         _0042_ (net)
                      0.029666    0.000067    6.638959 v _1614_/D (sky130_fd_sc_hd__dfxtp_2)
                                              6.638959   data arrival time

                                 20.000000   20.000000   clock clk (rise edge)
                                  0.000000   20.000000   clock source latency
     1    0.020088    0.072004    0.049386   20.049387 ^ clk (in)
                                                         clk (net)
                      0.072017    0.000000   20.049387 ^ clkbuf_0_clk/A (sky130_fd_sc_hd__clkbuf_16)
     8    0.084509    0.077719    0.131609   20.180996 ^ clkbuf_0_clk/X (sky130_fd_sc_hd__clkbuf_16)
                                                         clknet_0_clk (net)
                      0.077813    0.002181   20.183176 ^ clkbuf_3_4__f_clk/A (sky130_fd_sc_hd__clkbuf_16)
     8    0.032738    0.040439    0.105690   20.288866 ^ clkbuf_3_4__f_clk/X (sky130_fd_sc_hd__clkbuf_16)
                                                         clknet_3_4__leaf_clk (net)
                      0.040445    0.000913   20.289780 ^ _1614_/CLK (sky130_fd_sc_hd__dfxtp_2)
                                 -0.250000   20.039780   clock uncertainty
                                  0.000000   20.039780   clock reconvergence pessimism
                                 -0.069578   19.970201   library setup time
                                             19.970201   data required time
---------------------------------------------------------------------------------------------
                                             19.970201   data required time
                                             -6.638959   data arrival time
---------------------------------------------------------------------------------------------
                                             13.331243   slack (MET)


Startpoint: uio_in[1] (input port clocked by clk)
Endpoint: _1600_ (rising edge-triggered flip-flop clocked by clk)
Path Group: clk
Path Type: max

Fanout         Cap        Slew       Delay        Time   Description
---------------------------------------------------------------------------------------------
                                  0.000000    0.000000   clock clk (rise edge)
                                  0.000000    0.000000   clock network delay (propagated)
                                  4.000000    4.000000 v input external delay
     1    0.003742    0.006096    0.003115    4.003115 v uio_in[1] (in)
                                                         uio_in[1] (net)
                      0.006097    0.000000    4.003115 v input11/A (sky130_fd_sc_hd__clkdlybuf4s25_1)
     8    0.026742    0.139431    0.239115    4.242230 v input11/X (sky130_fd_sc_hd__clkdlybuf4s25_1)
                                                         net11 (net)
                      0.139441    0.001192    4.243422 v _0797_/A (sky130_fd_sc_hd__nor2_2)
     3    0.010024    0.098689    0.139525    4.382947 ^ _0797_/Y (sky130_fd_sc_hd__nor2_2)
                                                         _0070_ (net)
                      0.098689    0.000170    4.383117 ^ _0802_/C (sky130_fd_sc_hd__and3_2)
     1    0.008350    0.046241    0.127525    4.510641 ^ _0802_/X (sky130_fd_sc_hd__and3_2)
                                                         _0073_ (net)
                      0.046241    0.000261    4.510902 ^ fanout28/A (sky130_fd_sc_hd__clkdlybuf4s25_1)
    10    0.049692    0.372391    0.399992    4.910895 ^ fanout28/X (sky130_fd_sc_hd__clkdlybuf4s25_1)
                                                         net28 (net)
                      0.372439    0.003566    4.914462 ^ fanout27/A (sky130_fd_sc_hd__clkdlybuf4s25_1)
    10    0.044722    0.336439    0.406122    5.320583 ^ fanout27/X (sky130_fd_sc_hd__clkdlybuf4s25_1)
                                                         net27 (net)
                      0.336559    0.002549    5.323132 ^ fanout26/A (sky130_fd_sc_hd__clkdlybuf4s25_1)
    10    0.041058    0.309553    0.387290    5.710422 ^ fanout26/X (sky130_fd_sc_hd__clkdlybuf4s25_1)
                                                         net26 (net)
                      0.309555    0.001394    5.711815 ^ _1473_/B1_N (sky130_fd_sc_hd__a21bo_2)
     1    0.004091    0.028001    0.120539    5.832354 v _1473_/X (sky130_fd_sc_hd__a21bo_2)
                                                         _0718_ (net)
                      0.028001    0.000107    5.832460 v fanout16/A (sky130_fd_sc_hd__clkdlybuf4s25_1)
     5    0.026224    0.136832    0.245479    6.077939 v fanout16/X (sky130_fd_sc_hd__clkdlybuf4s25_1)
                                                         net16 (net)
                      0.136836    0.000852    6.078791 v fanout15/A (sky130_fd_sc_hd__clkdlybuf4s25_1)
    10    0.041016    0.208491    0.339074    6.417865 v fanout15/X (sky130_fd_sc_hd__clkdlybuf4s25_1)
                                                         net15 (net)
                      0.208491    0.000549    6.418414 v _1475_/B1 (sky130_fd_sc_hd__a31o_2)
     1    0.003607    0.029296    0.146053    6.564466 v _1475_/X (sky130_fd_sc_hd__a31o_2)
                                                         _0720_ (net)
                      0.029296    0.000116    6.564582 v _1476_/C1 (sky130_fd_sc_hd__o211a_2)
     1    0.002133    0.029148    0.067752    6.632334 v _1476_/X (sky130_fd_sc_hd__o211a_2)
                                                         _0028_ (net)
                      0.029148    0.000061    6.632394 v _1600_/D (sky130_fd_sc_hd__dfxtp_2)
                                              6.632394   data arrival time

                                 20.000000   20.000000   clock clk (rise edge)
                                  0.000000   20.000000   clock source latency
     1    0.020088    0.072004    0.049386   20.049387 ^ clk (in)
                                                         clk (net)
                      0.072017    0.000000   20.049387 ^ clkbuf_0_clk/A (sky130_fd_sc_hd__clkbuf_16)
     8    0.084509    0.077719    0.131609   20.180996 ^ clkbuf_0_clk/X (sky130_fd_sc_hd__clkbuf_16)
                                                         clknet_0_clk (net)
                      0.077893    0.002945   20.183941 ^ clkbuf_3_0__f_clk/A (sky130_fd_sc_hd__clkbuf_16)
     8    0.024648    0.034736    0.100441   20.284382 ^ clkbuf_3_0__f_clk/X (sky130_fd_sc_hd__clkbuf_16)
                                                         clknet_3_0__leaf_clk (net)
                      0.034739    0.000435   20.284817 ^ _1600_/CLK (sky130_fd_sc_hd__dfxtp_2)
                                 -0.250000   20.034817   clock uncertainty
                                  0.000000   20.034817   clock reconvergence pessimism
                                 -0.069942   19.964874   library setup time
                                             19.964874   data required time
---------------------------------------------------------------------------------------------
                                             19.964874   data required time
                                             -6.632394   data arrival time
---------------------------------------------------------------------------------------------
                                             13.332480   slack (MET)


Startpoint: uio_in[1] (input port clocked by clk)
Endpoint: _1605_ (rising edge-triggered flip-flop clocked by clk)
Path Group: clk
Path Type: max

Fanout         Cap        Slew       Delay        Time   Description
---------------------------------------------------------------------------------------------
                                  0.000000    0.000000   clock clk (rise edge)
                                  0.000000    0.000000   clock network delay (propagated)
                                  4.000000    4.000000 v input external delay
     1    0.003742    0.006096    0.003115    4.003115 v uio_in[1] (in)
                                                         uio_in[1] (net)
                      0.006097    0.000000    4.003115 v input11/A (sky130_fd_sc_hd__clkdlybuf4s25_1)
     8    0.026742    0.139431    0.239115    4.242230 v input11/X (sky130_fd_sc_hd__clkdlybuf4s25_1)
                                                         net11 (net)
                      0.139441    0.001192    4.243422 v _0797_/A (sky130_fd_sc_hd__nor2_2)
     3    0.010024    0.098689    0.139525    4.382947 ^ _0797_/Y (sky130_fd_sc_hd__nor2_2)
                                                         _0070_ (net)
                      0.098689    0.000170    4.383117 ^ _0802_/C (sky130_fd_sc_hd__and3_2)
     1    0.008350    0.046241    0.127525    4.510641 ^ _0802_/X (sky130_fd_sc_hd__and3_2)
                                                         _0073_ (net)
                      0.046241    0.000261    4.510902 ^ fanout28/A (sky130_fd_sc_hd__clkdlybuf4s25_1)
    10    0.049692    0.372391    0.399992    4.910895 ^ fanout28/X (sky130_fd_sc_hd__clkdlybuf4s25_1)
                                                         net28 (net)
                      0.372439    0.003566    4.914462 ^ fanout27/A (sky130_fd_sc_hd__clkdlybuf4s25_1)
    10    0.044722    0.336439    0.406122    5.320583 ^ fanout27/X (sky130_fd_sc_hd__clkdlybuf4s25_1)
                                                         net27 (net)
                      0.336559    0.002549    5.323132 ^ fanout26/A (sky130_fd_sc_hd__clkdlybuf4s25_1)
    10    0.041058    0.309553    0.387290    5.710422 ^ fanout26/X (sky130_fd_sc_hd__clkdlybuf4s25_1)
                                                         net26 (net)
                      0.309555    0.001394    5.711815 ^ _1473_/B1_N (sky130_fd_sc_hd__a21bo_2)
     1    0.004091    0.028001    0.120539    5.832354 v _1473_/X (sky130_fd_sc_hd__a21bo_2)
                                                         _0718_ (net)
                      0.028001    0.000107    5.832460 v fanout16/A (sky130_fd_sc_hd__clkdlybuf4s25_1)
     5    0.026224    0.136832    0.245479    6.077939 v fanout16/X (sky130_fd_sc_hd__clkdlybuf4s25_1)
                                                         net16 (net)
                      0.136836    0.000852    6.078791 v fanout15/A (sky130_fd_sc_hd__clkdlybuf4s25_1)
    10    0.041016    0.208491    0.339074    6.417865 v fanout15/X (sky130_fd_sc_hd__clkdlybuf4s25_1)
                                                         net15 (net)
                      0.208505    0.001800    6.419665 v _1492_/B1 (sky130_fd_sc_hd__a21o_2)
     1    0.004182    0.027479    0.149580    6.569245 v _1492_/X (sky130_fd_sc_hd__a21o_2)
                                                         _0732_ (net)
                      0.027479    0.000147    6.569393 v _1493_/C1 (sky130_fd_sc_hd__o211a_2)
     1    0.002473    0.030166    0.067856    6.637249 v _1493_/X (sky130_fd_sc_hd__o211a_2)
                                                         _0033_ (net)
                      0.030166    0.000073    6.637322 v _1605_/D (sky130_fd_sc_hd__dfxtp_2)
                                              6.637322   data arrival time

                                 20.000000   20.000000   clock clk (rise edge)
                                  0.000000   20.000000   clock source latency
     1    0.020088    0.072004    0.049386   20.049387 ^ clk (in)
                                                         clk (net)
                      0.072017    0.000000   20.049387 ^ clkbuf_0_clk/A (sky130_fd_sc_hd__clkbuf_16)
     8    0.084509    0.077719    0.131609   20.180996 ^ clkbuf_0_clk/X (sky130_fd_sc_hd__clkbuf_16)
                                                         clknet_0_clk (net)
                      0.077894    0.002952   20.183947 ^ clkbuf_3_3__f_clk/A (sky130_fd_sc_hd__clkbuf_16)
     8    0.031698    0.039752    0.105162   20.289110 ^ clkbuf_3_3__f_clk/X (sky130_fd_sc_hd__clkbuf_16)
                                                         clknet_3_3__leaf_clk (net)
                      0.039755    0.000663   20.289772 ^ _1605_/CLK (sky130_fd_sc_hd__dfxtp_2)
                                 -0.250000   20.039774   clock uncertainty
                                  0.000000   20.039774   clock reconvergence pessimism
                                 -0.069823   19.969950   library setup time
                                             19.969950   data required time
---------------------------------------------------------------------------------------------
                                             19.969950   data required time
                                             -6.637322   data arrival time
---------------------------------------------------------------------------------------------
                                             13.332628   slack (MET)


Startpoint: uio_in[1] (input port clocked by clk)
Endpoint: _1603_ (rising edge-triggered flip-flop clocked by clk)
Path Group: clk
Path Type: max

Fanout         Cap        Slew       Delay        Time   Description
---------------------------------------------------------------------------------------------
                                  0.000000    0.000000   clock clk (rise edge)
                                  0.000000    0.000000   clock network delay (propagated)
                                  4.000000    4.000000 v input external delay
     1    0.003742    0.006096    0.003115    4.003115 v uio_in[1] (in)
                                                         uio_in[1] (net)
                      0.006097    0.000000    4.003115 v input11/A (sky130_fd_sc_hd__clkdlybuf4s25_1)
     8    0.026742    0.139431    0.239115    4.242230 v input11/X (sky130_fd_sc_hd__clkdlybuf4s25_1)
                                                         net11 (net)
                      0.139441    0.001192    4.243422 v _0797_/A (sky130_fd_sc_hd__nor2_2)
     3    0.010024    0.098689    0.139525    4.382947 ^ _0797_/Y (sky130_fd_sc_hd__nor2_2)
                                                         _0070_ (net)
                      0.098689    0.000170    4.383117 ^ _0802_/C (sky130_fd_sc_hd__and3_2)
     1    0.008350    0.046241    0.127525    4.510641 ^ _0802_/X (sky130_fd_sc_hd__and3_2)
                                                         _0073_ (net)
                      0.046241    0.000261    4.510902 ^ fanout28/A (sky130_fd_sc_hd__clkdlybuf4s25_1)
    10    0.049692    0.372391    0.399992    4.910895 ^ fanout28/X (sky130_fd_sc_hd__clkdlybuf4s25_1)
                                                         net28 (net)
                      0.372439    0.003566    4.914462 ^ fanout27/A (sky130_fd_sc_hd__clkdlybuf4s25_1)
    10    0.044722    0.336439    0.406122    5.320583 ^ fanout27/X (sky130_fd_sc_hd__clkdlybuf4s25_1)
                                                         net27 (net)
                      0.336559    0.002549    5.323132 ^ fanout26/A (sky130_fd_sc_hd__clkdlybuf4s25_1)
    10    0.041058    0.309553    0.387290    5.710422 ^ fanout26/X (sky130_fd_sc_hd__clkdlybuf4s25_1)
                                                         net26 (net)
                      0.309555    0.001394    5.711815 ^ _1473_/B1_N (sky130_fd_sc_hd__a21bo_2)
     1    0.004091    0.028001    0.120539    5.832354 v _1473_/X (sky130_fd_sc_hd__a21bo_2)
                                                         _0718_ (net)
                      0.028001    0.000107    5.832460 v fanout16/A (sky130_fd_sc_hd__clkdlybuf4s25_1)
     5    0.026224    0.136832    0.245479    6.077939 v fanout16/X (sky130_fd_sc_hd__clkdlybuf4s25_1)
                                                         net16 (net)
                      0.136836    0.000852    6.078791 v fanout15/A (sky130_fd_sc_hd__clkdlybuf4s25_1)
    10    0.041016    0.208491    0.339074    6.417865 v fanout15/X (sky130_fd_sc_hd__clkdlybuf4s25_1)
                                                         net15 (net)
                      0.208509    0.001996    6.419861 v _1485_/B1 (sky130_fd_sc_hd__a31o_2)
     1    0.002426    0.026788    0.142594    6.562455 v _1485_/X (sky130_fd_sc_hd__a31o_2)
                                                         _0727_ (net)
                      0.026788    0.000046    6.562501 v _1486_/C1 (sky130_fd_sc_hd__o211a_2)
     1    0.002599    0.030421    0.067886    6.630387 v _1486_/X (sky130_fd_sc_hd__o211a_2)
                                                         _0031_ (net)
                      0.030421    0.000077    6.630465 v _1603_/D (sky130_fd_sc_hd__dfxtp_2)
                                              6.630465   data arrival time

                                 20.000000   20.000000   clock clk (rise edge)
                                  0.000000   20.000000   clock source latency
     1    0.020088    0.072004    0.049386   20.049387 ^ clk (in)
                                                         clk (net)
                      0.072017    0.000000   20.049387 ^ clkbuf_0_clk/A (sky130_fd_sc_hd__clkbuf_16)
     8    0.084509    0.077719    0.131609   20.180996 ^ clkbuf_0_clk/X (sky130_fd_sc_hd__clkbuf_16)
                                                         clknet_0_clk (net)
                      0.077883    0.002863   20.183859 ^ clkbuf_3_2__f_clk/A (sky130_fd_sc_hd__clkbuf_16)
     8    0.025423    0.035258    0.100862   20.284719 ^ clkbuf_3_2__f_clk/X (sky130_fd_sc_hd__clkbuf_16)
                                                         clknet_3_2__leaf_clk (net)
                      0.035258    0.000322   20.285042 ^ _1603_/CLK (sky130_fd_sc_hd__dfxtp_2)
                                 -0.250000   20.035042   clock uncertainty
                                  0.000000   20.035042   clock reconvergence pessimism
                                 -0.070347   19.964695   library setup time
                                             19.964695   data required time
---------------------------------------------------------------------------------------------
                                             19.964695   data required time
                                             -6.630465   data arrival time
---------------------------------------------------------------------------------------------
                                             13.334231   slack (MET)


Startpoint: uio_in[1] (input port clocked by clk)
Endpoint: _1606_ (rising edge-triggered flip-flop clocked by clk)
Path Group: clk
Path Type: max

Fanout         Cap        Slew       Delay        Time   Description
---------------------------------------------------------------------------------------------
                                  0.000000    0.000000   clock clk (rise edge)
                                  0.000000    0.000000   clock network delay (propagated)
                                  4.000000    4.000000 v input external delay
     1    0.003742    0.006096    0.003115    4.003115 v uio_in[1] (in)
                                                         uio_in[1] (net)
                      0.006097    0.000000    4.003115 v input11/A (sky130_fd_sc_hd__clkdlybuf4s25_1)
     8    0.026742    0.139431    0.239115    4.242230 v input11/X (sky130_fd_sc_hd__clkdlybuf4s25_1)
                                                         net11 (net)
                      0.139441    0.001192    4.243422 v _0797_/A (sky130_fd_sc_hd__nor2_2)
     3    0.010024    0.098689    0.139525    4.382947 ^ _0797_/Y (sky130_fd_sc_hd__nor2_2)
                                                         _0070_ (net)
                      0.098689    0.000170    4.383117 ^ _0802_/C (sky130_fd_sc_hd__and3_2)
     1    0.008350    0.046241    0.127525    4.510641 ^ _0802_/X (sky130_fd_sc_hd__and3_2)
                                                         _0073_ (net)
                      0.046241    0.000261    4.510902 ^ fanout28/A (sky130_fd_sc_hd__clkdlybuf4s25_1)
    10    0.049692    0.372391    0.399992    4.910895 ^ fanout28/X (sky130_fd_sc_hd__clkdlybuf4s25_1)
                                                         net28 (net)
                      0.372439    0.003566    4.914462 ^ fanout27/A (sky130_fd_sc_hd__clkdlybuf4s25_1)
    10    0.044722    0.336439    0.406122    5.320583 ^ fanout27/X (sky130_fd_sc_hd__clkdlybuf4s25_1)
                                                         net27 (net)
                      0.336559    0.002549    5.323132 ^ fanout26/A (sky130_fd_sc_hd__clkdlybuf4s25_1)
    10    0.041058    0.309553    0.387290    5.710422 ^ fanout26/X (sky130_fd_sc_hd__clkdlybuf4s25_1)
                                                         net26 (net)
                      0.309555    0.001394    5.711815 ^ _1473_/B1_N (sky130_fd_sc_hd__a21bo_2)
     1    0.004091    0.028001    0.120539    5.832354 v _1473_/X (sky130_fd_sc_hd__a21bo_2)
                                                         _0718_ (net)
                      0.028001    0.000107    5.832460 v fanout16/A (sky130_fd_sc_hd__clkdlybuf4s25_1)
     5    0.026224    0.136832    0.245479    6.077939 v fanout16/X (sky130_fd_sc_hd__clkdlybuf4s25_1)
                                                         net16 (net)
                      0.136836    0.000852    6.078791 v fanout15/A (sky130_fd_sc_hd__clkdlybuf4s25_1)
    10    0.041016    0.208491    0.339074    6.417865 v fanout15/X (sky130_fd_sc_hd__clkdlybuf4s25_1)
                                                         net15 (net)
                      0.208503    0.001706    6.419571 v _1495_/B1 (sky130_fd_sc_hd__a31o_2)
     1    0.003573    0.029208    0.145958    6.565529 v _1495_/X (sky130_fd_sc_hd__a31o_2)
                                                         _0734_ (net)
                      0.029208    0.000113    6.565642 v _1496_/C1 (sky130_fd_sc_hd__o211a_2)
     1    0.002200    0.029605    0.067887    6.633530 v _1496_/X (sky130_fd_sc_hd__o211a_2)
                                                         _0034_ (net)
                      0.029605    0.000044    6.633574 v _1606_/D (sky130_fd_sc_hd__dfxtp_2)
                                              6.633574   data arrival time

                                 20.000000   20.000000   clock clk (rise edge)
                                  0.000000   20.000000   clock source latency
     1    0.020088    0.072004    0.049386   20.049387 ^ clk (in)
                                                         clk (net)
                      0.072017    0.000000   20.049387 ^ clkbuf_0_clk/A (sky130_fd_sc_hd__clkbuf_16)
     8    0.084509    0.077719    0.131609   20.180996 ^ clkbuf_0_clk/X (sky130_fd_sc_hd__clkbuf_16)
                                                         clknet_0_clk (net)
                      0.077813    0.002181   20.183176 ^ clkbuf_3_4__f_clk/A (sky130_fd_sc_hd__clkbuf_16)
     8    0.032738    0.040439    0.105690   20.288866 ^ clkbuf_3_4__f_clk/X (sky130_fd_sc_hd__clkbuf_16)
                                                         clknet_3_4__leaf_clk (net)
                      0.040449    0.001160   20.290026 ^ _1606_/CLK (sky130_fd_sc_hd__dfxtp_2)
                                 -0.250000   20.040028   clock uncertainty
                                  0.000000   20.040028   clock reconvergence pessimism
                                 -0.069556   19.970470   library setup time
                                             19.970470   data required time
---------------------------------------------------------------------------------------------
                                             19.970470   data required time
                                             -6.633574   data arrival time
---------------------------------------------------------------------------------------------
                                             13.336896   slack (MET)


Startpoint: uio_in[1] (input port clocked by clk)
Endpoint: _1607_ (rising edge-triggered flip-flop clocked by clk)
Path Group: clk
Path Type: max

Fanout         Cap        Slew       Delay        Time   Description
---------------------------------------------------------------------------------------------
                                  0.000000    0.000000   clock clk (rise edge)
                                  0.000000    0.000000   clock network delay (propagated)
                                  4.000000    4.000000 v input external delay
     1    0.003742    0.006096    0.003115    4.003115 v uio_in[1] (in)
                                                         uio_in[1] (net)
                      0.006097    0.000000    4.003115 v input11/A (sky130_fd_sc_hd__clkdlybuf4s25_1)
     8    0.026742    0.139431    0.239115    4.242230 v input11/X (sky130_fd_sc_hd__clkdlybuf4s25_1)
                                                         net11 (net)
                      0.139441    0.001192    4.243422 v _0797_/A (sky130_fd_sc_hd__nor2_2)
     3    0.010024    0.098689    0.139525    4.382947 ^ _0797_/Y (sky130_fd_sc_hd__nor2_2)
                                                         _0070_ (net)
                      0.098689    0.000170    4.383117 ^ _0802_/C (sky130_fd_sc_hd__and3_2)
     1    0.008350    0.046241    0.127525    4.510641 ^ _0802_/X (sky130_fd_sc_hd__and3_2)
                                                         _0073_ (net)
                      0.046241    0.000261    4.510902 ^ fanout28/A (sky130_fd_sc_hd__clkdlybuf4s25_1)
    10    0.049692    0.372391    0.399992    4.910895 ^ fanout28/X (sky130_fd_sc_hd__clkdlybuf4s25_1)
                                                         net28 (net)
                      0.372439    0.003566    4.914462 ^ fanout27/A (sky130_fd_sc_hd__clkdlybuf4s25_1)
    10    0.044722    0.336439    0.406122    5.320583 ^ fanout27/X (sky130_fd_sc_hd__clkdlybuf4s25_1)
                                                         net27 (net)
                      0.336559    0.002549    5.323132 ^ fanout26/A (sky130_fd_sc_hd__clkdlybuf4s25_1)
    10    0.041058    0.309553    0.387290    5.710422 ^ fanout26/X (sky130_fd_sc_hd__clkdlybuf4s25_1)
                                                         net26 (net)
                      0.309555    0.001394    5.711815 ^ _1473_/B1_N (sky130_fd_sc_hd__a21bo_2)
     1    0.004091    0.028001    0.120539    5.832354 v _1473_/X (sky130_fd_sc_hd__a21bo_2)
                                                         _0718_ (net)
                      0.028001    0.000107    5.832460 v fanout16/A (sky130_fd_sc_hd__clkdlybuf4s25_1)
     5    0.026224    0.136832    0.245479    6.077939 v fanout16/X (sky130_fd_sc_hd__clkdlybuf4s25_1)
                                                         net16 (net)
                      0.136836    0.000852    6.078791 v fanout15/A (sky130_fd_sc_hd__clkdlybuf4s25_1)
    10    0.041016    0.208491    0.339074    6.417865 v fanout15/X (sky130_fd_sc_hd__clkdlybuf4s25_1)
                                                         net15 (net)
                      0.208499    0.001469    6.419333 v _1498_/B1 (sky130_fd_sc_hd__a21o_2)
     1    0.003046    0.024977    0.146234    6.565568 v _1498_/X (sky130_fd_sc_hd__a21o_2)
                                                         _0736_ (net)
                      0.024977    0.000088    6.565656 v _1499_/C1 (sky130_fd_sc_hd__o211a_2)
     1    0.002610    0.030444    0.067176    6.632832 v _1499_/X (sky130_fd_sc_hd__o211a_2)
                                                         _0035_ (net)
                      0.030444    0.000079    6.632912 v _1607_/D (sky130_fd_sc_hd__dfxtp_2)
                                              6.632912   data arrival time

                                 20.000000   20.000000   clock clk (rise edge)
                                  0.000000   20.000000   clock source latency
     1    0.020088    0.072004    0.049386   20.049387 ^ clk (in)
                                                         clk (net)
                      0.072017    0.000000   20.049387 ^ clkbuf_0_clk/A (sky130_fd_sc_hd__clkbuf_16)
     8    0.084509    0.077719    0.131609   20.180996 ^ clkbuf_0_clk/X (sky130_fd_sc_hd__clkbuf_16)
                                                         clknet_0_clk (net)
                      0.077813    0.002181   20.183176 ^ clkbuf_3_4__f_clk/A (sky130_fd_sc_hd__clkbuf_16)
     8    0.032738    0.040439    0.105690   20.288866 ^ clkbuf_3_4__f_clk/X (sky130_fd_sc_hd__clkbuf_16)
                                                         clknet_3_4__leaf_clk (net)
                      0.040444    0.000821   20.289686 ^ _1607_/CLK (sky130_fd_sc_hd__dfxtp_2)
                                 -0.250000   20.039688   clock uncertainty
                                  0.000000   20.039688   clock reconvergence pessimism
                                 -0.069856   19.969833   library setup time
                                             19.969833   data required time
---------------------------------------------------------------------------------------------
                                             19.969833   data required time
                                             -6.632912   data arrival time
---------------------------------------------------------------------------------------------
                                             13.336922   slack (MET)


Startpoint: uio_in[1] (input port clocked by clk)
Endpoint: _1602_ (rising edge-triggered flip-flop clocked by clk)
Path Group: clk
Path Type: max

Fanout         Cap        Slew       Delay        Time   Description
---------------------------------------------------------------------------------------------
                                  0.000000    0.000000   clock clk (rise edge)
                                  0.000000    0.000000   clock network delay (propagated)
                                  4.000000    4.000000 v input external delay
     1    0.003742    0.006096    0.003115    4.003115 v uio_in[1] (in)
                                                         uio_in[1] (net)
                      0.006097    0.000000    4.003115 v input11/A (sky130_fd_sc_hd__clkdlybuf4s25_1)
     8    0.026742    0.139431    0.239115    4.242230 v input11/X (sky130_fd_sc_hd__clkdlybuf4s25_1)
                                                         net11 (net)
                      0.139441    0.001192    4.243422 v _0797_/A (sky130_fd_sc_hd__nor2_2)
     3    0.010024    0.098689    0.139525    4.382947 ^ _0797_/Y (sky130_fd_sc_hd__nor2_2)
                                                         _0070_ (net)
                      0.098689    0.000170    4.383117 ^ _0802_/C (sky130_fd_sc_hd__and3_2)
     1    0.008350    0.046241    0.127525    4.510641 ^ _0802_/X (sky130_fd_sc_hd__and3_2)
                                                         _0073_ (net)
                      0.046241    0.000261    4.510902 ^ fanout28/A (sky130_fd_sc_hd__clkdlybuf4s25_1)
    10    0.049692    0.372391    0.399992    4.910895 ^ fanout28/X (sky130_fd_sc_hd__clkdlybuf4s25_1)
                                                         net28 (net)
                      0.372439    0.003566    4.914462 ^ fanout27/A (sky130_fd_sc_hd__clkdlybuf4s25_1)
    10    0.044722    0.336439    0.406122    5.320583 ^ fanout27/X (sky130_fd_sc_hd__clkdlybuf4s25_1)
                                                         net27 (net)
                      0.336559    0.002549    5.323132 ^ fanout26/A (sky130_fd_sc_hd__clkdlybuf4s25_1)
    10    0.041058    0.309553    0.387290    5.710422 ^ fanout26/X (sky130_fd_sc_hd__clkdlybuf4s25_1)
                                                         net26 (net)
                      0.309555    0.001394    5.711815 ^ _1473_/B1_N (sky130_fd_sc_hd__a21bo_2)
     1    0.004091    0.028001    0.120539    5.832354 v _1473_/X (sky130_fd_sc_hd__a21bo_2)
                                                         _0718_ (net)
                      0.028001    0.000107    5.832460 v fanout16/A (sky130_fd_sc_hd__clkdlybuf4s25_1)
     5    0.026224    0.136832    0.245479    6.077939 v fanout16/X (sky130_fd_sc_hd__clkdlybuf4s25_1)
                                                         net16 (net)
                      0.136836    0.000852    6.078791 v fanout15/A (sky130_fd_sc_hd__clkdlybuf4s25_1)
    10    0.041016    0.208491    0.339074    6.417865 v fanout15/X (sky130_fd_sc_hd__clkdlybuf4s25_1)
                                                         net15 (net)
                      0.208491    0.000675    6.418539 v _1482_/B1 (sky130_fd_sc_hd__a31o_2)
     1    0.002419    0.026773    0.142567    6.561107 v _1482_/X (sky130_fd_sc_hd__a31o_2)
                                                         _0725_ (net)
                      0.026773    0.000046    6.561152 v _1483_/C1 (sky130_fd_sc_hd__o211a_2)
     1    0.002358    0.029737    0.067289    6.628441 v _1483_/X (sky130_fd_sc_hd__o211a_2)
                                                         _0030_ (net)
                      0.029737    0.000050    6.628491 v _1602_/D (sky130_fd_sc_hd__dfxtp_2)
                                              6.628491   data arrival time

                                 20.000000   20.000000   clock clk (rise edge)
                                  0.000000   20.000000   clock source latency
     1    0.020088    0.072004    0.049386   20.049387 ^ clk (in)
                                                         clk (net)
                      0.072017    0.000000   20.049387 ^ clkbuf_0_clk/A (sky130_fd_sc_hd__clkbuf_16)
     8    0.084509    0.077719    0.131609   20.180996 ^ clkbuf_0_clk/X (sky130_fd_sc_hd__clkbuf_16)
                                                         clknet_0_clk (net)
                      0.077894    0.002952   20.183947 ^ clkbuf_3_3__f_clk/A (sky130_fd_sc_hd__clkbuf_16)
     8    0.031698    0.039752    0.105162   20.289110 ^ clkbuf_3_3__f_clk/X (sky130_fd_sc_hd__clkbuf_16)
                                                         clknet_3_3__leaf_clk (net)
                      0.039756    0.000727   20.289837 ^ _1602_/CLK (sky130_fd_sc_hd__dfxtp_2)
                                 -0.250000   20.039837   clock uncertainty
                                  0.000000   20.039837   clock reconvergence pessimism
                                 -0.069670   19.970167   library setup time
                                             19.970167   data required time
---------------------------------------------------------------------------------------------
                                             19.970167   data required time
                                             -6.628491   data arrival time
---------------------------------------------------------------------------------------------
                                             13.341675   slack (MET)


Startpoint: uio_in[1] (input port clocked by clk)
Endpoint: _1616_ (rising edge-triggered flip-flop clocked by clk)
Path Group: clk
Path Type: max

Fanout         Cap        Slew       Delay        Time   Description
---------------------------------------------------------------------------------------------
                                  0.000000    0.000000   clock clk (rise edge)
                                  0.000000    0.000000   clock network delay (propagated)
                                  4.000000    4.000000 v input external delay
     1    0.003742    0.006096    0.003115    4.003115 v uio_in[1] (in)
                                                         uio_in[1] (net)
                      0.006097    0.000000    4.003115 v input11/A (sky130_fd_sc_hd__clkdlybuf4s25_1)
     8    0.026742    0.139431    0.239115    4.242230 v input11/X (sky130_fd_sc_hd__clkdlybuf4s25_1)
                                                         net11 (net)
                      0.139441    0.001192    4.243422 v _0797_/A (sky130_fd_sc_hd__nor2_2)
     3    0.010024    0.098689    0.139525    4.382947 ^ _0797_/Y (sky130_fd_sc_hd__nor2_2)
                                                         _0070_ (net)
                      0.098689    0.000170    4.383117 ^ _0802_/C (sky130_fd_sc_hd__and3_2)
     1    0.008350    0.046241    0.127525    4.510641 ^ _0802_/X (sky130_fd_sc_hd__and3_2)
                                                         _0073_ (net)
                      0.046241    0.000261    4.510902 ^ fanout28/A (sky130_fd_sc_hd__clkdlybuf4s25_1)
    10    0.049692    0.372391    0.399992    4.910895 ^ fanout28/X (sky130_fd_sc_hd__clkdlybuf4s25_1)
                                                         net28 (net)
                      0.372439    0.003566    4.914462 ^ fanout27/A (sky130_fd_sc_hd__clkdlybuf4s25_1)
    10    0.044722    0.336439    0.406122    5.320583 ^ fanout27/X (sky130_fd_sc_hd__clkdlybuf4s25_1)
                                                         net27 (net)
                      0.336559    0.002549    5.323132 ^ fanout26/A (sky130_fd_sc_hd__clkdlybuf4s25_1)
    10    0.041058    0.309553    0.387290    5.710422 ^ fanout26/X (sky130_fd_sc_hd__clkdlybuf4s25_1)
                                                         net26 (net)
                      0.309555    0.001394    5.711815 ^ _1473_/B1_N (sky130_fd_sc_hd__a21bo_2)
     1    0.004091    0.028001    0.120539    5.832354 v _1473_/X (sky130_fd_sc_hd__a21bo_2)
                                                         _0718_ (net)
                      0.028001    0.000107    5.832460 v fanout16/A (sky130_fd_sc_hd__clkdlybuf4s25_1)
     5    0.026224    0.136832    0.245479    6.077939 v fanout16/X (sky130_fd_sc_hd__clkdlybuf4s25_1)
                                                         net16 (net)
                      0.136847    0.001419    6.079358 v _1535_/B1 (sky130_fd_sc_hd__a31o_2)
     1    0.004193    0.030840    0.123579    6.202938 v _1535_/X (sky130_fd_sc_hd__a31o_2)
                                                         _0764_ (net)
                      0.030840    0.000149    6.203086 v _1536_/C1 (sky130_fd_sc_hd__o211a_2)
     1    0.002821    0.030869    0.070079    6.273165 v _1536_/X (sky130_fd_sc_hd__o211a_2)
                                                         _0044_ (net)
                      0.030869    0.000083    6.273248 v _1616_/D (sky130_fd_sc_hd__dfxtp_2)
                                              6.273248   data arrival time

                                 20.000000   20.000000   clock clk (rise edge)
                                  0.000000   20.000000   clock source latency
     1    0.020088    0.072004    0.049386   20.049387 ^ clk (in)
                                                         clk (net)
                      0.072017    0.000000   20.049387 ^ clkbuf_0_clk/A (sky130_fd_sc_hd__clkbuf_16)
     8    0.084509    0.077719    0.131609   20.180996 ^ clkbuf_0_clk/X (sky130_fd_sc_hd__clkbuf_16)
                                                         clknet_0_clk (net)
                      0.077889    0.002913   20.183908 ^ clkbuf_3_1__f_clk/A (sky130_fd_sc_hd__clkbuf_16)
     8    0.024162    0.034411    0.100211   20.284121 ^ clkbuf_3_1__f_clk/X (sky130_fd_sc_hd__clkbuf_16)
                                                         clknet_3_1__leaf_clk (net)
                      0.034421    0.000520   20.284641 ^ _1616_/CLK (sky130_fd_sc_hd__dfxtp_2)
                                 -0.250000   20.034641   clock uncertainty
                                  0.000000   20.034641   clock reconvergence pessimism
                                 -0.070587   19.964054   library setup time
                                             19.964054   data required time
---------------------------------------------------------------------------------------------
                                             19.964054   data required time
                                             -6.273248   data arrival time
---------------------------------------------------------------------------------------------
                                             13.690806   slack (MET)


Startpoint: uio_in[1] (input port clocked by clk)
Endpoint: _1617_ (rising edge-triggered flip-flop clocked by clk)
Path Group: clk
Path Type: max

Fanout         Cap        Slew       Delay        Time   Description
---------------------------------------------------------------------------------------------
                                  0.000000    0.000000   clock clk (rise edge)
                                  0.000000    0.000000   clock network delay (propagated)
                                  4.000000    4.000000 v input external delay
     1    0.003742    0.006096    0.003115    4.003115 v uio_in[1] (in)
                                                         uio_in[1] (net)
                      0.006097    0.000000    4.003115 v input11/A (sky130_fd_sc_hd__clkdlybuf4s25_1)
     8    0.026742    0.139431    0.239115    4.242230 v input11/X (sky130_fd_sc_hd__clkdlybuf4s25_1)
                                                         net11 (net)
                      0.139441    0.001192    4.243422 v _0797_/A (sky130_fd_sc_hd__nor2_2)
     3    0.010024    0.098689    0.139525    4.382947 ^ _0797_/Y (sky130_fd_sc_hd__nor2_2)
                                                         _0070_ (net)
                      0.098689    0.000170    4.383117 ^ _0802_/C (sky130_fd_sc_hd__and3_2)
     1    0.008350    0.046241    0.127525    4.510641 ^ _0802_/X (sky130_fd_sc_hd__and3_2)
                                                         _0073_ (net)
                      0.046241    0.000261    4.510902 ^ fanout28/A (sky130_fd_sc_hd__clkdlybuf4s25_1)
    10    0.049692    0.372391    0.399992    4.910895 ^ fanout28/X (sky130_fd_sc_hd__clkdlybuf4s25_1)
                                                         net28 (net)
                      0.372439    0.003566    4.914462 ^ fanout27/A (sky130_fd_sc_hd__clkdlybuf4s25_1)
    10    0.044722    0.336439    0.406122    5.320583 ^ fanout27/X (sky130_fd_sc_hd__clkdlybuf4s25_1)
                                                         net27 (net)
                      0.336559    0.002549    5.323132 ^ fanout26/A (sky130_fd_sc_hd__clkdlybuf4s25_1)
    10    0.041058    0.309553    0.387290    5.710422 ^ fanout26/X (sky130_fd_sc_hd__clkdlybuf4s25_1)
                                                         net26 (net)
                      0.309555    0.001394    5.711815 ^ _1473_/B1_N (sky130_fd_sc_hd__a21bo_2)
     1    0.004091    0.028001    0.120539    5.832354 v _1473_/X (sky130_fd_sc_hd__a21bo_2)
                                                         _0718_ (net)
                      0.028001    0.000107    5.832460 v fanout16/A (sky130_fd_sc_hd__clkdlybuf4s25_1)
     5    0.026224    0.136832    0.245479    6.077939 v fanout16/X (sky130_fd_sc_hd__clkdlybuf4s25_1)
                                                         net16 (net)
                      0.136846    0.001400    6.079340 v _1539_/B1 (sky130_fd_sc_hd__a31o_2)
     1    0.003001    0.027975    0.120338    6.199677 v _1539_/X (sky130_fd_sc_hd__a31o_2)
                                                         _0767_ (net)
                      0.027975    0.000090    6.199767 v _1540_/C1 (sky130_fd_sc_hd__o211a_2)
     1    0.002808    0.030844    0.068882    6.268649 v _1540_/X (sky130_fd_sc_hd__o211a_2)
                                                         _0045_ (net)
                      0.030844    0.000087    6.268736 v _1617_/D (sky130_fd_sc_hd__dfxtp_2)
                                              6.268736   data arrival time

                                 20.000000   20.000000   clock clk (rise edge)
                                  0.000000   20.000000   clock source latency
     1    0.020088    0.072004    0.049386   20.049387 ^ clk (in)
                                                         clk (net)
                      0.072017    0.000000   20.049387 ^ clkbuf_0_clk/A (sky130_fd_sc_hd__clkbuf_16)
     8    0.084509    0.077719    0.131609   20.180996 ^ clkbuf_0_clk/X (sky130_fd_sc_hd__clkbuf_16)
                                                         clknet_0_clk (net)
                      0.077889    0.002913   20.183908 ^ clkbuf_3_1__f_clk/A (sky130_fd_sc_hd__clkbuf_16)
     8    0.024162    0.034411    0.100211   20.284121 ^ clkbuf_3_1__f_clk/X (sky130_fd_sc_hd__clkbuf_16)
                                                         clknet_3_1__leaf_clk (net)
                      0.034420    0.000512   20.284632 ^ _1617_/CLK (sky130_fd_sc_hd__dfxtp_2)
                                 -0.250000   20.034632   clock uncertainty
                                  0.000000   20.034632   clock reconvergence pessimism
                                 -0.070578   19.964054   library setup time
                                             19.964054   data required time
---------------------------------------------------------------------------------------------
                                             19.964054   data required time
                                             -6.268736   data arrival time
---------------------------------------------------------------------------------------------
                                             13.695317   slack (MET)


Startpoint: uio_in[1] (input port clocked by clk)
Endpoint: _1611_ (rising edge-triggered flip-flop clocked by clk)
Path Group: clk
Path Type: max

Fanout         Cap        Slew       Delay        Time   Description
---------------------------------------------------------------------------------------------
                                  0.000000    0.000000   clock clk (rise edge)
                                  0.000000    0.000000   clock network delay (propagated)
                                  4.000000    4.000000 v input external delay
     1    0.003742    0.006096    0.003115    4.003115 v uio_in[1] (in)
                                                         uio_in[1] (net)
                      0.006097    0.000000    4.003115 v input11/A (sky130_fd_sc_hd__clkdlybuf4s25_1)
     8    0.026742    0.139431    0.239115    4.242230 v input11/X (sky130_fd_sc_hd__clkdlybuf4s25_1)
                                                         net11 (net)
                      0.139441    0.001192    4.243422 v _0797_/A (sky130_fd_sc_hd__nor2_2)
     3    0.010024    0.098689    0.139525    4.382947 ^ _0797_/Y (sky130_fd_sc_hd__nor2_2)
                                                         _0070_ (net)
                      0.098689    0.000170    4.383117 ^ _0802_/C (sky130_fd_sc_hd__and3_2)
     1    0.008350    0.046241    0.127525    4.510641 ^ _0802_/X (sky130_fd_sc_hd__and3_2)
                                                         _0073_ (net)
                      0.046241    0.000261    4.510902 ^ fanout28/A (sky130_fd_sc_hd__clkdlybuf4s25_1)
    10    0.049692    0.372391    0.399992    4.910895 ^ fanout28/X (sky130_fd_sc_hd__clkdlybuf4s25_1)
                                                         net28 (net)
                      0.372439    0.003566    4.914462 ^ fanout27/A (sky130_fd_sc_hd__clkdlybuf4s25_1)
    10    0.044722    0.336439    0.406122    5.320583 ^ fanout27/X (sky130_fd_sc_hd__clkdlybuf4s25_1)
                                                         net27 (net)
                      0.336559    0.002549    5.323132 ^ fanout26/A (sky130_fd_sc_hd__clkdlybuf4s25_1)
    10    0.041058    0.309553    0.387290    5.710422 ^ fanout26/X (sky130_fd_sc_hd__clkdlybuf4s25_1)
                                                         net26 (net)
                      0.309555    0.001394    5.711815 ^ _1473_/B1_N (sky130_fd_sc_hd__a21bo_2)
     1    0.004091    0.028001    0.120539    5.832354 v _1473_/X (sky130_fd_sc_hd__a21bo_2)
                                                         _0718_ (net)
                      0.028001    0.000107    5.832460 v fanout16/A (sky130_fd_sc_hd__clkdlybuf4s25_1)
     5    0.026224    0.136832    0.245479    6.077939 v fanout16/X (sky130_fd_sc_hd__clkdlybuf4s25_1)
                                                         net16 (net)
                      0.136842    0.001188    6.079127 v _1515_/B1 (sky130_fd_sc_hd__a31o_2)
     1    0.003889    0.030025    0.122755    6.201882 v _1515_/X (sky130_fd_sc_hd__a31o_2)
                                                         _0749_ (net)
                      0.030025    0.000124    6.202007 v _1516_/C1 (sky130_fd_sc_hd__o211a_2)
     1    0.002533    0.030096    0.069039    6.271045 v _1516_/X (sky130_fd_sc_hd__o211a_2)
                                                         _0039_ (net)
                      0.030096    0.000074    6.271119 v _1611_/D (sky130_fd_sc_hd__dfxtp_2)
                                              6.271119   data arrival time

                                 20.000000   20.000000   clock clk (rise edge)
                                  0.000000   20.000000   clock source latency
     1    0.020088    0.072004    0.049386   20.049387 ^ clk (in)
                                                         clk (net)
                      0.072017    0.000000   20.049387 ^ clkbuf_0_clk/A (sky130_fd_sc_hd__clkbuf_16)
     8    0.084509    0.077719    0.131609   20.180996 ^ clkbuf_0_clk/X (sky130_fd_sc_hd__clkbuf_16)
                                                         clknet_0_clk (net)
                      0.077813    0.002181   20.183176 ^ clkbuf_3_4__f_clk/A (sky130_fd_sc_hd__clkbuf_16)
     8    0.032738    0.040439    0.105690   20.288866 ^ clkbuf_3_4__f_clk/X (sky130_fd_sc_hd__clkbuf_16)
                                                         clknet_3_4__leaf_clk (net)
                      0.040444    0.000844   20.289709 ^ _1611_/CLK (sky130_fd_sc_hd__dfxtp_2)
                                 -0.250000   20.039711   clock uncertainty
                                  0.000000   20.039711   clock reconvergence pessimism
                                 -0.069732   19.969980   library setup time
                                             19.969980   data required time
---------------------------------------------------------------------------------------------
                                             19.969980   data required time
                                             -6.271119   data arrival time
---------------------------------------------------------------------------------------------
                                             13.698861   slack (MET)


Startpoint: uio_in[1] (input port clocked by clk)
Endpoint: _1575_ (rising edge-triggered flip-flop clocked by clk)
Path Group: clk
Path Type: max

Fanout         Cap        Slew       Delay        Time   Description
---------------------------------------------------------------------------------------------
                                  0.000000    0.000000   clock clk (rise edge)
                                  0.000000    0.000000   clock network delay (propagated)
                                  4.000000    4.000000 v input external delay
     1    0.003742    0.006096    0.003115    4.003115 v uio_in[1] (in)
                                                         uio_in[1] (net)
                      0.006097    0.000000    4.003115 v input11/A (sky130_fd_sc_hd__clkdlybuf4s25_1)
     8    0.026742    0.139431    0.239115    4.242230 v input11/X (sky130_fd_sc_hd__clkdlybuf4s25_1)
                                                         net11 (net)
                      0.139441    0.001192    4.243422 v _0797_/A (sky130_fd_sc_hd__nor2_2)
     3    0.010024    0.098689    0.139525    4.382947 ^ _0797_/Y (sky130_fd_sc_hd__nor2_2)
                                                         _0070_ (net)
                      0.098689    0.000170    4.383117 ^ _0802_/C (sky130_fd_sc_hd__and3_2)
     1    0.008350    0.046241    0.127525    4.510641 ^ _0802_/X (sky130_fd_sc_hd__and3_2)
                                                         _0073_ (net)
                      0.046241    0.000261    4.510902 ^ fanout28/A (sky130_fd_sc_hd__clkdlybuf4s25_1)
    10    0.049692    0.372391    0.399992    4.910895 ^ fanout28/X (sky130_fd_sc_hd__clkdlybuf4s25_1)
                                                         net28 (net)
                      0.372439    0.003566    4.914462 ^ fanout27/A (sky130_fd_sc_hd__clkdlybuf4s25_1)
    10    0.044722    0.336439    0.406122    5.320583 ^ fanout27/X (sky130_fd_sc_hd__clkdlybuf4s25_1)
                                                         net27 (net)
                      0.336559    0.002549    5.323132 ^ fanout26/A (sky130_fd_sc_hd__clkdlybuf4s25_1)
    10    0.041058    0.309553    0.387290    5.710422 ^ fanout26/X (sky130_fd_sc_hd__clkdlybuf4s25_1)
                                                         net26 (net)
                      0.309553    0.000956    5.711377 ^ _1410_/A1 (sky130_fd_sc_hd__a21o_2)
     1    0.003413    0.027512    0.092762    5.804139 ^ _1410_/X (sky130_fd_sc_hd__a21o_2)
                                                         _0680_ (net)
                      0.027512    0.000113    5.804252 ^ _1411_/B (sky130_fd_sc_hd__and2_2)
     1    0.002116    0.030071    0.075123    5.879375 ^ _1411_/X (sky130_fd_sc_hd__and2_2)
                                                         _0003_ (net)
                      0.030071    0.000041    5.879416 ^ _1575_/D (sky130_fd_sc_hd__dfxtp_2)
                                              5.879416   data arrival time

                                 20.000000   20.000000   clock clk (rise edge)
                                  0.000000   20.000000   clock source latency
     1    0.020088    0.072004    0.049386   20.049387 ^ clk (in)
                                                         clk (net)
                      0.072017    0.000000   20.049387 ^ clkbuf_0_clk/A (sky130_fd_sc_hd__clkbuf_16)
     8    0.084509    0.077719    0.131609   20.180996 ^ clkbuf_0_clk/X (sky130_fd_sc_hd__clkbuf_16)
                                                         clknet_0_clk (net)
                      0.077889    0.002913   20.183908 ^ clkbuf_3_1__f_clk/A (sky130_fd_sc_hd__clkbuf_16)
     8    0.024162    0.034411    0.100211   20.284121 ^ clkbuf_3_1__f_clk/X (sky130_fd_sc_hd__clkbuf_16)
                                                         clknet_3_1__leaf_clk (net)
                      0.034421    0.000520   20.284641 ^ _1575_/CLK (sky130_fd_sc_hd__dfxtp_2)
                                 -0.250000   20.034641   clock uncertainty
                                  0.000000   20.034641   clock reconvergence pessimism
                                 -0.031266   20.003376   library setup time
                                             20.003376   data required time
---------------------------------------------------------------------------------------------
                                             20.003376   data required time
                                             -5.879416   data arrival time
---------------------------------------------------------------------------------------------
                                             14.123960   slack (MET)


Startpoint: uio_in[1] (input port clocked by clk)
Endpoint: _1623_ (rising edge-triggered flip-flop clocked by clk)
Path Group: clk
Path Type: max

Fanout         Cap        Slew       Delay        Time   Description
---------------------------------------------------------------------------------------------
                                  0.000000    0.000000   clock clk (rise edge)
                                  0.000000    0.000000   clock network delay (propagated)
                                  4.000000    4.000000 v input external delay
     1    0.003742    0.006096    0.003115    4.003115 v uio_in[1] (in)
                                                         uio_in[1] (net)
                      0.006097    0.000000    4.003115 v input11/A (sky130_fd_sc_hd__clkdlybuf4s25_1)
     8    0.026742    0.139431    0.239115    4.242230 v input11/X (sky130_fd_sc_hd__clkdlybuf4s25_1)
                                                         net11 (net)
                      0.139441    0.001192    4.243422 v _0797_/A (sky130_fd_sc_hd__nor2_2)
     3    0.010024    0.098689    0.139525    4.382947 ^ _0797_/Y (sky130_fd_sc_hd__nor2_2)
                                                         _0070_ (net)
                      0.098689    0.000170    4.383117 ^ _0802_/C (sky130_fd_sc_hd__and3_2)
     1    0.008350    0.046241    0.127525    4.510641 ^ _0802_/X (sky130_fd_sc_hd__and3_2)
                                                         _0073_ (net)
                      0.046241    0.000261    4.510902 ^ fanout28/A (sky130_fd_sc_hd__clkdlybuf4s25_1)
    10    0.049692    0.372391    0.399992    4.910895 ^ fanout28/X (sky130_fd_sc_hd__clkdlybuf4s25_1)
                                                         net28 (net)
                      0.372439    0.003566    4.914462 ^ fanout27/A (sky130_fd_sc_hd__clkdlybuf4s25_1)
    10    0.044722    0.336439    0.406122    5.320583 ^ fanout27/X (sky130_fd_sc_hd__clkdlybuf4s25_1)
                                                         net27 (net)
                      0.336559    0.002549    5.323132 ^ fanout26/A (sky130_fd_sc_hd__clkdlybuf4s25_1)
    10    0.041058    0.309553    0.387290    5.710422 ^ fanout26/X (sky130_fd_sc_hd__clkdlybuf4s25_1)
                                                         net26 (net)
                      0.309553    0.001074    5.711495 ^ _1560_/A (sky130_fd_sc_hd__nand2_2)
     1    0.002956    0.053725    0.013415    5.724911 v _1560_/Y (sky130_fd_sc_hd__nand2_2)
                                                         _0782_ (net)
                      0.053725    0.000087    5.724998 v _1561_/C1 (sky130_fd_sc_hd__o211a_2)
     1    0.003659    0.032447    0.081422    5.806420 v _1561_/X (sky130_fd_sc_hd__o211a_2)
                                                         _0051_ (net)
                      0.032447    0.000124    5.806544 v _1623_/D (sky130_fd_sc_hd__dfxtp_2)
                                              5.806544   data arrival time

                                 20.000000   20.000000   clock clk (rise edge)
                                  0.000000   20.000000   clock source latency
     1    0.020088    0.072004    0.049386   20.049387 ^ clk (in)
                                                         clk (net)
                      0.072017    0.000000   20.049387 ^ clkbuf_0_clk/A (sky130_fd_sc_hd__clkbuf_16)
     8    0.084509    0.077719    0.131609   20.180996 ^ clkbuf_0_clk/X (sky130_fd_sc_hd__clkbuf_16)
                                                         clknet_0_clk (net)
                      0.077893    0.002945   20.183941 ^ clkbuf_3_0__f_clk/A (sky130_fd_sc_hd__clkbuf_16)
     8    0.024648    0.034736    0.100441   20.284382 ^ clkbuf_3_0__f_clk/X (sky130_fd_sc_hd__clkbuf_16)
                                                         clknet_3_0__leaf_clk (net)
                      0.034754    0.000695   20.285076 ^ _1623_/CLK (sky130_fd_sc_hd__dfxtp_2)
                                 -0.250000   20.035076   clock uncertainty
                                  0.000000   20.035076   clock reconvergence pessimism
                                 -0.071119   19.963959   library setup time
                                             19.963959   data required time
---------------------------------------------------------------------------------------------
                                             19.963959   data required time
                                             -5.806544   data arrival time
---------------------------------------------------------------------------------------------
                                             14.157413   slack (MET)


Startpoint: uio_in[2] (input port clocked by clk)
Endpoint: _1587_ (rising edge-triggered flip-flop clocked by clk)
Path Group: clk
Path Type: max

Fanout         Cap        Slew       Delay        Time   Description
---------------------------------------------------------------------------------------------
                                  0.000000    0.000000   clock clk (rise edge)
                                  0.000000    0.000000   clock network delay (propagated)
                                  4.000000    4.000000 v input external delay
     1    0.003511    0.005760    0.002909    4.002909 v uio_in[2] (in)
                                                         uio_in[2] (net)
                      0.005760    0.000000    4.002909 v input12/A (sky130_fd_sc_hd__clkdlybuf4s25_1)
     5    0.015141    0.083741    0.196467    4.199377 v input12/X (sky130_fd_sc_hd__clkdlybuf4s25_1)
                                                         net12 (net)
                      0.083743    0.000502    4.199879 v _0805_/B (sky130_fd_sc_hd__or3_2)
     2    0.007828    0.061808    0.283884    4.483763 v _0805_/X (sky130_fd_sc_hd__or3_2)
                                                         _0075_ (net)
                      0.061808    0.000219    4.483982 v _1438_/B (sky130_fd_sc_hd__or3b_2)
     9    0.032481    0.111479    0.335848    4.819830 v _1438_/X (sky130_fd_sc_hd__or3b_2)
                                                         _0699_ (net)
                      0.111522    0.002051    4.821881 v _1445_/B (sky130_fd_sc_hd__or2_2)
     1    0.005632    0.042763    0.192711    5.014592 v _1445_/X (sky130_fd_sc_hd__or2_2)
                                                         _0703_ (net)
                      0.042763    0.000206    5.014798 v _1446_/B1 (sky130_fd_sc_hd__o211a_2)
     1    0.003715    0.032454    0.087731    5.102529 v _1446_/X (sky130_fd_sc_hd__o211a_2)
                                                         _0015_ (net)
                      0.032454    0.000118    5.102646 v _1587_/D (sky130_fd_sc_hd__dfxtp_2)
                                              5.102646   data arrival time

                                 20.000000   20.000000   clock clk (rise edge)
                                  0.000000   20.000000   clock source latency
     1    0.020088    0.072004    0.049386   20.049387 ^ clk (in)
                                                         clk (net)
                      0.072017    0.000000   20.049387 ^ clkbuf_0_clk/A (sky130_fd_sc_hd__clkbuf_16)
     8    0.084509    0.077719    0.131609   20.180996 ^ clkbuf_0_clk/X (sky130_fd_sc_hd__clkbuf_16)
                                                         clknet_0_clk (net)
                      0.077932    0.003249   20.184244 ^ clkbuf_3_6__f_clk/A (sky130_fd_sc_hd__clkbuf_16)
     8    0.025024    0.034993    0.100568   20.284813 ^ clkbuf_3_6__f_clk/X (sky130_fd_sc_hd__clkbuf_16)
                                                         clknet_3_6__leaf_clk (net)
                      0.035053    0.001211   20.286024 ^ _1587_/CLK (sky130_fd_sc_hd__dfxtp_2)
                                 -0.250000   20.036024   clock uncertainty
                                  0.000000   20.036024   clock reconvergence pessimism
                                 -0.071092   19.964933   library setup time
                                             19.964933   data required time
---------------------------------------------------------------------------------------------
                                             19.964933   data required time
                                             -5.102646   data arrival time
---------------------------------------------------------------------------------------------
                                             14.862287   slack (MET)


Startpoint: uio_in[2] (input port clocked by clk)
Endpoint: _1586_ (rising edge-triggered flip-flop clocked by clk)
Path Group: clk
Path Type: max

Fanout         Cap        Slew       Delay        Time   Description
---------------------------------------------------------------------------------------------
                                  0.000000    0.000000   clock clk (rise edge)
                                  0.000000    0.000000   clock network delay (propagated)
                                  4.000000    4.000000 v input external delay
     1    0.003511    0.005760    0.002909    4.002909 v uio_in[2] (in)
                                                         uio_in[2] (net)
                      0.005760    0.000000    4.002909 v input12/A (sky130_fd_sc_hd__clkdlybuf4s25_1)
     5    0.015141    0.083741    0.196467    4.199377 v input12/X (sky130_fd_sc_hd__clkdlybuf4s25_1)
                                                         net12 (net)
                      0.083743    0.000502    4.199879 v _0805_/B (sky130_fd_sc_hd__or3_2)
     2    0.007828    0.061808    0.283884    4.483763 v _0805_/X (sky130_fd_sc_hd__or3_2)
                                                         _0075_ (net)
                      0.061808    0.000219    4.483982 v _1438_/B (sky130_fd_sc_hd__or3b_2)
     9    0.032481    0.111479    0.335848    4.819830 v _1438_/X (sky130_fd_sc_hd__or3b_2)
                                                         _0699_ (net)
                      0.111498    0.001464    4.821294 v _1443_/B (sky130_fd_sc_hd__or2_2)
     1    0.005669    0.042807    0.192791    5.014085 v _1443_/X (sky130_fd_sc_hd__or2_2)
                                                         _0702_ (net)
                      0.042807    0.000232    5.014317 v _1444_/B1 (sky130_fd_sc_hd__o211a_2)
     1    0.002173    0.029101    0.083599    5.097916 v _1444_/X (sky130_fd_sc_hd__o211a_2)
                                                         _0014_ (net)
                      0.029101    0.000044    5.097960 v _1586_/D (sky130_fd_sc_hd__dfxtp_2)
                                              5.097960   data arrival time

                                 20.000000   20.000000   clock clk (rise edge)
                                  0.000000   20.000000   clock source latency
     1    0.020088    0.072004    0.049386   20.049387 ^ clk (in)
                                                         clk (net)
                      0.072017    0.000000   20.049387 ^ clkbuf_0_clk/A (sky130_fd_sc_hd__clkbuf_16)
     8    0.084509    0.077719    0.131609   20.180996 ^ clkbuf_0_clk/X (sky130_fd_sc_hd__clkbuf_16)
                                                         clknet_0_clk (net)
                      0.077932    0.003249   20.184244 ^ clkbuf_3_6__f_clk/A (sky130_fd_sc_hd__clkbuf_16)
     8    0.025024    0.034993    0.100568   20.284813 ^ clkbuf_3_6__f_clk/X (sky130_fd_sc_hd__clkbuf_16)
                                                         clknet_3_6__leaf_clk (net)
                      0.035057    0.001251   20.286062 ^ _1586_/CLK (sky130_fd_sc_hd__dfxtp_2)
                                 -0.250000   20.036064   clock uncertainty
                                  0.000000   20.036064   clock reconvergence pessimism
                                 -0.069894   19.966169   library setup time
                                             19.966169   data required time
---------------------------------------------------------------------------------------------
                                             19.966169   data required time
                                             -5.097960   data arrival time
---------------------------------------------------------------------------------------------
                                             14.868210   slack (MET)


Startpoint: uio_in[2] (input port clocked by clk)
Endpoint: _1585_ (rising edge-triggered flip-flop clocked by clk)
Path Group: clk
Path Type: max

Fanout         Cap        Slew       Delay        Time   Description
---------------------------------------------------------------------------------------------
                                  0.000000    0.000000   clock clk (rise edge)
                                  0.000000    0.000000   clock network delay (propagated)
                                  4.000000    4.000000 v input external delay
     1    0.003511    0.005760    0.002909    4.002909 v uio_in[2] (in)
                                                         uio_in[2] (net)
                      0.005760    0.000000    4.002909 v input12/A (sky130_fd_sc_hd__clkdlybuf4s25_1)
     5    0.015141    0.083741    0.196467    4.199377 v input12/X (sky130_fd_sc_hd__clkdlybuf4s25_1)
                                                         net12 (net)
                      0.083743    0.000502    4.199879 v _0805_/B (sky130_fd_sc_hd__or3_2)
     2    0.007828    0.061808    0.283884    4.483763 v _0805_/X (sky130_fd_sc_hd__or3_2)
                                                         _0075_ (net)
                      0.061808    0.000219    4.483982 v _1438_/B (sky130_fd_sc_hd__or3b_2)
     9    0.032481    0.111479    0.335848    4.819830 v _1438_/X (sky130_fd_sc_hd__or3b_2)
                                                         _0699_ (net)
                      0.111511    0.001809    4.821639 v _1441_/B (sky130_fd_sc_hd__or2_2)
     1    0.005828    0.043104    0.193233    5.014872 v _1441_/X (sky130_fd_sc_hd__or2_2)
                                                         _0701_ (net)
                      0.043104    0.000241    5.015113 v _1442_/B1 (sky130_fd_sc_hd__o211a_2)
     1    0.002200    0.028633    0.083795    5.098908 v _1442_/X (sky130_fd_sc_hd__o211a_2)
                                                         _0013_ (net)
                      0.028633    0.000044    5.098952 v _1585_/D (sky130_fd_sc_hd__dfxtp_2)
                                              5.098952   data arrival time

                                 20.000000   20.000000   clock clk (rise edge)
                                  0.000000   20.000000   clock source latency
     1    0.020088    0.072004    0.049386   20.049387 ^ clk (in)
                                                         clk (net)
                      0.072017    0.000000   20.049387 ^ clkbuf_0_clk/A (sky130_fd_sc_hd__clkbuf_16)
     8    0.084509    0.077719    0.131609   20.180996 ^ clkbuf_0_clk/X (sky130_fd_sc_hd__clkbuf_16)
                                                         clknet_0_clk (net)
                      0.077933    0.003261   20.184258 ^ clkbuf_3_7__f_clk/A (sky130_fd_sc_hd__clkbuf_16)
     8    0.028089    0.037233    0.102508   20.286764 ^ clkbuf_3_7__f_clk/X (sky130_fd_sc_hd__clkbuf_16)
                                                         clknet_3_7__leaf_clk (net)
                      0.037319    0.001522   20.288288 ^ _1585_/CLK (sky130_fd_sc_hd__dfxtp_2)
                                 -0.250000   20.038288   clock uncertainty
                                  0.000000   20.038288   clock reconvergence pessimism
                                 -0.069510   19.968777   library setup time
                                             19.968777   data required time
---------------------------------------------------------------------------------------------
                                             19.968777   data required time
                                             -5.098952   data arrival time
---------------------------------------------------------------------------------------------
                                             14.869825   slack (MET)


Startpoint: uio_in[2] (input port clocked by clk)
Endpoint: _1588_ (rising edge-triggered flip-flop clocked by clk)
Path Group: clk
Path Type: max

Fanout         Cap        Slew       Delay        Time   Description
---------------------------------------------------------------------------------------------
                                  0.000000    0.000000   clock clk (rise edge)
                                  0.000000    0.000000   clock network delay (propagated)
                                  4.000000    4.000000 v input external delay
     1    0.003511    0.005760    0.002909    4.002909 v uio_in[2] (in)
                                                         uio_in[2] (net)
                      0.005760    0.000000    4.002909 v input12/A (sky130_fd_sc_hd__clkdlybuf4s25_1)
     5    0.015141    0.083741    0.196467    4.199377 v input12/X (sky130_fd_sc_hd__clkdlybuf4s25_1)
                                                         net12 (net)
                      0.083743    0.000502    4.199879 v _0805_/B (sky130_fd_sc_hd__or3_2)
     2    0.007828    0.061808    0.283884    4.483763 v _0805_/X (sky130_fd_sc_hd__or3_2)
                                                         _0075_ (net)
                      0.061808    0.000219    4.483982 v _1438_/B (sky130_fd_sc_hd__or3b_2)
     9    0.032481    0.111479    0.335848    4.819830 v _1438_/X (sky130_fd_sc_hd__or3b_2)
                                                         _0699_ (net)
                      0.111511    0.001801    4.821631 v _1447_/B (sky130_fd_sc_hd__or2_2)
     1    0.003595    0.038074    0.186106    5.007737 v _1447_/X (sky130_fd_sc_hd__or2_2)
                                                         _0704_ (net)
                      0.038074    0.000116    5.007853 v _1448_/B1 (sky130_fd_sc_hd__o211a_2)
     1    0.002856    0.030771    0.083481    5.091334 v _1448_/X (sky130_fd_sc_hd__o211a_2)
                                                         _0016_ (net)
                      0.030771    0.000087    5.091422 v _1588_/D (sky130_fd_sc_hd__dfxtp_2)
                                              5.091422   data arrival time

                                 20.000000   20.000000   clock clk (rise edge)
                                  0.000000   20.000000   clock source latency
     1    0.020088    0.072004    0.049386   20.049387 ^ clk (in)
                                                         clk (net)
                      0.072017    0.000000   20.049387 ^ clkbuf_0_clk/A (sky130_fd_sc_hd__clkbuf_16)
     8    0.084509    0.077719    0.131609   20.180996 ^ clkbuf_0_clk/X (sky130_fd_sc_hd__clkbuf_16)
                                                         clknet_0_clk (net)
                      0.077933    0.003261   20.184258 ^ clkbuf_3_7__f_clk/A (sky130_fd_sc_hd__clkbuf_16)
     8    0.028089    0.037233    0.102508   20.286764 ^ clkbuf_3_7__f_clk/X (sky130_fd_sc_hd__clkbuf_16)
                                                         clknet_3_7__leaf_clk (net)
                      0.037334    0.001640   20.288404 ^ _1588_/CLK (sky130_fd_sc_hd__dfxtp_2)
                                 -0.250000   20.038404   clock uncertainty
                                  0.000000   20.038404   clock reconvergence pessimism
                                 -0.070272   19.968132   library setup time
                                             19.968132   data required time
---------------------------------------------------------------------------------------------
                                             19.968132   data required time
                                             -5.091422   data arrival time
---------------------------------------------------------------------------------------------
                                             14.876711   slack (MET)


Startpoint: uio_in[2] (input port clocked by clk)
Endpoint: _1589_ (rising edge-triggered flip-flop clocked by clk)
Path Group: clk
Path Type: max

Fanout         Cap        Slew       Delay        Time   Description
---------------------------------------------------------------------------------------------
                                  0.000000    0.000000   clock clk (rise edge)
                                  0.000000    0.000000   clock network delay (propagated)
                                  4.000000    4.000000 v input external delay
     1    0.003511    0.005760    0.002909    4.002909 v uio_in[2] (in)
                                                         uio_in[2] (net)
                      0.005760    0.000000    4.002909 v input12/A (sky130_fd_sc_hd__clkdlybuf4s25_1)
     5    0.015141    0.083741    0.196467    4.199377 v input12/X (sky130_fd_sc_hd__clkdlybuf4s25_1)
                                                         net12 (net)
                      0.083743    0.000502    4.199879 v _0805_/B (sky130_fd_sc_hd__or3_2)
     2    0.007828    0.061808    0.283884    4.483763 v _0805_/X (sky130_fd_sc_hd__or3_2)
                                                         _0075_ (net)
                      0.061808    0.000219    4.483982 v _1438_/B (sky130_fd_sc_hd__or3b_2)
     9    0.032481    0.111479    0.335848    4.819830 v _1438_/X (sky130_fd_sc_hd__or3b_2)
                                                         _0699_ (net)
                      0.111517    0.001946    4.821776 v _1449_/B (sky130_fd_sc_hd__or2_2)
     1    0.003118    0.036971    0.184329    5.006105 v _1449_/X (sky130_fd_sc_hd__or2_2)
                                                         _0705_ (net)
                      0.036971    0.000092    5.006197 v _1450_/B1 (sky130_fd_sc_hd__o211a_2)
     1    0.002760    0.029814    0.082773    5.088970 v _1450_/X (sky130_fd_sc_hd__o211a_2)
                                                         _0017_ (net)
                      0.029814    0.000080    5.089051 v _1589_/D (sky130_fd_sc_hd__dfxtp_2)
                                              5.089051   data arrival time

                                 20.000000   20.000000   clock clk (rise edge)
                                  0.000000   20.000000   clock source latency
     1    0.020088    0.072004    0.049386   20.049387 ^ clk (in)
                                                         clk (net)
                      0.072017    0.000000   20.049387 ^ clkbuf_0_clk/A (sky130_fd_sc_hd__clkbuf_16)
     8    0.084509    0.077719    0.131609   20.180996 ^ clkbuf_0_clk/X (sky130_fd_sc_hd__clkbuf_16)
                                                         clknet_0_clk (net)
                      0.077932    0.003249   20.184244 ^ clkbuf_3_6__f_clk/A (sky130_fd_sc_hd__clkbuf_16)
     8    0.025024    0.034993    0.100568   20.284813 ^ clkbuf_3_6__f_clk/X (sky130_fd_sc_hd__clkbuf_16)
                                                         clknet_3_6__leaf_clk (net)
                      0.035060    0.001281   20.286093 ^ _1589_/CLK (sky130_fd_sc_hd__dfxtp_2)
                                 -0.250000   20.036095   clock uncertainty
                                  0.000000   20.036095   clock reconvergence pessimism
                                 -0.070149   19.965946   library setup time
                                             19.965946   data required time
---------------------------------------------------------------------------------------------
                                             19.965946   data required time
                                             -5.089051   data arrival time
---------------------------------------------------------------------------------------------
                                             14.876895   slack (MET)


Startpoint: uio_in[2] (input port clocked by clk)
Endpoint: _1584_ (rising edge-triggered flip-flop clocked by clk)
Path Group: clk
Path Type: max

Fanout         Cap        Slew       Delay        Time   Description
---------------------------------------------------------------------------------------------
                                  0.000000    0.000000   clock clk (rise edge)
                                  0.000000    0.000000   clock network delay (propagated)
                                  4.000000    4.000000 v input external delay
     1    0.003511    0.005760    0.002909    4.002909 v uio_in[2] (in)
                                                         uio_in[2] (net)
                      0.005760    0.000000    4.002909 v input12/A (sky130_fd_sc_hd__clkdlybuf4s25_1)
     5    0.015141    0.083741    0.196467    4.199377 v input12/X (sky130_fd_sc_hd__clkdlybuf4s25_1)
                                                         net12 (net)
                      0.083743    0.000502    4.199879 v _0805_/B (sky130_fd_sc_hd__or3_2)
     2    0.007828    0.061808    0.283884    4.483763 v _0805_/X (sky130_fd_sc_hd__or3_2)
                                                         _0075_ (net)
                      0.061808    0.000219    4.483982 v _1438_/B (sky130_fd_sc_hd__or3b_2)
     9    0.032481    0.111479    0.335848    4.819830 v _1438_/X (sky130_fd_sc_hd__or3b_2)
                                                         _0699_ (net)
                      0.111486    0.001020    4.820849 v _1439_/B (sky130_fd_sc_hd__or2_2)
     1    0.003725    0.038422    0.186582    5.007432 v _1439_/X (sky130_fd_sc_hd__or2_2)
                                                         _0700_ (net)
                      0.038422    0.000120    5.007552 v _1440_/B1 (sky130_fd_sc_hd__o211a_2)
     1    0.002247    0.028715    0.081994    5.089546 v _1440_/X (sky130_fd_sc_hd__o211a_2)
                                                         _0012_ (net)
                      0.028715    0.000064    5.089610 v _1584_/D (sky130_fd_sc_hd__dfxtp_2)
                                              5.089610   data arrival time

                                 20.000000   20.000000   clock clk (rise edge)
                                  0.000000   20.000000   clock source latency
     1    0.020088    0.072004    0.049386   20.049387 ^ clk (in)
                                                         clk (net)
                      0.072017    0.000000   20.049387 ^ clkbuf_0_clk/A (sky130_fd_sc_hd__clkbuf_16)
     8    0.084509    0.077719    0.131609   20.180996 ^ clkbuf_0_clk/X (sky130_fd_sc_hd__clkbuf_16)
                                                         clknet_0_clk (net)
                      0.077892    0.002942   20.183937 ^ clkbuf_3_5__f_clk/A (sky130_fd_sc_hd__clkbuf_16)
     8    0.030128    0.038547    0.104299   20.288237 ^ clkbuf_3_5__f_clk/X (sky130_fd_sc_hd__clkbuf_16)
                                                         clknet_3_5__leaf_clk (net)
                      0.038553    0.000469   20.288704 ^ _1584_/CLK (sky130_fd_sc_hd__dfxtp_2)
                                 -0.250000   20.038706   clock uncertainty
                                  0.000000   20.038706   clock reconvergence pessimism
                                 -0.069420   19.969286   library setup time
                                             19.969286   data required time
---------------------------------------------------------------------------------------------
                                             19.969286   data required time
                                             -5.089610   data arrival time
---------------------------------------------------------------------------------------------
                                             14.879676   slack (MET)


Startpoint: uio_in[2] (input port clocked by clk)
Endpoint: _1591_ (rising edge-triggered flip-flop clocked by clk)
Path Group: clk
Path Type: max

Fanout         Cap        Slew       Delay        Time   Description
---------------------------------------------------------------------------------------------
                                  0.000000    0.000000   clock clk (rise edge)
                                  0.000000    0.000000   clock network delay (propagated)
                                  4.000000    4.000000 v input external delay
     1    0.003511    0.005760    0.002909    4.002909 v uio_in[2] (in)
                                                         uio_in[2] (net)
                      0.005760    0.000000    4.002909 v input12/A (sky130_fd_sc_hd__clkdlybuf4s25_1)
     5    0.015141    0.083741    0.196467    4.199377 v input12/X (sky130_fd_sc_hd__clkdlybuf4s25_1)
                                                         net12 (net)
                      0.083743    0.000502    4.199879 v _0805_/B (sky130_fd_sc_hd__or3_2)
     2    0.007828    0.061808    0.283884    4.483763 v _0805_/X (sky130_fd_sc_hd__or3_2)
                                                         _0075_ (net)
                      0.061808    0.000219    4.483982 v _1438_/B (sky130_fd_sc_hd__or3b_2)
     9    0.032481    0.111479    0.335848    4.819830 v _1438_/X (sky130_fd_sc_hd__or3b_2)
                                                         _0699_ (net)
                      0.111489    0.001161    4.820992 v _1453_/B (sky130_fd_sc_hd__or2_2)
     1    0.002983    0.036658    0.183815    5.004807 v _1453_/X (sky130_fd_sc_hd__or2_2)
                                                         _0707_ (net)
                      0.036658    0.000088    5.004895 v _1454_/B1 (sky130_fd_sc_hd__o211a_2)
     1    0.002405    0.029172    0.081691    5.086586 v _1454_/X (sky130_fd_sc_hd__o211a_2)
                                                         _0019_ (net)
                      0.029172    0.000070    5.086656 v _1591_/D (sky130_fd_sc_hd__dfxtp_2)
                                              5.086656   data arrival time

                                 20.000000   20.000000   clock clk (rise edge)
                                  0.000000   20.000000   clock source latency
     1    0.020088    0.072004    0.049386   20.049387 ^ clk (in)
                                                         clk (net)
                      0.072017    0.000000   20.049387 ^ clkbuf_0_clk/A (sky130_fd_sc_hd__clkbuf_16)
     8    0.084509    0.077719    0.131609   20.180996 ^ clkbuf_0_clk/X (sky130_fd_sc_hd__clkbuf_16)
                                                         clknet_0_clk (net)
                      0.077892    0.002942   20.183937 ^ clkbuf_3_5__f_clk/A (sky130_fd_sc_hd__clkbuf_16)
     8    0.030128    0.038547    0.104299   20.288237 ^ clkbuf_3_5__f_clk/X (sky130_fd_sc_hd__clkbuf_16)
                                                         clknet_3_5__leaf_clk (net)
                      0.038555    0.000540   20.288776 ^ _1591_/CLK (sky130_fd_sc_hd__dfxtp_2)
                                 -0.250000   20.038776   clock uncertainty
                                  0.000000   20.038776   clock reconvergence pessimism
                                 -0.069583   19.969193   library setup time
                                             19.969193   data required time
---------------------------------------------------------------------------------------------
                                             19.969193   data required time
                                             -5.086656   data arrival time
---------------------------------------------------------------------------------------------
                                             14.882537   slack (MET)


Startpoint: uio_in[1] (input port clocked by clk)
Endpoint: _1574_ (rising edge-triggered flip-flop clocked by clk)
Path Group: clk
Path Type: max

Fanout         Cap        Slew       Delay        Time   Description
---------------------------------------------------------------------------------------------
                                  0.000000    0.000000   clock clk (rise edge)
                                  0.000000    0.000000   clock network delay (propagated)
                                  4.000000    4.000000 ^ input external delay
     1    0.003968    0.018106    0.010310    4.010311 ^ uio_in[1] (in)
                                                         uio_in[1] (net)
                      0.018107    0.000000    4.010311 ^ input11/A (sky130_fd_sc_hd__clkdlybuf4s25_1)
     8    0.028102    0.214339    0.282950    4.293261 ^ input11/X (sky130_fd_sc_hd__clkdlybuf4s25_1)
                                                         net11 (net)
                      0.214343    0.001264    4.294524 ^ _0797_/A (sky130_fd_sc_hd__nor2_2)
     3    0.009229    0.054916    0.040655    4.335179 v _0797_/Y (sky130_fd_sc_hd__nor2_2)
                                                         _0070_ (net)
                      0.054916    0.000156    4.335336 v _0802_/C (sky130_fd_sc_hd__and3_2)
     1    0.008124    0.037061    0.148776    4.484111 v _0802_/X (sky130_fd_sc_hd__and3_2)
                                                         _0073_ (net)
                      0.037062    0.000251    4.484363 v fanout28/A (sky130_fd_sc_hd__clkdlybuf4s25_1)
    10    0.046729    0.236138    0.322940    4.807302 v fanout28/X (sky130_fd_sc_hd__clkdlybuf4s25_1)
                                                         net28 (net)
                      0.236138    0.000758    4.808060 v _0803_/B (sky130_fd_sc_hd__and2_2)
     1    0.002072    0.028114    0.194183    5.002244 v _0803_/X (sky130_fd_sc_hd__and2_2)
                                                         _0002_ (net)
                      0.028114    0.000041    5.002285 v _1574_/D (sky130_fd_sc_hd__dfxtp_2)
                                              5.002285   data arrival time

                                 20.000000   20.000000   clock clk (rise edge)
                                  0.000000   20.000000   clock source latency
     1    0.020088    0.072004    0.049386   20.049387 ^ clk (in)
                                                         clk (net)
                      0.072017    0.000000   20.049387 ^ clkbuf_0_clk/A (sky130_fd_sc_hd__clkbuf_16)
     8    0.084509    0.077719    0.131609   20.180996 ^ clkbuf_0_clk/X (sky130_fd_sc_hd__clkbuf_16)
                                                         clknet_0_clk (net)
                      0.077894    0.002952   20.183947 ^ clkbuf_3_3__f_clk/A (sky130_fd_sc_hd__clkbuf_16)
     8    0.031698    0.039752    0.105162   20.289110 ^ clkbuf_3_3__f_clk/X (sky130_fd_sc_hd__clkbuf_16)
                                                         clknet_3_3__leaf_clk (net)
                      0.039759    0.000991   20.290100 ^ _1574_/CLK (sky130_fd_sc_hd__dfxtp_2)
                                 -0.250000   20.040102   clock uncertainty
                                  0.000000   20.040102   clock reconvergence pessimism
                                 -0.069090   19.971012   library setup time
                                             19.971012   data required time
---------------------------------------------------------------------------------------------
                                             19.971012   data required time
                                             -5.002285   data arrival time
---------------------------------------------------------------------------------------------
                                             14.968727   slack (MET)


Startpoint: uio_in[2] (input port clocked by clk)
Endpoint: _1590_ (rising edge-triggered flip-flop clocked by clk)
Path Group: clk
Path Type: max

Fanout         Cap        Slew       Delay        Time   Description
---------------------------------------------------------------------------------------------
                                  0.000000    0.000000   clock clk (rise edge)
                                  0.000000    0.000000   clock network delay (propagated)
                                  4.000000    4.000000 v input external delay
     1    0.003511    0.005760    0.002909    4.002909 v uio_in[2] (in)
                                                         uio_in[2] (net)
                      0.005760    0.000000    4.002909 v input12/A (sky130_fd_sc_hd__clkdlybuf4s25_1)
     5    0.015141    0.083741    0.196467    4.199377 v input12/X (sky130_fd_sc_hd__clkdlybuf4s25_1)
                                                         net12 (net)
                      0.083743    0.000502    4.199879 v _0805_/B (sky130_fd_sc_hd__or3_2)
     2    0.007828    0.061808    0.283884    4.483763 v _0805_/X (sky130_fd_sc_hd__or3_2)
                                                         _0075_ (net)
                      0.061808    0.000219    4.483982 v _1438_/B (sky130_fd_sc_hd__or3b_2)
     9    0.032481    0.111479    0.335848    4.819830 v _1438_/X (sky130_fd_sc_hd__or3b_2)
                                                         _0699_ (net)
                      0.111509    0.001767    4.821597 v _1452_/A2 (sky130_fd_sc_hd__o211a_2)
     1    0.002367    0.029039    0.169896    4.991493 v _1452_/X (sky130_fd_sc_hd__o211a_2)
                                                         _0018_ (net)
                      0.029039    0.000051    4.991544 v _1590_/D (sky130_fd_sc_hd__dfxtp_2)
                                              4.991544   data arrival time

                                 20.000000   20.000000   clock clk (rise edge)
                                  0.000000   20.000000   clock source latency
     1    0.020088    0.072004    0.049386   20.049387 ^ clk (in)
                                                         clk (net)
                      0.072017    0.000000   20.049387 ^ clkbuf_0_clk/A (sky130_fd_sc_hd__clkbuf_16)
     8    0.084509    0.077719    0.131609   20.180996 ^ clkbuf_0_clk/X (sky130_fd_sc_hd__clkbuf_16)
                                                         clknet_0_clk (net)
                      0.077933    0.003261   20.184258 ^ clkbuf_3_7__f_clk/A (sky130_fd_sc_hd__clkbuf_16)
     8    0.028089    0.037233    0.102508   20.286764 ^ clkbuf_3_7__f_clk/X (sky130_fd_sc_hd__clkbuf_16)
                                                         clknet_3_7__leaf_clk (net)
                      0.037395    0.001705   20.288469 ^ _1590_/CLK (sky130_fd_sc_hd__dfxtp_2)
                                 -0.250000   20.038471   clock uncertainty
                                  0.000000   20.038471   clock reconvergence pessimism
                                 -0.069648   19.968824   library setup time
                                             19.968824   data required time
---------------------------------------------------------------------------------------------
                                             19.968824   data required time
                                             -4.991544   data arrival time
---------------------------------------------------------------------------------------------
                                             14.977281   slack (MET)


Startpoint: _1574_ (rising edge-triggered flip-flop clocked by clk)
Endpoint: uio_out[4] (output port clocked by clk)
Path Group: clk
Path Type: max

Fanout         Cap        Slew       Delay        Time   Description
---------------------------------------------------------------------------------------------
                                  0.000000    0.000000   clock clk (rise edge)
                                  0.000000    0.000000   clock source latency
     1    0.020088    0.072004    0.049386    0.049386 ^ clk (in)
                                                         clk (net)
                      0.072017    0.000000    0.049386 ^ clkbuf_0_clk/A (sky130_fd_sc_hd__clkbuf_16)
     8    0.084509    0.077719    0.131609    0.180996 ^ clkbuf_0_clk/X (sky130_fd_sc_hd__clkbuf_16)
                                                         clknet_0_clk (net)
                      0.077894    0.002951    0.183947 ^ clkbuf_3_3__f_clk/A (sky130_fd_sc_hd__clkbuf_16)
     8    0.031698    0.039752    0.105162    0.289108 ^ clkbuf_3_3__f_clk/X (sky130_fd_sc_hd__clkbuf_16)
                                                         clknet_3_3__leaf_clk (net)
                      0.039759    0.000992    0.290100 ^ _1574_/CLK (sky130_fd_sc_hd__dfxtp_2)
     3    0.014130    0.059406    0.220393    0.510493 ^ _1574_/Q (sky130_fd_sc_hd__dfxtp_2)
                                                         busy (net)
                      0.059406    0.000182    0.510676 ^ _1651_/A (sky130_fd_sc_hd__buf_2)
     1    0.035440    0.132325    0.148175    0.658851 ^ _1651_/X (sky130_fd_sc_hd__buf_2)
                                                         uio_out[4] (net)
                      0.132332    0.000789    0.659640 ^ uio_out[4] (out)
                                              0.659640   data arrival time

                                 20.000000   20.000000   clock clk (rise edge)
                                  0.000000   20.000000   clock network delay (propagated)
                                 -0.250000   19.750002   clock uncertainty
                                  0.000000   19.750002   clock reconvergence pessimism
                                 -4.000000   15.750001   output external delay
                                             15.750001   data required time
---------------------------------------------------------------------------------------------
                                             15.750001   data required time
                                             -0.659640   data arrival time
---------------------------------------------------------------------------------------------
                                             15.090362   slack (MET)


Startpoint: _1575_ (rising edge-triggered flip-flop clocked by clk)
Endpoint: uio_out[5] (output port clocked by clk)
Path Group: clk
Path Type: max

Fanout         Cap        Slew       Delay        Time   Description
---------------------------------------------------------------------------------------------
                                  0.000000    0.000000   clock clk (rise edge)
                                  0.000000    0.000000   clock source latency
     1    0.020088    0.072004    0.049386    0.049386 ^ clk (in)
                                                         clk (net)
                      0.072017    0.000000    0.049386 ^ clkbuf_0_clk/A (sky130_fd_sc_hd__clkbuf_16)
     8    0.084509    0.077719    0.131609    0.180996 ^ clkbuf_0_clk/X (sky130_fd_sc_hd__clkbuf_16)
                                                         clknet_0_clk (net)
                      0.077889    0.002913    0.183909 ^ clkbuf_3_1__f_clk/A (sky130_fd_sc_hd__clkbuf_16)
     8    0.024162    0.034411    0.100211    0.284120 ^ clkbuf_3_1__f_clk/X (sky130_fd_sc_hd__clkbuf_16)
                                                         clknet_3_1__leaf_clk (net)
                      0.034421    0.000520    0.284639 ^ _1575_/CLK (sky130_fd_sc_hd__dfxtp_2)
     2    0.012895    0.055390    0.215560    0.500200 ^ _1575_/Q (sky130_fd_sc_hd__dfxtp_2)
                                                         ovf (net)
                      0.055395    0.000565    0.500764 ^ _1652_/A (sky130_fd_sc_hd__buf_2)
     1    0.034619    0.129422    0.145177    0.645942 ^ _1652_/X (sky130_fd_sc_hd__buf_2)
                                                         uio_out[5] (net)
                      0.129430    0.000861    0.646803 ^ uio_out[5] (out)
                                              0.646803   data arrival time

                                 20.000000   20.000000   clock clk (rise edge)
                                  0.000000   20.000000   clock network delay (propagated)
                                 -0.250000   19.750002   clock uncertainty
                                  0.000000   19.750002   clock reconvergence pessimism
                                 -4.000000   15.750001   output external delay
                                             15.750001   data required time
---------------------------------------------------------------------------------------------
                                             15.750001   data required time
                                             -0.646803   data arrival time
---------------------------------------------------------------------------------------------
                                             15.103197   slack (MET)


Startpoint: uio_in[2] (input port clocked by clk)
Endpoint: _1592_ (rising edge-triggered flip-flop clocked by clk)
Path Group: clk
Path Type: max

Fanout         Cap        Slew       Delay        Time   Description
---------------------------------------------------------------------------------------------
                                  0.000000    0.000000   clock clk (rise edge)
                                  0.000000    0.000000   clock network delay (propagated)
                                  4.000000    4.000000 ^ input external delay
     1    0.003737    0.017283    0.009701    4.009701 ^ uio_in[2] (in)
                                                         uio_in[2] (net)
                      0.017284    0.000000    4.009701 ^ input12/A (sky130_fd_sc_hd__clkdlybuf4s25_1)
     5    0.015859    0.125078    0.220806    4.230507 ^ input12/X (sky130_fd_sc_hd__clkdlybuf4s25_1)
                                                         net12 (net)
                      0.125078    0.000479    4.230986 ^ _0804_/A_N (sky130_fd_sc_hd__and2b_2)
     3    0.009410    0.037435    0.153619    4.384606 v _0804_/X (sky130_fd_sc_hd__and2b_2)
                                                         _0074_ (net)
                      0.037435    0.000191    4.384797 v _1455_/C (sky130_fd_sc_hd__and3_2)
     8    0.020679    0.055731    0.166085    4.550882 v _1455_/X (sky130_fd_sc_hd__and3_2)
                                                         _0708_ (net)
                      0.055731    0.000362    4.551244 v _1457_/B (sky130_fd_sc_hd__or2_2)
     1    0.004046    0.039137    0.167243    4.718487 v _1457_/X (sky130_fd_sc_hd__or2_2)
                                                         _0710_ (net)
                      0.039137    0.000123    4.718610 v _1458_/B1 (sky130_fd_sc_hd__o211a_2)
     1    0.002782    0.030023    0.083724    4.802334 v _1458_/X (sky130_fd_sc_hd__o211a_2)
                                                         _0020_ (net)
                      0.030023    0.000084    4.802418 v _1592_/D (sky130_fd_sc_hd__dfxtp_2)
                                              4.802418   data arrival time

                                 20.000000   20.000000   clock clk (rise edge)
                                  0.000000   20.000000   clock source latency
     1    0.020088    0.072004    0.049386   20.049387 ^ clk (in)
                                                         clk (net)
                      0.072017    0.000000   20.049387 ^ clkbuf_0_clk/A (sky130_fd_sc_hd__clkbuf_16)
     8    0.084509    0.077719    0.131609   20.180996 ^ clkbuf_0_clk/X (sky130_fd_sc_hd__clkbuf_16)
                                                         clknet_0_clk (net)
                      0.077892    0.002942   20.183937 ^ clkbuf_3_5__f_clk/A (sky130_fd_sc_hd__clkbuf_16)
     8    0.030128    0.038547    0.104299   20.288237 ^ clkbuf_3_5__f_clk/X (sky130_fd_sc_hd__clkbuf_16)
                                                         clknet_3_5__leaf_clk (net)
                      0.038552    0.000423   20.288658 ^ _1592_/CLK (sky130_fd_sc_hd__dfxtp_2)
                                 -0.250000   20.038660   clock uncertainty
                                  0.000000   20.038660   clock reconvergence pessimism
                                 -0.069887   19.968773   library setup time
                                             19.968773   data required time
---------------------------------------------------------------------------------------------
                                             19.968773   data required time
                                             -4.802418   data arrival time
---------------------------------------------------------------------------------------------
                                             15.166354   slack (MET)


Startpoint: uio_in[2] (input port clocked by clk)
Endpoint: _1597_ (rising edge-triggered flip-flop clocked by clk)
Path Group: clk
Path Type: max

Fanout         Cap        Slew       Delay        Time   Description
---------------------------------------------------------------------------------------------
                                  0.000000    0.000000   clock clk (rise edge)
                                  0.000000    0.000000   clock network delay (propagated)
                                  4.000000    4.000000 ^ input external delay
     1    0.003737    0.017283    0.009701    4.009701 ^ uio_in[2] (in)
                                                         uio_in[2] (net)
                      0.017284    0.000000    4.009701 ^ input12/A (sky130_fd_sc_hd__clkdlybuf4s25_1)
     5    0.015859    0.125078    0.220806    4.230507 ^ input12/X (sky130_fd_sc_hd__clkdlybuf4s25_1)
                                                         net12 (net)
                      0.125078    0.000479    4.230986 ^ _0804_/A_N (sky130_fd_sc_hd__and2b_2)
     3    0.009410    0.037435    0.153619    4.384606 v _0804_/X (sky130_fd_sc_hd__and2b_2)
                                                         _0074_ (net)
                      0.037435    0.000191    4.384797 v _1455_/C (sky130_fd_sc_hd__and3_2)
     8    0.020679    0.055731    0.166085    4.550882 v _1455_/X (sky130_fd_sc_hd__and3_2)
                                                         _0708_ (net)
                      0.055752    0.001024    4.551906 v _1467_/B (sky130_fd_sc_hd__or2_2)
     1    0.002548    0.036247    0.161602    4.713508 v _1467_/X (sky130_fd_sc_hd__or2_2)
                                                         _0715_ (net)
                      0.036247    0.000050    4.713558 v _1468_/B1 (sky130_fd_sc_hd__o211a_2)
     1    0.003512    0.031541    0.084483    4.798041 v _1468_/X (sky130_fd_sc_hd__o211a_2)
                                                         _0025_ (net)
                      0.031541    0.000116    4.798157 v _1597_/D (sky130_fd_sc_hd__dfxtp_2)
                                              4.798157   data arrival time

                                 20.000000   20.000000   clock clk (rise edge)
                                  0.000000   20.000000   clock source latency
     1    0.020088    0.072004    0.049386   20.049387 ^ clk (in)
                                                         clk (net)
                      0.072017    0.000000   20.049387 ^ clkbuf_0_clk/A (sky130_fd_sc_hd__clkbuf_16)
     8    0.084509    0.077719    0.131609   20.180996 ^ clkbuf_0_clk/X (sky130_fd_sc_hd__clkbuf_16)
                                                         clknet_0_clk (net)
                      0.077932    0.003249   20.184244 ^ clkbuf_3_6__f_clk/A (sky130_fd_sc_hd__clkbuf_16)
     8    0.025024    0.034993    0.100568   20.284813 ^ clkbuf_3_6__f_clk/X (sky130_fd_sc_hd__clkbuf_16)
                                                         clknet_3_6__leaf_clk (net)
                      0.035060    0.001284   20.286097 ^ _1597_/CLK (sky130_fd_sc_hd__dfxtp_2)
                                 -0.250000   20.036098   clock uncertainty
                                  0.000000   20.036098   clock reconvergence pessimism
                                 -0.070766   19.965334   library setup time
                                             19.965334   data required time
---------------------------------------------------------------------------------------------
                                             19.965334   data required time
                                             -4.798157   data arrival time
---------------------------------------------------------------------------------------------
                                             15.167176   slack (MET)


Startpoint: uio_in[2] (input port clocked by clk)
Endpoint: _1598_ (rising edge-triggered flip-flop clocked by clk)
Path Group: clk
Path Type: max

Fanout         Cap        Slew       Delay        Time   Description
---------------------------------------------------------------------------------------------
                                  0.000000    0.000000   clock clk (rise edge)
                                  0.000000    0.000000   clock network delay (propagated)
                                  4.000000    4.000000 ^ input external delay
     1    0.003737    0.017283    0.009701    4.009701 ^ uio_in[2] (in)
                                                         uio_in[2] (net)
                      0.017284    0.000000    4.009701 ^ input12/A (sky130_fd_sc_hd__clkdlybuf4s25_1)
     5    0.015859    0.125078    0.220806    4.230507 ^ input12/X (sky130_fd_sc_hd__clkdlybuf4s25_1)
                                                         net12 (net)
                      0.125078    0.000479    4.230986 ^ _0804_/A_N (sky130_fd_sc_hd__and2b_2)
     3    0.009410    0.037435    0.153619    4.384606 v _0804_/X (sky130_fd_sc_hd__and2b_2)
                                                         _0074_ (net)
                      0.037435    0.000191    4.384797 v _1455_/C (sky130_fd_sc_hd__and3_2)
     8    0.020679    0.055731    0.166085    4.550882 v _1455_/X (sky130_fd_sc_hd__and3_2)
                                                         _0708_ (net)
                      0.055753    0.001042    4.551924 v _1469_/B (sky130_fd_sc_hd__or2_2)
     1    0.002975    0.036811    0.163206    4.715130 v _1469_/X (sky130_fd_sc_hd__or2_2)
                                                         _0716_ (net)
                      0.036811    0.000089    4.715219 v _1470_/B1 (sky130_fd_sc_hd__o211a_2)
     1    0.003540    0.031612    0.084798    4.800016 v _1470_/X (sky130_fd_sc_hd__o211a_2)
                                                         _0026_ (net)
                      0.031612    0.000115    4.800131 v _1598_/D (sky130_fd_sc_hd__dfxtp_2)
                                              4.800131   data arrival time

                                 20.000000   20.000000   clock clk (rise edge)
                                  0.000000   20.000000   clock source latency
     1    0.020088    0.072004    0.049386   20.049387 ^ clk (in)
                                                         clk (net)
                      0.072017    0.000000   20.049387 ^ clkbuf_0_clk/A (sky130_fd_sc_hd__clkbuf_16)
     8    0.084509    0.077719    0.131609   20.180996 ^ clkbuf_0_clk/X (sky130_fd_sc_hd__clkbuf_16)
                                                         clknet_0_clk (net)
                      0.077933    0.003261   20.184258 ^ clkbuf_3_7__f_clk/A (sky130_fd_sc_hd__clkbuf_16)
     8    0.028089    0.037233    0.102508   20.286764 ^ clkbuf_3_7__f_clk/X (sky130_fd_sc_hd__clkbuf_16)
                                                         clknet_3_7__leaf_clk (net)
                      0.037398    0.001725   20.288490 ^ _1598_/CLK (sky130_fd_sc_hd__dfxtp_2)
                                 -0.250000   20.038490   clock uncertainty
                                  0.000000   20.038490   clock reconvergence pessimism
                                 -0.070566   19.967924   library setup time
                                             19.967924   data required time
---------------------------------------------------------------------------------------------
                                             19.967924   data required time
                                             -4.800131   data arrival time
---------------------------------------------------------------------------------------------
                                             15.167794   slack (MET)


Startpoint: uio_in[2] (input port clocked by clk)
Endpoint: _1595_ (rising edge-triggered flip-flop clocked by clk)
Path Group: clk
Path Type: max

Fanout         Cap        Slew       Delay        Time   Description
---------------------------------------------------------------------------------------------
                                  0.000000    0.000000   clock clk (rise edge)
                                  0.000000    0.000000   clock network delay (propagated)
                                  4.000000    4.000000 ^ input external delay
     1    0.003737    0.017283    0.009701    4.009701 ^ uio_in[2] (in)
                                                         uio_in[2] (net)
                      0.017284    0.000000    4.009701 ^ input12/A (sky130_fd_sc_hd__clkdlybuf4s25_1)
     5    0.015859    0.125078    0.220806    4.230507 ^ input12/X (sky130_fd_sc_hd__clkdlybuf4s25_1)
                                                         net12 (net)
                      0.125078    0.000479    4.230986 ^ _0804_/A_N (sky130_fd_sc_hd__and2b_2)
     3    0.009410    0.037435    0.153619    4.384606 v _0804_/X (sky130_fd_sc_hd__and2b_2)
                                                         _0074_ (net)
                      0.037435    0.000191    4.384797 v _1455_/C (sky130_fd_sc_hd__and3_2)
     8    0.020679    0.055731    0.166085    4.550882 v _1455_/X (sky130_fd_sc_hd__and3_2)
                                                         _0708_ (net)
                      0.055743    0.000814    4.551696 v _1463_/B (sky130_fd_sc_hd__or2_2)
     1    0.002667    0.036980    0.162044    4.713741 v _1463_/X (sky130_fd_sc_hd__or2_2)
                                                         _0713_ (net)
                      0.036980    0.000078    4.713819 v _1464_/B1 (sky130_fd_sc_hd__o211a_2)
     1    0.002669    0.029792    0.082533    4.796352 v _1464_/X (sky130_fd_sc_hd__o211a_2)
                                                         _0023_ (net)
                      0.029792    0.000079    4.796431 v _1595_/D (sky130_fd_sc_hd__dfxtp_2)
                                              4.796431   data arrival time

                                 20.000000   20.000000   clock clk (rise edge)
                                  0.000000   20.000000   clock source latency
     1    0.020088    0.072004    0.049386   20.049387 ^ clk (in)
                                                         clk (net)
                      0.072017    0.000000   20.049387 ^ clkbuf_0_clk/A (sky130_fd_sc_hd__clkbuf_16)
     8    0.084509    0.077719    0.131609   20.180996 ^ clkbuf_0_clk/X (sky130_fd_sc_hd__clkbuf_16)
                                                         clknet_0_clk (net)
                      0.077932    0.003249   20.184244 ^ clkbuf_3_6__f_clk/A (sky130_fd_sc_hd__clkbuf_16)
     8    0.025024    0.034993    0.100568   20.284813 ^ clkbuf_3_6__f_clk/X (sky130_fd_sc_hd__clkbuf_16)
                                                         clknet_3_6__leaf_clk (net)
                      0.035021    0.000876   20.285688 ^ _1595_/CLK (sky130_fd_sc_hd__dfxtp_2)
                                 -0.250000   20.035688   clock uncertainty
                                  0.000000   20.035688   clock reconvergence pessimism
                                 -0.070145   19.965544   library setup time
                                             19.965544   data required time
---------------------------------------------------------------------------------------------
                                             19.965544   data required time
                                             -4.796431   data arrival time
---------------------------------------------------------------------------------------------
                                             15.169114   slack (MET)


Startpoint: uio_in[2] (input port clocked by clk)
Endpoint: _1593_ (rising edge-triggered flip-flop clocked by clk)
Path Group: clk
Path Type: max

Fanout         Cap        Slew       Delay        Time   Description
---------------------------------------------------------------------------------------------
                                  0.000000    0.000000   clock clk (rise edge)
                                  0.000000    0.000000   clock network delay (propagated)
                                  4.000000    4.000000 ^ input external delay
     1    0.003737    0.017283    0.009701    4.009701 ^ uio_in[2] (in)
                                                         uio_in[2] (net)
                      0.017284    0.000000    4.009701 ^ input12/A (sky130_fd_sc_hd__clkdlybuf4s25_1)
     5    0.015859    0.125078    0.220806    4.230507 ^ input12/X (sky130_fd_sc_hd__clkdlybuf4s25_1)
                                                         net12 (net)
                      0.125078    0.000479    4.230986 ^ _0804_/A_N (sky130_fd_sc_hd__and2b_2)
     3    0.009410    0.037435    0.153619    4.384606 v _0804_/X (sky130_fd_sc_hd__and2b_2)
                                                         _0074_ (net)
                      0.037435    0.000191    4.384797 v _1455_/C (sky130_fd_sc_hd__and3_2)
     8    0.020679    0.055731    0.166085    4.550882 v _1455_/X (sky130_fd_sc_hd__and3_2)
                                                         _0708_ (net)
                      0.055736    0.000612    4.551495 v _1459_/B (sky130_fd_sc_hd__or2_2)
     1    0.002906    0.037243    0.162943    4.714438 v _1459_/X (sky130_fd_sc_hd__or2_2)
                                                         _0711_ (net)
                      0.037243    0.000086    4.714524 v _1460_/B1 (sky130_fd_sc_hd__o211a_2)
     1    0.002311    0.029060    0.081680    4.796204 v _1460_/X (sky130_fd_sc_hd__o211a_2)
                                                         _0021_ (net)
                      0.029060    0.000068    4.796272 v _1593_/D (sky130_fd_sc_hd__dfxtp_2)
                                              4.796272   data arrival time

                                 20.000000   20.000000   clock clk (rise edge)
                                  0.000000   20.000000   clock source latency
     1    0.020088    0.072004    0.049386   20.049387 ^ clk (in)
                                                         clk (net)
                      0.072017    0.000000   20.049387 ^ clkbuf_0_clk/A (sky130_fd_sc_hd__clkbuf_16)
     8    0.084509    0.077719    0.131609   20.180996 ^ clkbuf_0_clk/X (sky130_fd_sc_hd__clkbuf_16)
                                                         clknet_0_clk (net)
                      0.077932    0.003249   20.184244 ^ clkbuf_3_6__f_clk/A (sky130_fd_sc_hd__clkbuf_16)
     8    0.025024    0.034993    0.100568   20.284813 ^ clkbuf_3_6__f_clk/X (sky130_fd_sc_hd__clkbuf_16)
                                                         clknet_3_6__leaf_clk (net)
                      0.035017    0.000821   20.285633 ^ _1593_/CLK (sky130_fd_sc_hd__dfxtp_2)
                                 -0.250000   20.035635   clock uncertainty
                                  0.000000   20.035635   clock reconvergence pessimism
                                 -0.069884   19.965750   library setup time
                                             19.965750   data required time
---------------------------------------------------------------------------------------------
                                             19.965750   data required time
                                             -4.796272   data arrival time
---------------------------------------------------------------------------------------------
                                             15.169478   slack (MET)


Startpoint: uio_in[2] (input port clocked by clk)
Endpoint: _1599_ (rising edge-triggered flip-flop clocked by clk)
Path Group: clk
Path Type: max

Fanout         Cap        Slew       Delay        Time   Description
---------------------------------------------------------------------------------------------
                                  0.000000    0.000000   clock clk (rise edge)
                                  0.000000    0.000000   clock network delay (propagated)
                                  4.000000    4.000000 ^ input external delay
     1    0.003737    0.017283    0.009701    4.009701 ^ uio_in[2] (in)
                                                         uio_in[2] (net)
                      0.017284    0.000000    4.009701 ^ input12/A (sky130_fd_sc_hd__clkdlybuf4s25_1)
     5    0.015859    0.125078    0.220806    4.230507 ^ input12/X (sky130_fd_sc_hd__clkdlybuf4s25_1)
                                                         net12 (net)
                      0.125078    0.000479    4.230986 ^ _0804_/A_N (sky130_fd_sc_hd__and2b_2)
     3    0.009410    0.037435    0.153619    4.384606 v _0804_/X (sky130_fd_sc_hd__and2b_2)
                                                         _0074_ (net)
                      0.037435    0.000191    4.384797 v _1455_/C (sky130_fd_sc_hd__and3_2)
     8    0.020679    0.055731    0.166085    4.550882 v _1455_/X (sky130_fd_sc_hd__and3_2)
                                                         _0708_ (net)
                      0.055733    0.000489    4.551372 v _1471_/B (sky130_fd_sc_hd__or2_2)
     1    0.002760    0.036083    0.162391    4.713762 v _1471_/X (sky130_fd_sc_hd__or2_2)
                                                         _0717_ (net)
                      0.036083    0.000079    4.713842 v _1472_/B1 (sky130_fd_sc_hd__o211a_2)
     1    0.002506    0.029459    0.081725    4.795567 v _1472_/X (sky130_fd_sc_hd__o211a_2)
                                                         _0027_ (net)
                      0.029459    0.000074    4.795640 v _1599_/D (sky130_fd_sc_hd__dfxtp_2)
                                              4.795640   data arrival time

                                 20.000000   20.000000   clock clk (rise edge)
                                  0.000000   20.000000   clock source latency
     1    0.020088    0.072004    0.049386   20.049387 ^ clk (in)
                                                         clk (net)
                      0.072017    0.000000   20.049387 ^ clkbuf_0_clk/A (sky130_fd_sc_hd__clkbuf_16)
     8    0.084509    0.077719    0.131609   20.180996 ^ clkbuf_0_clk/X (sky130_fd_sc_hd__clkbuf_16)
                                                         clknet_0_clk (net)
                      0.077932    0.003249   20.184244 ^ clkbuf_3_6__f_clk/A (sky130_fd_sc_hd__clkbuf_16)
     8    0.025024    0.034993    0.100568   20.284813 ^ clkbuf_3_6__f_clk/X (sky130_fd_sc_hd__clkbuf_16)
                                                         clknet_3_6__leaf_clk (net)
                      0.034993    0.000442   20.285255 ^ _1599_/CLK (sky130_fd_sc_hd__dfxtp_2)
                                 -0.250000   20.035255   clock uncertainty
                                  0.000000   20.035255   clock reconvergence pessimism
                                 -0.070029   19.965227   library setup time
                                             19.965227   data required time
---------------------------------------------------------------------------------------------
                                             19.965227   data required time
                                             -4.795640   data arrival time
---------------------------------------------------------------------------------------------
                                             15.169587   slack (MET)


Startpoint: uio_in[2] (input port clocked by clk)
Endpoint: _1594_ (rising edge-triggered flip-flop clocked by clk)
Path Group: clk
Path Type: max

Fanout         Cap        Slew       Delay        Time   Description
---------------------------------------------------------------------------------------------
                                  0.000000    0.000000   clock clk (rise edge)
                                  0.000000    0.000000   clock network delay (propagated)
                                  4.000000    4.000000 ^ input external delay
     1    0.003737    0.017283    0.009701    4.009701 ^ uio_in[2] (in)
                                                         uio_in[2] (net)
                      0.017284    0.000000    4.009701 ^ input12/A (sky130_fd_sc_hd__clkdlybuf4s25_1)
     5    0.015859    0.125078    0.220806    4.230507 ^ input12/X (sky130_fd_sc_hd__clkdlybuf4s25_1)
                                                         net12 (net)
                      0.125078    0.000479    4.230986 ^ _0804_/A_N (sky130_fd_sc_hd__and2b_2)
     3    0.009410    0.037435    0.153619    4.384606 v _0804_/X (sky130_fd_sc_hd__and2b_2)
                                                         _0074_ (net)
                      0.037435    0.000191    4.384797 v _1455_/C (sky130_fd_sc_hd__and3_2)
     8    0.020679    0.055731    0.166085    4.550882 v _1455_/X (sky130_fd_sc_hd__and3_2)
                                                         _0708_ (net)
                      0.055749    0.000951    4.551833 v _1461_/B (sky130_fd_sc_hd__or2_2)
     1    0.002897    0.036434    0.162912    4.714746 v _1461_/X (sky130_fd_sc_hd__or2_2)
                                                         _0712_ (net)
                      0.036434    0.000084    4.714830 v _1462_/B1 (sky130_fd_sc_hd__o211a_2)
     1    0.002893    0.030247    0.082907    4.797737 v _1462_/X (sky130_fd_sc_hd__o211a_2)
                                                         _0022_ (net)
                      0.030247    0.000087    4.797824 v _1594_/D (sky130_fd_sc_hd__dfxtp_2)
                                              4.797824   data arrival time

                                 20.000000   20.000000   clock clk (rise edge)
                                  0.000000   20.000000   clock source latency
     1    0.020088    0.072004    0.049386   20.049387 ^ clk (in)
                                                         clk (net)
                      0.072017    0.000000   20.049387 ^ clkbuf_0_clk/A (sky130_fd_sc_hd__clkbuf_16)
     8    0.084509    0.077719    0.131609   20.180996 ^ clkbuf_0_clk/X (sky130_fd_sc_hd__clkbuf_16)
                                                         clknet_0_clk (net)
                      0.077933    0.003261   20.184258 ^ clkbuf_3_7__f_clk/A (sky130_fd_sc_hd__clkbuf_16)
     8    0.028089    0.037233    0.102508   20.286764 ^ clkbuf_3_7__f_clk/X (sky130_fd_sc_hd__clkbuf_16)
                                                         clknet_3_7__leaf_clk (net)
                      0.037303    0.001387   20.288153 ^ _1594_/CLK (sky130_fd_sc_hd__dfxtp_2)
                                 -0.250000   20.038153   clock uncertainty
                                  0.000000   20.038153   clock reconvergence pessimism
                                 -0.070088   19.968065   library setup time
                                             19.968065   data required time
---------------------------------------------------------------------------------------------
                                             19.968065   data required time
                                             -4.797824   data arrival time
---------------------------------------------------------------------------------------------
                                             15.170240   slack (MET)


Startpoint: uio_in[2] (input port clocked by clk)
Endpoint: _1596_ (rising edge-triggered flip-flop clocked by clk)
Path Group: clk
Path Type: max

Fanout         Cap        Slew       Delay        Time   Description
---------------------------------------------------------------------------------------------
                                  0.000000    0.000000   clock clk (rise edge)
                                  0.000000    0.000000   clock network delay (propagated)
                                  4.000000    4.000000 ^ input external delay
     1    0.003737    0.017283    0.009701    4.009701 ^ uio_in[2] (in)
                                                         uio_in[2] (net)
                      0.017284    0.000000    4.009701 ^ input12/A (sky130_fd_sc_hd__clkdlybuf4s25_1)
     5    0.015859    0.125078    0.220806    4.230507 ^ input12/X (sky130_fd_sc_hd__clkdlybuf4s25_1)
                                                         net12 (net)
                      0.125078    0.000479    4.230986 ^ _0804_/A_N (sky130_fd_sc_hd__and2b_2)
     3    0.009410    0.037435    0.153619    4.384606 v _0804_/X (sky130_fd_sc_hd__and2b_2)
                                                         _0074_ (net)
                      0.037435    0.000191    4.384797 v _1455_/C (sky130_fd_sc_hd__and3_2)
     8    0.020679    0.055731    0.166085    4.550882 v _1455_/X (sky130_fd_sc_hd__and3_2)
                                                         _0708_ (net)
                      0.055752    0.001020    4.551902 v _1465_/B (sky130_fd_sc_hd__or2_2)
     1    0.002983    0.037272    0.163239    4.715141 v _1465_/X (sky130_fd_sc_hd__or2_2)
                                                         _0714_ (net)
                      0.037272    0.000089    4.715230 v _1466_/B1 (sky130_fd_sc_hd__o211a_2)
     1    0.002107    0.028637    0.081143    4.796373 v _1466_/X (sky130_fd_sc_hd__o211a_2)
                                                         _0024_ (net)
                      0.028637    0.000061    4.796434 v _1596_/D (sky130_fd_sc_hd__dfxtp_2)
                                              4.796434   data arrival time

                                 20.000000   20.000000   clock clk (rise edge)
                                  0.000000   20.000000   clock source latency
     1    0.020088    0.072004    0.049386   20.049387 ^ clk (in)
                                                         clk (net)
                      0.072017    0.000000   20.049387 ^ clkbuf_0_clk/A (sky130_fd_sc_hd__clkbuf_16)
     8    0.084509    0.077719    0.131609   20.180996 ^ clkbuf_0_clk/X (sky130_fd_sc_hd__clkbuf_16)
                                                         clknet_0_clk (net)
                      0.077933    0.003261   20.184258 ^ clkbuf_3_7__f_clk/A (sky130_fd_sc_hd__clkbuf_16)
     8    0.028089    0.037233    0.102508   20.286764 ^ clkbuf_3_7__f_clk/X (sky130_fd_sc_hd__clkbuf_16)
                                                         clknet_3_7__leaf_clk (net)
                      0.037257    0.000917   20.287682 ^ _1596_/CLK (sky130_fd_sc_hd__dfxtp_2)
                                 -0.250000   20.037682   clock uncertainty
                                  0.000000   20.037682   clock reconvergence pessimism
                                 -0.069517   19.968164   library setup time
                                             19.968164   data required time
---------------------------------------------------------------------------------------------
                                             19.968164   data required time
                                             -4.796434   data arrival time
---------------------------------------------------------------------------------------------
                                             15.171731   slack (MET)


Startpoint: _1580_ (rising edge-triggered flip-flop clocked by clk)
Endpoint: uo_out[4] (output port clocked by clk)
Path Group: clk
Path Type: max

Fanout         Cap        Slew       Delay        Time   Description
---------------------------------------------------------------------------------------------
                                  0.000000    0.000000   clock clk (rise edge)
                                  0.000000    0.000000   clock source latency
     1    0.020088    0.072004    0.049386    0.049386 ^ clk (in)
                                                         clk (net)
                      0.072017    0.000000    0.049386 ^ clkbuf_0_clk/A (sky130_fd_sc_hd__clkbuf_16)
     8    0.084509    0.077719    0.131609    0.180996 ^ clkbuf_0_clk/X (sky130_fd_sc_hd__clkbuf_16)
                                                         clknet_0_clk (net)
                      0.077894    0.002951    0.183947 ^ clkbuf_3_3__f_clk/A (sky130_fd_sc_hd__clkbuf_16)
     8    0.031698    0.039752    0.105162    0.289108 ^ clkbuf_3_3__f_clk/X (sky130_fd_sc_hd__clkbuf_16)
                                                         clknet_3_3__leaf_clk (net)
                      0.039761    0.001089    0.290197 ^ _1580_/CLK (sky130_fd_sc_hd__dfxtp_2)
     1    0.037580    0.145272    0.279877    0.570074 ^ _1580_/Q (sky130_fd_sc_hd__dfxtp_2)
                                                         uo_out[4] (net)
                      0.145284    0.001445    0.571520 ^ uo_out[4] (out)
                                              0.571520   data arrival time

                                 20.000000   20.000000   clock clk (rise edge)
                                  0.000000   20.000000   clock network delay (propagated)
                                 -0.250000   19.750002   clock uncertainty
                                  0.000000   19.750002   clock reconvergence pessimism
                                 -4.000000   15.750001   output external delay
                                             15.750001   data required time
---------------------------------------------------------------------------------------------
                                             15.750001   data required time
                                             -0.571520   data arrival time
---------------------------------------------------------------------------------------------
                                             15.178481   slack (MET)


Startpoint: _1578_ (rising edge-triggered flip-flop clocked by clk)
Endpoint: uo_out[2] (output port clocked by clk)
Path Group: clk
Path Type: max

Fanout         Cap        Slew       Delay        Time   Description
---------------------------------------------------------------------------------------------
                                  0.000000    0.000000   clock clk (rise edge)
                                  0.000000    0.000000   clock source latency
     1    0.020088    0.072004    0.049386    0.049386 ^ clk (in)
                                                         clk (net)
                      0.072017    0.000000    0.049386 ^ clkbuf_0_clk/A (sky130_fd_sc_hd__clkbuf_16)
     8    0.084509    0.077719    0.131609    0.180996 ^ clkbuf_0_clk/X (sky130_fd_sc_hd__clkbuf_16)
                                                         clknet_0_clk (net)
                      0.077813    0.002180    0.183175 ^ clkbuf_3_4__f_clk/A (sky130_fd_sc_hd__clkbuf_16)
     8    0.032738    0.040439    0.105690    0.288865 ^ clkbuf_3_4__f_clk/X (sky130_fd_sc_hd__clkbuf_16)
                                                         clknet_3_4__leaf_clk (net)
                      0.040468    0.001498    0.290363 ^ _1578_/CLK (sky130_fd_sc_hd__dfxtp_2)
     1    0.036045    0.139560    0.276560    0.566924 ^ _1578_/Q (sky130_fd_sc_hd__dfxtp_2)
                                                         uo_out[2] (net)
                      0.139563    0.000824    0.567748 ^ uo_out[2] (out)
                                              0.567748   data arrival time

                                 20.000000   20.000000   clock clk (rise edge)
                                  0.000000   20.000000   clock network delay (propagated)
                                 -0.250000   19.750002   clock uncertainty
                                  0.000000   19.750002   clock reconvergence pessimism
                                 -4.000000   15.750001   output external delay
                                             15.750001   data required time
---------------------------------------------------------------------------------------------
                                             15.750001   data required time
                                             -0.567748   data arrival time
---------------------------------------------------------------------------------------------
                                             15.182252   slack (MET)


Startpoint: _1581_ (rising edge-triggered flip-flop clocked by clk)
Endpoint: uo_out[5] (output port clocked by clk)
Path Group: clk
Path Type: max

Fanout         Cap        Slew       Delay        Time   Description
---------------------------------------------------------------------------------------------
                                  0.000000    0.000000   clock clk (rise edge)
                                  0.000000    0.000000   clock source latency
     1    0.020088    0.072004    0.049386    0.049386 ^ clk (in)
                                                         clk (net)
                      0.072017    0.000000    0.049386 ^ clkbuf_0_clk/A (sky130_fd_sc_hd__clkbuf_16)
     8    0.084509    0.077719    0.131609    0.180996 ^ clkbuf_0_clk/X (sky130_fd_sc_hd__clkbuf_16)
                                                         clknet_0_clk (net)
                      0.077813    0.002180    0.183175 ^ clkbuf_3_4__f_clk/A (sky130_fd_sc_hd__clkbuf_16)
     8    0.032738    0.040439    0.105690    0.288865 ^ clkbuf_3_4__f_clk/X (sky130_fd_sc_hd__clkbuf_16)
                                                         clknet_3_4__leaf_clk (net)
                      0.040464    0.001448    0.290313 ^ _1581_/CLK (sky130_fd_sc_hd__dfxtp_2)
     1    0.035627    0.138030    0.275483    0.565795 ^ _1581_/Q (sky130_fd_sc_hd__dfxtp_2)
                                                         uo_out[5] (net)
                      0.138033    0.000825    0.566620 ^ uo_out[5] (out)
                                              0.566620   data arrival time

                                 20.000000   20.000000   clock clk (rise edge)
                                  0.000000   20.000000   clock network delay (propagated)
                                 -0.250000   19.750002   clock uncertainty
                                  0.000000   19.750002   clock reconvergence pessimism
                                 -4.000000   15.750001   output external delay
                                             15.750001   data required time
---------------------------------------------------------------------------------------------
                                             15.750001   data required time
                                             -0.566620   data arrival time
---------------------------------------------------------------------------------------------
                                             15.183380   slack (MET)


Startpoint: _1577_ (rising edge-triggered flip-flop clocked by clk)
Endpoint: uo_out[1] (output port clocked by clk)
Path Group: clk
Path Type: max

Fanout         Cap        Slew       Delay        Time   Description
---------------------------------------------------------------------------------------------
                                  0.000000    0.000000   clock clk (rise edge)
                                  0.000000    0.000000   clock source latency
     1    0.020088    0.072004    0.049386    0.049386 ^ clk (in)
                                                         clk (net)
                      0.072017    0.000000    0.049386 ^ clkbuf_0_clk/A (sky130_fd_sc_hd__clkbuf_16)
     8    0.084509    0.077719    0.131609    0.180996 ^ clkbuf_0_clk/X (sky130_fd_sc_hd__clkbuf_16)
                                                         clknet_0_clk (net)
                      0.077813    0.002180    0.183175 ^ clkbuf_3_4__f_clk/A (sky130_fd_sc_hd__clkbuf_16)
     8    0.032738    0.040439    0.105690    0.288865 ^ clkbuf_3_4__f_clk/X (sky130_fd_sc_hd__clkbuf_16)
                                                         clknet_3_4__leaf_clk (net)
                      0.040468    0.001497    0.290362 ^ _1577_/CLK (sky130_fd_sc_hd__dfxtp_2)
     1    0.035353    0.137044    0.274713    0.565075 ^ _1577_/Q (sky130_fd_sc_hd__dfxtp_2)
                                                         uo_out[1] (net)
                      0.137048    0.000928    0.566003 ^ uo_out[1] (out)
                                              0.566003   data arrival time

                                 20.000000   20.000000   clock clk (rise edge)
                                  0.000000   20.000000   clock network delay (propagated)
                                 -0.250000   19.750002   clock uncertainty
                                  0.000000   19.750002   clock reconvergence pessimism
                                 -4.000000   15.750001   output external delay
                                             15.750001   data required time
---------------------------------------------------------------------------------------------
                                             15.750001   data required time
                                             -0.566003   data arrival time
---------------------------------------------------------------------------------------------
                                             15.183998   slack (MET)


Startpoint: _1582_ (rising edge-triggered flip-flop clocked by clk)
Endpoint: uo_out[6] (output port clocked by clk)
Path Group: clk
Path Type: max

Fanout         Cap        Slew       Delay        Time   Description
---------------------------------------------------------------------------------------------
                                  0.000000    0.000000   clock clk (rise edge)
                                  0.000000    0.000000   clock source latency
     1    0.020088    0.072004    0.049386    0.049386 ^ clk (in)
                                                         clk (net)
                      0.072017    0.000000    0.049386 ^ clkbuf_0_clk/A (sky130_fd_sc_hd__clkbuf_16)
     8    0.084509    0.077719    0.131609    0.180996 ^ clkbuf_0_clk/X (sky130_fd_sc_hd__clkbuf_16)
                                                         clknet_0_clk (net)
                      0.077894    0.002951    0.183947 ^ clkbuf_3_3__f_clk/A (sky130_fd_sc_hd__clkbuf_16)
     8    0.031698    0.039752    0.105162    0.289108 ^ clkbuf_3_3__f_clk/X (sky130_fd_sc_hd__clkbuf_16)
                                                         clknet_3_3__leaf_clk (net)
                      0.039762    0.001125    0.290233 ^ _1582_/CLK (sky130_fd_sc_hd__dfxtp_2)
     1    0.035473    0.137469    0.274874    0.565107 ^ _1582_/Q (sky130_fd_sc_hd__dfxtp_2)
                                                         uo_out[6] (net)
                      0.137472    0.000832    0.565939 ^ uo_out[6] (out)
                                              0.565939   data arrival time

                                 20.000000   20.000000   clock clk (rise edge)
                                  0.000000   20.000000   clock network delay (propagated)
                                 -0.250000   19.750002   clock uncertainty
                                  0.000000   19.750002   clock reconvergence pessimism
                                 -4.000000   15.750001   output external delay
                                             15.750001   data required time
---------------------------------------------------------------------------------------------
                                             15.750001   data required time
                                             -0.565939   data arrival time
---------------------------------------------------------------------------------------------
                                             15.184062   slack (MET)


Startpoint: _1576_ (rising edge-triggered flip-flop clocked by clk)
Endpoint: uo_out[0] (output port clocked by clk)
Path Group: clk
Path Type: max

Fanout         Cap        Slew       Delay        Time   Description
---------------------------------------------------------------------------------------------
                                  0.000000    0.000000   clock clk (rise edge)
                                  0.000000    0.000000   clock source latency
     1    0.020088    0.072004    0.049386    0.049386 ^ clk (in)
                                                         clk (net)
                      0.072017    0.000000    0.049386 ^ clkbuf_0_clk/A (sky130_fd_sc_hd__clkbuf_16)
     8    0.084509    0.077719    0.131609    0.180996 ^ clkbuf_0_clk/X (sky130_fd_sc_hd__clkbuf_16)
                                                         clknet_0_clk (net)
                      0.077892    0.002942    0.183937 ^ clkbuf_3_5__f_clk/A (sky130_fd_sc_hd__clkbuf_16)
     8    0.030128    0.038547    0.104298    0.288235 ^ clkbuf_3_5__f_clk/X (sky130_fd_sc_hd__clkbuf_16)
                                                         clknet_3_5__leaf_clk (net)
                      0.038560    0.000647    0.288882 ^ _1576_/CLK (sky130_fd_sc_hd__dfxtp_2)
     1    0.035452    0.137398    0.274455    0.563336 ^ _1576_/Q (sky130_fd_sc_hd__dfxtp_2)
                                                         uo_out[0] (net)
                      0.137401    0.000841    0.564177 ^ uo_out[0] (out)
                                              0.564177   data arrival time

                                 20.000000   20.000000   clock clk (rise edge)
                                  0.000000   20.000000   clock network delay (propagated)
                                 -0.250000   19.750002   clock uncertainty
                                  0.000000   19.750002   clock reconvergence pessimism
                                 -4.000000   15.750001   output external delay
                                             15.750001   data required time
---------------------------------------------------------------------------------------------
                                             15.750001   data required time
                                             -0.564177   data arrival time
---------------------------------------------------------------------------------------------
                                             15.185824   slack (MET)


Startpoint: _1583_ (rising edge-triggered flip-flop clocked by clk)
Endpoint: uo_out[7] (output port clocked by clk)
Path Group: clk
Path Type: max

Fanout         Cap        Slew       Delay        Time   Description
---------------------------------------------------------------------------------------------
                                  0.000000    0.000000   clock clk (rise edge)
                                  0.000000    0.000000   clock source latency
     1    0.020088    0.072004    0.049386    0.049386 ^ clk (in)
                                                         clk (net)
                      0.072017    0.000000    0.049386 ^ clkbuf_0_clk/A (sky130_fd_sc_hd__clkbuf_16)
     8    0.084509    0.077719    0.131609    0.180996 ^ clkbuf_0_clk/X (sky130_fd_sc_hd__clkbuf_16)
                                                         clknet_0_clk (net)
                      0.077892    0.002942    0.183937 ^ clkbuf_3_5__f_clk/A (sky130_fd_sc_hd__clkbuf_16)
     8    0.030128    0.038547    0.104298    0.288235 ^ clkbuf_3_5__f_clk/X (sky130_fd_sc_hd__clkbuf_16)
                                                         clknet_3_5__leaf_clk (net)
                      0.038560    0.000638    0.288873 ^ _1583_/CLK (sky130_fd_sc_hd__dfxtp_2)
     1    0.035250    0.136665    0.273906    0.562779 ^ _1583_/Q (sky130_fd_sc_hd__dfxtp_2)
                                                         uo_out[7] (net)
                      0.136669    0.000881    0.563660 ^ uo_out[7] (out)
                                              0.563660   data arrival time

                                 20.000000   20.000000   clock clk (rise edge)
                                  0.000000   20.000000   clock network delay (propagated)
                                 -0.250000   19.750002   clock uncertainty
                                  0.000000   19.750002   clock reconvergence pessimism
                                 -4.000000   15.750001   output external delay
                                             15.750001   data required time
---------------------------------------------------------------------------------------------
                                             15.750001   data required time
                                             -0.563660   data arrival time
---------------------------------------------------------------------------------------------
                                             15.186341   slack (MET)


Startpoint: _1579_ (rising edge-triggered flip-flop clocked by clk)
Endpoint: uo_out[3] (output port clocked by clk)
Path Group: clk
Path Type: max

Fanout         Cap        Slew       Delay        Time   Description
---------------------------------------------------------------------------------------------
                                  0.000000    0.000000   clock clk (rise edge)
                                  0.000000    0.000000   clock source latency
     1    0.020088    0.072004    0.049386    0.049386 ^ clk (in)
                                                         clk (net)
                      0.072017    0.000000    0.049386 ^ clkbuf_0_clk/A (sky130_fd_sc_hd__clkbuf_16)
     8    0.084509    0.077719    0.131609    0.180996 ^ clkbuf_0_clk/X (sky130_fd_sc_hd__clkbuf_16)
                                                         clknet_0_clk (net)
                      0.077892    0.002942    0.183937 ^ clkbuf_3_5__f_clk/A (sky130_fd_sc_hd__clkbuf_16)
     8    0.030128    0.038547    0.104298    0.288235 ^ clkbuf_3_5__f_clk/X (sky130_fd_sc_hd__clkbuf_16)
                                                         clknet_3_5__leaf_clk (net)
                      0.038560    0.000645    0.288880 ^ _1579_/CLK (sky130_fd_sc_hd__dfxtp_2)
     1    0.034667    0.134512    0.272489    0.561369 ^ _1579_/Q (sky130_fd_sc_hd__dfxtp_2)
                                                         uo_out[3] (net)
                      0.134514    0.000765    0.562134 ^ uo_out[3] (out)
                                              0.562134   data arrival time

                                 20.000000   20.000000   clock clk (rise edge)
                                  0.000000   20.000000   clock network delay (propagated)
                                 -0.250000   19.750002   clock uncertainty
                                  0.000000   19.750002   clock reconvergence pessimism
                                 -4.000000   15.750001   output external delay
                                             15.750001   data required time
---------------------------------------------------------------------------------------------
                                             15.750001   data required time
                                             -0.562134   data arrival time
---------------------------------------------------------------------------------------------
                                             15.187867   slack (MET)


Startpoint: uio_in[1] (input port clocked by clk)
Endpoint: _1633_ (rising edge-triggered flip-flop clocked by clk)
Path Group: clk
Path Type: max

Fanout         Cap        Slew       Delay        Time   Description
---------------------------------------------------------------------------------------------
                                  0.000000    0.000000   clock clk (rise edge)
                                  0.000000    0.000000   clock network delay (propagated)
                                  4.000000    4.000000 ^ input external delay
     1    0.003968    0.018106    0.010310    4.010311 ^ uio_in[1] (in)
                                                         uio_in[1] (net)
                      0.018107    0.000000    4.010311 ^ input11/A (sky130_fd_sc_hd__clkdlybuf4s25_1)
     8    0.028102    0.214339    0.282950    4.293261 ^ input11/X (sky130_fd_sc_hd__clkdlybuf4s25_1)
                                                         net11 (net)
                      0.214343    0.001264    4.294524 ^ _0797_/A (sky130_fd_sc_hd__nor2_2)
     3    0.009229    0.054916    0.040655    4.335179 v _0797_/Y (sky130_fd_sc_hd__nor2_2)
                                                         _0070_ (net)
                      0.054916    0.000190    4.335370 v _0800_/A2 (sky130_fd_sc_hd__o211a_2)
     1    0.003265    0.030862    0.151230    4.486599 v _0800_/X (sky130_fd_sc_hd__o211a_2)
                                                         _0072_ (net)
                      0.030862    0.000099    4.486699 v _0801_/B1 (sky130_fd_sc_hd__a41o_2)
     1    0.004335    0.031520    0.079322    4.566021 v _0801_/X (sky130_fd_sc_hd__a41o_2)
                                                         _0000_ (net)
                      0.031520    0.000157    4.566178 v _1633_/D (sky130_fd_sc_hd__dfxtp_2)
                                              4.566178   data arrival time

                                 20.000000   20.000000   clock clk (rise edge)
                                  0.000000   20.000000   clock source latency
     1    0.020088    0.072004    0.049386   20.049387 ^ clk (in)
                                                         clk (net)
                      0.072017    0.000000   20.049387 ^ clkbuf_0_clk/A (sky130_fd_sc_hd__clkbuf_16)
     8    0.084509    0.077719    0.131609   20.180996 ^ clkbuf_0_clk/X (sky130_fd_sc_hd__clkbuf_16)
                                                         clknet_0_clk (net)
                      0.077892    0.002942   20.183937 ^ clkbuf_3_5__f_clk/A (sky130_fd_sc_hd__clkbuf_16)
     8    0.030128    0.038547    0.104299   20.288237 ^ clkbuf_3_5__f_clk/X (sky130_fd_sc_hd__clkbuf_16)
                                                         clknet_3_5__leaf_clk (net)
                      0.038549    0.000297   20.288532 ^ _1633_/CLK (sky130_fd_sc_hd__dfxtp_2)
                                 -0.250000   20.038532   clock uncertainty
                                  0.000000   20.038532   clock reconvergence pessimism
                                 -0.070422   19.968111   library setup time
                                             19.968111   data required time
---------------------------------------------------------------------------------------------
                                             19.968111   data required time
                                             -4.566178   data arrival time
---------------------------------------------------------------------------------------------
                                             15.401933   slack (MET)


Startpoint: uio_in[1] (input port clocked by clk)
Endpoint: _1634_ (rising edge-triggered flip-flop clocked by clk)
Path Group: clk
Path Type: max

Fanout         Cap        Slew       Delay        Time   Description
---------------------------------------------------------------------------------------------
                                  0.000000    0.000000   clock clk (rise edge)
                                  0.000000    0.000000   clock network delay (propagated)
                                  4.000000    4.000000 ^ input external delay
     1    0.003968    0.018106    0.010310    4.010311 ^ uio_in[1] (in)
                                                         uio_in[1] (net)
                      0.018107    0.000000    4.010311 ^ input11/A (sky130_fd_sc_hd__clkdlybuf4s25_1)
     8    0.028102    0.214339    0.282950    4.293261 ^ input11/X (sky130_fd_sc_hd__clkdlybuf4s25_1)
                                                         net11 (net)
                      0.214343    0.001264    4.294524 ^ _0797_/A (sky130_fd_sc_hd__nor2_2)
     3    0.009229    0.054916    0.040655    4.335179 v _0797_/Y (sky130_fd_sc_hd__nor2_2)
                                                         _0070_ (net)
                      0.054916    0.000163    4.335342 v _0798_/A2 (sky130_fd_sc_hd__o211a_2)
     1    0.003576    0.031588    0.152373    4.487715 v _0798_/X (sky130_fd_sc_hd__o211a_2)
                                                         _0071_ (net)
                      0.031588    0.000116    4.487832 v _0799_/B1 (sky130_fd_sc_hd__a41o_2)
     1    0.002487    0.027455    0.074799    4.562630 v _0799_/X (sky130_fd_sc_hd__a41o_2)
                                                         _0001_ (net)
                      0.027455    0.000072    4.562703 v _1634_/D (sky130_fd_sc_hd__dfxtp_2)
                                              4.562703   data arrival time

                                 20.000000   20.000000   clock clk (rise edge)
                                  0.000000   20.000000   clock source latency
     1    0.020088    0.072004    0.049386   20.049387 ^ clk (in)
                                                         clk (net)
                      0.072017    0.000000   20.049387 ^ clkbuf_0_clk/A (sky130_fd_sc_hd__clkbuf_16)
     8    0.084509    0.077719    0.131609   20.180996 ^ clkbuf_0_clk/X (sky130_fd_sc_hd__clkbuf_16)
                                                         clknet_0_clk (net)
                      0.077892    0.002942   20.183937 ^ clkbuf_3_5__f_clk/A (sky130_fd_sc_hd__clkbuf_16)
     8    0.030128    0.038547    0.104299   20.288237 ^ clkbuf_3_5__f_clk/X (sky130_fd_sc_hd__clkbuf_16)
                                                         clknet_3_5__leaf_clk (net)
                      0.038549    0.000316   20.288551 ^ _1634_/CLK (sky130_fd_sc_hd__dfxtp_2)
                                 -0.250000   20.038553   clock uncertainty
                                  0.000000   20.038553   clock reconvergence pessimism
                                 -0.068971   19.969582   library setup time
                                             19.969582   data required time
---------------------------------------------------------------------------------------------
                                             19.969582   data required time
                                             -4.562703   data arrival time
---------------------------------------------------------------------------------------------
                                             15.406879   slack (MET)


Startpoint: uio_in[3] (input port clocked by clk)
Endpoint: _1624_ (rising edge-triggered flip-flop clocked by clk)
Path Group: clk
Path Type: max

Fanout         Cap        Slew       Delay        Time   Description
---------------------------------------------------------------------------------------------
                                  0.000000    0.000000   clock clk (rise edge)
                                  0.000000    0.000000   clock network delay (propagated)
                                  4.000000    4.000000 v input external delay
     1    0.002661    0.004515    0.002159    4.002159 v uio_in[3] (in)
                                                         uio_in[3] (net)
                      0.004516    0.000000    4.002159 v input13/A (sky130_fd_sc_hd__clkdlybuf4s25_1)
     1    0.002329    0.025188    0.144464    4.146622 v input13/X (sky130_fd_sc_hd__clkdlybuf4s25_1)
                                                         net13 (net)
                      0.025188    0.000064    4.146686 v _1562_/B (sky130_fd_sc_hd__and2_2)
     1    0.016667    0.048042    0.140401    4.287088 v _1562_/X (sky130_fd_sc_hd__and2_2)
                                                         _0052_ (net)
                      0.048084    0.001223    4.288310 v _1624_/D (sky130_fd_sc_hd__dfxtp_2)
                                              4.288310   data arrival time

                                 20.000000   20.000000   clock clk (rise edge)
                                  0.000000   20.000000   clock source latency
     1    0.020088    0.072004    0.049386   20.049387 ^ clk (in)
                                                         clk (net)
                      0.072017    0.000000   20.049387 ^ clkbuf_0_clk/A (sky130_fd_sc_hd__clkbuf_16)
     8    0.084509    0.077719    0.131609   20.180996 ^ clkbuf_0_clk/X (sky130_fd_sc_hd__clkbuf_16)
                                                         clknet_0_clk (net)
                      0.077894    0.002952   20.183947 ^ clkbuf_3_3__f_clk/A (sky130_fd_sc_hd__clkbuf_16)
     8    0.031698    0.039752    0.105162   20.289110 ^ clkbuf_3_3__f_clk/X (sky130_fd_sc_hd__clkbuf_16)
                                                         clknet_3_3__leaf_clk (net)
                      0.039762    0.001176   20.290285 ^ _1624_/CLK (sky130_fd_sc_hd__dfxtp_2)
                                 -0.250000   20.040287   clock uncertainty
                                  0.000000   20.040287   clock reconvergence pessimism
                                 -0.076219   19.964067   library setup time
                                             19.964067   data required time
---------------------------------------------------------------------------------------------
                                             19.964067   data required time
                                             -4.288310   data arrival time
---------------------------------------------------------------------------------------------
                                             15.675756   slack (MET)


Startpoint: rst_n (input port clocked by clk)
Endpoint: _1636_ (rising edge-triggered flip-flop clocked by clk)
Path Group: clk
Path Type: max

Fanout         Cap        Slew       Delay        Time   Description
---------------------------------------------------------------------------------------------
                                  0.000000    0.000000   clock clk (rise edge)
                                  0.000000    0.000000   clock network delay (propagated)
                                  4.000000    4.000000 v input external delay
     1    0.005860    0.009623    0.005255    4.005255 v rst_n (in)
                                                         rst_n (net)
                      0.009626    0.000000    4.005255 v input1/A (sky130_fd_sc_hd__clkdlybuf4s25_1)
     1    0.003798    0.031711    0.153581    4.158835 v input1/X (sky130_fd_sc_hd__clkdlybuf4s25_1)
                                                         net1 (net)
                      0.031711    0.000132    4.158967 v _1636_/D (sky130_fd_sc_hd__dfxtp_2)
                                              4.158967   data arrival time

                                 20.000000   20.000000   clock clk (rise edge)
                                  0.000000   20.000000   clock source latency
     1    0.020088    0.072004    0.049386   20.049387 ^ clk (in)
                                                         clk (net)
                      0.072017    0.000000   20.049387 ^ clkbuf_0_clk/A (sky130_fd_sc_hd__clkbuf_16)
     8    0.084509    0.077719    0.131609   20.180996 ^ clkbuf_0_clk/X (sky130_fd_sc_hd__clkbuf_16)
                                                         clknet_0_clk (net)
                      0.077933    0.003261   20.184258 ^ clkbuf_3_7__f_clk/A (sky130_fd_sc_hd__clkbuf_16)
     8    0.028089    0.037233    0.102508   20.286764 ^ clkbuf_3_7__f_clk/X (sky130_fd_sc_hd__clkbuf_16)
                                                         clknet_3_7__leaf_clk (net)
                      0.037332    0.001627   20.288391 ^ _1636_/CLK (sky130_fd_sc_hd__dfxtp_2)
                                 -0.250000   20.038393   clock uncertainty
                                  0.000000   20.038393   clock reconvergence pessimism
                                 -0.070607   19.967787   library setup time
                                             19.967787   data required time
---------------------------------------------------------------------------------------------
                                             19.967787   data required time
                                             -4.158967   data arrival time
---------------------------------------------------------------------------------------------
                                             15.808820   slack (MET)


Startpoint: _1635_ (rising edge-triggered flip-flop clocked by clk)
Endpoint: _1631_ (rising edge-triggered flip-flop clocked by clk)
Path Group: clk
Path Type: max

Fanout         Cap        Slew       Delay        Time   Description
---------------------------------------------------------------------------------------------
                                  0.000000    0.000000   clock clk (rise edge)
                                  0.000000    0.000000   clock source latency
     1    0.020088    0.072004    0.049386    0.049386 ^ clk (in)
                                                         clk (net)
                      0.072017    0.000000    0.049386 ^ clkbuf_0_clk/A (sky130_fd_sc_hd__clkbuf_16)
     8    0.084509    0.077719    0.131609    0.180996 ^ clkbuf_0_clk/X (sky130_fd_sc_hd__clkbuf_16)
                                                         clknet_0_clk (net)
                      0.077932    0.003249    0.184244 ^ clkbuf_3_6__f_clk/A (sky130_fd_sc_hd__clkbuf_16)
     8    0.025024    0.034993    0.100568    0.284812 ^ clkbuf_3_6__f_clk/X (sky130_fd_sc_hd__clkbuf_16)
                                                         clknet_3_6__leaf_clk (net)
                      0.035036    0.001035    0.285847 ^ _1635_/CLK (sky130_fd_sc_hd__dfxtp_2)
     1    0.004131    0.025694    0.192224    0.478071 ^ _1635_/Q (sky130_fd_sc_hd__dfxtp_2)
                                                         u_rst_sync.rst_ff2 (net)
                      0.025694    0.000141    0.478212 ^ fanout42/A (sky130_fd_sc_hd__clkdlybuf4s25_1)
    10    0.055228    0.412571    0.419969    0.898181 ^ fanout42/X (sky130_fd_sc_hd__clkdlybuf4s25_1)
                                                         net42 (net)
                      0.412717    0.006494    0.904675 ^ _0791_/A (sky130_fd_sc_hd__inv_2)
     9    0.044355    0.151583    0.115897    1.020571 v _0791_/Y (sky130_fd_sc_hd__inv_2)
                                                         _0064_ (net)
                      0.151584    0.000526    1.021097 v _1572_/C1 (sky130_fd_sc_hd__a2111oi_2)
     1    0.002036    0.170552    0.158660    1.179757 ^ _1572_/Y (sky130_fd_sc_hd__a2111oi_2)
                                                         _0058_ (net)
                      0.170552    0.000057    1.179813 ^ hold89/A (sky130_fd_sc_hd__dlygate4sd3_1)
     1    0.002727    0.036787    0.389217    1.569030 ^ hold89/X (sky130_fd_sc_hd__dlygate4sd3_1)
                                                         net89 (net)
                      0.036787    0.000081    1.569112 ^ _1631_/D (sky130_fd_sc_hd__dfxtp_2)
                                              1.569112   data arrival time

                                 20.000000   20.000000   clock clk (rise edge)
                                  0.000000   20.000000   clock source latency
     1    0.020088    0.072004    0.049386   20.049387 ^ clk (in)
                                                         clk (net)
                      0.072017    0.000000   20.049387 ^ clkbuf_0_clk/A (sky130_fd_sc_hd__clkbuf_16)
     8    0.084509    0.077719    0.131609   20.180996 ^ clkbuf_0_clk/X (sky130_fd_sc_hd__clkbuf_16)
                                                         clknet_0_clk (net)
                      0.077894    0.002952   20.183947 ^ clkbuf_3_3__f_clk/A (sky130_fd_sc_hd__clkbuf_16)
     8    0.031698    0.039752    0.105162   20.289110 ^ clkbuf_3_3__f_clk/X (sky130_fd_sc_hd__clkbuf_16)
                                                         clknet_3_3__leaf_clk (net)
                      0.039759    0.000970   20.290079 ^ _1631_/CLK (sky130_fd_sc_hd__dfxtp_2)
                                 -0.250000   20.040081   clock uncertainty
                                  0.000000   20.040081   clock reconvergence pessimism
                                 -0.031745   20.008335   library setup time
                                             20.008335   data required time
---------------------------------------------------------------------------------------------
                                             20.008335   data required time
                                             -1.569112   data arrival time
---------------------------------------------------------------------------------------------
                                             18.439224   slack (MET)


Startpoint: _1635_ (rising edge-triggered flip-flop clocked by clk)
Endpoint: _1629_ (rising edge-triggered flip-flop clocked by clk)
Path Group: clk
Path Type: max

Fanout         Cap        Slew       Delay        Time   Description
---------------------------------------------------------------------------------------------
                                  0.000000    0.000000   clock clk (rise edge)
                                  0.000000    0.000000   clock source latency
     1    0.020088    0.072004    0.049386    0.049386 ^ clk (in)
                                                         clk (net)
                      0.072017    0.000000    0.049386 ^ clkbuf_0_clk/A (sky130_fd_sc_hd__clkbuf_16)
     8    0.084509    0.077719    0.131609    0.180996 ^ clkbuf_0_clk/X (sky130_fd_sc_hd__clkbuf_16)
                                                         clknet_0_clk (net)
                      0.077932    0.003249    0.184244 ^ clkbuf_3_6__f_clk/A (sky130_fd_sc_hd__clkbuf_16)
     8    0.025024    0.034993    0.100568    0.284812 ^ clkbuf_3_6__f_clk/X (sky130_fd_sc_hd__clkbuf_16)
                                                         clknet_3_6__leaf_clk (net)
                      0.035036    0.001035    0.285847 ^ _1635_/CLK (sky130_fd_sc_hd__dfxtp_2)
     1    0.003905    0.018738    0.194403    0.480251 v _1635_/Q (sky130_fd_sc_hd__dfxtp_2)
                                                         u_rst_sync.rst_ff2 (net)
                      0.018738    0.000132    0.480383 v fanout42/A (sky130_fd_sc_hd__clkdlybuf4s25_1)
    10    0.053654    0.270889    0.338393    0.818776 v fanout42/X (sky130_fd_sc_hd__clkdlybuf4s25_1)
                                                         net42 (net)
                      0.271224    0.007170    0.825945 v _1567_/B1 (sky130_fd_sc_hd__o21a_2)
     1    0.002228    0.023251    0.154147    0.980092 v _1567_/X (sky130_fd_sc_hd__o21a_2)
                                                         _0056_ (net)
                      0.023251    0.000063    0.980155 v hold86/A (sky130_fd_sc_hd__dlygate4sd3_1)
     1    0.002139    0.035802    0.352980    1.333134 v hold86/X (sky130_fd_sc_hd__dlygate4sd3_1)
                                                         net86 (net)
                      0.035802    0.000060    1.333194 v _1629_/D (sky130_fd_sc_hd__dfxtp_2)
                                              1.333194   data arrival time

                                 20.000000   20.000000   clock clk (rise edge)
                                  0.000000   20.000000   clock source latency
     1    0.020088    0.072004    0.049386   20.049387 ^ clk (in)
                                                         clk (net)
                      0.072017    0.000000   20.049387 ^ clkbuf_0_clk/A (sky130_fd_sc_hd__clkbuf_16)
     8    0.084509    0.077719    0.131609   20.180996 ^ clkbuf_0_clk/X (sky130_fd_sc_hd__clkbuf_16)
                                                         clknet_0_clk (net)
                      0.077883    0.002863   20.183859 ^ clkbuf_3_2__f_clk/A (sky130_fd_sc_hd__clkbuf_16)
     8    0.025423    0.035258    0.100862   20.284719 ^ clkbuf_3_2__f_clk/X (sky130_fd_sc_hd__clkbuf_16)
                                                         clknet_3_2__leaf_clk (net)
                      0.035327    0.001290   20.286011 ^ _1629_/CLK (sky130_fd_sc_hd__dfxtp_2)
                                 -0.250000   20.036011   clock uncertainty
                                  0.000000   20.036011   clock reconvergence pessimism
                                 -0.072261   19.963749   library setup time
                                             19.963749   data required time
---------------------------------------------------------------------------------------------
                                             19.963749   data required time
                                             -1.333194   data arrival time
---------------------------------------------------------------------------------------------
                                             18.630554   slack (MET)


Startpoint: _1631_ (rising edge-triggered flip-flop clocked by clk)
Endpoint: _1630_ (rising edge-triggered flip-flop clocked by clk)
Path Group: clk
Path Type: max

Fanout         Cap        Slew       Delay        Time   Description
---------------------------------------------------------------------------------------------
                                  0.000000    0.000000   clock clk (rise edge)
                                  0.000000    0.000000   clock source latency
     1    0.020088    0.072004    0.049386    0.049386 ^ clk (in)
                                                         clk (net)
                      0.072017    0.000000    0.049386 ^ clkbuf_0_clk/A (sky130_fd_sc_hd__clkbuf_16)
     8    0.084509    0.077719    0.131609    0.180996 ^ clkbuf_0_clk/X (sky130_fd_sc_hd__clkbuf_16)
                                                         clknet_0_clk (net)
                      0.077894    0.002951    0.183947 ^ clkbuf_3_3__f_clk/A (sky130_fd_sc_hd__clkbuf_16)
     8    0.031698    0.039752    0.105162    0.289108 ^ clkbuf_3_3__f_clk/X (sky130_fd_sc_hd__clkbuf_16)
                                                         clknet_3_3__leaf_clk (net)
                      0.039759    0.000970    0.290079 ^ _1631_/CLK (sky130_fd_sc_hd__dfxtp_2)
     2    0.004401    0.026550    0.194525    0.484604 ^ _1631_/Q (sky130_fd_sc_hd__dfxtp_2)
                                                         u_sync.lock_cnt[1] (net)
                      0.026550    0.000071    0.484675 ^ hold88/A (sky130_fd_sc_hd__dlygate4sd3_1)
     1    0.005708    0.056920    0.386484    0.871159 ^ hold88/X (sky130_fd_sc_hd__dlygate4sd3_1)
                                                         net88 (net)
                      0.056920    0.000183    0.871342 ^ _0787_/A (sky130_fd_sc_hd__inv_2)
     2    0.008736    0.023585    0.026668    0.898010 v _0787_/Y (sky130_fd_sc_hd__inv_2)
                                                         _0060_ (net)
                      0.023586    0.000120    0.898130 v _1568_/A1 (sky130_fd_sc_hd__o21a_2)
     2    0.006661    0.031414    0.133025    1.031155 v _1568_/X (sky130_fd_sc_hd__o21a_2)
                                                         _0784_ (net)
                      0.031414    0.000157    1.031312 v _1570_/A2 (sky130_fd_sc_hd__o2111a_2)
     1    0.002810    0.029467    0.147286    1.178598 v _1570_/X (sky130_fd_sc_hd__o2111a_2)
                                                         _0057_ (net)
                      0.029467    0.000085    1.178683 v _1630_/D (sky130_fd_sc_hd__dfxtp_2)
                                              1.178683   data arrival time

                                 20.000000   20.000000   clock clk (rise edge)
                                  0.000000   20.000000   clock source latency
     1    0.020088    0.072004    0.049386   20.049387 ^ clk (in)
                                                         clk (net)
                      0.072017    0.000000   20.049387 ^ clkbuf_0_clk/A (sky130_fd_sc_hd__clkbuf_16)
     8    0.084509    0.077719    0.131609   20.180996 ^ clkbuf_0_clk/X (sky130_fd_sc_hd__clkbuf_16)
                                                         clknet_0_clk (net)
                      0.077883    0.002863   20.183859 ^ clkbuf_3_2__f_clk/A (sky130_fd_sc_hd__clkbuf_16)
     8    0.025423    0.035258    0.100862   20.284719 ^ clkbuf_3_2__f_clk/X (sky130_fd_sc_hd__clkbuf_16)
                                                         clknet_3_2__leaf_clk (net)
                      0.035292    0.000933   20.285652 ^ _1630_/CLK (sky130_fd_sc_hd__dfxtp_2)
                                 -0.250000   20.035654   clock uncertainty
                                  0.000000   20.035654   clock reconvergence pessimism
                                 -0.070003   19.965651   library setup time
                                             19.965651   data required time
---------------------------------------------------------------------------------------------
                                             19.965651   data required time
                                             -1.178683   data arrival time
---------------------------------------------------------------------------------------------
                                             18.786966   slack (MET)


Startpoint: _1631_ (rising edge-triggered flip-flop clocked by clk)
Endpoint: _1632_ (rising edge-triggered flip-flop clocked by clk)
Path Group: clk
Path Type: max

Fanout         Cap        Slew       Delay        Time   Description
---------------------------------------------------------------------------------------------
                                  0.000000    0.000000   clock clk (rise edge)
                                  0.000000    0.000000   clock source latency
     1    0.020088    0.072004    0.049386    0.049386 ^ clk (in)
                                                         clk (net)
                      0.072017    0.000000    0.049386 ^ clkbuf_0_clk/A (sky130_fd_sc_hd__clkbuf_16)
     8    0.084509    0.077719    0.131609    0.180996 ^ clkbuf_0_clk/X (sky130_fd_sc_hd__clkbuf_16)
                                                         clknet_0_clk (net)
                      0.077894    0.002951    0.183947 ^ clkbuf_3_3__f_clk/A (sky130_fd_sc_hd__clkbuf_16)
     8    0.031698    0.039752    0.105162    0.289108 ^ clkbuf_3_3__f_clk/X (sky130_fd_sc_hd__clkbuf_16)
                                                         clknet_3_3__leaf_clk (net)
                      0.039759    0.000970    0.290079 ^ _1631_/CLK (sky130_fd_sc_hd__dfxtp_2)
     2    0.004401    0.026550    0.194525    0.484604 ^ _1631_/Q (sky130_fd_sc_hd__dfxtp_2)
                                                         u_sync.lock_cnt[1] (net)
                      0.026550    0.000071    0.484675 ^ hold88/A (sky130_fd_sc_hd__dlygate4sd3_1)
     1    0.005708    0.056920    0.386484    0.871159 ^ hold88/X (sky130_fd_sc_hd__dlygate4sd3_1)
                                                         net88 (net)
                      0.056920    0.000183    0.871342 ^ _0787_/A (sky130_fd_sc_hd__inv_2)
     2    0.008736    0.023585    0.026668    0.898010 v _0787_/Y (sky130_fd_sc_hd__inv_2)
                                                         _0060_ (net)
                      0.023586    0.000120    0.898130 v _1568_/A1 (sky130_fd_sc_hd__o21a_2)
     2    0.006661    0.031414    0.133025    1.031155 v _1568_/X (sky130_fd_sc_hd__o21a_2)
                                                         _0784_ (net)
                      0.031415    0.000186    1.031341 v _1573_/A2 (sky130_fd_sc_hd__o21a_2)
     1    0.002273    0.023334    0.112627    1.143968 v _1573_/X (sky130_fd_sc_hd__o21a_2)
                                                         _0059_ (net)
                      0.023334    0.000066    1.144034 v _1632_/D (sky130_fd_sc_hd__dfxtp_2)
                                              1.144034   data arrival time

                                 20.000000   20.000000   clock clk (rise edge)
                                  0.000000   20.000000   clock source latency
     1    0.020088    0.072004    0.049386   20.049387 ^ clk (in)
                                                         clk (net)
                      0.072017    0.000000   20.049387 ^ clkbuf_0_clk/A (sky130_fd_sc_hd__clkbuf_16)
     8    0.084509    0.077719    0.131609   20.180996 ^ clkbuf_0_clk/X (sky130_fd_sc_hd__clkbuf_16)
                                                         clknet_0_clk (net)
                      0.077883    0.002863   20.183859 ^ clkbuf_3_2__f_clk/A (sky130_fd_sc_hd__clkbuf_16)
     8    0.025423    0.035258    0.100862   20.284719 ^ clkbuf_3_2__f_clk/X (sky130_fd_sc_hd__clkbuf_16)
                                                         clknet_3_2__leaf_clk (net)
                      0.035304    0.001060   20.285780 ^ _1632_/CLK (sky130_fd_sc_hd__dfxtp_2)
                                 -0.250000   20.035782   clock uncertainty
                                  0.000000   20.035782   clock reconvergence pessimism
                                 -0.067812   19.967972   library setup time
                                             19.967972   data required time
---------------------------------------------------------------------------------------------
                                             19.967972   data required time
                                             -1.144034   data arrival time
---------------------------------------------------------------------------------------------
                                             18.823936   slack (MET)


Startpoint: _1635_ (rising edge-triggered flip-flop clocked by clk)
Endpoint: _1576_ (rising edge-triggered flip-flop clocked by clk)
Path Group: clk
Path Type: max

Fanout         Cap        Slew       Delay        Time   Description
---------------------------------------------------------------------------------------------
                                  0.000000    0.000000   clock clk (rise edge)
                                  0.000000    0.000000   clock source latency
     1    0.020088    0.072004    0.049386    0.049386 ^ clk (in)
                                                         clk (net)
                      0.072017    0.000000    0.049386 ^ clkbuf_0_clk/A (sky130_fd_sc_hd__clkbuf_16)
     8    0.084509    0.077719    0.131609    0.180996 ^ clkbuf_0_clk/X (sky130_fd_sc_hd__clkbuf_16)
                                                         clknet_0_clk (net)
                      0.077932    0.003249    0.184244 ^ clkbuf_3_6__f_clk/A (sky130_fd_sc_hd__clkbuf_16)
     8    0.025024    0.034993    0.100568    0.284812 ^ clkbuf_3_6__f_clk/X (sky130_fd_sc_hd__clkbuf_16)
                                                         clknet_3_6__leaf_clk (net)
                      0.035036    0.001035    0.285847 ^ _1635_/CLK (sky130_fd_sc_hd__dfxtp_2)
     1    0.004131    0.025694    0.192224    0.478071 ^ _1635_/Q (sky130_fd_sc_hd__dfxtp_2)
                                                         u_rst_sync.rst_ff2 (net)
                      0.025694    0.000141    0.478212 ^ fanout42/A (sky130_fd_sc_hd__clkdlybuf4s25_1)
    10    0.055228    0.412571    0.419969    0.898181 ^ fanout42/X (sky130_fd_sc_hd__clkdlybuf4s25_1)
                                                         net42 (net)
                      0.412717    0.006494    0.904675 ^ _0791_/A (sky130_fd_sc_hd__inv_2)
     9    0.044355    0.151583    0.115897    1.020571 v _0791_/Y (sky130_fd_sc_hd__inv_2)
                                                         _0064_ (net)
                      0.151592    0.001144    1.021716 v _1415_/A (sky130_fd_sc_hd__nor2_2)
     1    0.006108    0.074157    0.121083    1.142799 ^ _1415_/Y (sky130_fd_sc_hd__nor2_2)
                                                         _0004_ (net)
                      0.074157    0.000205    1.143004 ^ _1576_/D (sky130_fd_sc_hd__dfxtp_2)
                                              1.143004   data arrival time

                                 20.000000   20.000000   clock clk (rise edge)
                                  0.000000   20.000000   clock source latency
     1    0.020088    0.072004    0.049386   20.049387 ^ clk (in)
                                                         clk (net)
                      0.072017    0.000000   20.049387 ^ clkbuf_0_clk/A (sky130_fd_sc_hd__clkbuf_16)
     8    0.084509    0.077719    0.131609   20.180996 ^ clkbuf_0_clk/X (sky130_fd_sc_hd__clkbuf_16)
                                                         clknet_0_clk (net)
                      0.077892    0.002942   20.183937 ^ clkbuf_3_5__f_clk/A (sky130_fd_sc_hd__clkbuf_16)
     8    0.030128    0.038547    0.104299   20.288237 ^ clkbuf_3_5__f_clk/X (sky130_fd_sc_hd__clkbuf_16)
                                                         clknet_3_5__leaf_clk (net)
                      0.038560    0.000647   20.288883 ^ _1576_/CLK (sky130_fd_sc_hd__dfxtp_2)
                                 -0.250000   20.038883   clock uncertainty
                                  0.000000   20.038883   clock reconvergence pessimism
                                 -0.035406   20.003477   library setup time
                                             20.003477   data required time
---------------------------------------------------------------------------------------------
                                             20.003477   data required time
                                             -1.143004   data arrival time
---------------------------------------------------------------------------------------------
                                             18.860474   slack (MET)


Startpoint: _1635_ (rising edge-triggered flip-flop clocked by clk)
Endpoint: _1579_ (rising edge-triggered flip-flop clocked by clk)
Path Group: clk
Path Type: max

Fanout         Cap        Slew       Delay        Time   Description
---------------------------------------------------------------------------------------------
                                  0.000000    0.000000   clock clk (rise edge)
                                  0.000000    0.000000   clock source latency
     1    0.020088    0.072004    0.049386    0.049386 ^ clk (in)
                                                         clk (net)
                      0.072017    0.000000    0.049386 ^ clkbuf_0_clk/A (sky130_fd_sc_hd__clkbuf_16)
     8    0.084509    0.077719    0.131609    0.180996 ^ clkbuf_0_clk/X (sky130_fd_sc_hd__clkbuf_16)
                                                         clknet_0_clk (net)
                      0.077932    0.003249    0.184244 ^ clkbuf_3_6__f_clk/A (sky130_fd_sc_hd__clkbuf_16)
     8    0.025024    0.034993    0.100568    0.284812 ^ clkbuf_3_6__f_clk/X (sky130_fd_sc_hd__clkbuf_16)
                                                         clknet_3_6__leaf_clk (net)
                      0.035036    0.001035    0.285847 ^ _1635_/CLK (sky130_fd_sc_hd__dfxtp_2)
     1    0.004131    0.025694    0.192224    0.478071 ^ _1635_/Q (sky130_fd_sc_hd__dfxtp_2)
                                                         u_rst_sync.rst_ff2 (net)
                      0.025694    0.000141    0.478212 ^ fanout42/A (sky130_fd_sc_hd__clkdlybuf4s25_1)
    10    0.055228    0.412571    0.419969    0.898181 ^ fanout42/X (sky130_fd_sc_hd__clkdlybuf4s25_1)
                                                         net42 (net)
                      0.412717    0.006494    0.904675 ^ _0791_/A (sky130_fd_sc_hd__inv_2)
     9    0.044355    0.151583    0.115897    1.020571 v _0791_/Y (sky130_fd_sc_hd__inv_2)
                                                         _0064_ (net)
                      0.151616    0.001186    1.021758 v _1424_/A (sky130_fd_sc_hd__nor2_2)
     1    0.004485    0.064082    0.111799    1.133556 ^ _1424_/Y (sky130_fd_sc_hd__nor2_2)
                                                         _0007_ (net)
                      0.064082    0.000169    1.133725 ^ _1579_/D (sky130_fd_sc_hd__dfxtp_2)
                                              1.133725   data arrival time

                                 20.000000   20.000000   clock clk (rise edge)
                                  0.000000   20.000000   clock source latency
     1    0.020088    0.072004    0.049386   20.049387 ^ clk (in)
                                                         clk (net)
                      0.072017    0.000000   20.049387 ^ clkbuf_0_clk/A (sky130_fd_sc_hd__clkbuf_16)
     8    0.084509    0.077719    0.131609   20.180996 ^ clkbuf_0_clk/X (sky130_fd_sc_hd__clkbuf_16)
                                                         clknet_0_clk (net)
                      0.077892    0.002942   20.183937 ^ clkbuf_3_5__f_clk/A (sky130_fd_sc_hd__clkbuf_16)
     8    0.030128    0.038547    0.104299   20.288237 ^ clkbuf_3_5__f_clk/X (sky130_fd_sc_hd__clkbuf_16)
                                                         clknet_3_5__leaf_clk (net)
                      0.038560    0.000645   20.288881 ^ _1579_/CLK (sky130_fd_sc_hd__dfxtp_2)
                                 -0.250000   20.038881   clock uncertainty
                                  0.000000   20.038881   clock reconvergence pessimism
                                 -0.034430   20.004452   library setup time
                                             20.004452   data required time
---------------------------------------------------------------------------------------------
                                             20.004452   data required time
                                             -1.133725   data arrival time
---------------------------------------------------------------------------------------------
                                             18.870726   slack (MET)


Startpoint: _1635_ (rising edge-triggered flip-flop clocked by clk)
Endpoint: _1577_ (rising edge-triggered flip-flop clocked by clk)
Path Group: clk
Path Type: max

Fanout         Cap        Slew       Delay        Time   Description
---------------------------------------------------------------------------------------------
                                  0.000000    0.000000   clock clk (rise edge)
                                  0.000000    0.000000   clock source latency
     1    0.020088    0.072004    0.049386    0.049386 ^ clk (in)
                                                         clk (net)
                      0.072017    0.000000    0.049386 ^ clkbuf_0_clk/A (sky130_fd_sc_hd__clkbuf_16)
     8    0.084509    0.077719    0.131609    0.180996 ^ clkbuf_0_clk/X (sky130_fd_sc_hd__clkbuf_16)
                                                         clknet_0_clk (net)
                      0.077932    0.003249    0.184244 ^ clkbuf_3_6__f_clk/A (sky130_fd_sc_hd__clkbuf_16)
     8    0.025024    0.034993    0.100568    0.284812 ^ clkbuf_3_6__f_clk/X (sky130_fd_sc_hd__clkbuf_16)
                                                         clknet_3_6__leaf_clk (net)
                      0.035036    0.001035    0.285847 ^ _1635_/CLK (sky130_fd_sc_hd__dfxtp_2)
     1    0.004131    0.025694    0.192224    0.478071 ^ _1635_/Q (sky130_fd_sc_hd__dfxtp_2)
                                                         u_rst_sync.rst_ff2 (net)
                      0.025694    0.000141    0.478212 ^ fanout42/A (sky130_fd_sc_hd__clkdlybuf4s25_1)
    10    0.055228    0.412571    0.419969    0.898181 ^ fanout42/X (sky130_fd_sc_hd__clkdlybuf4s25_1)
                                                         net42 (net)
                      0.412717    0.006494    0.904675 ^ _0791_/A (sky130_fd_sc_hd__inv_2)
     9    0.044355    0.151583    0.115897    1.020571 v _0791_/Y (sky130_fd_sc_hd__inv_2)
                                                         _0064_ (net)
                      0.151620    0.001342    1.021913 v _1418_/A (sky130_fd_sc_hd__nor2_2)
     1    0.004226    0.062479    0.110336    1.132249 ^ _1418_/Y (sky130_fd_sc_hd__nor2_2)
                                                         _0005_ (net)
                      0.062479    0.000110    1.132359 ^ _1577_/D (sky130_fd_sc_hd__dfxtp_2)
                                              1.132359   data arrival time

                                 20.000000   20.000000   clock clk (rise edge)
                                  0.000000   20.000000   clock source latency
     1    0.020088    0.072004    0.049386   20.049387 ^ clk (in)
                                                         clk (net)
                      0.072017    0.000000   20.049387 ^ clkbuf_0_clk/A (sky130_fd_sc_hd__clkbuf_16)
     8    0.084509    0.077719    0.131609   20.180996 ^ clkbuf_0_clk/X (sky130_fd_sc_hd__clkbuf_16)
                                                         clknet_0_clk (net)
                      0.077813    0.002181   20.183176 ^ clkbuf_3_4__f_clk/A (sky130_fd_sc_hd__clkbuf_16)
     8    0.032738    0.040439    0.105690   20.288866 ^ clkbuf_3_4__f_clk/X (sky130_fd_sc_hd__clkbuf_16)
                                                         clknet_3_4__leaf_clk (net)
                      0.040468    0.001496   20.290361 ^ _1577_/CLK (sky130_fd_sc_hd__dfxtp_2)
                                 -0.250000   20.040363   clock uncertainty
                                  0.000000   20.040363   clock reconvergence pessimism
                                 -0.034210   20.006153   library setup time
                                             20.006153   data required time
---------------------------------------------------------------------------------------------
                                             20.006153   data required time
                                             -1.132359   data arrival time
---------------------------------------------------------------------------------------------
                                             18.873795   slack (MET)


Startpoint: _1635_ (rising edge-triggered flip-flop clocked by clk)
Endpoint: _1578_ (rising edge-triggered flip-flop clocked by clk)
Path Group: clk
Path Type: max

Fanout         Cap        Slew       Delay        Time   Description
---------------------------------------------------------------------------------------------
                                  0.000000    0.000000   clock clk (rise edge)
                                  0.000000    0.000000   clock source latency
     1    0.020088    0.072004    0.049386    0.049386 ^ clk (in)
                                                         clk (net)
                      0.072017    0.000000    0.049386 ^ clkbuf_0_clk/A (sky130_fd_sc_hd__clkbuf_16)
     8    0.084509    0.077719    0.131609    0.180996 ^ clkbuf_0_clk/X (sky130_fd_sc_hd__clkbuf_16)
                                                         clknet_0_clk (net)
                      0.077932    0.003249    0.184244 ^ clkbuf_3_6__f_clk/A (sky130_fd_sc_hd__clkbuf_16)
     8    0.025024    0.034993    0.100568    0.284812 ^ clkbuf_3_6__f_clk/X (sky130_fd_sc_hd__clkbuf_16)
                                                         clknet_3_6__leaf_clk (net)
                      0.035036    0.001035    0.285847 ^ _1635_/CLK (sky130_fd_sc_hd__dfxtp_2)
     1    0.004131    0.025694    0.192224    0.478071 ^ _1635_/Q (sky130_fd_sc_hd__dfxtp_2)
                                                         u_rst_sync.rst_ff2 (net)
                      0.025694    0.000141    0.478212 ^ fanout42/A (sky130_fd_sc_hd__clkdlybuf4s25_1)
    10    0.055228    0.412571    0.419969    0.898181 ^ fanout42/X (sky130_fd_sc_hd__clkdlybuf4s25_1)
                                                         net42 (net)
                      0.412717    0.006494    0.904675 ^ _0791_/A (sky130_fd_sc_hd__inv_2)
     9    0.044355    0.151583    0.115897    1.020571 v _0791_/Y (sky130_fd_sc_hd__inv_2)
                                                         _0064_ (net)
                      0.151619    0.001328    1.021900 v _1421_/A (sky130_fd_sc_hd__nor2_2)
     1    0.003482    0.057851    0.105876    1.127776 ^ _1421_/Y (sky130_fd_sc_hd__nor2_2)
                                                         _0006_ (net)
                      0.057851    0.000119    1.127895 ^ _1578_/D (sky130_fd_sc_hd__dfxtp_2)
                                              1.127895   data arrival time

                                 20.000000   20.000000   clock clk (rise edge)
                                  0.000000   20.000000   clock source latency
     1    0.020088    0.072004    0.049386   20.049387 ^ clk (in)
                                                         clk (net)
                      0.072017    0.000000   20.049387 ^ clkbuf_0_clk/A (sky130_fd_sc_hd__clkbuf_16)
     8    0.084509    0.077719    0.131609   20.180996 ^ clkbuf_0_clk/X (sky130_fd_sc_hd__clkbuf_16)
                                                         clknet_0_clk (net)
                      0.077813    0.002181   20.183176 ^ clkbuf_3_4__f_clk/A (sky130_fd_sc_hd__clkbuf_16)
     8    0.032738    0.040439    0.105690   20.288866 ^ clkbuf_3_4__f_clk/X (sky130_fd_sc_hd__clkbuf_16)
                                                         clknet_3_4__leaf_clk (net)
                      0.040468    0.001497   20.290363 ^ _1578_/CLK (sky130_fd_sc_hd__dfxtp_2)
                                 -0.250000   20.040365   clock uncertainty
                                  0.000000   20.040365   clock reconvergence pessimism
                                 -0.033762   20.006603   library setup time
                                             20.006603   data required time
---------------------------------------------------------------------------------------------
                                             20.006603   data required time
                                             -1.127895   data arrival time
---------------------------------------------------------------------------------------------
                                             18.878710   slack (MET)


Startpoint: _1635_ (rising edge-triggered flip-flop clocked by clk)
Endpoint: _1583_ (rising edge-triggered flip-flop clocked by clk)
Path Group: clk
Path Type: max

Fanout         Cap        Slew       Delay        Time   Description
---------------------------------------------------------------------------------------------
                                  0.000000    0.000000   clock clk (rise edge)
                                  0.000000    0.000000   clock source latency
     1    0.020088    0.072004    0.049386    0.049386 ^ clk (in)
                                                         clk (net)
                      0.072017    0.000000    0.049386 ^ clkbuf_0_clk/A (sky130_fd_sc_hd__clkbuf_16)
     8    0.084509    0.077719    0.131609    0.180996 ^ clkbuf_0_clk/X (sky130_fd_sc_hd__clkbuf_16)
                                                         clknet_0_clk (net)
                      0.077932    0.003249    0.184244 ^ clkbuf_3_6__f_clk/A (sky130_fd_sc_hd__clkbuf_16)
     8    0.025024    0.034993    0.100568    0.284812 ^ clkbuf_3_6__f_clk/X (sky130_fd_sc_hd__clkbuf_16)
                                                         clknet_3_6__leaf_clk (net)
                      0.035036    0.001035    0.285847 ^ _1635_/CLK (sky130_fd_sc_hd__dfxtp_2)
     1    0.003905    0.018738    0.194403    0.480251 v _1635_/Q (sky130_fd_sc_hd__dfxtp_2)
                                                         u_rst_sync.rst_ff2 (net)
                      0.018738    0.000132    0.480383 v fanout42/A (sky130_fd_sc_hd__clkdlybuf4s25_1)
    10    0.053654    0.270889    0.338393    0.818776 v fanout42/X (sky130_fd_sc_hd__clkdlybuf4s25_1)
                                                         net42 (net)
                      0.271161    0.006283    0.825059 v _0791_/A (sky130_fd_sc_hd__inv_2)
     9    0.048511    0.182314    0.236780    1.061839 ^ _0791_/Y (sky130_fd_sc_hd__inv_2)
                                                         _0064_ (net)
                      0.182397    0.001504    1.063343 ^ _1436_/A (sky130_fd_sc_hd__nor2_2)
     1    0.002731    0.037553    0.021860    1.085203 v _1436_/Y (sky130_fd_sc_hd__nor2_2)
                                                         _0011_ (net)
                      0.037553    0.000082    1.085286 v _1583_/D (sky130_fd_sc_hd__dfxtp_2)
                                              1.085286   data arrival time

                                 20.000000   20.000000   clock clk (rise edge)
                                  0.000000   20.000000   clock source latency
     1    0.020088    0.072004    0.049386   20.049387 ^ clk (in)
                                                         clk (net)
                      0.072017    0.000000   20.049387 ^ clkbuf_0_clk/A (sky130_fd_sc_hd__clkbuf_16)
     8    0.084509    0.077719    0.131609   20.180996 ^ clkbuf_0_clk/X (sky130_fd_sc_hd__clkbuf_16)
                                                         clknet_0_clk (net)
                      0.077892    0.002942   20.183937 ^ clkbuf_3_5__f_clk/A (sky130_fd_sc_hd__clkbuf_16)
     8    0.030128    0.038547    0.104299   20.288237 ^ clkbuf_3_5__f_clk/X (sky130_fd_sc_hd__clkbuf_16)
                                                         clknet_3_5__leaf_clk (net)
                      0.038560    0.000638   20.288874 ^ _1583_/CLK (sky130_fd_sc_hd__dfxtp_2)
                                 -0.250000   20.038874   clock uncertainty
                                  0.000000   20.038874   clock reconvergence pessimism
                                 -0.072575   19.966299   library setup time
                                             19.966299   data required time
---------------------------------------------------------------------------------------------
                                             19.966299   data required time
                                             -1.085286   data arrival time
---------------------------------------------------------------------------------------------
                                             18.881012   slack (MET)


Startpoint: _1635_ (rising edge-triggered flip-flop clocked by clk)
Endpoint: _1581_ (rising edge-triggered flip-flop clocked by clk)
Path Group: clk
Path Type: max

Fanout         Cap        Slew       Delay        Time   Description
---------------------------------------------------------------------------------------------
                                  0.000000    0.000000   clock clk (rise edge)
                                  0.000000    0.000000   clock source latency
     1    0.020088    0.072004    0.049386    0.049386 ^ clk (in)
                                                         clk (net)
                      0.072017    0.000000    0.049386 ^ clkbuf_0_clk/A (sky130_fd_sc_hd__clkbuf_16)
     8    0.084509    0.077719    0.131609    0.180996 ^ clkbuf_0_clk/X (sky130_fd_sc_hd__clkbuf_16)
                                                         clknet_0_clk (net)
                      0.077932    0.003249    0.184244 ^ clkbuf_3_6__f_clk/A (sky130_fd_sc_hd__clkbuf_16)
     8    0.025024    0.034993    0.100568    0.284812 ^ clkbuf_3_6__f_clk/X (sky130_fd_sc_hd__clkbuf_16)
                                                         clknet_3_6__leaf_clk (net)
                      0.035036    0.001035    0.285847 ^ _1635_/CLK (sky130_fd_sc_hd__dfxtp_2)
     1    0.003905    0.018738    0.194403    0.480251 v _1635_/Q (sky130_fd_sc_hd__dfxtp_2)
                                                         u_rst_sync.rst_ff2 (net)
                      0.018738    0.000132    0.480383 v fanout42/A (sky130_fd_sc_hd__clkdlybuf4s25_1)
    10    0.053654    0.270889    0.338393    0.818776 v fanout42/X (sky130_fd_sc_hd__clkdlybuf4s25_1)
                                                         net42 (net)
                      0.271161    0.006283    0.825059 v _0791_/A (sky130_fd_sc_hd__inv_2)
     9    0.048511    0.182314    0.236780    1.061839 ^ _0791_/Y (sky130_fd_sc_hd__inv_2)
                                                         _0064_ (net)
                      0.182397    0.001500    1.063338 ^ _1430_/A (sky130_fd_sc_hd__nor2_2)
     1    0.002943    0.038100    0.022602    1.085940 v _1430_/Y (sky130_fd_sc_hd__nor2_2)
                                                         _0009_ (net)
                      0.038100    0.000089    1.086030 v _1581_/D (sky130_fd_sc_hd__dfxtp_2)
                                              1.086030   data arrival time

                                 20.000000   20.000000   clock clk (rise edge)
                                  0.000000   20.000000   clock source latency
     1    0.020088    0.072004    0.049386   20.049387 ^ clk (in)
                                                         clk (net)
                      0.072017    0.000000   20.049387 ^ clkbuf_0_clk/A (sky130_fd_sc_hd__clkbuf_16)
     8    0.084509    0.077719    0.131609   20.180996 ^ clkbuf_0_clk/X (sky130_fd_sc_hd__clkbuf_16)
                                                         clknet_0_clk (net)
                      0.077813    0.002181   20.183176 ^ clkbuf_3_4__f_clk/A (sky130_fd_sc_hd__clkbuf_16)
     8    0.032738    0.040439    0.105690   20.288866 ^ clkbuf_3_4__f_clk/X (sky130_fd_sc_hd__clkbuf_16)
                                                         clknet_3_4__leaf_clk (net)
                      0.040464    0.001448   20.290314 ^ _1581_/CLK (sky130_fd_sc_hd__dfxtp_2)
                                 -0.250000   20.040316   clock uncertainty
                                  0.000000   20.040316   clock reconvergence pessimism
                                 -0.072587   19.967728   library setup time
                                             19.967728   data required time
---------------------------------------------------------------------------------------------
                                             19.967728   data required time
                                             -1.086030   data arrival time
---------------------------------------------------------------------------------------------
                                             18.881699   slack (MET)


Startpoint: _1635_ (rising edge-triggered flip-flop clocked by clk)
Endpoint: _1580_ (rising edge-triggered flip-flop clocked by clk)
Path Group: clk
Path Type: max

Fanout         Cap        Slew       Delay        Time   Description
---------------------------------------------------------------------------------------------
                                  0.000000    0.000000   clock clk (rise edge)
                                  0.000000    0.000000   clock source latency
     1    0.020088    0.072004    0.049386    0.049386 ^ clk (in)
                                                         clk (net)
                      0.072017    0.000000    0.049386 ^ clkbuf_0_clk/A (sky130_fd_sc_hd__clkbuf_16)
     8    0.084509    0.077719    0.131609    0.180996 ^ clkbuf_0_clk/X (sky130_fd_sc_hd__clkbuf_16)
                                                         clknet_0_clk (net)
                      0.077932    0.003249    0.184244 ^ clkbuf_3_6__f_clk/A (sky130_fd_sc_hd__clkbuf_16)
     8    0.025024    0.034993    0.100568    0.284812 ^ clkbuf_3_6__f_clk/X (sky130_fd_sc_hd__clkbuf_16)
                                                         clknet_3_6__leaf_clk (net)
                      0.035036    0.001035    0.285847 ^ _1635_/CLK (sky130_fd_sc_hd__dfxtp_2)
     1    0.003905    0.018738    0.194403    0.480251 v _1635_/Q (sky130_fd_sc_hd__dfxtp_2)
                                                         u_rst_sync.rst_ff2 (net)
                      0.018738    0.000132    0.480383 v fanout42/A (sky130_fd_sc_hd__clkdlybuf4s25_1)
    10    0.053654    0.270889    0.338393    0.818776 v fanout42/X (sky130_fd_sc_hd__clkdlybuf4s25_1)
                                                         net42 (net)
                      0.271161    0.006283    0.825059 v _0791_/A (sky130_fd_sc_hd__inv_2)
     9    0.048511    0.182314    0.236780    1.061839 ^ _0791_/Y (sky130_fd_sc_hd__inv_2)
                                                         _0064_ (net)
                      0.182389    0.001106    1.062945 ^ _1427_/A (sky130_fd_sc_hd__nor2_2)
     1    0.002893    0.037969    0.022427    1.085372 v _1427_/Y (sky130_fd_sc_hd__nor2_2)
                                                         _0008_ (net)
                      0.037969    0.000087    1.085459 v _1580_/D (sky130_fd_sc_hd__dfxtp_2)
                                              1.085459   data arrival time

                                 20.000000   20.000000   clock clk (rise edge)
                                  0.000000   20.000000   clock source latency
     1    0.020088    0.072004    0.049386   20.049387 ^ clk (in)
                                                         clk (net)
                      0.072017    0.000000   20.049387 ^ clkbuf_0_clk/A (sky130_fd_sc_hd__clkbuf_16)
     8    0.084509    0.077719    0.131609   20.180996 ^ clkbuf_0_clk/X (sky130_fd_sc_hd__clkbuf_16)
                                                         clknet_0_clk (net)
                      0.077894    0.002952   20.183947 ^ clkbuf_3_3__f_clk/A (sky130_fd_sc_hd__clkbuf_16)
     8    0.031698    0.039752    0.105162   20.289110 ^ clkbuf_3_3__f_clk/X (sky130_fd_sc_hd__clkbuf_16)
                                                         clknet_3_3__leaf_clk (net)
                      0.039761    0.001089   20.290199 ^ _1580_/CLK (sky130_fd_sc_hd__dfxtp_2)
                                 -0.250000   20.040199   clock uncertainty
                                  0.000000   20.040199   clock reconvergence pessimism
                                 -0.072608   19.967590   library setup time
                                             19.967590   data required time
---------------------------------------------------------------------------------------------
                                             19.967590   data required time
                                             -1.085459   data arrival time
---------------------------------------------------------------------------------------------
                                             18.882132   slack (MET)


Startpoint: _1635_ (rising edge-triggered flip-flop clocked by clk)
Endpoint: _1582_ (rising edge-triggered flip-flop clocked by clk)
Path Group: clk
Path Type: max

Fanout         Cap        Slew       Delay        Time   Description
---------------------------------------------------------------------------------------------
                                  0.000000    0.000000   clock clk (rise edge)
                                  0.000000    0.000000   clock source latency
     1    0.020088    0.072004    0.049386    0.049386 ^ clk (in)
                                                         clk (net)
                      0.072017    0.000000    0.049386 ^ clkbuf_0_clk/A (sky130_fd_sc_hd__clkbuf_16)
     8    0.084509    0.077719    0.131609    0.180996 ^ clkbuf_0_clk/X (sky130_fd_sc_hd__clkbuf_16)
                                                         clknet_0_clk (net)
                      0.077932    0.003249    0.184244 ^ clkbuf_3_6__f_clk/A (sky130_fd_sc_hd__clkbuf_16)
     8    0.025024    0.034993    0.100568    0.284812 ^ clkbuf_3_6__f_clk/X (sky130_fd_sc_hd__clkbuf_16)
                                                         clknet_3_6__leaf_clk (net)
                      0.035036    0.001035    0.285847 ^ _1635_/CLK (sky130_fd_sc_hd__dfxtp_2)
     1    0.003905    0.018738    0.194403    0.480251 v _1635_/Q (sky130_fd_sc_hd__dfxtp_2)
                                                         u_rst_sync.rst_ff2 (net)
                      0.018738    0.000132    0.480383 v fanout42/A (sky130_fd_sc_hd__clkdlybuf4s25_1)
    10    0.053654    0.270889    0.338393    0.818776 v fanout42/X (sky130_fd_sc_hd__clkdlybuf4s25_1)
                                                         net42 (net)
                      0.271161    0.006283    0.825059 v _0791_/A (sky130_fd_sc_hd__inv_2)
     9    0.048511    0.182314    0.236780    1.061839 ^ _0791_/Y (sky130_fd_sc_hd__inv_2)
                                                         _0064_ (net)
                      0.182394    0.001364    1.063203 ^ _1433_/A (sky130_fd_sc_hd__nor2_2)
     1    0.002518    0.037029    0.021114    1.084317 v _1433_/Y (sky130_fd_sc_hd__nor2_2)
                                                         _0010_ (net)
                      0.037029    0.000075    1.084392 v _1582_/D (sky130_fd_sc_hd__dfxtp_2)
                                              1.084392   data arrival time

                                 20.000000   20.000000   clock clk (rise edge)
                                  0.000000   20.000000   clock source latency
     1    0.020088    0.072004    0.049386   20.049387 ^ clk (in)
                                                         clk (net)
                      0.072017    0.000000   20.049387 ^ clkbuf_0_clk/A (sky130_fd_sc_hd__clkbuf_16)
     8    0.084509    0.077719    0.131609   20.180996 ^ clkbuf_0_clk/X (sky130_fd_sc_hd__clkbuf_16)
                                                         clknet_0_clk (net)
                      0.077894    0.002952   20.183947 ^ clkbuf_3_3__f_clk/A (sky130_fd_sc_hd__clkbuf_16)
     8    0.031698    0.039752    0.105162   20.289110 ^ clkbuf_3_3__f_clk/X (sky130_fd_sc_hd__clkbuf_16)
                                                         clknet_3_3__leaf_clk (net)
                      0.039762    0.001124   20.290234 ^ _1582_/CLK (sky130_fd_sc_hd__dfxtp_2)
                                 -0.250000   20.040236   clock uncertainty
                                  0.000000   20.040236   clock reconvergence pessimism
                                 -0.072273   19.967962   library setup time
                                             19.967962   data required time
---------------------------------------------------------------------------------------------
                                             19.967962   data required time
                                             -1.084392   data arrival time
---------------------------------------------------------------------------------------------
                                             18.883570   slack (MET)


Startpoint: _1635_ (rising edge-triggered flip-flop clocked by clk)
Endpoint: _1626_ (rising edge-triggered flip-flop clocked by clk)
Path Group: clk
Path Type: max

Fanout         Cap        Slew       Delay        Time   Description
---------------------------------------------------------------------------------------------
                                  0.000000    0.000000   clock clk (rise edge)
                                  0.000000    0.000000   clock source latency
     1    0.020088    0.072004    0.049386    0.049386 ^ clk (in)
                                                         clk (net)
                      0.072017    0.000000    0.049386 ^ clkbuf_0_clk/A (sky130_fd_sc_hd__clkbuf_16)
     8    0.084509    0.077719    0.131609    0.180996 ^ clkbuf_0_clk/X (sky130_fd_sc_hd__clkbuf_16)
                                                         clknet_0_clk (net)
                      0.077932    0.003249    0.184244 ^ clkbuf_3_6__f_clk/A (sky130_fd_sc_hd__clkbuf_16)
     8    0.025024    0.034993    0.100568    0.284812 ^ clkbuf_3_6__f_clk/X (sky130_fd_sc_hd__clkbuf_16)
                                                         clknet_3_6__leaf_clk (net)
                      0.035036    0.001035    0.285847 ^ _1635_/CLK (sky130_fd_sc_hd__dfxtp_2)
     1    0.003905    0.018738    0.194403    0.480251 v _1635_/Q (sky130_fd_sc_hd__dfxtp_2)
                                                         u_rst_sync.rst_ff2 (net)
                      0.018738    0.000132    0.480383 v fanout42/A (sky130_fd_sc_hd__clkdlybuf4s25_1)
    10    0.053654    0.270889    0.338393    0.818776 v fanout42/X (sky130_fd_sc_hd__clkdlybuf4s25_1)
                                                         net42 (net)
                      0.271207    0.006936    0.825712 v _1564_/B (sky130_fd_sc_hd__and2_2)
     1    0.002622    0.029900    0.210197    1.035909 v _1564_/X (sky130_fd_sc_hd__and2_2)
                                                         _0054_ (net)
                      0.029900    0.000080    1.035989 v _1626_/D (sky130_fd_sc_hd__dfxtp_2)
                                              1.035989   data arrival time

                                 20.000000   20.000000   clock clk (rise edge)
                                  0.000000   20.000000   clock source latency
     1    0.020088    0.072004    0.049386   20.049387 ^ clk (in)
                                                         clk (net)
                      0.072017    0.000000   20.049387 ^ clkbuf_0_clk/A (sky130_fd_sc_hd__clkbuf_16)
     8    0.084509    0.077719    0.131609   20.180996 ^ clkbuf_0_clk/X (sky130_fd_sc_hd__clkbuf_16)
                                                         clknet_0_clk (net)
                      0.077883    0.002863   20.183859 ^ clkbuf_3_2__f_clk/A (sky130_fd_sc_hd__clkbuf_16)
     8    0.025423    0.035258    0.100862   20.284719 ^ clkbuf_3_2__f_clk/X (sky130_fd_sc_hd__clkbuf_16)
                                                         clknet_3_2__leaf_clk (net)
                      0.035320    0.001222   20.285942 ^ _1626_/CLK (sky130_fd_sc_hd__dfxtp_2)
                                 -0.250000   20.035944   clock uncertainty
                                  0.000000   20.035944   clock reconvergence pessimism
                                 -0.070154   19.965790   library setup time
                                             19.965790   data required time
---------------------------------------------------------------------------------------------
                                             19.965790   data required time
                                             -1.035989   data arrival time
---------------------------------------------------------------------------------------------
                                             18.929800   slack (MET)


Startpoint: _1635_ (rising edge-triggered flip-flop clocked by clk)
Endpoint: _1628_ (rising edge-triggered flip-flop clocked by clk)
Path Group: clk
Path Type: max

Fanout         Cap        Slew       Delay        Time   Description
---------------------------------------------------------------------------------------------
                                  0.000000    0.000000   clock clk (rise edge)
                                  0.000000    0.000000   clock source latency
     1    0.020088    0.072004    0.049386    0.049386 ^ clk (in)
                                                         clk (net)
                      0.072017    0.000000    0.049386 ^ clkbuf_0_clk/A (sky130_fd_sc_hd__clkbuf_16)
     8    0.084509    0.077719    0.131609    0.180996 ^ clkbuf_0_clk/X (sky130_fd_sc_hd__clkbuf_16)
                                                         clknet_0_clk (net)
                      0.077932    0.003249    0.184244 ^ clkbuf_3_6__f_clk/A (sky130_fd_sc_hd__clkbuf_16)
     8    0.025024    0.034993    0.100568    0.284812 ^ clkbuf_3_6__f_clk/X (sky130_fd_sc_hd__clkbuf_16)
                                                         clknet_3_6__leaf_clk (net)
                      0.035036    0.001035    0.285847 ^ _1635_/CLK (sky130_fd_sc_hd__dfxtp_2)
     1    0.003905    0.018738    0.194403    0.480251 v _1635_/Q (sky130_fd_sc_hd__dfxtp_2)
                                                         u_rst_sync.rst_ff2 (net)
                      0.018738    0.000132    0.480383 v fanout42/A (sky130_fd_sc_hd__clkdlybuf4s25_1)
    10    0.053654    0.270889    0.338393    0.818776 v fanout42/X (sky130_fd_sc_hd__clkdlybuf4s25_1)
                                                         net42 (net)
                      0.271213    0.007027    0.825803 v _1565_/A (sky130_fd_sc_hd__and2_2)
     1    0.002670    0.029198    0.192271    1.018074 v _1565_/X (sky130_fd_sc_hd__and2_2)
                                                         _0055_ (net)
                      0.029198    0.000078    1.018152 v _1628_/D (sky130_fd_sc_hd__dfxtp_2)
                                              1.018152   data arrival time

                                 20.000000   20.000000   clock clk (rise edge)
                                  0.000000   20.000000   clock source latency
     1    0.020088    0.072004    0.049386   20.049387 ^ clk (in)
                                                         clk (net)
                      0.072017    0.000000   20.049387 ^ clkbuf_0_clk/A (sky130_fd_sc_hd__clkbuf_16)
     8    0.084509    0.077719    0.131609   20.180996 ^ clkbuf_0_clk/X (sky130_fd_sc_hd__clkbuf_16)
                                                         clknet_0_clk (net)
                      0.077883    0.002863   20.183859 ^ clkbuf_3_2__f_clk/A (sky130_fd_sc_hd__clkbuf_16)
     8    0.025423    0.035258    0.100862   20.284719 ^ clkbuf_3_2__f_clk/X (sky130_fd_sc_hd__clkbuf_16)
                                                         clknet_3_2__leaf_clk (net)
                      0.035323    0.001258   20.285978 ^ _1628_/CLK (sky130_fd_sc_hd__dfxtp_2)
                                 -0.250000   20.035978   clock uncertainty
                                  0.000000   20.035978   clock reconvergence pessimism
                                 -0.069904   19.966076   library setup time
                                             19.966076   data required time
---------------------------------------------------------------------------------------------
                                             19.966076   data required time
                                             -1.018152   data arrival time
---------------------------------------------------------------------------------------------
                                             18.947926   slack (MET)


Startpoint: _1635_ (rising edge-triggered flip-flop clocked by clk)
Endpoint: _1625_ (rising edge-triggered flip-flop clocked by clk)
Path Group: clk
Path Type: max

Fanout         Cap        Slew       Delay        Time   Description
---------------------------------------------------------------------------------------------
                                  0.000000    0.000000   clock clk (rise edge)
                                  0.000000    0.000000   clock source latency
     1    0.020088    0.072004    0.049386    0.049386 ^ clk (in)
                                                         clk (net)
                      0.072017    0.000000    0.049386 ^ clkbuf_0_clk/A (sky130_fd_sc_hd__clkbuf_16)
     8    0.084509    0.077719    0.131609    0.180996 ^ clkbuf_0_clk/X (sky130_fd_sc_hd__clkbuf_16)
                                                         clknet_0_clk (net)
                      0.077932    0.003249    0.184244 ^ clkbuf_3_6__f_clk/A (sky130_fd_sc_hd__clkbuf_16)
     8    0.025024    0.034993    0.100568    0.284812 ^ clkbuf_3_6__f_clk/X (sky130_fd_sc_hd__clkbuf_16)
                                                         clknet_3_6__leaf_clk (net)
                      0.035036    0.001035    0.285847 ^ _1635_/CLK (sky130_fd_sc_hd__dfxtp_2)
     1    0.003905    0.018738    0.194403    0.480251 v _1635_/Q (sky130_fd_sc_hd__dfxtp_2)
                                                         u_rst_sync.rst_ff2 (net)
                      0.018738    0.000132    0.480383 v fanout42/A (sky130_fd_sc_hd__clkdlybuf4s25_1)
    10    0.053654    0.270889    0.338393    0.818776 v fanout42/X (sky130_fd_sc_hd__clkdlybuf4s25_1)
                                                         net42 (net)
                      0.271222    0.007137    0.825913 v _1563_/A (sky130_fd_sc_hd__and2_2)
     1    0.003135    0.030023    0.193751    1.019664 v _1563_/X (sky130_fd_sc_hd__and2_2)
                                                         _0053_ (net)
                      0.030023    0.000103    1.019767 v _1625_/D (sky130_fd_sc_hd__dfxtp_2)
                                              1.019767   data arrival time

                                 20.000000   20.000000   clock clk (rise edge)
                                  0.000000   20.000000   clock source latency
     1    0.020088    0.072004    0.049386   20.049387 ^ clk (in)
                                                         clk (net)
                      0.072017    0.000000   20.049387 ^ clkbuf_0_clk/A (sky130_fd_sc_hd__clkbuf_16)
     8    0.084509    0.077719    0.131609   20.180996 ^ clkbuf_0_clk/X (sky130_fd_sc_hd__clkbuf_16)
                                                         clknet_0_clk (net)
                      0.077894    0.002952   20.183947 ^ clkbuf_3_3__f_clk/A (sky130_fd_sc_hd__clkbuf_16)
     8    0.031698    0.039752    0.105162   20.289110 ^ clkbuf_3_3__f_clk/X (sky130_fd_sc_hd__clkbuf_16)
                                                         clknet_3_3__leaf_clk (net)
                      0.039763    0.001215   20.290325 ^ _1625_/CLK (sky130_fd_sc_hd__dfxtp_2)
                                 -0.250000   20.040325   clock uncertainty
                                  0.000000   20.040325   clock reconvergence pessimism
                                 -0.069771   19.970554   library setup time
                                             19.970554   data required time
---------------------------------------------------------------------------------------------
                                             19.970554   data required time
                                             -1.019767   data arrival time
---------------------------------------------------------------------------------------------
                                             18.950787   slack (MET)


Startpoint: _1635_ (rising edge-triggered flip-flop clocked by clk)
Endpoint: _1627_ (rising edge-triggered flip-flop clocked by clk)
Path Group: clk
Path Type: max

Fanout         Cap        Slew       Delay        Time   Description
---------------------------------------------------------------------------------------------
                                  0.000000    0.000000   clock clk (rise edge)
                                  0.000000    0.000000   clock source latency
     1    0.020088    0.072004    0.049386    0.049386 ^ clk (in)
                                                         clk (net)
                      0.072017    0.000000    0.049386 ^ clkbuf_0_clk/A (sky130_fd_sc_hd__clkbuf_16)
     8    0.084509    0.077719    0.131609    0.180996 ^ clkbuf_0_clk/X (sky130_fd_sc_hd__clkbuf_16)
                                                         clknet_0_clk (net)
                      0.077932    0.003249    0.184244 ^ clkbuf_3_6__f_clk/A (sky130_fd_sc_hd__clkbuf_16)
     8    0.025024    0.034993    0.100568    0.284812 ^ clkbuf_3_6__f_clk/X (sky130_fd_sc_hd__clkbuf_16)
                                                         clknet_3_6__leaf_clk (net)
                      0.035036    0.001035    0.285847 ^ _1635_/CLK (sky130_fd_sc_hd__dfxtp_2)
     1    0.003905    0.018738    0.194403    0.480251 v _1635_/Q (sky130_fd_sc_hd__dfxtp_2)
                                                         u_rst_sync.rst_ff2 (net)
                      0.018738    0.000132    0.480383 v fanout42/A (sky130_fd_sc_hd__clkdlybuf4s25_1)
    10    0.053654    0.270889    0.338393    0.818776 v fanout42/X (sky130_fd_sc_hd__clkdlybuf4s25_1)
                                                         net42 (net)
                      0.271219    0.007104    0.825880 v _1627_/D (sky130_fd_sc_hd__dfxtp_2)
                                              0.825880   data arrival time

                                 20.000000   20.000000   clock clk (rise edge)
                                  0.000000   20.000000   clock source latency
     1    0.020088    0.072004    0.049386   20.049387 ^ clk (in)
                                                         clk (net)
                      0.072017    0.000000   20.049387 ^ clkbuf_0_clk/A (sky130_fd_sc_hd__clkbuf_16)
     8    0.084509    0.077719    0.131609   20.180996 ^ clkbuf_0_clk/X (sky130_fd_sc_hd__clkbuf_16)
                                                         clknet_0_clk (net)
                      0.077883    0.002863   20.183859 ^ clkbuf_3_2__f_clk/A (sky130_fd_sc_hd__clkbuf_16)
     8    0.025423    0.035258    0.100862   20.284719 ^ clkbuf_3_2__f_clk/X (sky130_fd_sc_hd__clkbuf_16)
                                                         clknet_3_2__leaf_clk (net)
                      0.035327    0.001290   20.286011 ^ _1627_/CLK (sky130_fd_sc_hd__dfxtp_2)
                                 -0.250000   20.036011   clock uncertainty
                                  0.000000   20.036011   clock reconvergence pessimism
                                 -0.156326   19.879684   library setup time
                                             19.879684   data required time
---------------------------------------------------------------------------------------------
                                             19.879684   data required time
                                             -0.825880   data arrival time
---------------------------------------------------------------------------------------------
                                             19.053804   slack (MET)


Startpoint: _1636_ (rising edge-triggered flip-flop clocked by clk)
Endpoint: _1635_ (rising edge-triggered flip-flop clocked by clk)
Path Group: clk
Path Type: max

Fanout         Cap        Slew       Delay        Time   Description
---------------------------------------------------------------------------------------------
                                  0.000000    0.000000   clock clk (rise edge)
                                  0.000000    0.000000   clock source latency
     1    0.020088    0.072004    0.049386    0.049386 ^ clk (in)
                                                         clk (net)
                      0.072017    0.000000    0.049386 ^ clkbuf_0_clk/A (sky130_fd_sc_hd__clkbuf_16)
     8    0.084509    0.077719    0.131609    0.180996 ^ clkbuf_0_clk/X (sky130_fd_sc_hd__clkbuf_16)
                                                         clknet_0_clk (net)
                      0.077933    0.003260    0.184256 ^ clkbuf_3_7__f_clk/A (sky130_fd_sc_hd__clkbuf_16)
     8    0.028089    0.037233    0.102508    0.286764 ^ clkbuf_3_7__f_clk/X (sky130_fd_sc_hd__clkbuf_16)
                                                         clknet_3_7__leaf_clk (net)
                      0.037332    0.001628    0.288392 ^ _1636_/CLK (sky130_fd_sc_hd__dfxtp_2)
     1    0.001895    0.015514    0.189979    0.478371 v _1636_/Q (sky130_fd_sc_hd__dfxtp_2)
                                                         u_rst_sync.rst_ff1 (net)
                      0.015514    0.000053    0.478423 v hold82/A (sky130_fd_sc_hd__dlygate4sd3_1)
     1    0.002632    0.037433    0.353688    0.832112 v hold82/X (sky130_fd_sc_hd__dlygate4sd3_1)
                                                         net82 (net)
                      0.037433    0.000076    0.832188 v _1635_/D (sky130_fd_sc_hd__dfxtp_2)
                                              0.832188   data arrival time

                                 20.000000   20.000000   clock clk (rise edge)
                                  0.000000   20.000000   clock source latency
     1    0.020088    0.072004    0.049386   20.049387 ^ clk (in)
                                                         clk (net)
                      0.072017    0.000000   20.049387 ^ clkbuf_0_clk/A (sky130_fd_sc_hd__clkbuf_16)
     8    0.084509    0.077719    0.131609   20.180996 ^ clkbuf_0_clk/X (sky130_fd_sc_hd__clkbuf_16)
                                                         clknet_0_clk (net)
                      0.077932    0.003249   20.184244 ^ clkbuf_3_6__f_clk/A (sky130_fd_sc_hd__clkbuf_16)
     8    0.025024    0.034993    0.100568   20.284813 ^ clkbuf_3_6__f_clk/X (sky130_fd_sc_hd__clkbuf_16)
                                                         clknet_3_6__leaf_clk (net)
                      0.035036    0.001036   20.285849 ^ _1635_/CLK (sky130_fd_sc_hd__dfxtp_2)
                                 -0.250000   20.035849   clock uncertainty
                                  0.000000   20.035849   clock reconvergence pessimism
                                 -0.072872   19.962978   library setup time
                                             19.962978   data required time
---------------------------------------------------------------------------------------------
                                             19.962978   data required time
                                             -0.832188   data arrival time
---------------------------------------------------------------------------------------------
                                             19.130791   slack (MET)



