
===========================================================================
report_checks -path_delay min (Hold)
============================================================================
======================= nom_ff_n40C_1v95 Corner ===================================

Startpoint: _1601_ (rising edge-triggered flip-flop clocked by clk)
Endpoint: _1601_ (rising edge-triggered flip-flop clocked by clk)
Path Group: clk
Path Type: min

Fanout         Cap        Slew       Delay        Time   Description
---------------------------------------------------------------------------------------------
                                  0.000000    0.000000   clock clk (rise edge)
                                  0.000000    0.000000   clock source latency
     1    0.020088    0.072004    0.049386    0.049386 ^ clk (in)
                                                         clk (net)
                      0.072017    0.000000    0.049386 ^ clkbuf_0_clk/A (sky130_fd_sc_hd__clkbuf_16)
     8    0.084509    0.077719    0.131609    0.180996 ^ clkbuf_0_clk/X (sky130_fd_sc_hd__clkbuf_16)
                                                         clknet_0_clk (net)
                      0.077893    0.002944    0.183940 ^ clkbuf_3_0__f_clk/A (sky130_fd_sc_hd__clkbuf_16)
     8    0.024648    0.034736    0.100441    0.284381 ^ clkbuf_3_0__f_clk/X (sky130_fd_sc_hd__clkbuf_16)
                                                         clknet_3_0__leaf_clk (net)
                      0.034739    0.000439    0.284820 ^ _1601_/CLK (sky130_fd_sc_hd__dfxtp_2)
     4    0.022195    0.088841    0.239500    0.524319 ^ _1601_/Q (sky130_fd_sc_hd__dfxtp_2)
                                                         u_dp.acc_q[1] (net)
                      0.088841    0.000298    0.524617 ^ _1480_/A1 (sky130_fd_sc_hd__o211a_2)
     1    0.003004    0.026695    0.105701    0.630318 ^ _1480_/X (sky130_fd_sc_hd__o211a_2)
                                                         _0029_ (net)
                      0.026695    0.000068    0.630386 ^ _1601_/D (sky130_fd_sc_hd__dfxtp_2)
                                              0.630386   data arrival time

                                  0.000000    0.000000   clock clk (rise edge)
                                  0.000000    0.000000   clock source latency
     1    0.020088    0.072004    0.049386    0.049386 ^ clk (in)
                                                         clk (net)
                      0.072017    0.000000    0.049386 ^ clkbuf_0_clk/A (sky130_fd_sc_hd__clkbuf_16)
     8    0.084509    0.077719    0.131609    0.180996 ^ clkbuf_0_clk/X (sky130_fd_sc_hd__clkbuf_16)
                                                         clknet_0_clk (net)
                      0.077893    0.002944    0.183940 ^ clkbuf_3_0__f_clk/A (sky130_fd_sc_hd__clkbuf_16)
     8    0.024648    0.034736    0.100441    0.284381 ^ clkbuf_3_0__f_clk/X (sky130_fd_sc_hd__clkbuf_16)
                                                         clknet_3_0__leaf_clk (net)
                      0.034739    0.000439    0.284820 ^ _1601_/CLK (sky130_fd_sc_hd__dfxtp_2)
                                  0.250000    0.534820   clock uncertainty
                                  0.000000    0.534820   clock reconvergence pessimism
                                 -0.016906    0.517913   library hold time
                                              0.517913   data required time
---------------------------------------------------------------------------------------------
                                              0.517913   data required time
                                             -0.630386   data arrival time
---------------------------------------------------------------------------------------------
                                              0.112473   slack (MET)


Startpoint: _1609_ (rising edge-triggered flip-flop clocked by clk)
Endpoint: _1609_ (rising edge-triggered flip-flop clocked by clk)
Path Group: clk
Path Type: min

Fanout         Cap        Slew       Delay        Time   Description
---------------------------------------------------------------------------------------------
                                  0.000000    0.000000   clock clk (rise edge)
                                  0.000000    0.000000   clock source latency
     1    0.020088    0.072004    0.049386    0.049386 ^ clk (in)
                                                         clk (net)
                      0.072017    0.000000    0.049386 ^ clkbuf_0_clk/A (sky130_fd_sc_hd__clkbuf_16)
     8    0.084509    0.077719    0.131609    0.180996 ^ clkbuf_0_clk/X (sky130_fd_sc_hd__clkbuf_16)
                                                         clknet_0_clk (net)
                      0.077889    0.002913    0.183909 ^ clkbuf_3_1__f_clk/A (sky130_fd_sc_hd__clkbuf_16)
     8    0.024162    0.034411    0.100211    0.284120 ^ clkbuf_3_1__f_clk/X (sky130_fd_sc_hd__clkbuf_16)
                                                         clknet_3_1__leaf_clk (net)
                      0.034417    0.000427    0.284547 ^ _1609_/CLK (sky130_fd_sc_hd__dfxtp_2)
     4    0.024133    0.095934    0.244363    0.528910 ^ _1609_/Q (sky130_fd_sc_hd__dfxtp_2)
                                                         u_dp.acc_q[9] (net)
                      0.095934    0.000373    0.529283 ^ _1507_/A1 (sky130_fd_sc_hd__o211a_2)
     1    0.002285    0.024023    0.103714    0.632997 ^ _1507_/X (sky130_fd_sc_hd__o211a_2)
                                                         _0037_ (net)
                      0.024023    0.000067    0.633063 ^ _1609_/D (sky130_fd_sc_hd__dfxtp_2)
                                              0.633063   data arrival time

                                  0.000000    0.000000   clock clk (rise edge)
                                  0.000000    0.000000   clock source latency
     1    0.020088    0.072004    0.049386    0.049386 ^ clk (in)
                                                         clk (net)
                      0.072017    0.000000    0.049386 ^ clkbuf_0_clk/A (sky130_fd_sc_hd__clkbuf_16)
     8    0.084509    0.077719    0.131609    0.180996 ^ clkbuf_0_clk/X (sky130_fd_sc_hd__clkbuf_16)
                                                         clknet_0_clk (net)
                      0.077889    0.002913    0.183909 ^ clkbuf_3_1__f_clk/A (sky130_fd_sc_hd__clkbuf_16)
     8    0.024162    0.034411    0.100211    0.284120 ^ clkbuf_3_1__f_clk/X (sky130_fd_sc_hd__clkbuf_16)
                                                         clknet_3_1__leaf_clk (net)
                      0.034417    0.000427    0.284547 ^ _1609_/CLK (sky130_fd_sc_hd__dfxtp_2)
                                  0.250000    0.534547   clock uncertainty
                                  0.000000    0.534547   clock reconvergence pessimism
                                 -0.016725    0.517822   library hold time
                                              0.517822   data required time
---------------------------------------------------------------------------------------------
                                              0.517822   data required time
                                             -0.633063   data arrival time
---------------------------------------------------------------------------------------------
                                              0.115242   slack (MET)


Startpoint: _1630_ (rising edge-triggered flip-flop clocked by clk)
Endpoint: _1630_ (rising edge-triggered flip-flop clocked by clk)
Path Group: clk
Path Type: min

Fanout         Cap        Slew       Delay        Time   Description
---------------------------------------------------------------------------------------------
                                  0.000000    0.000000   clock clk (rise edge)
                                  0.000000    0.000000   clock source latency
     1    0.020088    0.072004    0.049386    0.049386 ^ clk (in)
                                                         clk (net)
                      0.072017    0.000000    0.049386 ^ clkbuf_0_clk/A (sky130_fd_sc_hd__clkbuf_16)
     8    0.084509    0.077719    0.131609    0.180996 ^ clkbuf_0_clk/X (sky130_fd_sc_hd__clkbuf_16)
                                                         clknet_0_clk (net)
                      0.077883    0.002863    0.183859 ^ clkbuf_3_2__f_clk/A (sky130_fd_sc_hd__clkbuf_16)
     8    0.025423    0.035258    0.100861    0.284719 ^ clkbuf_3_2__f_clk/X (sky130_fd_sc_hd__clkbuf_16)
                                                         clknet_3_2__leaf_clk (net)
                      0.035292    0.000934    0.285653 ^ _1630_/CLK (sky130_fd_sc_hd__dfxtp_2)
     4    0.012723    0.032607    0.210585    0.496238 v _1630_/Q (sky130_fd_sc_hd__dfxtp_2)
                                                         u_sync.lock_cnt[0] (net)
                      0.032608    0.000193    0.496431 v _1569_/A (sky130_fd_sc_hd__nand2_2)
     2    0.009734    0.045238    0.051546    0.547977 ^ _1569_/Y (sky130_fd_sc_hd__nand2_2)
                                                         _0785_ (net)
                      0.045240    0.000226    0.548203 ^ _1570_/B1 (sky130_fd_sc_hd__o2111a_2)
     1    0.002775    0.024508    0.086986    0.635189 ^ _1570_/X (sky130_fd_sc_hd__o2111a_2)
                                                         _0057_ (net)
                      0.024515    0.000084    0.635272 ^ _1630_/D (sky130_fd_sc_hd__dfxtp_2)
                                              0.635272   data arrival time

                                  0.000000    0.000000   clock clk (rise edge)
                                  0.000000    0.000000   clock source latency
     1    0.020088    0.072004    0.049386    0.049386 ^ clk (in)
                                                         clk (net)
                      0.072017    0.000000    0.049386 ^ clkbuf_0_clk/A (sky130_fd_sc_hd__clkbuf_16)
     8    0.084509    0.077719    0.131609    0.180996 ^ clkbuf_0_clk/X (sky130_fd_sc_hd__clkbuf_16)
                                                         clknet_0_clk (net)
                      0.077883    0.002863    0.183859 ^ clkbuf_3_2__f_clk/A (sky130_fd_sc_hd__clkbuf_16)
     8    0.025423    0.035258    0.100861    0.284719 ^ clkbuf_3_2__f_clk/X (sky130_fd_sc_hd__clkbuf_16)
                                                         clknet_3_2__leaf_clk (net)
                      0.035292    0.000934    0.285653 ^ _1630_/CLK (sky130_fd_sc_hd__dfxtp_2)
                                  0.250000    0.535653   clock uncertainty
                                  0.000000    0.535653   clock reconvergence pessimism
                                 -0.016739    0.518914   library hold time
                                              0.518914   data required time
---------------------------------------------------------------------------------------------
                                              0.518914   data required time
                                             -0.635272   data arrival time
---------------------------------------------------------------------------------------------
                                              0.116358   slack (MET)


Startpoint: _1606_ (rising edge-triggered flip-flop clocked by clk)
Endpoint: _1606_ (rising edge-triggered flip-flop clocked by clk)
Path Group: clk
Path Type: min

Fanout         Cap        Slew       Delay        Time   Description
---------------------------------------------------------------------------------------------
                                  0.000000    0.000000   clock clk (rise edge)
                                  0.000000    0.000000   clock source latency
     1    0.020088    0.072004    0.049386    0.049386 ^ clk (in)
                                                         clk (net)
                      0.072017    0.000000    0.049386 ^ clkbuf_0_clk/A (sky130_fd_sc_hd__clkbuf_16)
     8    0.084509    0.077719    0.131609    0.180996 ^ clkbuf_0_clk/X (sky130_fd_sc_hd__clkbuf_16)
                                                         clknet_0_clk (net)
                      0.077813    0.002180    0.183175 ^ clkbuf_3_4__f_clk/A (sky130_fd_sc_hd__clkbuf_16)
     8    0.032738    0.040439    0.105690    0.288865 ^ clkbuf_3_4__f_clk/X (sky130_fd_sc_hd__clkbuf_16)
                                                         clknet_3_4__leaf_clk (net)
                      0.040449    0.001161    0.290026 ^ _1606_/CLK (sky130_fd_sc_hd__dfxtp_2)
     4    0.024499    0.097274    0.247000    0.537026 ^ _1606_/Q (sky130_fd_sc_hd__dfxtp_2)
                                                         u_dp.acc_q[6] (net)
                      0.097274    0.000296    0.537322 ^ _1496_/A1 (sky130_fd_sc_hd__o211a_2)
     1    0.002165    0.023580    0.103408    0.640730 ^ _1496_/X (sky130_fd_sc_hd__o211a_2)
                                                         _0034_ (net)
                      0.023580    0.000043    0.640773 ^ _1606_/D (sky130_fd_sc_hd__dfxtp_2)
                                              0.640773   data arrival time

                                  0.000000    0.000000   clock clk (rise edge)
                                  0.000000    0.000000   clock source latency
     1    0.020088    0.072004    0.049386    0.049386 ^ clk (in)
                                                         clk (net)
                      0.072017    0.000000    0.049386 ^ clkbuf_0_clk/A (sky130_fd_sc_hd__clkbuf_16)
     8    0.084509    0.077719    0.131609    0.180996 ^ clkbuf_0_clk/X (sky130_fd_sc_hd__clkbuf_16)
                                                         clknet_0_clk (net)
                      0.077813    0.002180    0.183175 ^ clkbuf_3_4__f_clk/A (sky130_fd_sc_hd__clkbuf_16)
     8    0.032738    0.040439    0.105690    0.288865 ^ clkbuf_3_4__f_clk/X (sky130_fd_sc_hd__clkbuf_16)
                                                         clknet_3_4__leaf_clk (net)
                      0.040449    0.001161    0.290026 ^ _1606_/CLK (sky130_fd_sc_hd__dfxtp_2)
                                  0.250000    0.540026   clock uncertainty
                                  0.000000    0.540026   clock reconvergence pessimism
                                 -0.016550    0.523476   library hold time
                                              0.523476   data required time
---------------------------------------------------------------------------------------------
                                              0.523476   data required time
                                             -0.640773   data arrival time
---------------------------------------------------------------------------------------------
                                              0.117297   slack (MET)


Startpoint: _1603_ (rising edge-triggered flip-flop clocked by clk)
Endpoint: _1603_ (rising edge-triggered flip-flop clocked by clk)
Path Group: clk
Path Type: min

Fanout         Cap        Slew       Delay        Time   Description
---------------------------------------------------------------------------------------------
                                  0.000000    0.000000   clock clk (rise edge)
                                  0.000000    0.000000   clock source latency
     1    0.020088    0.072004    0.049386    0.049386 ^ clk (in)
                                                         clk (net)
                      0.072017    0.000000    0.049386 ^ clkbuf_0_clk/A (sky130_fd_sc_hd__clkbuf_16)
     8    0.084509    0.077719    0.131609    0.180996 ^ clkbuf_0_clk/X (sky130_fd_sc_hd__clkbuf_16)
                                                         clknet_0_clk (net)
                      0.077883    0.002863    0.183859 ^ clkbuf_3_2__f_clk/A (sky130_fd_sc_hd__clkbuf_16)
     8    0.025423    0.035258    0.100861    0.284719 ^ clkbuf_3_2__f_clk/X (sky130_fd_sc_hd__clkbuf_16)
                                                         clknet_3_2__leaf_clk (net)
                      0.035258    0.000322    0.285042 ^ _1603_/CLK (sky130_fd_sc_hd__dfxtp_2)
     5    0.024510    0.097345    0.245372    0.530414 ^ _1603_/Q (sky130_fd_sc_hd__dfxtp_2)
                                                         u_dp.acc_q[3] (net)
                      0.097348    0.000654    0.531068 ^ _1486_/A1 (sky130_fd_sc_hd__o211a_2)
     1    0.002564    0.025058    0.105038    0.636106 ^ _1486_/X (sky130_fd_sc_hd__o211a_2)
                                                         _0031_ (net)
                      0.025062    0.000076    0.636182 ^ _1603_/D (sky130_fd_sc_hd__dfxtp_2)
                                              0.636182   data arrival time

                                  0.000000    0.000000   clock clk (rise edge)
                                  0.000000    0.000000   clock source latency
     1    0.020088    0.072004    0.049386    0.049386 ^ clk (in)
                                                         clk (net)
                      0.072017    0.000000    0.049386 ^ clkbuf_0_clk/A (sky130_fd_sc_hd__clkbuf_16)
     8    0.084509    0.077719    0.131609    0.180996 ^ clkbuf_0_clk/X (sky130_fd_sc_hd__clkbuf_16)
                                                         clknet_0_clk (net)
                      0.077883    0.002863    0.183859 ^ clkbuf_3_2__f_clk/A (sky130_fd_sc_hd__clkbuf_16)
     8    0.025423    0.035258    0.100861    0.284719 ^ clkbuf_3_2__f_clk/X (sky130_fd_sc_hd__clkbuf_16)
                                                         clknet_3_2__leaf_clk (net)
                      0.035258    0.000322    0.285042 ^ _1603_/CLK (sky130_fd_sc_hd__dfxtp_2)
                                  0.250000    0.535042   clock uncertainty
                                  0.000000    0.535042   clock reconvergence pessimism
                                 -0.016778    0.518263   library hold time
                                              0.518263   data required time
---------------------------------------------------------------------------------------------
                                              0.518263   data required time
                                             -0.636182   data arrival time
---------------------------------------------------------------------------------------------
                                              0.117919   slack (MET)


Startpoint: _1602_ (rising edge-triggered flip-flop clocked by clk)
Endpoint: _1602_ (rising edge-triggered flip-flop clocked by clk)
Path Group: clk
Path Type: min

Fanout         Cap        Slew       Delay        Time   Description
---------------------------------------------------------------------------------------------
                                  0.000000    0.000000   clock clk (rise edge)
                                  0.000000    0.000000   clock source latency
     1    0.020088    0.072004    0.049386    0.049386 ^ clk (in)
                                                         clk (net)
                      0.072017    0.000000    0.049386 ^ clkbuf_0_clk/A (sky130_fd_sc_hd__clkbuf_16)
     8    0.084509    0.077719    0.131609    0.180996 ^ clkbuf_0_clk/X (sky130_fd_sc_hd__clkbuf_16)
                                                         clknet_0_clk (net)
                      0.077894    0.002951    0.183947 ^ clkbuf_3_3__f_clk/A (sky130_fd_sc_hd__clkbuf_16)
     8    0.031698    0.039752    0.105162    0.289108 ^ clkbuf_3_3__f_clk/X (sky130_fd_sc_hd__clkbuf_16)
                                                         clknet_3_3__leaf_clk (net)
                      0.039756    0.000726    0.289835 ^ _1602_/CLK (sky130_fd_sc_hd__dfxtp_2)
     5    0.024699    0.098034    0.247154    0.536988 ^ _1602_/Q (sky130_fd_sc_hd__dfxtp_2)
                                                         u_dp.acc_q[2] (net)
                      0.098038    0.000736    0.537725 ^ _1483_/A1 (sky130_fd_sc_hd__o211a_2)
     1    0.002323    0.024169    0.104154    0.641879 ^ _1483_/X (sky130_fd_sc_hd__o211a_2)
                                                         _0030_ (net)
                      0.024169    0.000049    0.641928 ^ _1602_/D (sky130_fd_sc_hd__dfxtp_2)
                                              0.641928   data arrival time

                                  0.000000    0.000000   clock clk (rise edge)
                                  0.000000    0.000000   clock source latency
     1    0.020088    0.072004    0.049386    0.049386 ^ clk (in)
                                                         clk (net)
                      0.072017    0.000000    0.049386 ^ clkbuf_0_clk/A (sky130_fd_sc_hd__clkbuf_16)
     8    0.084509    0.077719    0.131609    0.180996 ^ clkbuf_0_clk/X (sky130_fd_sc_hd__clkbuf_16)
                                                         clknet_0_clk (net)
                      0.077894    0.002951    0.183947 ^ clkbuf_3_3__f_clk/A (sky130_fd_sc_hd__clkbuf_16)
     8    0.031698    0.039752    0.105162    0.289108 ^ clkbuf_3_3__f_clk/X (sky130_fd_sc_hd__clkbuf_16)
                                                         clknet_3_3__leaf_clk (net)
                      0.039756    0.000726    0.289835 ^ _1602_/CLK (sky130_fd_sc_hd__dfxtp_2)
                                  0.250000    0.539835   clock uncertainty
                                  0.000000    0.539835   clock reconvergence pessimism
                                 -0.016608    0.523227   library hold time
                                              0.523227   data required time
---------------------------------------------------------------------------------------------
                                              0.523227   data required time
                                             -0.641928   data arrival time
---------------------------------------------------------------------------------------------
                                              0.118701   slack (MET)


Startpoint: _1615_ (rising edge-triggered flip-flop clocked by clk)
Endpoint: _1615_ (rising edge-triggered flip-flop clocked by clk)
Path Group: clk
Path Type: min

Fanout         Cap        Slew       Delay        Time   Description
---------------------------------------------------------------------------------------------
                                  0.000000    0.000000   clock clk (rise edge)
                                  0.000000    0.000000   clock source latency
     1    0.020088    0.072004    0.049386    0.049386 ^ clk (in)
                                                         clk (net)
                      0.072017    0.000000    0.049386 ^ clkbuf_0_clk/A (sky130_fd_sc_hd__clkbuf_16)
     8    0.084509    0.077719    0.131609    0.180996 ^ clkbuf_0_clk/X (sky130_fd_sc_hd__clkbuf_16)
                                                         clknet_0_clk (net)
                      0.077889    0.002913    0.183909 ^ clkbuf_3_1__f_clk/A (sky130_fd_sc_hd__clkbuf_16)
     8    0.024162    0.034411    0.100211    0.284120 ^ clkbuf_3_1__f_clk/X (sky130_fd_sc_hd__clkbuf_16)
                                                         clknet_3_1__leaf_clk (net)
                      0.034420    0.000513    0.284632 ^ _1615_/CLK (sky130_fd_sc_hd__dfxtp_2)
     4    0.025563    0.101204    0.247812    0.532445 ^ _1615_/Q (sky130_fd_sc_hd__dfxtp_2)
                                                         u_dp.acc_q[15] (net)
                      0.101206    0.000613    0.533058 ^ _1533_/A1 (sky130_fd_sc_hd__o211a_2)
     1    0.002223    0.023798    0.104164    0.637221 ^ _1533_/X (sky130_fd_sc_hd__o211a_2)
                                                         _0043_ (net)
                      0.023798    0.000064    0.637285 ^ _1615_/D (sky130_fd_sc_hd__dfxtp_2)
                                              0.637285   data arrival time

                                  0.000000    0.000000   clock clk (rise edge)
                                  0.000000    0.000000   clock source latency
     1    0.020088    0.072004    0.049386    0.049386 ^ clk (in)
                                                         clk (net)
                      0.072017    0.000000    0.049386 ^ clkbuf_0_clk/A (sky130_fd_sc_hd__clkbuf_16)
     8    0.084509    0.077719    0.131609    0.180996 ^ clkbuf_0_clk/X (sky130_fd_sc_hd__clkbuf_16)
                                                         clknet_0_clk (net)
                      0.077889    0.002913    0.183909 ^ clkbuf_3_1__f_clk/A (sky130_fd_sc_hd__clkbuf_16)
     8    0.024162    0.034411    0.100211    0.284120 ^ clkbuf_3_1__f_clk/X (sky130_fd_sc_hd__clkbuf_16)
                                                         clknet_3_1__leaf_clk (net)
                      0.034420    0.000513    0.284632 ^ _1615_/CLK (sky130_fd_sc_hd__dfxtp_2)
                                  0.250000    0.534632   clock uncertainty
                                  0.000000    0.534632   clock reconvergence pessimism
                                 -0.016709    0.517923   library hold time
                                              0.517923   data required time
---------------------------------------------------------------------------------------------
                                              0.517923   data required time
                                             -0.637285   data arrival time
---------------------------------------------------------------------------------------------
                                              0.119362   slack (MET)


Startpoint: _1622_ (rising edge-triggered flip-flop clocked by clk)
Endpoint: _1622_ (rising edge-triggered flip-flop clocked by clk)
Path Group: clk
Path Type: min

Fanout         Cap        Slew       Delay        Time   Description
---------------------------------------------------------------------------------------------
                                  0.000000    0.000000   clock clk (rise edge)
                                  0.000000    0.000000   clock source latency
     1    0.020088    0.072004    0.049386    0.049386 ^ clk (in)
                                                         clk (net)
                      0.072017    0.000000    0.049386 ^ clkbuf_0_clk/A (sky130_fd_sc_hd__clkbuf_16)
     8    0.084509    0.077719    0.131609    0.180996 ^ clkbuf_0_clk/X (sky130_fd_sc_hd__clkbuf_16)
                                                         clknet_0_clk (net)
                      0.077893    0.002944    0.183940 ^ clkbuf_3_0__f_clk/A (sky130_fd_sc_hd__clkbuf_16)
     8    0.024648    0.034736    0.100441    0.284381 ^ clkbuf_3_0__f_clk/X (sky130_fd_sc_hd__clkbuf_16)
                                                         clknet_3_0__leaf_clk (net)
                      0.034744    0.000522    0.284903 ^ _1622_/CLK (sky130_fd_sc_hd__dfxtp_2)
     4    0.026288    0.103855    0.249774    0.534677 ^ _1622_/Q (sky130_fd_sc_hd__dfxtp_2)
                                                         u_dp.acc_q[22] (net)
                      0.103857    0.000677    0.535354 ^ _1559_/A1 (sky130_fd_sc_hd__o211a_2)
     1    0.002105    0.023358    0.104042    0.639396 ^ _1559_/X (sky130_fd_sc_hd__o211a_2)
                                                         _0050_ (net)
                      0.023358    0.000043    0.639439 ^ _1622_/D (sky130_fd_sc_hd__dfxtp_2)
                                              0.639439   data arrival time

                                  0.000000    0.000000   clock clk (rise edge)
                                  0.000000    0.000000   clock source latency
     1    0.020088    0.072004    0.049386    0.049386 ^ clk (in)
                                                         clk (net)
                      0.072017    0.000000    0.049386 ^ clkbuf_0_clk/A (sky130_fd_sc_hd__clkbuf_16)
     8    0.084509    0.077719    0.131609    0.180996 ^ clkbuf_0_clk/X (sky130_fd_sc_hd__clkbuf_16)
                                                         clknet_0_clk (net)
                      0.077893    0.002944    0.183940 ^ clkbuf_3_0__f_clk/A (sky130_fd_sc_hd__clkbuf_16)
     8    0.024648    0.034736    0.100441    0.284381 ^ clkbuf_3_0__f_clk/X (sky130_fd_sc_hd__clkbuf_16)
                                                         clknet_3_0__leaf_clk (net)
                      0.034744    0.000522    0.284903 ^ _1622_/CLK (sky130_fd_sc_hd__dfxtp_2)
                                  0.250000    0.534903   clock uncertainty
                                  0.000000    0.534903   clock reconvergence pessimism
                                 -0.016670    0.518233   library hold time
                                              0.518233   data required time
---------------------------------------------------------------------------------------------
                                              0.518233   data required time
                                             -0.639439   data arrival time
---------------------------------------------------------------------------------------------
                                              0.121206   slack (MET)


Startpoint: _1592_ (rising edge-triggered flip-flop clocked by clk)
Endpoint: _1592_ (rising edge-triggered flip-flop clocked by clk)
Path Group: clk
Path Type: min

Fanout         Cap        Slew       Delay        Time   Description
---------------------------------------------------------------------------------------------
                                  0.000000    0.000000   clock clk (rise edge)
                                  0.000000    0.000000   clock source latency
     1    0.020088    0.072004    0.049386    0.049386 ^ clk (in)
                                                         clk (net)
                      0.072017    0.000000    0.049386 ^ clkbuf_0_clk/A (sky130_fd_sc_hd__clkbuf_16)
     8    0.084509    0.077719    0.131609    0.180996 ^ clkbuf_0_clk/X (sky130_fd_sc_hd__clkbuf_16)
                                                         clknet_0_clk (net)
                      0.077892    0.002942    0.183937 ^ clkbuf_3_5__f_clk/A (sky130_fd_sc_hd__clkbuf_16)
     8    0.030128    0.038547    0.104298    0.288235 ^ clkbuf_3_5__f_clk/X (sky130_fd_sc_hd__clkbuf_16)
                                                         clknet_3_5__leaf_clk (net)
                      0.038552    0.000424    0.288658 ^ _1592_/CLK (sky130_fd_sc_hd__dfxtp_2)
     2    0.009588    0.043917    0.208051    0.496710 ^ _1592_/Q (sky130_fd_sc_hd__dfxtp_2)
                                                         u_dp.b_q[0] (net)
                      0.043917    0.000215    0.496925 ^ _1457_/A (sky130_fd_sc_hd__or2_2)
     1    0.004234    0.025600    0.070986    0.567911 ^ _1457_/X (sky130_fd_sc_hd__or2_2)
                                                         _0710_ (net)
                      0.025600    0.000130    0.568040 ^ _1458_/B1 (sky130_fd_sc_hd__o211a_2)
     1    0.002747    0.025761    0.077941    0.645982 ^ _1458_/X (sky130_fd_sc_hd__o211a_2)
                                                         _0020_ (net)
                      0.025762    0.000083    0.646065 ^ _1592_/D (sky130_fd_sc_hd__dfxtp_2)
                                              0.646065   data arrival time

                                  0.000000    0.000000   clock clk (rise edge)
                                  0.000000    0.000000   clock source latency
     1    0.020088    0.072004    0.049386    0.049386 ^ clk (in)
                                                         clk (net)
                      0.072017    0.000000    0.049386 ^ clkbuf_0_clk/A (sky130_fd_sc_hd__clkbuf_16)
     8    0.084509    0.077719    0.131609    0.180996 ^ clkbuf_0_clk/X (sky130_fd_sc_hd__clkbuf_16)
                                                         clknet_0_clk (net)
                      0.077892    0.002942    0.183937 ^ clkbuf_3_5__f_clk/A (sky130_fd_sc_hd__clkbuf_16)
     8    0.030128    0.038547    0.104298    0.288235 ^ clkbuf_3_5__f_clk/X (sky130_fd_sc_hd__clkbuf_16)
                                                         clknet_3_5__leaf_clk (net)
                      0.038552    0.000424    0.288658 ^ _1592_/CLK (sky130_fd_sc_hd__dfxtp_2)
                                  0.250000    0.538658   clock uncertainty
                                  0.000000    0.538658   clock reconvergence pessimism
                                 -0.016749    0.521909   library hold time
                                              0.521909   data required time
---------------------------------------------------------------------------------------------
                                              0.521909   data required time
                                             -0.646065   data arrival time
---------------------------------------------------------------------------------------------
                                              0.124156   slack (MET)


Startpoint: _1584_ (rising edge-triggered flip-flop clocked by clk)
Endpoint: _1584_ (rising edge-triggered flip-flop clocked by clk)
Path Group: clk
Path Type: min

Fanout         Cap        Slew       Delay        Time   Description
---------------------------------------------------------------------------------------------
                                  0.000000    0.000000   clock clk (rise edge)
                                  0.000000    0.000000   clock source latency
     1    0.020088    0.072004    0.049386    0.049386 ^ clk (in)
                                                         clk (net)
                      0.072017    0.000000    0.049386 ^ clkbuf_0_clk/A (sky130_fd_sc_hd__clkbuf_16)
     8    0.084509    0.077719    0.131609    0.180996 ^ clkbuf_0_clk/X (sky130_fd_sc_hd__clkbuf_16)
                                                         clknet_0_clk (net)
                      0.077892    0.002942    0.183937 ^ clkbuf_3_5__f_clk/A (sky130_fd_sc_hd__clkbuf_16)
     8    0.030128    0.038547    0.104298    0.288235 ^ clkbuf_3_5__f_clk/X (sky130_fd_sc_hd__clkbuf_16)
                                                         clknet_3_5__leaf_clk (net)
                      0.038553    0.000469    0.288704 ^ _1584_/CLK (sky130_fd_sc_hd__dfxtp_2)
     5    0.026774    0.105602    0.252300    0.541003 ^ _1584_/Q (sky130_fd_sc_hd__dfxtp_2)
                                                         u_dp.a_q[0] (net)
                      0.105603    0.000604    0.541607 ^ _1440_/A1 (sky130_fd_sc_hd__o211a_2)
     1    0.002212    0.023767    0.104707    0.646314 ^ _1440_/X (sky130_fd_sc_hd__o211a_2)
                                                         _0012_ (net)
                      0.023767    0.000063    0.646377 ^ _1584_/D (sky130_fd_sc_hd__dfxtp_2)
                                              0.646377   data arrival time

                                  0.000000    0.000000   clock clk (rise edge)
                                  0.000000    0.000000   clock source latency
     1    0.020088    0.072004    0.049386    0.049386 ^ clk (in)
                                                         clk (net)
                      0.072017    0.000000    0.049386 ^ clkbuf_0_clk/A (sky130_fd_sc_hd__clkbuf_16)
     8    0.084509    0.077719    0.131609    0.180996 ^ clkbuf_0_clk/X (sky130_fd_sc_hd__clkbuf_16)
                                                         clknet_0_clk (net)
                      0.077892    0.002942    0.183937 ^ clkbuf_3_5__f_clk/A (sky130_fd_sc_hd__clkbuf_16)
     8    0.030128    0.038547    0.104298    0.288235 ^ clkbuf_3_5__f_clk/X (sky130_fd_sc_hd__clkbuf_16)
                                                         clknet_3_5__leaf_clk (net)
                      0.038553    0.000469    0.288704 ^ _1584_/CLK (sky130_fd_sc_hd__dfxtp_2)
                                  0.250000    0.538704   clock uncertainty
                                  0.000000    0.538704   clock reconvergence pessimism
                                 -0.016608    0.522095   library hold time
                                              0.522095   data required time
---------------------------------------------------------------------------------------------
                                              0.522095   data required time
                                             -0.646377   data arrival time
---------------------------------------------------------------------------------------------
                                              0.124282   slack (MET)


Startpoint: _1621_ (rising edge-triggered flip-flop clocked by clk)
Endpoint: _1621_ (rising edge-triggered flip-flop clocked by clk)
Path Group: clk
Path Type: min

Fanout         Cap        Slew       Delay        Time   Description
---------------------------------------------------------------------------------------------
                                  0.000000    0.000000   clock clk (rise edge)
                                  0.000000    0.000000   clock source latency
     1    0.020088    0.072004    0.049386    0.049386 ^ clk (in)
                                                         clk (net)
                      0.072017    0.000000    0.049386 ^ clkbuf_0_clk/A (sky130_fd_sc_hd__clkbuf_16)
     8    0.084509    0.077719    0.131609    0.180996 ^ clkbuf_0_clk/X (sky130_fd_sc_hd__clkbuf_16)
                                                         clknet_0_clk (net)
                      0.077893    0.002944    0.183940 ^ clkbuf_3_0__f_clk/A (sky130_fd_sc_hd__clkbuf_16)
     8    0.024648    0.034736    0.100441    0.284381 ^ clkbuf_3_0__f_clk/X (sky130_fd_sc_hd__clkbuf_16)
                                                         clknet_3_0__leaf_clk (net)
                      0.034767    0.000877    0.285258 ^ _1621_/CLK (sky130_fd_sc_hd__dfxtp_2)
     4    0.026397    0.104232    0.250176    0.535434 ^ _1621_/Q (sky130_fd_sc_hd__dfxtp_2)
                                                         u_dp.acc_q[21] (net)
                      0.104233    0.000543    0.535978 ^ _1556_/A1 (sky130_fd_sc_hd__o211a_2)
     1    0.003064    0.026914    0.107995    0.643973 ^ _1556_/X (sky130_fd_sc_hd__o211a_2)
                                                         _0049_ (net)
                      0.026914    0.000090    0.644063 ^ _1621_/D (sky130_fd_sc_hd__dfxtp_2)
                                              0.644063   data arrival time

                                  0.000000    0.000000   clock clk (rise edge)
                                  0.000000    0.000000   clock source latency
     1    0.020088    0.072004    0.049386    0.049386 ^ clk (in)
                                                         clk (net)
                      0.072017    0.000000    0.049386 ^ clkbuf_0_clk/A (sky130_fd_sc_hd__clkbuf_16)
     8    0.084509    0.077719    0.131609    0.180996 ^ clkbuf_0_clk/X (sky130_fd_sc_hd__clkbuf_16)
                                                         clknet_0_clk (net)
                      0.077893    0.002944    0.183940 ^ clkbuf_3_0__f_clk/A (sky130_fd_sc_hd__clkbuf_16)
     8    0.024648    0.034736    0.100441    0.284381 ^ clkbuf_3_0__f_clk/X (sky130_fd_sc_hd__clkbuf_16)
                                                         clknet_3_0__leaf_clk (net)
                      0.034767    0.000877    0.285258 ^ _1621_/CLK (sky130_fd_sc_hd__dfxtp_2)
                                  0.250000    0.535258   clock uncertainty
                                  0.000000    0.535258   clock reconvergence pessimism
                                 -0.016921    0.518337   library hold time
                                              0.518337   data required time
---------------------------------------------------------------------------------------------
                                              0.518337   data required time
                                             -0.644063   data arrival time
---------------------------------------------------------------------------------------------
                                              0.125726   slack (MET)


Startpoint: _1607_ (rising edge-triggered flip-flop clocked by clk)
Endpoint: _1607_ (rising edge-triggered flip-flop clocked by clk)
Path Group: clk
Path Type: min

Fanout         Cap        Slew       Delay        Time   Description
---------------------------------------------------------------------------------------------
                                  0.000000    0.000000   clock clk (rise edge)
                                  0.000000    0.000000   clock source latency
     1    0.020088    0.072004    0.049386    0.049386 ^ clk (in)
                                                         clk (net)
                      0.072017    0.000000    0.049386 ^ clkbuf_0_clk/A (sky130_fd_sc_hd__clkbuf_16)
     8    0.084509    0.077719    0.131609    0.180996 ^ clkbuf_0_clk/X (sky130_fd_sc_hd__clkbuf_16)
                                                         clknet_0_clk (net)
                      0.077813    0.002180    0.183175 ^ clkbuf_3_4__f_clk/A (sky130_fd_sc_hd__clkbuf_16)
     8    0.032738    0.040439    0.105690    0.288865 ^ clkbuf_3_4__f_clk/X (sky130_fd_sc_hd__clkbuf_16)
                                                         clknet_3_4__leaf_clk (net)
                      0.040444    0.000821    0.289686 ^ _1607_/CLK (sky130_fd_sc_hd__dfxtp_2)
     4    0.026686    0.105304    0.252436    0.542122 ^ _1607_/Q (sky130_fd_sc_hd__dfxtp_2)
                                                         u_dp.acc_q[7] (net)
                      0.105304    0.000460    0.542582 ^ _1499_/A1 (sky130_fd_sc_hd__o211a_2)
     1    0.002575    0.025101    0.106143    0.648725 ^ _1499_/X (sky130_fd_sc_hd__o211a_2)
                                                         _0035_ (net)
                      0.025105    0.000078    0.648804 ^ _1607_/D (sky130_fd_sc_hd__dfxtp_2)
                                              0.648804   data arrival time

                                  0.000000    0.000000   clock clk (rise edge)
                                  0.000000    0.000000   clock source latency
     1    0.020088    0.072004    0.049386    0.049386 ^ clk (in)
                                                         clk (net)
                      0.072017    0.000000    0.049386 ^ clkbuf_0_clk/A (sky130_fd_sc_hd__clkbuf_16)
     8    0.084509    0.077719    0.131609    0.180996 ^ clkbuf_0_clk/X (sky130_fd_sc_hd__clkbuf_16)
                                                         clknet_0_clk (net)
                      0.077813    0.002180    0.183175 ^ clkbuf_3_4__f_clk/A (sky130_fd_sc_hd__clkbuf_16)
     8    0.032738    0.040439    0.105690    0.288865 ^ clkbuf_3_4__f_clk/X (sky130_fd_sc_hd__clkbuf_16)
                                                         clknet_3_4__leaf_clk (net)
                      0.040444    0.000821    0.289686 ^ _1607_/CLK (sky130_fd_sc_hd__dfxtp_2)
                                  0.250000    0.539686   clock uncertainty
                                  0.000000    0.539686   clock reconvergence pessimism
                                 -0.016658    0.523028   library hold time
                                              0.523028   data required time
---------------------------------------------------------------------------------------------
                                              0.523028   data required time
                                             -0.648804   data arrival time
---------------------------------------------------------------------------------------------
                                              0.125776   slack (MET)


Startpoint: _1616_ (rising edge-triggered flip-flop clocked by clk)
Endpoint: _1616_ (rising edge-triggered flip-flop clocked by clk)
Path Group: clk
Path Type: min

Fanout         Cap        Slew       Delay        Time   Description
---------------------------------------------------------------------------------------------
                                  0.000000    0.000000   clock clk (rise edge)
                                  0.000000    0.000000   clock source latency
     1    0.020088    0.072004    0.049386    0.049386 ^ clk (in)
                                                         clk (net)
                      0.072017    0.000000    0.049386 ^ clkbuf_0_clk/A (sky130_fd_sc_hd__clkbuf_16)
     8    0.084509    0.077719    0.131609    0.180996 ^ clkbuf_0_clk/X (sky130_fd_sc_hd__clkbuf_16)
                                                         clknet_0_clk (net)
                      0.077889    0.002913    0.183909 ^ clkbuf_3_1__f_clk/A (sky130_fd_sc_hd__clkbuf_16)
     8    0.024162    0.034411    0.100211    0.284120 ^ clkbuf_3_1__f_clk/X (sky130_fd_sc_hd__clkbuf_16)
                                                         clknet_3_1__leaf_clk (net)
                      0.034421    0.000520    0.284639 ^ _1616_/CLK (sky130_fd_sc_hd__dfxtp_2)
     4    0.027024    0.106527    0.251688    0.536328 ^ _1616_/Q (sky130_fd_sc_hd__dfxtp_2)
                                                         u_dp.acc_q[16] (net)
                      0.106527    0.000362    0.536690 ^ _1536_/A1 (sky130_fd_sc_hd__o211a_2)
     1    0.002786    0.025877    0.107166    0.643856 ^ _1536_/X (sky130_fd_sc_hd__o211a_2)
                                                         _0044_ (net)
                      0.025877    0.000082    0.643938 ^ _1616_/D (sky130_fd_sc_hd__dfxtp_2)
                                              0.643938   data arrival time

                                  0.000000    0.000000   clock clk (rise edge)
                                  0.000000    0.000000   clock source latency
     1    0.020088    0.072004    0.049386    0.049386 ^ clk (in)
                                                         clk (net)
                      0.072017    0.000000    0.049386 ^ clkbuf_0_clk/A (sky130_fd_sc_hd__clkbuf_16)
     8    0.084509    0.077719    0.131609    0.180996 ^ clkbuf_0_clk/X (sky130_fd_sc_hd__clkbuf_16)
                                                         clknet_0_clk (net)
                      0.077889    0.002913    0.183909 ^ clkbuf_3_1__f_clk/A (sky130_fd_sc_hd__clkbuf_16)
     8    0.024162    0.034411    0.100211    0.284120 ^ clkbuf_3_1__f_clk/X (sky130_fd_sc_hd__clkbuf_16)
                                                         clknet_3_1__leaf_clk (net)
                      0.034421    0.000520    0.284639 ^ _1616_/CLK (sky130_fd_sc_hd__dfxtp_2)
                                  0.250000    0.534639   clock uncertainty
                                  0.000000    0.534639   clock reconvergence pessimism
                                 -0.016856    0.517784   library hold time
                                              0.517784   data required time
---------------------------------------------------------------------------------------------
                                              0.517784   data required time
                                             -0.643938   data arrival time
---------------------------------------------------------------------------------------------
                                              0.126154   slack (MET)


Startpoint: _1599_ (rising edge-triggered flip-flop clocked by clk)
Endpoint: _1599_ (rising edge-triggered flip-flop clocked by clk)
Path Group: clk
Path Type: min

Fanout         Cap        Slew       Delay        Time   Description
---------------------------------------------------------------------------------------------
                                  0.000000    0.000000   clock clk (rise edge)
                                  0.000000    0.000000   clock source latency
     1    0.020088    0.072004    0.049386    0.049386 ^ clk (in)
                                                         clk (net)
                      0.072017    0.000000    0.049386 ^ clkbuf_0_clk/A (sky130_fd_sc_hd__clkbuf_16)
     8    0.084509    0.077719    0.131609    0.180996 ^ clkbuf_0_clk/X (sky130_fd_sc_hd__clkbuf_16)
                                                         clknet_0_clk (net)
                      0.077932    0.003249    0.184244 ^ clkbuf_3_6__f_clk/A (sky130_fd_sc_hd__clkbuf_16)
     8    0.025024    0.034993    0.100568    0.284812 ^ clkbuf_3_6__f_clk/X (sky130_fd_sc_hd__clkbuf_16)
                                                         clknet_3_6__leaf_clk (net)
                      0.034993    0.000442    0.285254 ^ _1599_/CLK (sky130_fd_sc_hd__dfxtp_2)
     2    0.012424    0.053733    0.214546    0.499800 ^ _1599_/Q (sky130_fd_sc_hd__dfxtp_2)
                                                         u_dp.b_q[7] (net)
                      0.053733    0.000149    0.499949 ^ _1471_/A (sky130_fd_sc_hd__or2_2)
     1    0.002948    0.021382    0.069984    0.569933 ^ _1471_/X (sky130_fd_sc_hd__or2_2)
                                                         _0717_ (net)
                      0.021383    0.000085    0.570018 ^ _1472_/B1 (sky130_fd_sc_hd__o211a_2)
     1    0.002471    0.024730    0.075825    0.645844 ^ _1472_/X (sky130_fd_sc_hd__o211a_2)
                                                         _0027_ (net)
                      0.024730    0.000073    0.645916 ^ _1599_/D (sky130_fd_sc_hd__dfxtp_2)
                                              0.645916   data arrival time

                                  0.000000    0.000000   clock clk (rise edge)
                                  0.000000    0.000000   clock source latency
     1    0.020088    0.072004    0.049386    0.049386 ^ clk (in)
                                                         clk (net)
                      0.072017    0.000000    0.049386 ^ clkbuf_0_clk/A (sky130_fd_sc_hd__clkbuf_16)
     8    0.084509    0.077719    0.131609    0.180996 ^ clkbuf_0_clk/X (sky130_fd_sc_hd__clkbuf_16)
                                                         clknet_0_clk (net)
                      0.077932    0.003249    0.184244 ^ clkbuf_3_6__f_clk/A (sky130_fd_sc_hd__clkbuf_16)
     8    0.025024    0.034993    0.100568    0.284812 ^ clkbuf_3_6__f_clk/X (sky130_fd_sc_hd__clkbuf_16)
                                                         clknet_3_6__leaf_clk (net)
                      0.034993    0.000442    0.285254 ^ _1599_/CLK (sky130_fd_sc_hd__dfxtp_2)
                                  0.250000    0.535254   clock uncertainty
                                  0.000000    0.535254   clock reconvergence pessimism
                                 -0.016761    0.518493   library hold time
                                              0.518493   data required time
---------------------------------------------------------------------------------------------
                                              0.518493   data required time
                                             -0.645916   data arrival time
---------------------------------------------------------------------------------------------
                                              0.127424   slack (MET)


Startpoint: _1619_ (rising edge-triggered flip-flop clocked by clk)
Endpoint: _1619_ (rising edge-triggered flip-flop clocked by clk)
Path Group: clk
Path Type: min

Fanout         Cap        Slew       Delay        Time   Description
---------------------------------------------------------------------------------------------
                                  0.000000    0.000000   clock clk (rise edge)
                                  0.000000    0.000000   clock source latency
     1    0.020088    0.072004    0.049386    0.049386 ^ clk (in)
                                                         clk (net)
                      0.072017    0.000000    0.049386 ^ clkbuf_0_clk/A (sky130_fd_sc_hd__clkbuf_16)
     8    0.084509    0.077719    0.131609    0.180996 ^ clkbuf_0_clk/X (sky130_fd_sc_hd__clkbuf_16)
                                                         clknet_0_clk (net)
                      0.077893    0.002944    0.183940 ^ clkbuf_3_0__f_clk/A (sky130_fd_sc_hd__clkbuf_16)
     8    0.024648    0.034736    0.100441    0.284381 ^ clkbuf_3_0__f_clk/X (sky130_fd_sc_hd__clkbuf_16)
                                                         clknet_3_0__leaf_clk (net)
                      0.034768    0.000889    0.285270 ^ _1619_/CLK (sky130_fd_sc_hd__dfxtp_2)
     4    0.028348    0.111082    0.254777    0.540047 ^ _1619_/Q (sky130_fd_sc_hd__dfxtp_2)
                                                         u_dp.acc_q[19] (net)
                      0.111085    0.000756    0.540803 ^ _1549_/A1 (sky130_fd_sc_hd__o211a_2)
     1    0.002168    0.023595    0.105255    0.646058 ^ _1549_/X (sky130_fd_sc_hd__o211a_2)
                                                         _0047_ (net)
                      0.023595    0.000063    0.646121 ^ _1619_/D (sky130_fd_sc_hd__dfxtp_2)
                                              0.646121   data arrival time

                                  0.000000    0.000000   clock clk (rise edge)
                                  0.000000    0.000000   clock source latency
     1    0.020088    0.072004    0.049386    0.049386 ^ clk (in)
                                                         clk (net)
                      0.072017    0.000000    0.049386 ^ clkbuf_0_clk/A (sky130_fd_sc_hd__clkbuf_16)
     8    0.084509    0.077719    0.131609    0.180996 ^ clkbuf_0_clk/X (sky130_fd_sc_hd__clkbuf_16)
                                                         clknet_0_clk (net)
                      0.077893    0.002944    0.183940 ^ clkbuf_3_0__f_clk/A (sky130_fd_sc_hd__clkbuf_16)
     8    0.024648    0.034736    0.100441    0.284381 ^ clkbuf_3_0__f_clk/X (sky130_fd_sc_hd__clkbuf_16)
                                                         clknet_3_0__leaf_clk (net)
                      0.034768    0.000889    0.285270 ^ _1619_/CLK (sky130_fd_sc_hd__dfxtp_2)
                                  0.250000    0.535270   clock uncertainty
                                  0.000000    0.535270   clock reconvergence pessimism
                                 -0.016686    0.518584   library hold time
                                              0.518584   data required time
---------------------------------------------------------------------------------------------
                                              0.518584   data required time
                                             -0.646121   data arrival time
---------------------------------------------------------------------------------------------
                                              0.127537   slack (MET)


Startpoint: _1613_ (rising edge-triggered flip-flop clocked by clk)
Endpoint: _1613_ (rising edge-triggered flip-flop clocked by clk)
Path Group: clk
Path Type: min

Fanout         Cap        Slew       Delay        Time   Description
---------------------------------------------------------------------------------------------
                                  0.000000    0.000000   clock clk (rise edge)
                                  0.000000    0.000000   clock source latency
     1    0.020088    0.072004    0.049386    0.049386 ^ clk (in)
                                                         clk (net)
                      0.072017    0.000000    0.049386 ^ clkbuf_0_clk/A (sky130_fd_sc_hd__clkbuf_16)
     8    0.084509    0.077719    0.131609    0.180996 ^ clkbuf_0_clk/X (sky130_fd_sc_hd__clkbuf_16)
                                                         clknet_0_clk (net)
                      0.077813    0.002180    0.183175 ^ clkbuf_3_4__f_clk/A (sky130_fd_sc_hd__clkbuf_16)
     8    0.032738    0.040439    0.105690    0.288865 ^ clkbuf_3_4__f_clk/X (sky130_fd_sc_hd__clkbuf_16)
                                                         clknet_3_4__leaf_clk (net)
                      0.040445    0.000881    0.289747 ^ _1613_/CLK (sky130_fd_sc_hd__dfxtp_2)
     4    0.028081    0.110409    0.256047    0.545794 ^ _1613_/Q (sky130_fd_sc_hd__dfxtp_2)
                                                         u_dp.acc_q[13] (net)
                      0.110410    0.000552    0.546346 ^ _1525_/A1 (sky130_fd_sc_hd__o211a_2)
     1    0.002065    0.023216    0.104752    0.651099 ^ _1525_/X (sky130_fd_sc_hd__o211a_2)
                                                         _0041_ (net)
                      0.023216    0.000040    0.651139 ^ _1613_/D (sky130_fd_sc_hd__dfxtp_2)
                                              0.651139   data arrival time

                                  0.000000    0.000000   clock clk (rise edge)
                                  0.000000    0.000000   clock source latency
     1    0.020088    0.072004    0.049386    0.049386 ^ clk (in)
                                                         clk (net)
                      0.072017    0.000000    0.049386 ^ clkbuf_0_clk/A (sky130_fd_sc_hd__clkbuf_16)
     8    0.084509    0.077719    0.131609    0.180996 ^ clkbuf_0_clk/X (sky130_fd_sc_hd__clkbuf_16)
                                                         clknet_0_clk (net)
                      0.077813    0.002180    0.183175 ^ clkbuf_3_4__f_clk/A (sky130_fd_sc_hd__clkbuf_16)
     8    0.032738    0.040439    0.105690    0.288865 ^ clkbuf_3_4__f_clk/X (sky130_fd_sc_hd__clkbuf_16)
                                                         clknet_3_4__leaf_clk (net)
                      0.040445    0.000881    0.289747 ^ _1613_/CLK (sky130_fd_sc_hd__dfxtp_2)
                                  0.250000    0.539747   clock uncertainty
                                  0.000000    0.539747   clock reconvergence pessimism
                                 -0.016525    0.523222   library hold time
                                              0.523222   data required time
---------------------------------------------------------------------------------------------
                                              0.523222   data required time
                                             -0.651139   data arrival time
---------------------------------------------------------------------------------------------
                                              0.127917   slack (MET)


Startpoint: _1614_ (rising edge-triggered flip-flop clocked by clk)
Endpoint: _1614_ (rising edge-triggered flip-flop clocked by clk)
Path Group: clk
Path Type: min

Fanout         Cap        Slew       Delay        Time   Description
---------------------------------------------------------------------------------------------
                                  0.000000    0.000000   clock clk (rise edge)
                                  0.000000    0.000000   clock source latency
     1    0.020088    0.072004    0.049386    0.049386 ^ clk (in)
                                                         clk (net)
                      0.072017    0.000000    0.049386 ^ clkbuf_0_clk/A (sky130_fd_sc_hd__clkbuf_16)
     8    0.084509    0.077719    0.131609    0.180996 ^ clkbuf_0_clk/X (sky130_fd_sc_hd__clkbuf_16)
                                                         clknet_0_clk (net)
                      0.077813    0.002180    0.183175 ^ clkbuf_3_4__f_clk/A (sky130_fd_sc_hd__clkbuf_16)
     8    0.032738    0.040439    0.105690    0.288865 ^ clkbuf_3_4__f_clk/X (sky130_fd_sc_hd__clkbuf_16)
                                                         clknet_3_4__leaf_clk (net)
                      0.040445    0.000914    0.289779 ^ _1614_/CLK (sky130_fd_sc_hd__dfxtp_2)
     4    0.027784    0.109334    0.255200    0.544979 ^ _1614_/Q (sky130_fd_sc_hd__dfxtp_2)
                                                         u_dp.acc_q[14] (net)
                      0.109337    0.000732    0.545712 ^ _1529_/A1 (sky130_fd_sc_hd__o211a_2)
     1    0.002288    0.024039    0.105512    0.651224 ^ _1529_/X (sky130_fd_sc_hd__o211a_2)
                                                         _0042_ (net)
                      0.024039    0.000066    0.651290 ^ _1614_/D (sky130_fd_sc_hd__dfxtp_2)
                                              0.651290   data arrival time

                                  0.000000    0.000000   clock clk (rise edge)
                                  0.000000    0.000000   clock source latency
     1    0.020088    0.072004    0.049386    0.049386 ^ clk (in)
                                                         clk (net)
                      0.072017    0.000000    0.049386 ^ clkbuf_0_clk/A (sky130_fd_sc_hd__clkbuf_16)
     8    0.084509    0.077719    0.131609    0.180996 ^ clkbuf_0_clk/X (sky130_fd_sc_hd__clkbuf_16)
                                                         clknet_0_clk (net)
                      0.077813    0.002180    0.183175 ^ clkbuf_3_4__f_clk/A (sky130_fd_sc_hd__clkbuf_16)
     8    0.032738    0.040439    0.105690    0.288865 ^ clkbuf_3_4__f_clk/X (sky130_fd_sc_hd__clkbuf_16)
                                                         clknet_3_4__leaf_clk (net)
                      0.040445    0.000914    0.289779 ^ _1614_/CLK (sky130_fd_sc_hd__dfxtp_2)
                                  0.250000    0.539779   clock uncertainty
                                  0.000000    0.539779   clock reconvergence pessimism
                                 -0.016583    0.523196   library hold time
                                              0.523196   data required time
---------------------------------------------------------------------------------------------
                                              0.523196   data required time
                                             -0.651290   data arrival time
---------------------------------------------------------------------------------------------
                                              0.128093   slack (MET)


Startpoint: _1620_ (rising edge-triggered flip-flop clocked by clk)
Endpoint: _1620_ (rising edge-triggered flip-flop clocked by clk)
Path Group: clk
Path Type: min

Fanout         Cap        Slew       Delay        Time   Description
---------------------------------------------------------------------------------------------
                                  0.000000    0.000000   clock clk (rise edge)
                                  0.000000    0.000000   clock source latency
     1    0.020088    0.072004    0.049386    0.049386 ^ clk (in)
                                                         clk (net)
                      0.072017    0.000000    0.049386 ^ clkbuf_0_clk/A (sky130_fd_sc_hd__clkbuf_16)
     8    0.084509    0.077719    0.131609    0.180996 ^ clkbuf_0_clk/X (sky130_fd_sc_hd__clkbuf_16)
                                                         clknet_0_clk (net)
                      0.077893    0.002944    0.183940 ^ clkbuf_3_0__f_clk/A (sky130_fd_sc_hd__clkbuf_16)
     8    0.024648    0.034736    0.100441    0.284381 ^ clkbuf_3_0__f_clk/X (sky130_fd_sc_hd__clkbuf_16)
                                                         clknet_3_0__leaf_clk (net)
                      0.034769    0.000908    0.285289 ^ _1620_/CLK (sky130_fd_sc_hd__dfxtp_2)
     4    0.027461    0.108152    0.252771    0.538061 ^ _1620_/Q (sky130_fd_sc_hd__dfxtp_2)
                                                         u_dp.acc_q[20] (net)
                      0.108154    0.000720    0.538780 ^ _1552_/A1 (sky130_fd_sc_hd__o211a_2)
     1    0.002872    0.026199    0.107733    0.646514 ^ _1552_/X (sky130_fd_sc_hd__o211a_2)
                                                         _0048_ (net)
                      0.026199    0.000086    0.646600 ^ _1620_/D (sky130_fd_sc_hd__dfxtp_2)
                                              0.646600   data arrival time

                                  0.000000    0.000000   clock clk (rise edge)
                                  0.000000    0.000000   clock source latency
     1    0.020088    0.072004    0.049386    0.049386 ^ clk (in)
                                                         clk (net)
                      0.072017    0.000000    0.049386 ^ clkbuf_0_clk/A (sky130_fd_sc_hd__clkbuf_16)
     8    0.084509    0.077719    0.131609    0.180996 ^ clkbuf_0_clk/X (sky130_fd_sc_hd__clkbuf_16)
                                                         clknet_0_clk (net)
                      0.077893    0.002944    0.183940 ^ clkbuf_3_0__f_clk/A (sky130_fd_sc_hd__clkbuf_16)
     8    0.024648    0.034736    0.100441    0.284381 ^ clkbuf_3_0__f_clk/X (sky130_fd_sc_hd__clkbuf_16)
                                                         clknet_3_0__leaf_clk (net)
                      0.034769    0.000908    0.285289 ^ _1620_/CLK (sky130_fd_sc_hd__dfxtp_2)
                                  0.250000    0.535289   clock uncertainty
                                  0.000000    0.535289   clock reconvergence pessimism
                                 -0.016870    0.518419   library hold time
                                              0.518419   data required time
---------------------------------------------------------------------------------------------
                                              0.518419   data required time
                                             -0.646600   data arrival time
---------------------------------------------------------------------------------------------
                                              0.128181   slack (MET)


Startpoint: _1630_ (rising edge-triggered flip-flop clocked by clk)
Endpoint: _1632_ (rising edge-triggered flip-flop clocked by clk)
Path Group: clk
Path Type: min

Fanout         Cap        Slew       Delay        Time   Description
---------------------------------------------------------------------------------------------
                                  0.000000    0.000000   clock clk (rise edge)
                                  0.000000    0.000000   clock source latency
     1    0.020088    0.072004    0.049386    0.049386 ^ clk (in)
                                                         clk (net)
                      0.072017    0.000000    0.049386 ^ clkbuf_0_clk/A (sky130_fd_sc_hd__clkbuf_16)
     8    0.084509    0.077719    0.131609    0.180996 ^ clkbuf_0_clk/X (sky130_fd_sc_hd__clkbuf_16)
                                                         clknet_0_clk (net)
                      0.077883    0.002863    0.183859 ^ clkbuf_3_2__f_clk/A (sky130_fd_sc_hd__clkbuf_16)
     8    0.025423    0.035258    0.100861    0.284719 ^ clkbuf_3_2__f_clk/X (sky130_fd_sc_hd__clkbuf_16)
                                                         clknet_3_2__leaf_clk (net)
                      0.035292    0.000934    0.285653 ^ _1630_/CLK (sky130_fd_sc_hd__dfxtp_2)
     4    0.013534    0.057474    0.217657    0.503310 ^ _1630_/Q (sky130_fd_sc_hd__dfxtp_2)
                                                         u_sync.lock_cnt[0] (net)
                      0.057474    0.000160    0.503470 ^ _1568_/A2 (sky130_fd_sc_hd__o21a_2)
     2    0.007285    0.035685    0.082734    0.586204 ^ _1568_/X (sky130_fd_sc_hd__o21a_2)
                                                         _0784_ (net)
                      0.035685    0.000204    0.586408 ^ _1573_/A2 (sky130_fd_sc_hd__o21a_2)
     1    0.002238    0.018456    0.062775    0.649183 ^ _1573_/X (sky130_fd_sc_hd__o21a_2)
                                                         _0059_ (net)
                      0.018456    0.000064    0.649247 ^ _1632_/D (sky130_fd_sc_hd__dfxtp_2)
                                              0.649247   data arrival time

                                  0.000000    0.000000   clock clk (rise edge)
                                  0.000000    0.000000   clock source latency
     1    0.020088    0.072004    0.049386    0.049386 ^ clk (in)
                                                         clk (net)
                      0.072017    0.000000    0.049386 ^ clkbuf_0_clk/A (sky130_fd_sc_hd__clkbuf_16)
     8    0.084509    0.077719    0.131609    0.180996 ^ clkbuf_0_clk/X (sky130_fd_sc_hd__clkbuf_16)
                                                         clknet_0_clk (net)
                      0.077883    0.002863    0.183859 ^ clkbuf_3_2__f_clk/A (sky130_fd_sc_hd__clkbuf_16)
     8    0.025423    0.035258    0.100861    0.284719 ^ clkbuf_3_2__f_clk/X (sky130_fd_sc_hd__clkbuf_16)
                                                         clknet_3_2__leaf_clk (net)
                      0.035304    0.001060    0.285780 ^ _1632_/CLK (sky130_fd_sc_hd__dfxtp_2)
                                  0.250000    0.535780   clock uncertainty
                                  0.000000    0.535780   clock reconvergence pessimism
                                 -0.016310    0.519470   library hold time
                                              0.519470   data required time
---------------------------------------------------------------------------------------------
                                              0.519470   data required time
                                             -0.649247   data arrival time
---------------------------------------------------------------------------------------------
                                              0.129778   slack (MET)


Startpoint: _1612_ (rising edge-triggered flip-flop clocked by clk)
Endpoint: _1612_ (rising edge-triggered flip-flop clocked by clk)
Path Group: clk
Path Type: min

Fanout         Cap        Slew       Delay        Time   Description
---------------------------------------------------------------------------------------------
                                  0.000000    0.000000   clock clk (rise edge)
                                  0.000000    0.000000   clock source latency
     1    0.020088    0.072004    0.049386    0.049386 ^ clk (in)
                                                         clk (net)
                      0.072017    0.000000    0.049386 ^ clkbuf_0_clk/A (sky130_fd_sc_hd__clkbuf_16)
     8    0.084509    0.077719    0.131609    0.180996 ^ clkbuf_0_clk/X (sky130_fd_sc_hd__clkbuf_16)
                                                         clknet_0_clk (net)
                      0.077889    0.002913    0.183909 ^ clkbuf_3_1__f_clk/A (sky130_fd_sc_hd__clkbuf_16)
     8    0.024162    0.034411    0.100211    0.284120 ^ clkbuf_3_1__f_clk/X (sky130_fd_sc_hd__clkbuf_16)
                                                         clknet_3_1__leaf_clk (net)
                      0.034417    0.000448    0.284568 ^ _1612_/CLK (sky130_fd_sc_hd__dfxtp_2)
     4    0.029080    0.114086    0.256777    0.541345 ^ _1612_/Q (sky130_fd_sc_hd__dfxtp_2)
                                                         u_dp.acc_q[12] (net)
                      0.114086    0.000377    0.541722 ^ _1521_/A1 (sky130_fd_sc_hd__o211a_2)
     1    0.002468    0.024705    0.106879    0.648601 ^ _1521_/X (sky130_fd_sc_hd__o211a_2)
                                                         _0040_ (net)
                      0.024705    0.000073    0.648674 ^ _1612_/D (sky130_fd_sc_hd__dfxtp_2)
                                              0.648674   data arrival time

                                  0.000000    0.000000   clock clk (rise edge)
                                  0.000000    0.000000   clock source latency
     1    0.020088    0.072004    0.049386    0.049386 ^ clk (in)
                                                         clk (net)
                      0.072017    0.000000    0.049386 ^ clkbuf_0_clk/A (sky130_fd_sc_hd__clkbuf_16)
     8    0.084509    0.077719    0.131609    0.180996 ^ clkbuf_0_clk/X (sky130_fd_sc_hd__clkbuf_16)
                                                         clknet_0_clk (net)
                      0.077889    0.002913    0.183909 ^ clkbuf_3_1__f_clk/A (sky130_fd_sc_hd__clkbuf_16)
     8    0.024162    0.034411    0.100211    0.284120 ^ clkbuf_3_1__f_clk/X (sky130_fd_sc_hd__clkbuf_16)
                                                         clknet_3_1__leaf_clk (net)
                      0.034417    0.000448    0.284568 ^ _1612_/CLK (sky130_fd_sc_hd__dfxtp_2)
                                  0.250000    0.534568   clock uncertainty
                                  0.000000    0.534568   clock reconvergence pessimism
                                 -0.016773    0.517795   library hold time
                                              0.517795   data required time
---------------------------------------------------------------------------------------------
                                              0.517795   data required time
                                             -0.648674   data arrival time
---------------------------------------------------------------------------------------------
                                              0.130879   slack (MET)


Startpoint: _1623_ (rising edge-triggered flip-flop clocked by clk)
Endpoint: _1623_ (rising edge-triggered flip-flop clocked by clk)
Path Group: clk
Path Type: min

Fanout         Cap        Slew       Delay        Time   Description
---------------------------------------------------------------------------------------------
                                  0.000000    0.000000   clock clk (rise edge)
                                  0.000000    0.000000   clock source latency
     1    0.020088    0.072004    0.049386    0.049386 ^ clk (in)
                                                         clk (net)
                      0.072017    0.000000    0.049386 ^ clkbuf_0_clk/A (sky130_fd_sc_hd__clkbuf_16)
     8    0.084509    0.077719    0.131609    0.180996 ^ clkbuf_0_clk/X (sky130_fd_sc_hd__clkbuf_16)
                                                         clknet_0_clk (net)
                      0.077893    0.002944    0.183940 ^ clkbuf_3_0__f_clk/A (sky130_fd_sc_hd__clkbuf_16)
     8    0.024648    0.034736    0.100441    0.284381 ^ clkbuf_3_0__f_clk/X (sky130_fd_sc_hd__clkbuf_16)
                                                         clknet_3_0__leaf_clk (net)
                      0.034754    0.000695    0.285076 ^ _1623_/CLK (sky130_fd_sc_hd__dfxtp_2)
     4    0.027888    0.109749    0.253627    0.538702 ^ _1623_/Q (sky130_fd_sc_hd__dfxtp_2)
                                                         u_dp.acc_q[23] (net)
                      0.109756    0.001014    0.539716 ^ _1561_/A1 (sky130_fd_sc_hd__o211a_2)
     1    0.003624    0.029026    0.111007    0.650724 ^ _1561_/X (sky130_fd_sc_hd__o211a_2)
                                                         _0051_ (net)
                      0.029026    0.000123    0.650846 ^ _1623_/D (sky130_fd_sc_hd__dfxtp_2)
                                              0.650846   data arrival time

                                  0.000000    0.000000   clock clk (rise edge)
                                  0.000000    0.000000   clock source latency
     1    0.020088    0.072004    0.049386    0.049386 ^ clk (in)
                                                         clk (net)
                      0.072017    0.000000    0.049386 ^ clkbuf_0_clk/A (sky130_fd_sc_hd__clkbuf_16)
     8    0.084509    0.077719    0.131609    0.180996 ^ clkbuf_0_clk/X (sky130_fd_sc_hd__clkbuf_16)
                                                         clknet_0_clk (net)
                      0.077893    0.002944    0.183940 ^ clkbuf_3_0__f_clk/A (sky130_fd_sc_hd__clkbuf_16)
     8    0.024648    0.034736    0.100441    0.284381 ^ clkbuf_3_0__f_clk/X (sky130_fd_sc_hd__clkbuf_16)
                                                         clknet_3_0__leaf_clk (net)
                      0.034754    0.000695    0.285076 ^ _1623_/CLK (sky130_fd_sc_hd__dfxtp_2)
                                  0.250000    0.535076   clock uncertainty
                                  0.000000    0.535076   clock reconvergence pessimism
                                 -0.017071    0.518005   library hold time
                                              0.518005   data required time
---------------------------------------------------------------------------------------------
                                              0.518005   data required time
                                             -0.650846   data arrival time
---------------------------------------------------------------------------------------------
                                              0.132842   slack (MET)


Startpoint: _1611_ (rising edge-triggered flip-flop clocked by clk)
Endpoint: _1611_ (rising edge-triggered flip-flop clocked by clk)
Path Group: clk
Path Type: min

Fanout         Cap        Slew       Delay        Time   Description
---------------------------------------------------------------------------------------------
                                  0.000000    0.000000   clock clk (rise edge)
                                  0.000000    0.000000   clock source latency
     1    0.020088    0.072004    0.049386    0.049386 ^ clk (in)
                                                         clk (net)
                      0.072017    0.000000    0.049386 ^ clkbuf_0_clk/A (sky130_fd_sc_hd__clkbuf_16)
     8    0.084509    0.077719    0.131609    0.180996 ^ clkbuf_0_clk/X (sky130_fd_sc_hd__clkbuf_16)
                                                         clknet_0_clk (net)
                      0.077813    0.002180    0.183175 ^ clkbuf_3_4__f_clk/A (sky130_fd_sc_hd__clkbuf_16)
     8    0.032738    0.040439    0.105690    0.288865 ^ clkbuf_3_4__f_clk/X (sky130_fd_sc_hd__clkbuf_16)
                                                         clknet_3_4__leaf_clk (net)
                      0.040444    0.000845    0.289710 ^ _1611_/CLK (sky130_fd_sc_hd__dfxtp_2)
     4    0.029086    0.114081    0.258643    0.548353 ^ _1611_/Q (sky130_fd_sc_hd__dfxtp_2)
                                                         u_dp.acc_q[11] (net)
                      0.114082    0.000533    0.548886 ^ _1516_/A1 (sky130_fd_sc_hd__o211a_2)
     1    0.002498    0.024812    0.107003    0.655889 ^ _1516_/X (sky130_fd_sc_hd__o211a_2)
                                                         _0039_ (net)
                      0.024812    0.000073    0.655962 ^ _1611_/D (sky130_fd_sc_hd__dfxtp_2)
                                              0.655962   data arrival time

                                  0.000000    0.000000   clock clk (rise edge)
                                  0.000000    0.000000   clock source latency
     1    0.020088    0.072004    0.049386    0.049386 ^ clk (in)
                                                         clk (net)
                      0.072017    0.000000    0.049386 ^ clkbuf_0_clk/A (sky130_fd_sc_hd__clkbuf_16)
     8    0.084509    0.077719    0.131609    0.180996 ^ clkbuf_0_clk/X (sky130_fd_sc_hd__clkbuf_16)
                                                         clknet_0_clk (net)
                      0.077813    0.002180    0.183175 ^ clkbuf_3_4__f_clk/A (sky130_fd_sc_hd__clkbuf_16)
     8    0.032738    0.040439    0.105690    0.288865 ^ clkbuf_3_4__f_clk/X (sky130_fd_sc_hd__clkbuf_16)
                                                         clknet_3_4__leaf_clk (net)
                      0.040444    0.000845    0.289710 ^ _1611_/CLK (sky130_fd_sc_hd__dfxtp_2)
                                  0.250000    0.539710   clock uncertainty
                                  0.000000    0.539710   clock reconvergence pessimism
                                 -0.016637    0.523073   library hold time
                                              0.523073   data required time
---------------------------------------------------------------------------------------------
                                              0.523073   data required time
                                             -0.655962   data arrival time
---------------------------------------------------------------------------------------------
                                              0.132889   slack (MET)


Startpoint: _1617_ (rising edge-triggered flip-flop clocked by clk)
Endpoint: _1617_ (rising edge-triggered flip-flop clocked by clk)
Path Group: clk
Path Type: min

Fanout         Cap        Slew       Delay        Time   Description
---------------------------------------------------------------------------------------------
                                  0.000000    0.000000   clock clk (rise edge)
                                  0.000000    0.000000   clock source latency
     1    0.020088    0.072004    0.049386    0.049386 ^ clk (in)
                                                         clk (net)
                      0.072017    0.000000    0.049386 ^ clkbuf_0_clk/A (sky130_fd_sc_hd__clkbuf_16)
     8    0.084509    0.077719    0.131609    0.180996 ^ clkbuf_0_clk/X (sky130_fd_sc_hd__clkbuf_16)
                                                         clknet_0_clk (net)
                      0.077889    0.002913    0.183909 ^ clkbuf_3_1__f_clk/A (sky130_fd_sc_hd__clkbuf_16)
     8    0.024162    0.034411    0.100211    0.284120 ^ clkbuf_3_1__f_clk/X (sky130_fd_sc_hd__clkbuf_16)
                                                         clknet_3_1__leaf_clk (net)
                      0.034420    0.000511    0.284631 ^ _1617_/CLK (sky130_fd_sc_hd__dfxtp_2)
     4    0.029388    0.115239    0.257407    0.542038 ^ _1617_/Q (sky130_fd_sc_hd__dfxtp_2)
                                                         u_dp.acc_q[17] (net)
                      0.115239    0.000609    0.542647 ^ _1540_/A1 (sky130_fd_sc_hd__o211a_2)
     1    0.002773    0.025833    0.108275    0.650922 ^ _1540_/X (sky130_fd_sc_hd__o211a_2)
                                                         _0045_ (net)
                      0.025833    0.000086    0.651008 ^ _1617_/D (sky130_fd_sc_hd__dfxtp_2)
                                              0.651008   data arrival time

                                  0.000000    0.000000   clock clk (rise edge)
                                  0.000000    0.000000   clock source latency
     1    0.020088    0.072004    0.049386    0.049386 ^ clk (in)
                                                         clk (net)
                      0.072017    0.000000    0.049386 ^ clkbuf_0_clk/A (sky130_fd_sc_hd__clkbuf_16)
     8    0.084509    0.077719    0.131609    0.180996 ^ clkbuf_0_clk/X (sky130_fd_sc_hd__clkbuf_16)
                                                         clknet_0_clk (net)
                      0.077889    0.002913    0.183909 ^ clkbuf_3_1__f_clk/A (sky130_fd_sc_hd__clkbuf_16)
     8    0.024162    0.034411    0.100211    0.284120 ^ clkbuf_3_1__f_clk/X (sky130_fd_sc_hd__clkbuf_16)
                                                         clknet_3_1__leaf_clk (net)
                      0.034420    0.000511    0.284631 ^ _1617_/CLK (sky130_fd_sc_hd__dfxtp_2)
                                  0.250000    0.534631   clock uncertainty
                                  0.000000    0.534631   clock reconvergence pessimism
                                 -0.016853    0.517778   library hold time
                                              0.517778   data required time
---------------------------------------------------------------------------------------------
                                              0.517778   data required time
                                             -0.651008   data arrival time
---------------------------------------------------------------------------------------------
                                              0.133230   slack (MET)


Startpoint: _1608_ (rising edge-triggered flip-flop clocked by clk)
Endpoint: _1608_ (rising edge-triggered flip-flop clocked by clk)
Path Group: clk
Path Type: min

Fanout         Cap        Slew       Delay        Time   Description
---------------------------------------------------------------------------------------------
                                  0.000000    0.000000   clock clk (rise edge)
                                  0.000000    0.000000   clock source latency
     1    0.020088    0.072004    0.049386    0.049386 ^ clk (in)
                                                         clk (net)
                      0.072017    0.000000    0.049386 ^ clkbuf_0_clk/A (sky130_fd_sc_hd__clkbuf_16)
     8    0.084509    0.077719    0.131609    0.180996 ^ clkbuf_0_clk/X (sky130_fd_sc_hd__clkbuf_16)
                                                         clknet_0_clk (net)
                      0.077889    0.002913    0.183909 ^ clkbuf_3_1__f_clk/A (sky130_fd_sc_hd__clkbuf_16)
     8    0.024162    0.034411    0.100211    0.284120 ^ clkbuf_3_1__f_clk/X (sky130_fd_sc_hd__clkbuf_16)
                                                         clknet_3_1__leaf_clk (net)
                      0.034421    0.000529    0.284649 ^ _1608_/CLK (sky130_fd_sc_hd__dfxtp_2)
     4    0.029325    0.115016    0.257215    0.541864 ^ _1608_/Q (sky130_fd_sc_hd__dfxtp_2)
                                                         u_dp.acc_q[8] (net)
                      0.115018    0.000640    0.542504 ^ _1503_/A1 (sky130_fd_sc_hd__o211a_2)
     1    0.003254    0.027621    0.110209    0.652713 ^ _1503_/X (sky130_fd_sc_hd__o211a_2)
                                                         _0036_ (net)
                      0.027622    0.000097    0.652810 ^ _1608_/D (sky130_fd_sc_hd__dfxtp_2)
                                              0.652810   data arrival time

                                  0.000000    0.000000   clock clk (rise edge)
                                  0.000000    0.000000   clock source latency
     1    0.020088    0.072004    0.049386    0.049386 ^ clk (in)
                                                         clk (net)
                      0.072017    0.000000    0.049386 ^ clkbuf_0_clk/A (sky130_fd_sc_hd__clkbuf_16)
     8    0.084509    0.077719    0.131609    0.180996 ^ clkbuf_0_clk/X (sky130_fd_sc_hd__clkbuf_16)
                                                         clknet_0_clk (net)
                      0.077889    0.002913    0.183909 ^ clkbuf_3_1__f_clk/A (sky130_fd_sc_hd__clkbuf_16)
     8    0.024162    0.034411    0.100211    0.284120 ^ clkbuf_3_1__f_clk/X (sky130_fd_sc_hd__clkbuf_16)
                                                         clknet_3_1__leaf_clk (net)
                      0.034421    0.000529    0.284649 ^ _1608_/CLK (sky130_fd_sc_hd__dfxtp_2)
                                  0.250000    0.534649   clock uncertainty
                                  0.000000    0.534649   clock reconvergence pessimism
                                 -0.016979    0.517670   library hold time
                                              0.517670   data required time
---------------------------------------------------------------------------------------------
                                              0.517670   data required time
                                             -0.652810   data arrival time
---------------------------------------------------------------------------------------------
                                              0.135140   slack (MET)


Startpoint: _1618_ (rising edge-triggered flip-flop clocked by clk)
Endpoint: _1618_ (rising edge-triggered flip-flop clocked by clk)
Path Group: clk
Path Type: min

Fanout         Cap        Slew       Delay        Time   Description
---------------------------------------------------------------------------------------------
                                  0.000000    0.000000   clock clk (rise edge)
                                  0.000000    0.000000   clock source latency
     1    0.020088    0.072004    0.049386    0.049386 ^ clk (in)
                                                         clk (net)
                      0.072017    0.000000    0.049386 ^ clkbuf_0_clk/A (sky130_fd_sc_hd__clkbuf_16)
     8    0.084509    0.077719    0.131609    0.180996 ^ clkbuf_0_clk/X (sky130_fd_sc_hd__clkbuf_16)
                                                         clknet_0_clk (net)
                      0.077893    0.002944    0.183940 ^ clkbuf_3_0__f_clk/A (sky130_fd_sc_hd__clkbuf_16)
     8    0.024648    0.034736    0.100441    0.284381 ^ clkbuf_3_0__f_clk/X (sky130_fd_sc_hd__clkbuf_16)
                                                         clknet_3_0__leaf_clk (net)
                      0.034768    0.000896    0.285277 ^ _1618_/CLK (sky130_fd_sc_hd__dfxtp_2)
     4    0.030598    0.119684    0.260500    0.545777 ^ _1618_/Q (sky130_fd_sc_hd__dfxtp_2)
                                                         u_dp.acc_q[18] (net)
                      0.119685    0.000683    0.546460 ^ _1545_/A1 (sky130_fd_sc_hd__o211a_2)
     1    0.002383    0.024387    0.107279    0.653738 ^ _1545_/X (sky130_fd_sc_hd__o211a_2)
                                                         _0046_ (net)
                      0.024387    0.000069    0.653807 ^ _1618_/D (sky130_fd_sc_hd__dfxtp_2)
                                              0.653807   data arrival time

                                  0.000000    0.000000   clock clk (rise edge)
                                  0.000000    0.000000   clock source latency
     1    0.020088    0.072004    0.049386    0.049386 ^ clk (in)
                                                         clk (net)
                      0.072017    0.000000    0.049386 ^ clkbuf_0_clk/A (sky130_fd_sc_hd__clkbuf_16)
     8    0.084509    0.077719    0.131609    0.180996 ^ clkbuf_0_clk/X (sky130_fd_sc_hd__clkbuf_16)
                                                         clknet_0_clk (net)
                      0.077893    0.002944    0.183940 ^ clkbuf_3_0__f_clk/A (sky130_fd_sc_hd__clkbuf_16)
     8    0.024648    0.034736    0.100441    0.284381 ^ clkbuf_3_0__f_clk/X (sky130_fd_sc_hd__clkbuf_16)
                                                         clknet_3_0__leaf_clk (net)
                      0.034768    0.000896    0.285277 ^ _1618_/CLK (sky130_fd_sc_hd__dfxtp_2)
                                  0.250000    0.535277   clock uncertainty
                                  0.000000    0.535277   clock reconvergence pessimism
                                 -0.016742    0.518534   library hold time
                                              0.518534   data required time
---------------------------------------------------------------------------------------------
                                              0.518534   data required time
                                             -0.653807   data arrival time
---------------------------------------------------------------------------------------------
                                              0.135273   slack (MET)


Startpoint: _1589_ (rising edge-triggered flip-flop clocked by clk)
Endpoint: _1589_ (rising edge-triggered flip-flop clocked by clk)
Path Group: clk
Path Type: min

Fanout         Cap        Slew       Delay        Time   Description
---------------------------------------------------------------------------------------------
                                  0.000000    0.000000   clock clk (rise edge)
                                  0.000000    0.000000   clock source latency
     1    0.020088    0.072004    0.049386    0.049386 ^ clk (in)
                                                         clk (net)
                      0.072017    0.000000    0.049386 ^ clkbuf_0_clk/A (sky130_fd_sc_hd__clkbuf_16)
     8    0.084509    0.077719    0.131609    0.180996 ^ clkbuf_0_clk/X (sky130_fd_sc_hd__clkbuf_16)
                                                         clknet_0_clk (net)
                      0.077932    0.003249    0.184244 ^ clkbuf_3_6__f_clk/A (sky130_fd_sc_hd__clkbuf_16)
     8    0.025024    0.034993    0.100568    0.284812 ^ clkbuf_3_6__f_clk/X (sky130_fd_sc_hd__clkbuf_16)
                                                         clknet_3_6__leaf_clk (net)
                      0.035060    0.001281    0.286093 ^ _1589_/CLK (sky130_fd_sc_hd__dfxtp_2)
     5    0.033360    0.129834    0.267541    0.553634 ^ _1589_/Q (sky130_fd_sc_hd__dfxtp_2)
                                                         u_dp.a_q[5] (net)
                      0.129839    0.000998    0.554632 ^ _1450_/A1 (sky130_fd_sc_hd__o211a_2)
     1    0.002725    0.025681    0.109560    0.664191 ^ _1450_/X (sky130_fd_sc_hd__o211a_2)
                                                         _0017_ (net)
                      0.025681    0.000079    0.664271 ^ _1589_/D (sky130_fd_sc_hd__dfxtp_2)
                                              0.664271   data arrival time

                                  0.000000    0.000000   clock clk (rise edge)
                                  0.000000    0.000000   clock source latency
     1    0.020088    0.072004    0.049386    0.049386 ^ clk (in)
                                                         clk (net)
                      0.072017    0.000000    0.049386 ^ clkbuf_0_clk/A (sky130_fd_sc_hd__clkbuf_16)
     8    0.084509    0.077719    0.131609    0.180996 ^ clkbuf_0_clk/X (sky130_fd_sc_hd__clkbuf_16)
                                                         clknet_0_clk (net)
                      0.077932    0.003249    0.184244 ^ clkbuf_3_6__f_clk/A (sky130_fd_sc_hd__clkbuf_16)
     8    0.025024    0.034993    0.100568    0.284812 ^ clkbuf_3_6__f_clk/X (sky130_fd_sc_hd__clkbuf_16)
                                                         clknet_3_6__leaf_clk (net)
                      0.035060    0.001281    0.286093 ^ _1589_/CLK (sky130_fd_sc_hd__dfxtp_2)
                                  0.250000    0.536093   clock uncertainty
                                  0.000000    0.536093   clock reconvergence pessimism
                                 -0.016827    0.519266   library hold time
                                              0.519266   data required time
---------------------------------------------------------------------------------------------
                                              0.519266   data required time
                                             -0.664271   data arrival time
---------------------------------------------------------------------------------------------
                                              0.145005   slack (MET)


Startpoint: _1585_ (rising edge-triggered flip-flop clocked by clk)
Endpoint: _1585_ (rising edge-triggered flip-flop clocked by clk)
Path Group: clk
Path Type: min

Fanout         Cap        Slew       Delay        Time   Description
---------------------------------------------------------------------------------------------
                                  0.000000    0.000000   clock clk (rise edge)
                                  0.000000    0.000000   clock source latency
     1    0.020088    0.072004    0.049386    0.049386 ^ clk (in)
                                                         clk (net)
                      0.072017    0.000000    0.049386 ^ clkbuf_0_clk/A (sky130_fd_sc_hd__clkbuf_16)
     8    0.084509    0.077719    0.131609    0.180996 ^ clkbuf_0_clk/X (sky130_fd_sc_hd__clkbuf_16)
                                                         clknet_0_clk (net)
                      0.077933    0.003260    0.184256 ^ clkbuf_3_7__f_clk/A (sky130_fd_sc_hd__clkbuf_16)
     8    0.028089    0.037233    0.102508    0.286764 ^ clkbuf_3_7__f_clk/X (sky130_fd_sc_hd__clkbuf_16)
                                                         clknet_3_7__leaf_clk (net)
                      0.037319    0.001524    0.288287 ^ _1585_/CLK (sky130_fd_sc_hd__dfxtp_2)
     5    0.035027    0.135860    0.272911    0.561198 ^ _1585_/Q (sky130_fd_sc_hd__dfxtp_2)
                                                         u_dp.a_q[1] (net)
                      0.135862    0.000768    0.561966 ^ _1442_/A1 (sky130_fd_sc_hd__o211a_2)
     1    0.002165    0.023587    0.107684    0.669650 ^ _1442_/X (sky130_fd_sc_hd__o211a_2)
                                                         _0013_ (net)
                      0.023587    0.000043    0.669693 ^ _1585_/D (sky130_fd_sc_hd__dfxtp_2)
                                              0.669693   data arrival time

                                  0.000000    0.000000   clock clk (rise edge)
                                  0.000000    0.000000   clock source latency
     1    0.020088    0.072004    0.049386    0.049386 ^ clk (in)
                                                         clk (net)
                      0.072017    0.000000    0.049386 ^ clkbuf_0_clk/A (sky130_fd_sc_hd__clkbuf_16)
     8    0.084509    0.077719    0.131609    0.180996 ^ clkbuf_0_clk/X (sky130_fd_sc_hd__clkbuf_16)
                                                         clknet_0_clk (net)
                      0.077933    0.003260    0.184256 ^ clkbuf_3_7__f_clk/A (sky130_fd_sc_hd__clkbuf_16)
     8    0.028089    0.037233    0.102508    0.286764 ^ clkbuf_3_7__f_clk/X (sky130_fd_sc_hd__clkbuf_16)
                                                         clknet_3_7__leaf_clk (net)
                      0.037319    0.001524    0.288287 ^ _1585_/CLK (sky130_fd_sc_hd__dfxtp_2)
                                  0.250000    0.538287   clock uncertainty
                                  0.000000    0.538287   clock reconvergence pessimism
                                 -0.016625    0.521662   library hold time
                                              0.521662   data required time
---------------------------------------------------------------------------------------------
                                              0.521662   data required time
                                             -0.669693   data arrival time
---------------------------------------------------------------------------------------------
                                              0.148031   slack (MET)


Startpoint: _1610_ (rising edge-triggered flip-flop clocked by clk)
Endpoint: _1578_ (rising edge-triggered flip-flop clocked by clk)
Path Group: clk
Path Type: min

Fanout         Cap        Slew       Delay        Time   Description
---------------------------------------------------------------------------------------------
                                  0.000000    0.000000   clock clk (rise edge)
                                  0.000000    0.000000   clock source latency
     1    0.020088    0.072004    0.049386    0.049386 ^ clk (in)
                                                         clk (net)
                      0.072017    0.000000    0.049386 ^ clkbuf_0_clk/A (sky130_fd_sc_hd__clkbuf_16)
     8    0.084509    0.077719    0.131609    0.180996 ^ clkbuf_0_clk/X (sky130_fd_sc_hd__clkbuf_16)
                                                         clknet_0_clk (net)
                      0.077889    0.002913    0.183909 ^ clkbuf_3_1__f_clk/A (sky130_fd_sc_hd__clkbuf_16)
     8    0.024162    0.034411    0.100211    0.284120 ^ clkbuf_3_1__f_clk/X (sky130_fd_sc_hd__clkbuf_16)
                                                         clknet_3_1__leaf_clk (net)
                      0.034416    0.000420    0.284540 ^ _1610_/CLK (sky130_fd_sc_hd__dfxtp_2)
     5    0.021726    0.087145    0.238122    0.522662 ^ _1610_/Q (sky130_fd_sc_hd__dfxtp_2)
                                                         u_dp.acc_q[10] (net)
                      0.087148    0.000639    0.523301 ^ _1419_/A1 (sky130_fd_sc_hd__a22o_2)
     1    0.008749    0.042390    0.102577    0.625878 ^ _1419_/X (sky130_fd_sc_hd__a22o_2)
                                                         _0686_ (net)
                      0.042393    0.000366    0.626244 ^ _1420_/B1 (sky130_fd_sc_hd__a21oi_2)
     1    0.010538    0.023702    0.029012    0.655256 v _1420_/Y (sky130_fd_sc_hd__a21oi_2)
                                                         _0687_ (net)
                      0.023720    0.000509    0.655765 v _1421_/B (sky130_fd_sc_hd__nor2_2)
     1    0.003482    0.047946    0.047440    0.703206 ^ _1421_/Y (sky130_fd_sc_hd__nor2_2)
                                                         _0006_ (net)
                      0.047946    0.000119    0.703325 ^ _1578_/D (sky130_fd_sc_hd__dfxtp_2)
                                              0.703325   data arrival time

                                  0.000000    0.000000   clock clk (rise edge)
                                  0.000000    0.000000   clock source latency
     1    0.020088    0.072004    0.049386    0.049386 ^ clk (in)
                                                         clk (net)
                      0.072017    0.000000    0.049386 ^ clkbuf_0_clk/A (sky130_fd_sc_hd__clkbuf_16)
     8    0.084509    0.077719    0.131609    0.180996 ^ clkbuf_0_clk/X (sky130_fd_sc_hd__clkbuf_16)
                                                         clknet_0_clk (net)
                      0.077813    0.002180    0.183175 ^ clkbuf_3_4__f_clk/A (sky130_fd_sc_hd__clkbuf_16)
     8    0.032738    0.040439    0.105690    0.288865 ^ clkbuf_3_4__f_clk/X (sky130_fd_sc_hd__clkbuf_16)
                                                         clknet_3_4__leaf_clk (net)
                      0.040468    0.001498    0.290363 ^ _1578_/CLK (sky130_fd_sc_hd__dfxtp_2)
                                  0.250000    0.540363   clock uncertainty
                                  0.000000    0.540363   clock reconvergence pessimism
                                 -0.018272    0.522092   library hold time
                                              0.522092   data required time
---------------------------------------------------------------------------------------------
                                              0.522092   data required time
                                             -0.703325   data arrival time
---------------------------------------------------------------------------------------------
                                              0.181233   slack (MET)


Startpoint: _1609_ (rising edge-triggered flip-flop clocked by clk)
Endpoint: _1577_ (rising edge-triggered flip-flop clocked by clk)
Path Group: clk
Path Type: min

Fanout         Cap        Slew       Delay        Time   Description
---------------------------------------------------------------------------------------------
                                  0.000000    0.000000   clock clk (rise edge)
                                  0.000000    0.000000   clock source latency
     1    0.020088    0.072004    0.049386    0.049386 ^ clk (in)
                                                         clk (net)
                      0.072017    0.000000    0.049386 ^ clkbuf_0_clk/A (sky130_fd_sc_hd__clkbuf_16)
     8    0.084509    0.077719    0.131609    0.180996 ^ clkbuf_0_clk/X (sky130_fd_sc_hd__clkbuf_16)
                                                         clknet_0_clk (net)
                      0.077889    0.002913    0.183909 ^ clkbuf_3_1__f_clk/A (sky130_fd_sc_hd__clkbuf_16)
     8    0.024162    0.034411    0.100211    0.284120 ^ clkbuf_3_1__f_clk/X (sky130_fd_sc_hd__clkbuf_16)
                                                         clknet_3_1__leaf_clk (net)
                      0.034417    0.000427    0.284547 ^ _1609_/CLK (sky130_fd_sc_hd__dfxtp_2)
     4    0.024133    0.095934    0.244363    0.528910 ^ _1609_/Q (sky130_fd_sc_hd__dfxtp_2)
                                                         u_dp.acc_q[9] (net)
                      0.095934    0.000441    0.529351 ^ _1416_/A1 (sky130_fd_sc_hd__a22o_2)
     1    0.005727    0.032111    0.096316    0.625667 ^ _1416_/X (sky130_fd_sc_hd__a22o_2)
                                                         _0684_ (net)
                      0.032112    0.000182    0.625849 ^ _1417_/B1 (sky130_fd_sc_hd__a21oi_2)
     1    0.012673    0.024389    0.029298    0.655146 v _1417_/Y (sky130_fd_sc_hd__a21oi_2)
                                                         _0685_ (net)
                      0.024404    0.000485    0.655631 v _1418_/B (sky130_fd_sc_hd__nor2_2)
     1    0.004226    0.053149    0.051796    0.707427 ^ _1418_/Y (sky130_fd_sc_hd__nor2_2)
                                                         _0005_ (net)
                      0.053149    0.000110    0.707537 ^ _1577_/D (sky130_fd_sc_hd__dfxtp_2)
                                              0.707537   data arrival time

                                  0.000000    0.000000   clock clk (rise edge)
                                  0.000000    0.000000   clock source latency
     1    0.020088    0.072004    0.049386    0.049386 ^ clk (in)
                                                         clk (net)
                      0.072017    0.000000    0.049386 ^ clkbuf_0_clk/A (sky130_fd_sc_hd__clkbuf_16)
     8    0.084509    0.077719    0.131609    0.180996 ^ clkbuf_0_clk/X (sky130_fd_sc_hd__clkbuf_16)
                                                         clknet_0_clk (net)
                      0.077813    0.002180    0.183175 ^ clkbuf_3_4__f_clk/A (sky130_fd_sc_hd__clkbuf_16)
     8    0.032738    0.040439    0.105690    0.288865 ^ clkbuf_3_4__f_clk/X (sky130_fd_sc_hd__clkbuf_16)
                                                         clknet_3_4__leaf_clk (net)
                      0.040468    0.001497    0.290362 ^ _1577_/CLK (sky130_fd_sc_hd__dfxtp_2)
                                  0.250000    0.540362   clock uncertainty
                                  0.000000    0.540362   clock reconvergence pessimism
                                 -0.018639    0.521722   library hold time
                                              0.521722   data required time
---------------------------------------------------------------------------------------------
                                              0.521722   data required time
                                             -0.707537   data arrival time
---------------------------------------------------------------------------------------------
                                              0.185815   slack (MET)


Startpoint: _1600_ (rising edge-triggered flip-flop clocked by clk)
Endpoint: _1600_ (rising edge-triggered flip-flop clocked by clk)
Path Group: clk
Path Type: min

Fanout         Cap        Slew       Delay        Time   Description
---------------------------------------------------------------------------------------------
                                  0.000000    0.000000   clock clk (rise edge)
                                  0.000000    0.000000   clock source latency
     1    0.020088    0.072004    0.049386    0.049386 ^ clk (in)
                                                         clk (net)
                      0.072017    0.000000    0.049386 ^ clkbuf_0_clk/A (sky130_fd_sc_hd__clkbuf_16)
     8    0.084509    0.077719    0.131609    0.180996 ^ clkbuf_0_clk/X (sky130_fd_sc_hd__clkbuf_16)
                                                         clknet_0_clk (net)
                      0.077893    0.002944    0.183940 ^ clkbuf_3_0__f_clk/A (sky130_fd_sc_hd__clkbuf_16)
     8    0.024648    0.034736    0.100441    0.284381 ^ clkbuf_3_0__f_clk/X (sky130_fd_sc_hd__clkbuf_16)
                                                         clknet_3_0__leaf_clk (net)
                      0.034739    0.000435    0.284816 ^ _1600_/CLK (sky130_fd_sc_hd__dfxtp_2)
     3    0.010957    0.029676    0.207210    0.492027 v _1600_/Q (sky130_fd_sc_hd__dfxtp_2)
                                                         u_dp.acc_q[0] (net)
                      0.029676    0.000311    0.492338 v _1348_/A (sky130_fd_sc_hd__nand3_2)
     3    0.011113    0.051683    0.055788    0.548126 ^ _1348_/Y (sky130_fd_sc_hd__nand3_2)
                                                         _0618_ (net)
                      0.051683    0.000160    0.548286 ^ _1475_/A1 (sky130_fd_sc_hd__a31o_2)
     1    0.003752    0.028916    0.085036    0.633322 ^ _1475_/X (sky130_fd_sc_hd__a31o_2)
                                                         _0720_ (net)
                      0.028916    0.000121    0.633443 ^ _1476_/C1 (sky130_fd_sc_hd__o211a_2)
     1    0.002098    0.023331    0.071828    0.705271 ^ _1476_/X (sky130_fd_sc_hd__o211a_2)
                                                         _0028_ (net)
                      0.023331    0.000060    0.705330 ^ _1600_/D (sky130_fd_sc_hd__dfxtp_2)
                                              0.705330   data arrival time

                                  0.000000    0.000000   clock clk (rise edge)
                                  0.000000    0.000000   clock source latency
     1    0.020088    0.072004    0.049386    0.049386 ^ clk (in)
                                                         clk (net)
                      0.072017    0.000000    0.049386 ^ clkbuf_0_clk/A (sky130_fd_sc_hd__clkbuf_16)
     8    0.084509    0.077719    0.131609    0.180996 ^ clkbuf_0_clk/X (sky130_fd_sc_hd__clkbuf_16)
                                                         clknet_0_clk (net)
                      0.077893    0.002944    0.183940 ^ clkbuf_3_0__f_clk/A (sky130_fd_sc_hd__clkbuf_16)
     8    0.024648    0.034736    0.100441    0.284381 ^ clkbuf_3_0__f_clk/X (sky130_fd_sc_hd__clkbuf_16)
                                                         clknet_3_0__leaf_clk (net)
                      0.034739    0.000435    0.284816 ^ _1600_/CLK (sky130_fd_sc_hd__dfxtp_2)
                                  0.250000    0.534816   clock uncertainty
                                  0.000000    0.534816   clock reconvergence pessimism
                                 -0.016668    0.518148   library hold time
                                              0.518148   data required time
---------------------------------------------------------------------------------------------
                                              0.518148   data required time
                                             -0.705330   data arrival time
---------------------------------------------------------------------------------------------
                                              0.187182   slack (MET)


Startpoint: _1634_ (rising edge-triggered flip-flop clocked by clk)
Endpoint: _1634_ (rising edge-triggered flip-flop clocked by clk)
Path Group: clk
Path Type: min

Fanout         Cap        Slew       Delay        Time   Description
---------------------------------------------------------------------------------------------
                                  0.000000    0.000000   clock clk (rise edge)
                                  0.000000    0.000000   clock source latency
     1    0.020088    0.072004    0.049386    0.049386 ^ clk (in)
                                                         clk (net)
                      0.072017    0.000000    0.049386 ^ clkbuf_0_clk/A (sky130_fd_sc_hd__clkbuf_16)
     8    0.084509    0.077719    0.131609    0.180996 ^ clkbuf_0_clk/X (sky130_fd_sc_hd__clkbuf_16)
                                                         clknet_0_clk (net)
                      0.077892    0.002942    0.183937 ^ clkbuf_3_5__f_clk/A (sky130_fd_sc_hd__clkbuf_16)
     8    0.030128    0.038547    0.104298    0.288235 ^ clkbuf_3_5__f_clk/X (sky130_fd_sc_hd__clkbuf_16)
                                                         clknet_3_5__leaf_clk (net)
                      0.038549    0.000316    0.288551 ^ _1634_/CLK (sky130_fd_sc_hd__dfxtp_2)
    10    0.042666    0.075349    0.248892    0.537444 v _1634_/Q (sky130_fd_sc_hd__dfxtp_2)
                                                         u_dp.out_sel_q[2] (net)
                      0.075350    0.000448    0.537892 v _0798_/C1 (sky130_fd_sc_hd__o211a_2)
     1    0.003576    0.017957    0.090147    0.628038 v _0798_/X (sky130_fd_sc_hd__o211a_2)
                                                         _0071_ (net)
                      0.017958    0.000117    0.628155 v _0799_/B1 (sky130_fd_sc_hd__a41o_2)
     1    0.002487    0.016674    0.069726    0.697881 v _0799_/X (sky130_fd_sc_hd__a41o_2)
                                                         _0001_ (net)
                      0.016674    0.000072    0.697953 v _1634_/D (sky130_fd_sc_hd__dfxtp_2)
                                              0.697953   data arrival time

                                  0.000000    0.000000   clock clk (rise edge)
                                  0.000000    0.000000   clock source latency
     1    0.020088    0.072004    0.049386    0.049386 ^ clk (in)
                                                         clk (net)
                      0.072017    0.000000    0.049386 ^ clkbuf_0_clk/A (sky130_fd_sc_hd__clkbuf_16)
     8    0.084509    0.077719    0.131609    0.180996 ^ clkbuf_0_clk/X (sky130_fd_sc_hd__clkbuf_16)
                                                         clknet_0_clk (net)
                      0.077892    0.002942    0.183937 ^ clkbuf_3_5__f_clk/A (sky130_fd_sc_hd__clkbuf_16)
     8    0.030128    0.038547    0.104298    0.288235 ^ clkbuf_3_5__f_clk/X (sky130_fd_sc_hd__clkbuf_16)
                                                         clknet_3_5__leaf_clk (net)
                      0.038549    0.000316    0.288551 ^ _1634_/CLK (sky130_fd_sc_hd__dfxtp_2)
                                  0.250000    0.538551   clock uncertainty
                                  0.000000    0.538551   clock reconvergence pessimism
                                 -0.029150    0.509401   library hold time
                                              0.509401   data required time
---------------------------------------------------------------------------------------------
                                              0.509401   data required time
                                             -0.697953   data arrival time
---------------------------------------------------------------------------------------------
                                              0.188552   slack (MET)


Startpoint: _1622_ (rising edge-triggered flip-flop clocked by clk)
Endpoint: _1582_ (rising edge-triggered flip-flop clocked by clk)
Path Group: clk
Path Type: min

Fanout         Cap        Slew       Delay        Time   Description
---------------------------------------------------------------------------------------------
                                  0.000000    0.000000   clock clk (rise edge)
                                  0.000000    0.000000   clock source latency
     1    0.020088    0.072004    0.049386    0.049386 ^ clk (in)
                                                         clk (net)
                      0.072017    0.000000    0.049386 ^ clkbuf_0_clk/A (sky130_fd_sc_hd__clkbuf_16)
     8    0.084509    0.077719    0.131609    0.180996 ^ clkbuf_0_clk/X (sky130_fd_sc_hd__clkbuf_16)
                                                         clknet_0_clk (net)
                      0.077893    0.002944    0.183940 ^ clkbuf_3_0__f_clk/A (sky130_fd_sc_hd__clkbuf_16)
     8    0.024648    0.034736    0.100441    0.284381 ^ clkbuf_3_0__f_clk/X (sky130_fd_sc_hd__clkbuf_16)
                                                         clknet_3_0__leaf_clk (net)
                      0.034744    0.000522    0.284903 ^ _1622_/CLK (sky130_fd_sc_hd__dfxtp_2)
     4    0.026288    0.103855    0.249774    0.534677 ^ _1622_/Q (sky130_fd_sc_hd__dfxtp_2)
                                                         u_dp.acc_q[22] (net)
                      0.103855    0.000322    0.534999 ^ _1431_/B2 (sky130_fd_sc_hd__a22o_2)
     1    0.012677    0.055866    0.111184    0.646183 ^ _1431_/X (sky130_fd_sc_hd__a22o_2)
                                                         _0694_ (net)
                      0.055869    0.000482    0.646665 ^ _1432_/B1 (sky130_fd_sc_hd__a21oi_2)
     1    0.006388    0.021541    0.024542    0.671208 v _1432_/Y (sky130_fd_sc_hd__a21oi_2)
                                                         _0695_ (net)
                      0.021545    0.000229    0.671437 v _1433_/B (sky130_fd_sc_hd__nor2_2)
     1    0.002483    0.040859    0.041274    0.712711 ^ _1433_/Y (sky130_fd_sc_hd__nor2_2)
                                                         _0010_ (net)
                      0.040859    0.000074    0.712785 ^ _1582_/D (sky130_fd_sc_hd__dfxtp_2)
                                              0.712785   data arrival time

                                  0.000000    0.000000   clock clk (rise edge)
                                  0.000000    0.000000   clock source latency
     1    0.020088    0.072004    0.049386    0.049386 ^ clk (in)
                                                         clk (net)
                      0.072017    0.000000    0.049386 ^ clkbuf_0_clk/A (sky130_fd_sc_hd__clkbuf_16)
     8    0.084509    0.077719    0.131609    0.180996 ^ clkbuf_0_clk/X (sky130_fd_sc_hd__clkbuf_16)
                                                         clknet_0_clk (net)
                      0.077894    0.002951    0.183947 ^ clkbuf_3_3__f_clk/A (sky130_fd_sc_hd__clkbuf_16)
     8    0.031698    0.039752    0.105162    0.289108 ^ clkbuf_3_3__f_clk/X (sky130_fd_sc_hd__clkbuf_16)
                                                         clknet_3_3__leaf_clk (net)
                      0.039762    0.001125    0.290233 ^ _1582_/CLK (sky130_fd_sc_hd__dfxtp_2)
                                  0.250000    0.540233   clock uncertainty
                                  0.000000    0.540233   clock reconvergence pessimism
                                 -0.017788    0.522446   library hold time
                                              0.522446   data required time
---------------------------------------------------------------------------------------------
                                              0.522446   data required time
                                             -0.712785   data arrival time
---------------------------------------------------------------------------------------------
                                              0.190339   slack (MET)


Startpoint: _1594_ (rising edge-triggered flip-flop clocked by clk)
Endpoint: _1594_ (rising edge-triggered flip-flop clocked by clk)
Path Group: clk
Path Type: min

Fanout         Cap        Slew       Delay        Time   Description
---------------------------------------------------------------------------------------------
                                  0.000000    0.000000   clock clk (rise edge)
                                  0.000000    0.000000   clock source latency
     1    0.020088    0.072004    0.049386    0.049386 ^ clk (in)
                                                         clk (net)
                      0.072017    0.000000    0.049386 ^ clkbuf_0_clk/A (sky130_fd_sc_hd__clkbuf_16)
     8    0.084509    0.077719    0.131609    0.180996 ^ clkbuf_0_clk/X (sky130_fd_sc_hd__clkbuf_16)
                                                         clknet_0_clk (net)
                      0.077933    0.003260    0.184256 ^ clkbuf_3_7__f_clk/A (sky130_fd_sc_hd__clkbuf_16)
     8    0.028089    0.037233    0.102508    0.286764 ^ clkbuf_3_7__f_clk/X (sky130_fd_sc_hd__clkbuf_16)
                                                         clknet_3_7__leaf_clk (net)
                      0.037303    0.001388    0.288152 ^ _1594_/CLK (sky130_fd_sc_hd__dfxtp_2)
     4    0.030019    0.117507    0.260112    0.548264 ^ _1594_/Q (sky130_fd_sc_hd__dfxtp_2)
                                                         u_dp.b_q[2] (net)
                      0.117507    0.000352    0.548616 ^ _1461_/A (sky130_fd_sc_hd__or2_2)
     1    0.003085    0.022992    0.085230    0.633846 ^ _1461_/X (sky130_fd_sc_hd__or2_2)
                                                         _0712_ (net)
                      0.022992    0.000090    0.633937 ^ _1462_/B1 (sky130_fd_sc_hd__o211a_2)
     1    0.002858    0.026176    0.077718    0.711655 ^ _1462_/X (sky130_fd_sc_hd__o211a_2)
                                                         _0022_ (net)
                      0.026176    0.000086    0.711741 ^ _1594_/D (sky130_fd_sc_hd__dfxtp_2)
                                              0.711741   data arrival time

                                  0.000000    0.000000   clock clk (rise edge)
                                  0.000000    0.000000   clock source latency
     1    0.020088    0.072004    0.049386    0.049386 ^ clk (in)
                                                         clk (net)
                      0.072017    0.000000    0.049386 ^ clkbuf_0_clk/A (sky130_fd_sc_hd__clkbuf_16)
     8    0.084509    0.077719    0.131609    0.180996 ^ clkbuf_0_clk/X (sky130_fd_sc_hd__clkbuf_16)
                                                         clknet_0_clk (net)
                      0.077933    0.003260    0.184256 ^ clkbuf_3_7__f_clk/A (sky130_fd_sc_hd__clkbuf_16)
     8    0.028089    0.037233    0.102508    0.286764 ^ clkbuf_3_7__f_clk/X (sky130_fd_sc_hd__clkbuf_16)
                                                         clknet_3_7__leaf_clk (net)
                      0.037303    0.001388    0.288152 ^ _1594_/CLK (sky130_fd_sc_hd__dfxtp_2)
                                  0.250000    0.538152   clock uncertainty
                                  0.000000    0.538152   clock reconvergence pessimism
                                 -0.016809    0.521343   library hold time
                                              0.521343   data required time
---------------------------------------------------------------------------------------------
                                              0.521343   data required time
                                             -0.711741   data arrival time
---------------------------------------------------------------------------------------------
                                              0.190398   slack (MET)


Startpoint: _1620_ (rising edge-triggered flip-flop clocked by clk)
Endpoint: _1580_ (rising edge-triggered flip-flop clocked by clk)
Path Group: clk
Path Type: min

Fanout         Cap        Slew       Delay        Time   Description
---------------------------------------------------------------------------------------------
                                  0.000000    0.000000   clock clk (rise edge)
                                  0.000000    0.000000   clock source latency
     1    0.020088    0.072004    0.049386    0.049386 ^ clk (in)
                                                         clk (net)
                      0.072017    0.000000    0.049386 ^ clkbuf_0_clk/A (sky130_fd_sc_hd__clkbuf_16)
     8    0.084509    0.077719    0.131609    0.180996 ^ clkbuf_0_clk/X (sky130_fd_sc_hd__clkbuf_16)
                                                         clknet_0_clk (net)
                      0.077893    0.002944    0.183940 ^ clkbuf_3_0__f_clk/A (sky130_fd_sc_hd__clkbuf_16)
     8    0.024648    0.034736    0.100441    0.284381 ^ clkbuf_3_0__f_clk/X (sky130_fd_sc_hd__clkbuf_16)
                                                         clknet_3_0__leaf_clk (net)
                      0.034769    0.000908    0.285289 ^ _1620_/CLK (sky130_fd_sc_hd__dfxtp_2)
     4    0.027461    0.108152    0.252771    0.538061 ^ _1620_/Q (sky130_fd_sc_hd__dfxtp_2)
                                                         u_dp.acc_q[20] (net)
                      0.108153    0.000634    0.538695 ^ _1425_/B2 (sky130_fd_sc_hd__a22o_2)
     1    0.011416    0.051520    0.108398    0.647092 ^ _1425_/X (sky130_fd_sc_hd__a22o_2)
                                                         _0690_ (net)
                      0.051528    0.000662    0.647754 ^ _1426_/B1 (sky130_fd_sc_hd__a21oi_2)
     1    0.006922    0.021449    0.025204    0.672959 v _1426_/Y (sky130_fd_sc_hd__a21oi_2)
                                                         _0691_ (net)
                      0.021455    0.000268    0.673226 v _1427_/B (sky130_fd_sc_hd__nor2_2)
     1    0.002858    0.043518    0.043331    0.716557 ^ _1427_/Y (sky130_fd_sc_hd__nor2_2)
                                                         _0008_ (net)
                      0.043518    0.000085    0.716643 ^ _1580_/D (sky130_fd_sc_hd__dfxtp_2)
                                              0.716643   data arrival time

                                  0.000000    0.000000   clock clk (rise edge)
                                  0.000000    0.000000   clock source latency
     1    0.020088    0.072004    0.049386    0.049386 ^ clk (in)
                                                         clk (net)
                      0.072017    0.000000    0.049386 ^ clkbuf_0_clk/A (sky130_fd_sc_hd__clkbuf_16)
     8    0.084509    0.077719    0.131609    0.180996 ^ clkbuf_0_clk/X (sky130_fd_sc_hd__clkbuf_16)
                                                         clknet_0_clk (net)
                      0.077894    0.002951    0.183947 ^ clkbuf_3_3__f_clk/A (sky130_fd_sc_hd__clkbuf_16)
     8    0.031698    0.039752    0.105162    0.289108 ^ clkbuf_3_3__f_clk/X (sky130_fd_sc_hd__clkbuf_16)
                                                         clknet_3_3__leaf_clk (net)
                      0.039761    0.001089    0.290197 ^ _1580_/CLK (sky130_fd_sc_hd__dfxtp_2)
                                  0.250000    0.540197   clock uncertainty
                                  0.000000    0.540197   clock reconvergence pessimism
                                 -0.017976    0.522222   library hold time
                                              0.522222   data required time
---------------------------------------------------------------------------------------------
                                              0.522222   data required time
                                             -0.716643   data arrival time
---------------------------------------------------------------------------------------------
                                              0.194421   slack (MET)


Startpoint: _1621_ (rising edge-triggered flip-flop clocked by clk)
Endpoint: _1581_ (rising edge-triggered flip-flop clocked by clk)
Path Group: clk
Path Type: min

Fanout         Cap        Slew       Delay        Time   Description
---------------------------------------------------------------------------------------------
                                  0.000000    0.000000   clock clk (rise edge)
                                  0.000000    0.000000   clock source latency
     1    0.020088    0.072004    0.049386    0.049386 ^ clk (in)
                                                         clk (net)
                      0.072017    0.000000    0.049386 ^ clkbuf_0_clk/A (sky130_fd_sc_hd__clkbuf_16)
     8    0.084509    0.077719    0.131609    0.180996 ^ clkbuf_0_clk/X (sky130_fd_sc_hd__clkbuf_16)
                                                         clknet_0_clk (net)
                      0.077893    0.002944    0.183940 ^ clkbuf_3_0__f_clk/A (sky130_fd_sc_hd__clkbuf_16)
     8    0.024648    0.034736    0.100441    0.284381 ^ clkbuf_3_0__f_clk/X (sky130_fd_sc_hd__clkbuf_16)
                                                         clknet_3_0__leaf_clk (net)
                      0.034767    0.000877    0.285258 ^ _1621_/CLK (sky130_fd_sc_hd__dfxtp_2)
     4    0.026397    0.104232    0.250176    0.535434 ^ _1621_/Q (sky130_fd_sc_hd__dfxtp_2)
                                                         u_dp.acc_q[21] (net)
                      0.104232    0.000370    0.535804 ^ _1428_/B2 (sky130_fd_sc_hd__a22o_2)
     1    0.014832    0.062822    0.116895    0.652699 ^ _1428_/X (sky130_fd_sc_hd__a22o_2)
                                                         _0692_ (net)
                      0.062838    0.000973    0.653673 ^ _1429_/B1 (sky130_fd_sc_hd__a21oi_2)
     1    0.004610    0.020404    0.021221    0.674894 v _1429_/Y (sky130_fd_sc_hd__a21oi_2)
                                                         _0693_ (net)
                      0.020404    0.000135    0.675028 v _1430_/B (sky130_fd_sc_hd__nor2_2)
     1    0.002908    0.043887    0.043336    0.718364 ^ _1430_/Y (sky130_fd_sc_hd__nor2_2)
                                                         _0009_ (net)
                      0.043887    0.000088    0.718453 ^ _1581_/D (sky130_fd_sc_hd__dfxtp_2)
                                              0.718453   data arrival time

                                  0.000000    0.000000   clock clk (rise edge)
                                  0.000000    0.000000   clock source latency
     1    0.020088    0.072004    0.049386    0.049386 ^ clk (in)
                                                         clk (net)
                      0.072017    0.000000    0.049386 ^ clkbuf_0_clk/A (sky130_fd_sc_hd__clkbuf_16)
     8    0.084509    0.077719    0.131609    0.180996 ^ clkbuf_0_clk/X (sky130_fd_sc_hd__clkbuf_16)
                                                         clknet_0_clk (net)
                      0.077813    0.002180    0.183175 ^ clkbuf_3_4__f_clk/A (sky130_fd_sc_hd__clkbuf_16)
     8    0.032738    0.040439    0.105690    0.288865 ^ clkbuf_3_4__f_clk/X (sky130_fd_sc_hd__clkbuf_16)
                                                         clknet_3_4__leaf_clk (net)
                      0.040464    0.001448    0.290313 ^ _1581_/CLK (sky130_fd_sc_hd__dfxtp_2)
                                  0.250000    0.540313   clock uncertainty
                                  0.000000    0.540313   clock reconvergence pessimism
                                 -0.017985    0.522328   library hold time
                                              0.522328   data required time
---------------------------------------------------------------------------------------------
                                              0.522328   data required time
                                             -0.718453   data arrival time
---------------------------------------------------------------------------------------------
                                              0.196125   slack (MET)


Startpoint: _1615_ (rising edge-triggered flip-flop clocked by clk)
Endpoint: _1583_ (rising edge-triggered flip-flop clocked by clk)
Path Group: clk
Path Type: min

Fanout         Cap        Slew       Delay        Time   Description
---------------------------------------------------------------------------------------------
                                  0.000000    0.000000   clock clk (rise edge)
                                  0.000000    0.000000   clock source latency
     1    0.020088    0.072004    0.049386    0.049386 ^ clk (in)
                                                         clk (net)
                      0.072017    0.000000    0.049386 ^ clkbuf_0_clk/A (sky130_fd_sc_hd__clkbuf_16)
     8    0.084509    0.077719    0.131609    0.180996 ^ clkbuf_0_clk/X (sky130_fd_sc_hd__clkbuf_16)
                                                         clknet_0_clk (net)
                      0.077889    0.002913    0.183909 ^ clkbuf_3_1__f_clk/A (sky130_fd_sc_hd__clkbuf_16)
     8    0.024162    0.034411    0.100211    0.284120 ^ clkbuf_3_1__f_clk/X (sky130_fd_sc_hd__clkbuf_16)
                                                         clknet_3_1__leaf_clk (net)
                      0.034420    0.000513    0.284632 ^ _1615_/CLK (sky130_fd_sc_hd__dfxtp_2)
     4    0.025563    0.101204    0.247812    0.532445 ^ _1615_/Q (sky130_fd_sc_hd__dfxtp_2)
                                                         u_dp.acc_q[15] (net)
                      0.101206    0.000618    0.533062 ^ _1434_/A1 (sky130_fd_sc_hd__a22o_2)
     1    0.011815    0.052917    0.114164    0.647227 ^ _1434_/X (sky130_fd_sc_hd__a22o_2)
                                                         _0696_ (net)
                      0.052921    0.000505    0.647732 ^ _1435_/B1 (sky130_fd_sc_hd__a21oi_2)
     1    0.007508    0.022617    0.026450    0.674181 v _1435_/Y (sky130_fd_sc_hd__a21oi_2)
                                                         _0697_ (net)
                      0.022624    0.000309    0.674490 v _1436_/B (sky130_fd_sc_hd__nor2_2)
     1    0.002696    0.042356    0.042740    0.717230 ^ _1436_/Y (sky130_fd_sc_hd__nor2_2)
                                                         _0011_ (net)
                      0.042356    0.000081    0.717312 ^ _1583_/D (sky130_fd_sc_hd__dfxtp_2)
                                              0.717312   data arrival time

                                  0.000000    0.000000   clock clk (rise edge)
                                  0.000000    0.000000   clock source latency
     1    0.020088    0.072004    0.049386    0.049386 ^ clk (in)
                                                         clk (net)
                      0.072017    0.000000    0.049386 ^ clkbuf_0_clk/A (sky130_fd_sc_hd__clkbuf_16)
     8    0.084509    0.077719    0.131609    0.180996 ^ clkbuf_0_clk/X (sky130_fd_sc_hd__clkbuf_16)
                                                         clknet_0_clk (net)
                      0.077892    0.002942    0.183937 ^ clkbuf_3_5__f_clk/A (sky130_fd_sc_hd__clkbuf_16)
     8    0.030128    0.038547    0.104298    0.288235 ^ clkbuf_3_5__f_clk/X (sky130_fd_sc_hd__clkbuf_16)
                                                         clknet_3_5__leaf_clk (net)
                      0.038560    0.000638    0.288873 ^ _1583_/CLK (sky130_fd_sc_hd__dfxtp_2)
                                  0.250000    0.538873   clock uncertainty
                                  0.000000    0.538873   clock reconvergence pessimism
                                 -0.017922    0.520951   library hold time
                                              0.520951   data required time
---------------------------------------------------------------------------------------------
                                              0.520951   data required time
                                             -0.717312   data arrival time
---------------------------------------------------------------------------------------------
                                              0.196361   slack (MET)


Startpoint: _1633_ (rising edge-triggered flip-flop clocked by clk)
Endpoint: _1633_ (rising edge-triggered flip-flop clocked by clk)
Path Group: clk
Path Type: min

Fanout         Cap        Slew       Delay        Time   Description
---------------------------------------------------------------------------------------------
                                  0.000000    0.000000   clock clk (rise edge)
                                  0.000000    0.000000   clock source latency
     1    0.020088    0.072004    0.049386    0.049386 ^ clk (in)
                                                         clk (net)
                      0.072017    0.000000    0.049386 ^ clkbuf_0_clk/A (sky130_fd_sc_hd__clkbuf_16)
     8    0.084509    0.077719    0.131609    0.180996 ^ clkbuf_0_clk/X (sky130_fd_sc_hd__clkbuf_16)
                                                         clknet_0_clk (net)
                      0.077892    0.002942    0.183937 ^ clkbuf_3_5__f_clk/A (sky130_fd_sc_hd__clkbuf_16)
     8    0.030128    0.038547    0.104298    0.288235 ^ clkbuf_3_5__f_clk/X (sky130_fd_sc_hd__clkbuf_16)
                                                         clknet_3_5__leaf_clk (net)
                      0.038549    0.000298    0.288533 ^ _1633_/CLK (sky130_fd_sc_hd__dfxtp_2)
    10    0.045393    0.078101    0.252573    0.541106 v _1633_/Q (sky130_fd_sc_hd__dfxtp_2)
                                                         u_dp.out_sel_q[1] (net)
                      0.078103    0.000594    0.541700 v _0800_/C1 (sky130_fd_sc_hd__o211a_2)
     1    0.003265    0.017484    0.090520    0.632220 v _0800_/X (sky130_fd_sc_hd__o211a_2)
                                                         _0072_ (net)
                      0.017484    0.000100    0.632320 v _0801_/B1 (sky130_fd_sc_hd__a41o_2)
     1    0.004335    0.020081    0.074402    0.706722 v _0801_/X (sky130_fd_sc_hd__a41o_2)
                                                         _0000_ (net)
                      0.020081    0.000157    0.706879 v _1633_/D (sky130_fd_sc_hd__dfxtp_2)
                                              0.706879   data arrival time

                                  0.000000    0.000000   clock clk (rise edge)
                                  0.000000    0.000000   clock source latency
     1    0.020088    0.072004    0.049386    0.049386 ^ clk (in)
                                                         clk (net)
                      0.072017    0.000000    0.049386 ^ clkbuf_0_clk/A (sky130_fd_sc_hd__clkbuf_16)
     8    0.084509    0.077719    0.131609    0.180996 ^ clkbuf_0_clk/X (sky130_fd_sc_hd__clkbuf_16)
                                                         clknet_0_clk (net)
                      0.077892    0.002942    0.183937 ^ clkbuf_3_5__f_clk/A (sky130_fd_sc_hd__clkbuf_16)
     8    0.030128    0.038547    0.104298    0.288235 ^ clkbuf_3_5__f_clk/X (sky130_fd_sc_hd__clkbuf_16)
                                                         clknet_3_5__leaf_clk (net)
                      0.038549    0.000298    0.288533 ^ _1633_/CLK (sky130_fd_sc_hd__dfxtp_2)
                                  0.250000    0.538533   clock uncertainty
                                  0.000000    0.538533   clock reconvergence pessimism
                                 -0.030284    0.508249   library hold time
                                              0.508249   data required time
---------------------------------------------------------------------------------------------
                                              0.508249   data required time
                                             -0.706879   data arrival time
---------------------------------------------------------------------------------------------
                                              0.198630   slack (MET)


Startpoint: _1616_ (rising edge-triggered flip-flop clocked by clk)
Endpoint: _1576_ (rising edge-triggered flip-flop clocked by clk)
Path Group: clk
Path Type: min

Fanout         Cap        Slew       Delay        Time   Description
---------------------------------------------------------------------------------------------
                                  0.000000    0.000000   clock clk (rise edge)
                                  0.000000    0.000000   clock source latency
     1    0.020088    0.072004    0.049386    0.049386 ^ clk (in)
                                                         clk (net)
                      0.072017    0.000000    0.049386 ^ clkbuf_0_clk/A (sky130_fd_sc_hd__clkbuf_16)
     8    0.084509    0.077719    0.131609    0.180996 ^ clkbuf_0_clk/X (sky130_fd_sc_hd__clkbuf_16)
                                                         clknet_0_clk (net)
                      0.077889    0.002913    0.183909 ^ clkbuf_3_1__f_clk/A (sky130_fd_sc_hd__clkbuf_16)
     8    0.024162    0.034411    0.100211    0.284120 ^ clkbuf_3_1__f_clk/X (sky130_fd_sc_hd__clkbuf_16)
                                                         clknet_3_1__leaf_clk (net)
                      0.034421    0.000520    0.284639 ^ _1616_/CLK (sky130_fd_sc_hd__dfxtp_2)
     4    0.027024    0.106527    0.251688    0.536328 ^ _1616_/Q (sky130_fd_sc_hd__dfxtp_2)
                                                         u_dp.acc_q[16] (net)
                      0.106528    0.000525    0.536852 ^ _1413_/B2 (sky130_fd_sc_hd__a22o_2)
     1    0.006791    0.035501    0.095421    0.632273 ^ _1413_/X (sky130_fd_sc_hd__a22o_2)
                                                         _0682_ (net)
                      0.035502    0.000245    0.632519 ^ _1414_/B1 (sky130_fd_sc_hd__a21oi_2)
     1    0.011282    0.023180    0.028349    0.660867 v _1414_/Y (sky130_fd_sc_hd__a21oi_2)
                                                         _0683_ (net)
                      0.023213    0.000688    0.661555 v _1415_/B (sky130_fd_sc_hd__nor2_2)
     1    0.006108    0.066322    0.061702    0.723257 ^ _1415_/Y (sky130_fd_sc_hd__nor2_2)
                                                         _0004_ (net)
                      0.066342    0.000205    0.723462 ^ _1576_/D (sky130_fd_sc_hd__dfxtp_2)
                                              0.723462   data arrival time

                                  0.000000    0.000000   clock clk (rise edge)
                                  0.000000    0.000000   clock source latency
     1    0.020088    0.072004    0.049386    0.049386 ^ clk (in)
                                                         clk (net)
                      0.072017    0.000000    0.049386 ^ clkbuf_0_clk/A (sky130_fd_sc_hd__clkbuf_16)
     8    0.084509    0.077719    0.131609    0.180996 ^ clkbuf_0_clk/X (sky130_fd_sc_hd__clkbuf_16)
                                                         clknet_0_clk (net)
                      0.077892    0.002942    0.183937 ^ clkbuf_3_5__f_clk/A (sky130_fd_sc_hd__clkbuf_16)
     8    0.030128    0.038547    0.104298    0.288235 ^ clkbuf_3_5__f_clk/X (sky130_fd_sc_hd__clkbuf_16)
                                                         clknet_3_5__leaf_clk (net)
                      0.038560    0.000647    0.288882 ^ _1576_/CLK (sky130_fd_sc_hd__dfxtp_2)
                                  0.250000    0.538882   clock uncertainty
                                  0.000000    0.538882   clock reconvergence pessimism
                                 -0.019618    0.519264   library hold time
                                              0.519264   data required time
---------------------------------------------------------------------------------------------
                                              0.519264   data required time
                                             -0.723462   data arrival time
---------------------------------------------------------------------------------------------
                                              0.204198   slack (MET)


Startpoint: _1619_ (rising edge-triggered flip-flop clocked by clk)
Endpoint: _1579_ (rising edge-triggered flip-flop clocked by clk)
Path Group: clk
Path Type: min

Fanout         Cap        Slew       Delay        Time   Description
---------------------------------------------------------------------------------------------
                                  0.000000    0.000000   clock clk (rise edge)
                                  0.000000    0.000000   clock source latency
     1    0.020088    0.072004    0.049386    0.049386 ^ clk (in)
                                                         clk (net)
                      0.072017    0.000000    0.049386 ^ clkbuf_0_clk/A (sky130_fd_sc_hd__clkbuf_16)
     8    0.084509    0.077719    0.131609    0.180996 ^ clkbuf_0_clk/X (sky130_fd_sc_hd__clkbuf_16)
                                                         clknet_0_clk (net)
                      0.077893    0.002944    0.183940 ^ clkbuf_3_0__f_clk/A (sky130_fd_sc_hd__clkbuf_16)
     8    0.024648    0.034736    0.100441    0.284381 ^ clkbuf_3_0__f_clk/X (sky130_fd_sc_hd__clkbuf_16)
                                                         clknet_3_0__leaf_clk (net)
                      0.034768    0.000889    0.285270 ^ _1619_/CLK (sky130_fd_sc_hd__dfxtp_2)
     4    0.028348    0.111082    0.254777    0.540047 ^ _1619_/Q (sky130_fd_sc_hd__dfxtp_2)
                                                         u_dp.acc_q[19] (net)
                      0.111082    0.000491    0.540538 ^ _1422_/B2 (sky130_fd_sc_hd__a22o_2)
     1    0.008282    0.040619    0.100356    0.640894 ^ _1422_/X (sky130_fd_sc_hd__a22o_2)
                                                         _0688_ (net)
                      0.040621    0.000370    0.641264 ^ _1423_/B1 (sky130_fd_sc_hd__a21oi_2)
     1    0.011253    0.024200    0.029531    0.670795 v _1423_/Y (sky130_fd_sc_hd__a21oi_2)
                                                         _0689_ (net)
                      0.024213    0.000425    0.671220 v _1424_/B (sky130_fd_sc_hd__nor2_2)
     1    0.004485    0.054940    0.053128    0.724348 ^ _1424_/Y (sky130_fd_sc_hd__nor2_2)
                                                         _0007_ (net)
                      0.054940    0.000169    0.724517 ^ _1579_/D (sky130_fd_sc_hd__dfxtp_2)
                                              0.724517   data arrival time

                                  0.000000    0.000000   clock clk (rise edge)
                                  0.000000    0.000000   clock source latency
     1    0.020088    0.072004    0.049386    0.049386 ^ clk (in)
                                                         clk (net)
                      0.072017    0.000000    0.049386 ^ clkbuf_0_clk/A (sky130_fd_sc_hd__clkbuf_16)
     8    0.084509    0.077719    0.131609    0.180996 ^ clkbuf_0_clk/X (sky130_fd_sc_hd__clkbuf_16)
                                                         clknet_0_clk (net)
                      0.077892    0.002942    0.183937 ^ clkbuf_3_5__f_clk/A (sky130_fd_sc_hd__clkbuf_16)
     8    0.030128    0.038547    0.104298    0.288235 ^ clkbuf_3_5__f_clk/X (sky130_fd_sc_hd__clkbuf_16)
                                                         clknet_3_5__leaf_clk (net)
                      0.038560    0.000645    0.288880 ^ _1579_/CLK (sky130_fd_sc_hd__dfxtp_2)
                                  0.250000    0.538880   clock uncertainty
                                  0.000000    0.538880   clock reconvergence pessimism
                                 -0.018812    0.520068   library hold time
                                              0.520068   data required time
---------------------------------------------------------------------------------------------
                                              0.520068   data required time
                                             -0.724517   data arrival time
---------------------------------------------------------------------------------------------
                                              0.204449   slack (MET)


Startpoint: _1636_ (rising edge-triggered flip-flop clocked by clk)
Endpoint: _1635_ (rising edge-triggered flip-flop clocked by clk)
Path Group: clk
Path Type: min

Fanout         Cap        Slew       Delay        Time   Description
---------------------------------------------------------------------------------------------
                                  0.000000    0.000000   clock clk (rise edge)
                                  0.000000    0.000000   clock source latency
     1    0.020088    0.072004    0.049386    0.049386 ^ clk (in)
                                                         clk (net)
                      0.072017    0.000000    0.049386 ^ clkbuf_0_clk/A (sky130_fd_sc_hd__clkbuf_16)
     8    0.084509    0.077719    0.131609    0.180996 ^ clkbuf_0_clk/X (sky130_fd_sc_hd__clkbuf_16)
                                                         clknet_0_clk (net)
                      0.077933    0.003260    0.184256 ^ clkbuf_3_7__f_clk/A (sky130_fd_sc_hd__clkbuf_16)
     8    0.028089    0.037233    0.102508    0.286764 ^ clkbuf_3_7__f_clk/X (sky130_fd_sc_hd__clkbuf_16)
                                                         clknet_3_7__leaf_clk (net)
                      0.037332    0.001628    0.288392 ^ _1636_/CLK (sky130_fd_sc_hd__dfxtp_2)
     1    0.002065    0.019677    0.186338    0.474730 ^ _1636_/Q (sky130_fd_sc_hd__dfxtp_2)
                                                         u_rst_sync.rst_ff1 (net)
                      0.019677    0.000058    0.474787 ^ hold82/A (sky130_fd_sc_hd__dlygate4sd3_1)
     1    0.002597    0.036057    0.366932    0.841719 ^ hold82/X (sky130_fd_sc_hd__dlygate4sd3_1)
                                                         net82 (net)
                      0.036057    0.000075    0.841795 ^ _1635_/D (sky130_fd_sc_hd__dfxtp_2)
                                              0.841795   data arrival time

                                  0.000000    0.000000   clock clk (rise edge)
                                  0.000000    0.000000   clock source latency
     1    0.020088    0.072004    0.049386    0.049386 ^ clk (in)
                                                         clk (net)
                      0.072017    0.000000    0.049386 ^ clkbuf_0_clk/A (sky130_fd_sc_hd__clkbuf_16)
     8    0.084509    0.077719    0.131609    0.180996 ^ clkbuf_0_clk/X (sky130_fd_sc_hd__clkbuf_16)
                                                         clknet_0_clk (net)
                      0.077932    0.003249    0.184244 ^ clkbuf_3_6__f_clk/A (sky130_fd_sc_hd__clkbuf_16)
     8    0.025024    0.034993    0.100568    0.284812 ^ clkbuf_3_6__f_clk/X (sky130_fd_sc_hd__clkbuf_16)
                                                         clknet_3_6__leaf_clk (net)
                      0.035036    0.001035    0.285847 ^ _1635_/CLK (sky130_fd_sc_hd__dfxtp_2)
                                  0.250000    0.535847   clock uncertainty
                                  0.000000    0.535847   clock reconvergence pessimism
                                 -0.017561    0.518286   library hold time
                                              0.518286   data required time
---------------------------------------------------------------------------------------------
                                              0.518286   data required time
                                             -0.841795   data arrival time
---------------------------------------------------------------------------------------------
                                              0.323509   slack (MET)


Startpoint: _1574_ (rising edge-triggered flip-flop clocked by clk)
Endpoint: _1590_ (rising edge-triggered flip-flop clocked by clk)
Path Group: clk
Path Type: min

Fanout         Cap        Slew       Delay        Time   Description
---------------------------------------------------------------------------------------------
                                  0.000000    0.000000   clock clk (rise edge)
                                  0.000000    0.000000   clock source latency
     1    0.020088    0.072004    0.049386    0.049386 ^ clk (in)
                                                         clk (net)
                      0.072017    0.000000    0.049386 ^ clkbuf_0_clk/A (sky130_fd_sc_hd__clkbuf_16)
     8    0.084509    0.077719    0.131609    0.180996 ^ clkbuf_0_clk/X (sky130_fd_sc_hd__clkbuf_16)
                                                         clknet_0_clk (net)
                      0.077894    0.002951    0.183947 ^ clkbuf_3_3__f_clk/A (sky130_fd_sc_hd__clkbuf_16)
     8    0.031698    0.039752    0.105162    0.289108 ^ clkbuf_3_3__f_clk/X (sky130_fd_sc_hd__clkbuf_16)
                                                         clknet_3_3__leaf_clk (net)
                      0.039759    0.000992    0.290100 ^ _1574_/CLK (sky130_fd_sc_hd__dfxtp_2)
     3    0.014130    0.059406    0.220393    0.510493 ^ _1574_/Q (sky130_fd_sc_hd__dfxtp_2)
                                                         busy (net)
                      0.059411    0.000587    0.511080 ^ _0805_/A (sky130_fd_sc_hd__or3_2)
     2    0.008345    0.038751    0.089871    0.600951 ^ _0805_/X (sky130_fd_sc_hd__or3_2)
                                                         _0075_ (net)
                      0.038751    0.000236    0.601187 ^ _1438_/B (sky130_fd_sc_hd__or3b_2)
     9    0.034541    0.154227    0.161137    0.762324 ^ _1438_/X (sky130_fd_sc_hd__or3b_2)
                                                         _0699_ (net)
                      0.154262    0.001889    0.764213 ^ _1452_/A2 (sky130_fd_sc_hd__o211a_2)
     1    0.002332    0.024207    0.104545    0.868758 ^ _1452_/X (sky130_fd_sc_hd__o211a_2)
                                                         _0018_ (net)
                      0.024207    0.000050    0.868807 ^ _1590_/D (sky130_fd_sc_hd__dfxtp_2)
                                              0.868807   data arrival time

                                  0.000000    0.000000   clock clk (rise edge)
                                  0.000000    0.000000   clock source latency
     1    0.020088    0.072004    0.049386    0.049386 ^ clk (in)
                                                         clk (net)
                      0.072017    0.000000    0.049386 ^ clkbuf_0_clk/A (sky130_fd_sc_hd__clkbuf_16)
     8    0.084509    0.077719    0.131609    0.180996 ^ clkbuf_0_clk/X (sky130_fd_sc_hd__clkbuf_16)
                                                         clknet_0_clk (net)
                      0.077933    0.003260    0.184256 ^ clkbuf_3_7__f_clk/A (sky130_fd_sc_hd__clkbuf_16)
     8    0.028089    0.037233    0.102508    0.286764 ^ clkbuf_3_7__f_clk/X (sky130_fd_sc_hd__clkbuf_16)
                                                         clknet_3_7__leaf_clk (net)
                      0.037395    0.001707    0.288470 ^ _1590_/CLK (sky130_fd_sc_hd__dfxtp_2)
                                  0.250000    0.538470   clock uncertainty
                                  0.000000    0.538470   clock reconvergence pessimism
                                 -0.016667    0.521803   library hold time
                                              0.521803   data required time
---------------------------------------------------------------------------------------------
                                              0.521803   data required time
                                             -0.868807   data arrival time
---------------------------------------------------------------------------------------------
                                              0.347004   slack (MET)


Startpoint: _1591_ (rising edge-triggered flip-flop clocked by clk)
Endpoint: _1591_ (rising edge-triggered flip-flop clocked by clk)
Path Group: clk
Path Type: min

Fanout         Cap        Slew       Delay        Time   Description
---------------------------------------------------------------------------------------------
                                  0.000000    0.000000   clock clk (rise edge)
                                  0.000000    0.000000   clock source latency
     1    0.020088    0.072004    0.049386    0.049386 ^ clk (in)
                                                         clk (net)
                      0.072017    0.000000    0.049386 ^ clkbuf_0_clk/A (sky130_fd_sc_hd__clkbuf_16)
     8    0.084509    0.077719    0.131609    0.180996 ^ clkbuf_0_clk/X (sky130_fd_sc_hd__clkbuf_16)
                                                         clknet_0_clk (net)
                      0.077892    0.002942    0.183937 ^ clkbuf_3_5__f_clk/A (sky130_fd_sc_hd__clkbuf_16)
     8    0.030128    0.038547    0.104298    0.288235 ^ clkbuf_3_5__f_clk/X (sky130_fd_sc_hd__clkbuf_16)
                                                         clknet_3_5__leaf_clk (net)
                      0.038555    0.000540    0.288775 ^ _1591_/CLK (sky130_fd_sc_hd__dfxtp_2)
     2    0.011695    0.051215    0.213583    0.502357 ^ _1591_/Q (sky130_fd_sc_hd__dfxtp_2)
                                                         u_dp.a_q[7] (net)
                      0.051215    0.000235    0.502593 ^ fanout58/A (sky130_fd_sc_hd__clkdlybuf4s25_1)
     5    0.022398    0.172466    0.263405    0.765997 ^ fanout58/X (sky130_fd_sc_hd__clkdlybuf4s25_1)
                                                         net58 (net)
                      0.172466    0.000268    0.766265 ^ _1454_/A1 (sky130_fd_sc_hd__o211a_2)
     1    0.002370    0.024355    0.111042    0.877307 ^ _1454_/X (sky130_fd_sc_hd__o211a_2)
                                                         _0019_ (net)
                      0.024355    0.000069    0.877376 ^ _1591_/D (sky130_fd_sc_hd__dfxtp_2)
                                              0.877376   data arrival time

                                  0.000000    0.000000   clock clk (rise edge)
                                  0.000000    0.000000   clock source latency
     1    0.020088    0.072004    0.049386    0.049386 ^ clk (in)
                                                         clk (net)
                      0.072017    0.000000    0.049386 ^ clkbuf_0_clk/A (sky130_fd_sc_hd__clkbuf_16)
     8    0.084509    0.077719    0.131609    0.180996 ^ clkbuf_0_clk/X (sky130_fd_sc_hd__clkbuf_16)
                                                         clknet_0_clk (net)
                      0.077892    0.002942    0.183937 ^ clkbuf_3_5__f_clk/A (sky130_fd_sc_hd__clkbuf_16)
     8    0.030128    0.038547    0.104298    0.288235 ^ clkbuf_3_5__f_clk/X (sky130_fd_sc_hd__clkbuf_16)
                                                         clknet_3_5__leaf_clk (net)
                      0.038555    0.000540    0.288775 ^ _1591_/CLK (sky130_fd_sc_hd__dfxtp_2)
                                  0.250000    0.538775   clock uncertainty
                                  0.000000    0.538775   clock reconvergence pessimism
                                 -0.016650    0.522125   library hold time
                                              0.522125   data required time
---------------------------------------------------------------------------------------------
                                              0.522125   data required time
                                             -0.877376   data arrival time
---------------------------------------------------------------------------------------------
                                              0.355251   slack (MET)


Startpoint: _1574_ (rising edge-triggered flip-flop clocked by clk)
Endpoint: _1596_ (rising edge-triggered flip-flop clocked by clk)
Path Group: clk
Path Type: min

Fanout         Cap        Slew       Delay        Time   Description
---------------------------------------------------------------------------------------------
                                  0.000000    0.000000   clock clk (rise edge)
                                  0.000000    0.000000   clock source latency
     1    0.020088    0.072004    0.049386    0.049386 ^ clk (in)
                                                         clk (net)
                      0.072017    0.000000    0.049386 ^ clkbuf_0_clk/A (sky130_fd_sc_hd__clkbuf_16)
     8    0.084509    0.077719    0.131609    0.180996 ^ clkbuf_0_clk/X (sky130_fd_sc_hd__clkbuf_16)
                                                         clknet_0_clk (net)
                      0.077894    0.002951    0.183947 ^ clkbuf_3_3__f_clk/A (sky130_fd_sc_hd__clkbuf_16)
     8    0.031698    0.039752    0.105162    0.289108 ^ clkbuf_3_3__f_clk/X (sky130_fd_sc_hd__clkbuf_16)
                                                         clknet_3_3__leaf_clk (net)
                      0.039759    0.000992    0.290100 ^ _1574_/CLK (sky130_fd_sc_hd__dfxtp_2)
     3    0.014130    0.059406    0.220393    0.510493 ^ _1574_/Q (sky130_fd_sc_hd__dfxtp_2)
                                                         busy (net)
                      0.059411    0.000603    0.511096 ^ _0794_/A (sky130_fd_sc_hd__nor2_2)
     4    0.012095    0.031998    0.038795    0.549891 v _0794_/Y (sky130_fd_sc_hd__nor2_2)
                                                         _0067_ (net)
                      0.032003    0.000197    0.550089 v _0804_/B (sky130_fd_sc_hd__and2b_2)
     3    0.009410    0.036340    0.130429    0.680518 v _0804_/X (sky130_fd_sc_hd__and2b_2)
                                                         _0074_ (net)
                      0.036340    0.000166    0.680684 v _1456_/C (sky130_fd_sc_hd__nand3_2)
     8    0.031966    0.132057    0.118592    0.799275 ^ _1456_/Y (sky130_fd_sc_hd__nand3_2)
                                                         _0709_ (net)
                      0.132067    0.000961    0.800236 ^ _1466_/A2 (sky130_fd_sc_hd__o211a_2)
     1    0.002072    0.023246    0.101957    0.902193 ^ _1466_/X (sky130_fd_sc_hd__o211a_2)
                                                         _0024_ (net)
                      0.023246    0.000060    0.902253 ^ _1596_/D (sky130_fd_sc_hd__dfxtp_2)
                                              0.902253   data arrival time

                                  0.000000    0.000000   clock clk (rise edge)
                                  0.000000    0.000000   clock source latency
     1    0.020088    0.072004    0.049386    0.049386 ^ clk (in)
                                                         clk (net)
                      0.072017    0.000000    0.049386 ^ clkbuf_0_clk/A (sky130_fd_sc_hd__clkbuf_16)
     8    0.084509    0.077719    0.131609    0.180996 ^ clkbuf_0_clk/X (sky130_fd_sc_hd__clkbuf_16)
                                                         clknet_0_clk (net)
                      0.077933    0.003260    0.184256 ^ clkbuf_3_7__f_clk/A (sky130_fd_sc_hd__clkbuf_16)
     8    0.028089    0.037233    0.102508    0.286764 ^ clkbuf_3_7__f_clk/X (sky130_fd_sc_hd__clkbuf_16)
                                                         clknet_3_7__leaf_clk (net)
                      0.037257    0.000917    0.287681 ^ _1596_/CLK (sky130_fd_sc_hd__dfxtp_2)
                                  0.250000    0.537681   clock uncertainty
                                  0.000000    0.537681   clock reconvergence pessimism
                                 -0.016602    0.521079   library hold time
                                              0.521079   data required time
---------------------------------------------------------------------------------------------
                                              0.521079   data required time
                                             -0.902253   data arrival time
---------------------------------------------------------------------------------------------
                                              0.381175   slack (MET)


Startpoint: _1574_ (rising edge-triggered flip-flop clocked by clk)
Endpoint: _1593_ (rising edge-triggered flip-flop clocked by clk)
Path Group: clk
Path Type: min

Fanout         Cap        Slew       Delay        Time   Description
---------------------------------------------------------------------------------------------
                                  0.000000    0.000000   clock clk (rise edge)
                                  0.000000    0.000000   clock source latency
     1    0.020088    0.072004    0.049386    0.049386 ^ clk (in)
                                                         clk (net)
                      0.072017    0.000000    0.049386 ^ clkbuf_0_clk/A (sky130_fd_sc_hd__clkbuf_16)
     8    0.084509    0.077719    0.131609    0.180996 ^ clkbuf_0_clk/X (sky130_fd_sc_hd__clkbuf_16)
                                                         clknet_0_clk (net)
                      0.077894    0.002951    0.183947 ^ clkbuf_3_3__f_clk/A (sky130_fd_sc_hd__clkbuf_16)
     8    0.031698    0.039752    0.105162    0.289108 ^ clkbuf_3_3__f_clk/X (sky130_fd_sc_hd__clkbuf_16)
                                                         clknet_3_3__leaf_clk (net)
                      0.039759    0.000992    0.290100 ^ _1574_/CLK (sky130_fd_sc_hd__dfxtp_2)
     3    0.014130    0.059406    0.220393    0.510493 ^ _1574_/Q (sky130_fd_sc_hd__dfxtp_2)
                                                         busy (net)
                      0.059411    0.000603    0.511096 ^ _0794_/A (sky130_fd_sc_hd__nor2_2)
     4    0.012095    0.031998    0.038795    0.549891 v _0794_/Y (sky130_fd_sc_hd__nor2_2)
                                                         _0067_ (net)
                      0.032003    0.000197    0.550089 v _0804_/B (sky130_fd_sc_hd__and2b_2)
     3    0.009410    0.036340    0.130429    0.680518 v _0804_/X (sky130_fd_sc_hd__and2b_2)
                                                         _0074_ (net)
                      0.036340    0.000166    0.680684 v _1456_/C (sky130_fd_sc_hd__nand3_2)
     8    0.031966    0.132057    0.118592    0.799275 ^ _1456_/Y (sky130_fd_sc_hd__nand3_2)
                                                         _0709_ (net)
                      0.132061    0.000606    0.799881 ^ _1460_/A2 (sky130_fd_sc_hd__o211a_2)
     1    0.002276    0.024008    0.102802    0.902683 ^ _1460_/X (sky130_fd_sc_hd__o211a_2)
                                                         _0021_ (net)
                      0.024008    0.000067    0.902750 ^ _1593_/D (sky130_fd_sc_hd__dfxtp_2)
                                              0.902750   data arrival time

                                  0.000000    0.000000   clock clk (rise edge)
                                  0.000000    0.000000   clock source latency
     1    0.020088    0.072004    0.049386    0.049386 ^ clk (in)
                                                         clk (net)
                      0.072017    0.000000    0.049386 ^ clkbuf_0_clk/A (sky130_fd_sc_hd__clkbuf_16)
     8    0.084509    0.077719    0.131609    0.180996 ^ clkbuf_0_clk/X (sky130_fd_sc_hd__clkbuf_16)
                                                         clknet_0_clk (net)
                      0.077932    0.003249    0.184244 ^ clkbuf_3_6__f_clk/A (sky130_fd_sc_hd__clkbuf_16)
     8    0.025024    0.034993    0.100568    0.284812 ^ clkbuf_3_6__f_clk/X (sky130_fd_sc_hd__clkbuf_16)
                                                         clknet_3_6__leaf_clk (net)
                      0.035017    0.000821    0.285633 ^ _1593_/CLK (sky130_fd_sc_hd__dfxtp_2)
                                  0.250000    0.535633   clock uncertainty
                                  0.000000    0.535633   clock reconvergence pessimism
                                 -0.016710    0.518923   library hold time
                                              0.518923   data required time
---------------------------------------------------------------------------------------------
                                              0.518923   data required time
                                             -0.902750   data arrival time
---------------------------------------------------------------------------------------------
                                              0.383826   slack (MET)


Startpoint: _1574_ (rising edge-triggered flip-flop clocked by clk)
Endpoint: _1595_ (rising edge-triggered flip-flop clocked by clk)
Path Group: clk
Path Type: min

Fanout         Cap        Slew       Delay        Time   Description
---------------------------------------------------------------------------------------------
                                  0.000000    0.000000   clock clk (rise edge)
                                  0.000000    0.000000   clock source latency
     1    0.020088    0.072004    0.049386    0.049386 ^ clk (in)
                                                         clk (net)
                      0.072017    0.000000    0.049386 ^ clkbuf_0_clk/A (sky130_fd_sc_hd__clkbuf_16)
     8    0.084509    0.077719    0.131609    0.180996 ^ clkbuf_0_clk/X (sky130_fd_sc_hd__clkbuf_16)
                                                         clknet_0_clk (net)
                      0.077894    0.002951    0.183947 ^ clkbuf_3_3__f_clk/A (sky130_fd_sc_hd__clkbuf_16)
     8    0.031698    0.039752    0.105162    0.289108 ^ clkbuf_3_3__f_clk/X (sky130_fd_sc_hd__clkbuf_16)
                                                         clknet_3_3__leaf_clk (net)
                      0.039759    0.000992    0.290100 ^ _1574_/CLK (sky130_fd_sc_hd__dfxtp_2)
     3    0.014130    0.059406    0.220393    0.510493 ^ _1574_/Q (sky130_fd_sc_hd__dfxtp_2)
                                                         busy (net)
                      0.059411    0.000603    0.511096 ^ _0794_/A (sky130_fd_sc_hd__nor2_2)
     4    0.012095    0.031998    0.038795    0.549891 v _0794_/Y (sky130_fd_sc_hd__nor2_2)
                                                         _0067_ (net)
                      0.032003    0.000197    0.550089 v _0804_/B (sky130_fd_sc_hd__and2b_2)
     3    0.009410    0.036340    0.130429    0.680518 v _0804_/X (sky130_fd_sc_hd__and2b_2)
                                                         _0074_ (net)
                      0.036340    0.000166    0.680684 v _1456_/C (sky130_fd_sc_hd__nand3_2)
     8    0.031966    0.132057    0.118592    0.799275 ^ _1456_/Y (sky130_fd_sc_hd__nand3_2)
                                                         _0709_ (net)
                      0.132061    0.000628    0.799904 ^ _1464_/A2 (sky130_fd_sc_hd__o211a_2)
     1    0.002634    0.025338    0.104279    0.904183 ^ _1464_/X (sky130_fd_sc_hd__o211a_2)
                                                         _0023_ (net)
                      0.025342    0.000077    0.904261 ^ _1595_/D (sky130_fd_sc_hd__dfxtp_2)
                                              0.904261   data arrival time

                                  0.000000    0.000000   clock clk (rise edge)
                                  0.000000    0.000000   clock source latency
     1    0.020088    0.072004    0.049386    0.049386 ^ clk (in)
                                                         clk (net)
                      0.072017    0.000000    0.049386 ^ clkbuf_0_clk/A (sky130_fd_sc_hd__clkbuf_16)
     8    0.084509    0.077719    0.131609    0.180996 ^ clkbuf_0_clk/X (sky130_fd_sc_hd__clkbuf_16)
                                                         clknet_0_clk (net)
                      0.077932    0.003249    0.184244 ^ clkbuf_3_6__f_clk/A (sky130_fd_sc_hd__clkbuf_16)
     8    0.025024    0.034993    0.100568    0.284812 ^ clkbuf_3_6__f_clk/X (sky130_fd_sc_hd__clkbuf_16)
                                                         clknet_3_6__leaf_clk (net)
                      0.035021    0.000875    0.285687 ^ _1595_/CLK (sky130_fd_sc_hd__dfxtp_2)
                                  0.250000    0.535688   clock uncertainty
                                  0.000000    0.535688   clock reconvergence pessimism
                                 -0.016804    0.518884   library hold time
                                              0.518884   data required time
---------------------------------------------------------------------------------------------
                                              0.518884   data required time
                                             -0.904261   data arrival time
---------------------------------------------------------------------------------------------
                                              0.385377   slack (MET)


Startpoint: _1574_ (rising edge-triggered flip-flop clocked by clk)
Endpoint: _1598_ (rising edge-triggered flip-flop clocked by clk)
Path Group: clk
Path Type: min

Fanout         Cap        Slew       Delay        Time   Description
---------------------------------------------------------------------------------------------
                                  0.000000    0.000000   clock clk (rise edge)
                                  0.000000    0.000000   clock source latency
     1    0.020088    0.072004    0.049386    0.049386 ^ clk (in)
                                                         clk (net)
                      0.072017    0.000000    0.049386 ^ clkbuf_0_clk/A (sky130_fd_sc_hd__clkbuf_16)
     8    0.084509    0.077719    0.131609    0.180996 ^ clkbuf_0_clk/X (sky130_fd_sc_hd__clkbuf_16)
                                                         clknet_0_clk (net)
                      0.077894    0.002951    0.183947 ^ clkbuf_3_3__f_clk/A (sky130_fd_sc_hd__clkbuf_16)
     8    0.031698    0.039752    0.105162    0.289108 ^ clkbuf_3_3__f_clk/X (sky130_fd_sc_hd__clkbuf_16)
                                                         clknet_3_3__leaf_clk (net)
                      0.039759    0.000992    0.290100 ^ _1574_/CLK (sky130_fd_sc_hd__dfxtp_2)
     3    0.014130    0.059406    0.220393    0.510493 ^ _1574_/Q (sky130_fd_sc_hd__dfxtp_2)
                                                         busy (net)
                      0.059411    0.000603    0.511096 ^ _0794_/A (sky130_fd_sc_hd__nor2_2)
     4    0.012095    0.031998    0.038795    0.549891 v _0794_/Y (sky130_fd_sc_hd__nor2_2)
                                                         _0067_ (net)
                      0.032003    0.000197    0.550089 v _0804_/B (sky130_fd_sc_hd__and2b_2)
     3    0.009410    0.036340    0.130429    0.680518 v _0804_/X (sky130_fd_sc_hd__and2b_2)
                                                         _0074_ (net)
                      0.036340    0.000166    0.680684 v _1456_/C (sky130_fd_sc_hd__nand3_2)
     8    0.031966    0.132057    0.118592    0.799275 ^ _1456_/Y (sky130_fd_sc_hd__nand3_2)
                                                         _0709_ (net)
                      0.132069    0.001030    0.800305 ^ _1470_/A2 (sky130_fd_sc_hd__o211a_2)
     1    0.003505    0.028613    0.107875    0.908180 ^ _1470_/X (sky130_fd_sc_hd__o211a_2)
                                                         _0026_ (net)
                      0.028613    0.000113    0.908293 ^ _1598_/D (sky130_fd_sc_hd__dfxtp_2)
                                              0.908293   data arrival time

                                  0.000000    0.000000   clock clk (rise edge)
                                  0.000000    0.000000   clock source latency
     1    0.020088    0.072004    0.049386    0.049386 ^ clk (in)
                                                         clk (net)
                      0.072017    0.000000    0.049386 ^ clkbuf_0_clk/A (sky130_fd_sc_hd__clkbuf_16)
     8    0.084509    0.077719    0.131609    0.180996 ^ clkbuf_0_clk/X (sky130_fd_sc_hd__clkbuf_16)
                                                         clknet_0_clk (net)
                      0.077933    0.003260    0.184256 ^ clkbuf_3_7__f_clk/A (sky130_fd_sc_hd__clkbuf_16)
     8    0.028089    0.037233    0.102508    0.286764 ^ clkbuf_3_7__f_clk/X (sky130_fd_sc_hd__clkbuf_16)
                                                         clknet_3_7__leaf_clk (net)
                      0.037398    0.001726    0.288489 ^ _1598_/CLK (sky130_fd_sc_hd__dfxtp_2)
                                  0.250000    0.538489   clock uncertainty
                                  0.000000    0.538489   clock reconvergence pessimism
                                 -0.016979    0.521511   library hold time
                                              0.521511   data required time
---------------------------------------------------------------------------------------------
                                              0.521511   data required time
                                             -0.908293   data arrival time
---------------------------------------------------------------------------------------------
                                              0.386782   slack (MET)


Startpoint: _1574_ (rising edge-triggered flip-flop clocked by clk)
Endpoint: _1597_ (rising edge-triggered flip-flop clocked by clk)
Path Group: clk
Path Type: min

Fanout         Cap        Slew       Delay        Time   Description
---------------------------------------------------------------------------------------------
                                  0.000000    0.000000   clock clk (rise edge)
                                  0.000000    0.000000   clock source latency
     1    0.020088    0.072004    0.049386    0.049386 ^ clk (in)
                                                         clk (net)
                      0.072017    0.000000    0.049386 ^ clkbuf_0_clk/A (sky130_fd_sc_hd__clkbuf_16)
     8    0.084509    0.077719    0.131609    0.180996 ^ clkbuf_0_clk/X (sky130_fd_sc_hd__clkbuf_16)
                                                         clknet_0_clk (net)
                      0.077894    0.002951    0.183947 ^ clkbuf_3_3__f_clk/A (sky130_fd_sc_hd__clkbuf_16)
     8    0.031698    0.039752    0.105162    0.289108 ^ clkbuf_3_3__f_clk/X (sky130_fd_sc_hd__clkbuf_16)
                                                         clknet_3_3__leaf_clk (net)
                      0.039759    0.000992    0.290100 ^ _1574_/CLK (sky130_fd_sc_hd__dfxtp_2)
     3    0.014130    0.059406    0.220393    0.510493 ^ _1574_/Q (sky130_fd_sc_hd__dfxtp_2)
                                                         busy (net)
                      0.059411    0.000603    0.511096 ^ _0794_/A (sky130_fd_sc_hd__nor2_2)
     4    0.012095    0.031998    0.038795    0.549891 v _0794_/Y (sky130_fd_sc_hd__nor2_2)
                                                         _0067_ (net)
                      0.032003    0.000197    0.550089 v _0804_/B (sky130_fd_sc_hd__and2b_2)
     3    0.009410    0.036340    0.130429    0.680518 v _0804_/X (sky130_fd_sc_hd__and2b_2)
                                                         _0074_ (net)
                      0.036340    0.000166    0.680684 v _1456_/C (sky130_fd_sc_hd__nand3_2)
     8    0.031966    0.132057    0.118592    0.799275 ^ _1456_/Y (sky130_fd_sc_hd__nand3_2)
                                                         _0709_ (net)
                      0.132069    0.001028    0.800303 ^ _1468_/A2 (sky130_fd_sc_hd__o211a_2)
     1    0.003477    0.028493    0.107752    0.908055 ^ _1468_/X (sky130_fd_sc_hd__o211a_2)
                                                         _0025_ (net)
                      0.028493    0.000115    0.908169 ^ _1597_/D (sky130_fd_sc_hd__dfxtp_2)
                                              0.908169   data arrival time

                                  0.000000    0.000000   clock clk (rise edge)
                                  0.000000    0.000000   clock source latency
     1    0.020088    0.072004    0.049386    0.049386 ^ clk (in)
                                                         clk (net)
                      0.072017    0.000000    0.049386 ^ clkbuf_0_clk/A (sky130_fd_sc_hd__clkbuf_16)
     8    0.084509    0.077719    0.131609    0.180996 ^ clkbuf_0_clk/X (sky130_fd_sc_hd__clkbuf_16)
                                                         clknet_0_clk (net)
                      0.077932    0.003249    0.184244 ^ clkbuf_3_6__f_clk/A (sky130_fd_sc_hd__clkbuf_16)
     8    0.025024    0.034993    0.100568    0.284812 ^ clkbuf_3_6__f_clk/X (sky130_fd_sc_hd__clkbuf_16)
                                                         clknet_3_6__leaf_clk (net)
                      0.035060    0.001285    0.286097 ^ _1597_/CLK (sky130_fd_sc_hd__dfxtp_2)
                                  0.250000    0.536097   clock uncertainty
                                  0.000000    0.536097   clock reconvergence pessimism
                                 -0.017026    0.519071   library hold time
                                              0.519071   data required time
---------------------------------------------------------------------------------------------
                                              0.519071   data required time
                                             -0.908169   data arrival time
---------------------------------------------------------------------------------------------
                                              0.389098   slack (MET)


Startpoint: _1627_ (rising edge-triggered flip-flop clocked by clk)
Endpoint: _1628_ (rising edge-triggered flip-flop clocked by clk)
Path Group: clk
Path Type: min

Fanout         Cap        Slew       Delay        Time   Description
---------------------------------------------------------------------------------------------
                                  0.000000    0.000000   clock clk (rise edge)
                                  0.000000    0.000000   clock source latency
     1    0.020088    0.072004    0.049386    0.049386 ^ clk (in)
                                                         clk (net)
                      0.072017    0.000000    0.049386 ^ clkbuf_0_clk/A (sky130_fd_sc_hd__clkbuf_16)
     8    0.084509    0.077719    0.131609    0.180996 ^ clkbuf_0_clk/X (sky130_fd_sc_hd__clkbuf_16)
                                                         clknet_0_clk (net)
                      0.077883    0.002863    0.183859 ^ clkbuf_3_2__f_clk/A (sky130_fd_sc_hd__clkbuf_16)
     8    0.025423    0.035258    0.100861    0.284719 ^ clkbuf_3_2__f_clk/X (sky130_fd_sc_hd__clkbuf_16)
                                                         clknet_3_2__leaf_clk (net)
                      0.035327    0.001290    0.286010 ^ _1627_/CLK (sky130_fd_sc_hd__dfxtp_2)
     1    0.002881    0.021852    0.188340    0.474349 ^ _1627_/Q (sky130_fd_sc_hd__dfxtp_2)
                                                         u_sync.seen_reset[0] (net)
                      0.021852    0.000084    0.474434 ^ hold83/A (sky130_fd_sc_hd__dlygate4sd3_1)
     1    0.001830    0.031745    0.362552    0.836986 ^ hold83/X (sky130_fd_sc_hd__dlygate4sd3_1)
                                                         net83 (net)
                      0.031745    0.000035    0.837021 ^ _1565_/B (sky130_fd_sc_hd__and2_2)
     1    0.002635    0.024285    0.077961    0.914982 ^ _1565_/X (sky130_fd_sc_hd__and2_2)
                                                         _0055_ (net)
                      0.024285    0.000077    0.915058 ^ _1628_/D (sky130_fd_sc_hd__dfxtp_2)
                                              0.915058   data arrival time

                                  0.000000    0.000000   clock clk (rise edge)
                                  0.000000    0.000000   clock source latency
     1    0.020088    0.072004    0.049386    0.049386 ^ clk (in)
                                                         clk (net)
                      0.072017    0.000000    0.049386 ^ clkbuf_0_clk/A (sky130_fd_sc_hd__clkbuf_16)
     8    0.084509    0.077719    0.131609    0.180996 ^ clkbuf_0_clk/X (sky130_fd_sc_hd__clkbuf_16)
                                                         clknet_0_clk (net)
                      0.077883    0.002863    0.183859 ^ clkbuf_3_2__f_clk/A (sky130_fd_sc_hd__clkbuf_16)
     8    0.025423    0.035258    0.100861    0.284719 ^ clkbuf_3_2__f_clk/X (sky130_fd_sc_hd__clkbuf_16)
                                                         clknet_3_2__leaf_clk (net)
                      0.035323    0.001259    0.285978 ^ _1628_/CLK (sky130_fd_sc_hd__dfxtp_2)
                                  0.250000    0.535978   clock uncertainty
                                  0.000000    0.535978   clock reconvergence pessimism
                                 -0.016722    0.519256   library hold time
                                              0.519256   data required time
---------------------------------------------------------------------------------------------
                                              0.519256   data required time
                                             -0.915058   data arrival time
---------------------------------------------------------------------------------------------
                                              0.395802   slack (MET)


Startpoint: _1624_ (rising edge-triggered flip-flop clocked by clk)
Endpoint: _1625_ (rising edge-triggered flip-flop clocked by clk)
Path Group: clk
Path Type: min

Fanout         Cap        Slew       Delay        Time   Description
---------------------------------------------------------------------------------------------
                                  0.000000    0.000000   clock clk (rise edge)
                                  0.000000    0.000000   clock source latency
     1    0.020088    0.072004    0.049386    0.049386 ^ clk (in)
                                                         clk (net)
                      0.072017    0.000000    0.049386 ^ clkbuf_0_clk/A (sky130_fd_sc_hd__clkbuf_16)
     8    0.084509    0.077719    0.131609    0.180996 ^ clkbuf_0_clk/X (sky130_fd_sc_hd__clkbuf_16)
                                                         clknet_0_clk (net)
                      0.077894    0.002951    0.183947 ^ clkbuf_3_3__f_clk/A (sky130_fd_sc_hd__clkbuf_16)
     8    0.031698    0.039752    0.105162    0.289108 ^ clkbuf_3_3__f_clk/X (sky130_fd_sc_hd__clkbuf_16)
                                                         clknet_3_3__leaf_clk (net)
                      0.039762    0.001176    0.290285 ^ _1624_/CLK (sky130_fd_sc_hd__dfxtp_2)
     1    0.003348    0.023335    0.191155    0.481440 ^ _1624_/Q (sky130_fd_sc_hd__dfxtp_2)
                                                         u_sync.ff1 (net)
                      0.023335    0.000102    0.481542 ^ hold84/A (sky130_fd_sc_hd__dlygate4sd3_1)
     1    0.002220    0.033938    0.365410    0.846952 ^ hold84/X (sky130_fd_sc_hd__dlygate4sd3_1)
                                                         net84 (net)
                      0.033938    0.000061    0.847013 ^ _1563_/B (sky130_fd_sc_hd__and2_2)
     1    0.003100    0.025733    0.080097    0.927111 ^ _1563_/X (sky130_fd_sc_hd__and2_2)
                                                         _0053_ (net)
                      0.025733    0.000101    0.927212 ^ _1625_/D (sky130_fd_sc_hd__dfxtp_2)
                                              0.927212   data arrival time

                                  0.000000    0.000000   clock clk (rise edge)
                                  0.000000    0.000000   clock source latency
     1    0.020088    0.072004    0.049386    0.049386 ^ clk (in)
                                                         clk (net)
                      0.072017    0.000000    0.049386 ^ clkbuf_0_clk/A (sky130_fd_sc_hd__clkbuf_16)
     8    0.084509    0.077719    0.131609    0.180996 ^ clkbuf_0_clk/X (sky130_fd_sc_hd__clkbuf_16)
                                                         clknet_0_clk (net)
                      0.077894    0.002951    0.183947 ^ clkbuf_3_3__f_clk/A (sky130_fd_sc_hd__clkbuf_16)
     8    0.031698    0.039752    0.105162    0.289108 ^ clkbuf_3_3__f_clk/X (sky130_fd_sc_hd__clkbuf_16)
                                                         clknet_3_3__leaf_clk (net)
                      0.039763    0.001216    0.290325 ^ _1625_/CLK (sky130_fd_sc_hd__dfxtp_2)
                                  0.250000    0.540325   clock uncertainty
                                  0.000000    0.540325   clock reconvergence pessimism
                                 -0.016719    0.523606   library hold time
                                              0.523606   data required time
---------------------------------------------------------------------------------------------
                                              0.523606   data required time
                                             -0.927212   data arrival time
---------------------------------------------------------------------------------------------
                                              0.403606   slack (MET)


Startpoint: _1635_ (rising edge-triggered flip-flop clocked by clk)
Endpoint: _1627_ (rising edge-triggered flip-flop clocked by clk)
Path Group: clk
Path Type: min

Fanout         Cap        Slew       Delay        Time   Description
---------------------------------------------------------------------------------------------
                                  0.000000    0.000000   clock clk (rise edge)
                                  0.000000    0.000000   clock source latency
     1    0.020088    0.072004    0.049386    0.049386 ^ clk (in)
                                                         clk (net)
                      0.072017    0.000000    0.049386 ^ clkbuf_0_clk/A (sky130_fd_sc_hd__clkbuf_16)
     8    0.084509    0.077719    0.131609    0.180996 ^ clkbuf_0_clk/X (sky130_fd_sc_hd__clkbuf_16)
                                                         clknet_0_clk (net)
                      0.077932    0.003249    0.184244 ^ clkbuf_3_6__f_clk/A (sky130_fd_sc_hd__clkbuf_16)
     8    0.025024    0.034993    0.100568    0.284812 ^ clkbuf_3_6__f_clk/X (sky130_fd_sc_hd__clkbuf_16)
                                                         clknet_3_6__leaf_clk (net)
                      0.035036    0.001035    0.285847 ^ _1635_/CLK (sky130_fd_sc_hd__dfxtp_2)
     1    0.003905    0.018738    0.194403    0.480251 v _1635_/Q (sky130_fd_sc_hd__dfxtp_2)
                                                         u_rst_sync.rst_ff2 (net)
                      0.018738    0.000132    0.480383 v fanout42/A (sky130_fd_sc_hd__clkdlybuf4s25_1)
    10    0.053654    0.270889    0.338393    0.818776 v fanout42/X (sky130_fd_sc_hd__clkdlybuf4s25_1)
                                                         net42 (net)
                      0.271219    0.007104    0.825880 v _1627_/D (sky130_fd_sc_hd__dfxtp_2)
                                              0.825880   data arrival time

                                  0.000000    0.000000   clock clk (rise edge)
                                  0.000000    0.000000   clock source latency
     1    0.020088    0.072004    0.049386    0.049386 ^ clk (in)
                                                         clk (net)
                      0.072017    0.000000    0.049386 ^ clkbuf_0_clk/A (sky130_fd_sc_hd__clkbuf_16)
     8    0.084509    0.077719    0.131609    0.180996 ^ clkbuf_0_clk/X (sky130_fd_sc_hd__clkbuf_16)
                                                         clknet_0_clk (net)
                      0.077883    0.002863    0.183859 ^ clkbuf_3_2__f_clk/A (sky130_fd_sc_hd__clkbuf_16)
     8    0.025423    0.035258    0.100861    0.284719 ^ clkbuf_3_2__f_clk/X (sky130_fd_sc_hd__clkbuf_16)
                                                         clknet_3_2__leaf_clk (net)
                      0.035327    0.001290    0.286010 ^ _1627_/CLK (sky130_fd_sc_hd__dfxtp_2)
                                  0.250000    0.536010   clock uncertainty
                                  0.000000    0.536010   clock reconvergence pessimism
                                 -0.114152    0.421858   library hold time
                                              0.421858   data required time
---------------------------------------------------------------------------------------------
                                              0.421858   data required time
                                             -0.825880   data arrival time
---------------------------------------------------------------------------------------------
                                              0.404022   slack (MET)


Startpoint: _1574_ (rising edge-triggered flip-flop clocked by clk)
Endpoint: _1588_ (rising edge-triggered flip-flop clocked by clk)
Path Group: clk
Path Type: min

Fanout         Cap        Slew       Delay        Time   Description
---------------------------------------------------------------------------------------------
                                  0.000000    0.000000   clock clk (rise edge)
                                  0.000000    0.000000   clock source latency
     1    0.020088    0.072004    0.049386    0.049386 ^ clk (in)
                                                         clk (net)
                      0.072017    0.000000    0.049386 ^ clkbuf_0_clk/A (sky130_fd_sc_hd__clkbuf_16)
     8    0.084509    0.077719    0.131609    0.180996 ^ clkbuf_0_clk/X (sky130_fd_sc_hd__clkbuf_16)
                                                         clknet_0_clk (net)
                      0.077894    0.002951    0.183947 ^ clkbuf_3_3__f_clk/A (sky130_fd_sc_hd__clkbuf_16)
     8    0.031698    0.039752    0.105162    0.289108 ^ clkbuf_3_3__f_clk/X (sky130_fd_sc_hd__clkbuf_16)
                                                         clknet_3_3__leaf_clk (net)
                      0.039759    0.000992    0.290100 ^ _1574_/CLK (sky130_fd_sc_hd__dfxtp_2)
     3    0.014130    0.059406    0.220393    0.510493 ^ _1574_/Q (sky130_fd_sc_hd__dfxtp_2)
                                                         busy (net)
                      0.059411    0.000587    0.511080 ^ _0805_/A (sky130_fd_sc_hd__or3_2)
     2    0.008345    0.038751    0.089871    0.600951 ^ _0805_/X (sky130_fd_sc_hd__or3_2)
                                                         _0075_ (net)
                      0.038751    0.000236    0.601187 ^ _1438_/B (sky130_fd_sc_hd__or3b_2)
     9    0.034541    0.154227    0.161137    0.762324 ^ _1438_/X (sky130_fd_sc_hd__or3b_2)
                                                         _0699_ (net)
                      0.154263    0.001923    0.764247 ^ _1447_/B (sky130_fd_sc_hd__or2_2)
     1    0.003783    0.025016    0.089429    0.853676 ^ _1447_/X (sky130_fd_sc_hd__or2_2)
                                                         _0704_ (net)
                      0.025016    0.000123    0.853799 ^ _1448_/B1 (sky130_fd_sc_hd__o211a_2)
     1    0.002821    0.026035    0.078077    0.931875 ^ _1448_/X (sky130_fd_sc_hd__o211a_2)
                                                         _0016_ (net)
                      0.026036    0.000086    0.931962 ^ _1588_/D (sky130_fd_sc_hd__dfxtp_2)
                                              0.931962   data arrival time

                                  0.000000    0.000000   clock clk (rise edge)
                                  0.000000    0.000000   clock source latency
     1    0.020088    0.072004    0.049386    0.049386 ^ clk (in)
                                                         clk (net)
                      0.072017    0.000000    0.049386 ^ clkbuf_0_clk/A (sky130_fd_sc_hd__clkbuf_16)
     8    0.084509    0.077719    0.131609    0.180996 ^ clkbuf_0_clk/X (sky130_fd_sc_hd__clkbuf_16)
                                                         clknet_0_clk (net)
                      0.077933    0.003260    0.184256 ^ clkbuf_3_7__f_clk/A (sky130_fd_sc_hd__clkbuf_16)
     8    0.028089    0.037233    0.102508    0.286764 ^ clkbuf_3_7__f_clk/X (sky130_fd_sc_hd__clkbuf_16)
                                                         clknet_3_7__leaf_clk (net)
                      0.037334    0.001641    0.288405 ^ _1588_/CLK (sky130_fd_sc_hd__dfxtp_2)
                                  0.250000    0.538405   clock uncertainty
                                  0.000000    0.538405   clock reconvergence pessimism
                                 -0.016798    0.521607   library hold time
                                              0.521607   data required time
---------------------------------------------------------------------------------------------
                                              0.521607   data required time
                                             -0.931962   data arrival time
---------------------------------------------------------------------------------------------
                                              0.410354   slack (MET)


Startpoint: _1574_ (rising edge-triggered flip-flop clocked by clk)
Endpoint: _1586_ (rising edge-triggered flip-flop clocked by clk)
Path Group: clk
Path Type: min

Fanout         Cap        Slew       Delay        Time   Description
---------------------------------------------------------------------------------------------
                                  0.000000    0.000000   clock clk (rise edge)
                                  0.000000    0.000000   clock source latency
     1    0.020088    0.072004    0.049386    0.049386 ^ clk (in)
                                                         clk (net)
                      0.072017    0.000000    0.049386 ^ clkbuf_0_clk/A (sky130_fd_sc_hd__clkbuf_16)
     8    0.084509    0.077719    0.131609    0.180996 ^ clkbuf_0_clk/X (sky130_fd_sc_hd__clkbuf_16)
                                                         clknet_0_clk (net)
                      0.077894    0.002951    0.183947 ^ clkbuf_3_3__f_clk/A (sky130_fd_sc_hd__clkbuf_16)
     8    0.031698    0.039752    0.105162    0.289108 ^ clkbuf_3_3__f_clk/X (sky130_fd_sc_hd__clkbuf_16)
                                                         clknet_3_3__leaf_clk (net)
                      0.039759    0.000992    0.290100 ^ _1574_/CLK (sky130_fd_sc_hd__dfxtp_2)
     3    0.014130    0.059406    0.220393    0.510493 ^ _1574_/Q (sky130_fd_sc_hd__dfxtp_2)
                                                         busy (net)
                      0.059411    0.000587    0.511080 ^ _0805_/A (sky130_fd_sc_hd__or3_2)
     2    0.008345    0.038751    0.089871    0.600951 ^ _0805_/X (sky130_fd_sc_hd__or3_2)
                                                         _0075_ (net)
                      0.038751    0.000236    0.601187 ^ _1438_/B (sky130_fd_sc_hd__or3b_2)
     9    0.034541    0.154227    0.161137    0.762324 ^ _1438_/X (sky130_fd_sc_hd__or3b_2)
                                                         _0699_ (net)
                      0.154251    0.001562    0.763886 ^ _1443_/B (sky130_fd_sc_hd__or2_2)
     1    0.005857    0.031586    0.095605    0.859491 ^ _1443_/X (sky130_fd_sc_hd__or2_2)
                                                         _0702_ (net)
                      0.031587    0.000240    0.859731 ^ _1444_/B1 (sky130_fd_sc_hd__o211a_2)
     1    0.002138    0.023486    0.077096    0.936827 ^ _1444_/X (sky130_fd_sc_hd__o211a_2)
                                                         _0014_ (net)
                      0.023486    0.000043    0.936870 ^ _1586_/D (sky130_fd_sc_hd__dfxtp_2)
                                              0.936870   data arrival time

                                  0.000000    0.000000   clock clk (rise edge)
                                  0.000000    0.000000   clock source latency
     1    0.020088    0.072004    0.049386    0.049386 ^ clk (in)
                                                         clk (net)
                      0.072017    0.000000    0.049386 ^ clkbuf_0_clk/A (sky130_fd_sc_hd__clkbuf_16)
     8    0.084509    0.077719    0.131609    0.180996 ^ clkbuf_0_clk/X (sky130_fd_sc_hd__clkbuf_16)
                                                         clknet_0_clk (net)
                      0.077932    0.003249    0.184244 ^ clkbuf_3_6__f_clk/A (sky130_fd_sc_hd__clkbuf_16)
     8    0.025024    0.034993    0.100568    0.284812 ^ clkbuf_3_6__f_clk/X (sky130_fd_sc_hd__clkbuf_16)
                                                         clknet_3_6__leaf_clk (net)
                      0.035057    0.001251    0.286063 ^ _1586_/CLK (sky130_fd_sc_hd__dfxtp_2)
                                  0.250000    0.536063   clock uncertainty
                                  0.000000    0.536063   clock reconvergence pessimism
                                 -0.016672    0.519391   library hold time
                                              0.519391   data required time
---------------------------------------------------------------------------------------------
                                              0.519391   data required time
                                             -0.936870   data arrival time
---------------------------------------------------------------------------------------------
                                              0.417479   slack (MET)


Startpoint: _1625_ (rising edge-triggered flip-flop clocked by clk)
Endpoint: _1626_ (rising edge-triggered flip-flop clocked by clk)
Path Group: clk
Path Type: min

Fanout         Cap        Slew       Delay        Time   Description
---------------------------------------------------------------------------------------------
                                  0.000000    0.000000   clock clk (rise edge)
                                  0.000000    0.000000   clock source latency
     1    0.020088    0.072004    0.049386    0.049386 ^ clk (in)
                                                         clk (net)
                      0.072017    0.000000    0.049386 ^ clkbuf_0_clk/A (sky130_fd_sc_hd__clkbuf_16)
     8    0.084509    0.077719    0.131609    0.180996 ^ clkbuf_0_clk/X (sky130_fd_sc_hd__clkbuf_16)
                                                         clknet_0_clk (net)
                      0.077894    0.002951    0.183947 ^ clkbuf_3_3__f_clk/A (sky130_fd_sc_hd__clkbuf_16)
     8    0.031698    0.039752    0.105162    0.289108 ^ clkbuf_3_3__f_clk/X (sky130_fd_sc_hd__clkbuf_16)
                                                         clknet_3_3__leaf_clk (net)
                      0.039763    0.001216    0.290325 ^ _1625_/CLK (sky130_fd_sc_hd__dfxtp_2)
     3    0.007952    0.038289    0.204070    0.494395 ^ _1625_/Q (sky130_fd_sc_hd__dfxtp_2)
                                                         u_sync.ff2 (net)
                      0.038320    0.000228    0.494623 ^ hold87/A (sky130_fd_sc_hd__dlygate4sd3_1)
     1    0.002050    0.033030    0.367546    0.862169 ^ hold87/X (sky130_fd_sc_hd__dlygate4sd3_1)
                                                         net87 (net)
                      0.033030    0.000056    0.862225 ^ _1564_/A (sky130_fd_sc_hd__and2_2)
     1    0.002587    0.024144    0.074561    0.936786 ^ _1564_/X (sky130_fd_sc_hd__and2_2)
                                                         _0054_ (net)
                      0.024144    0.000079    0.936865 ^ _1626_/D (sky130_fd_sc_hd__dfxtp_2)
                                              0.936865   data arrival time

                                  0.000000    0.000000   clock clk (rise edge)
                                  0.000000    0.000000   clock source latency
     1    0.020088    0.072004    0.049386    0.049386 ^ clk (in)
                                                         clk (net)
                      0.072017    0.000000    0.049386 ^ clkbuf_0_clk/A (sky130_fd_sc_hd__clkbuf_16)
     8    0.084509    0.077719    0.131609    0.180996 ^ clkbuf_0_clk/X (sky130_fd_sc_hd__clkbuf_16)
                                                         clknet_0_clk (net)
                      0.077883    0.002863    0.183859 ^ clkbuf_3_2__f_clk/A (sky130_fd_sc_hd__clkbuf_16)
     8    0.025423    0.035258    0.100861    0.284719 ^ clkbuf_3_2__f_clk/X (sky130_fd_sc_hd__clkbuf_16)
                                                         clknet_3_2__leaf_clk (net)
                      0.035320    0.001223    0.285942 ^ _1626_/CLK (sky130_fd_sc_hd__dfxtp_2)
                                  0.250000    0.535942   clock uncertainty
                                  0.000000    0.535942   clock reconvergence pessimism
                                 -0.016712    0.519230   library hold time
                                              0.519230   data required time
---------------------------------------------------------------------------------------------
                                              0.519230   data required time
                                             -0.936865   data arrival time
---------------------------------------------------------------------------------------------
                                              0.417634   slack (MET)


Startpoint: _1574_ (rising edge-triggered flip-flop clocked by clk)
Endpoint: _1587_ (rising edge-triggered flip-flop clocked by clk)
Path Group: clk
Path Type: min

Fanout         Cap        Slew       Delay        Time   Description
---------------------------------------------------------------------------------------------
                                  0.000000    0.000000   clock clk (rise edge)
                                  0.000000    0.000000   clock source latency
     1    0.020088    0.072004    0.049386    0.049386 ^ clk (in)
                                                         clk (net)
                      0.072017    0.000000    0.049386 ^ clkbuf_0_clk/A (sky130_fd_sc_hd__clkbuf_16)
     8    0.084509    0.077719    0.131609    0.180996 ^ clkbuf_0_clk/X (sky130_fd_sc_hd__clkbuf_16)
                                                         clknet_0_clk (net)
                      0.077894    0.002951    0.183947 ^ clkbuf_3_3__f_clk/A (sky130_fd_sc_hd__clkbuf_16)
     8    0.031698    0.039752    0.105162    0.289108 ^ clkbuf_3_3__f_clk/X (sky130_fd_sc_hd__clkbuf_16)
                                                         clknet_3_3__leaf_clk (net)
                      0.039759    0.000992    0.290100 ^ _1574_/CLK (sky130_fd_sc_hd__dfxtp_2)
     3    0.014130    0.059406    0.220393    0.510493 ^ _1574_/Q (sky130_fd_sc_hd__dfxtp_2)
                                                         busy (net)
                      0.059411    0.000587    0.511080 ^ _0805_/A (sky130_fd_sc_hd__or3_2)
     2    0.008345    0.038751    0.089871    0.600951 ^ _0805_/X (sky130_fd_sc_hd__or3_2)
                                                         _0075_ (net)
                      0.038751    0.000236    0.601187 ^ _1438_/B (sky130_fd_sc_hd__or3b_2)
     9    0.034541    0.154227    0.161137    0.762324 ^ _1438_/X (sky130_fd_sc_hd__or3b_2)
                                                         _0699_ (net)
                      0.154273    0.002185    0.764509 ^ _1445_/B (sky130_fd_sc_hd__or2_2)
     1    0.005820    0.032031    0.095524    0.860033 ^ _1445_/X (sky130_fd_sc_hd__or2_2)
                                                         _0703_ (net)
                      0.032032    0.000215    0.860248 ^ _1446_/B1 (sky130_fd_sc_hd__o211a_2)
     1    0.003680    0.029303    0.083118    0.943366 ^ _1446_/X (sky130_fd_sc_hd__o211a_2)
                                                         _0015_ (net)
                      0.029303    0.000116    0.943483 ^ _1587_/D (sky130_fd_sc_hd__dfxtp_2)
                                              0.943483   data arrival time

                                  0.000000    0.000000   clock clk (rise edge)
                                  0.000000    0.000000   clock source latency
     1    0.020088    0.072004    0.049386    0.049386 ^ clk (in)
                                                         clk (net)
                      0.072017    0.000000    0.049386 ^ clkbuf_0_clk/A (sky130_fd_sc_hd__clkbuf_16)
     8    0.084509    0.077719    0.131609    0.180996 ^ clkbuf_0_clk/X (sky130_fd_sc_hd__clkbuf_16)
                                                         clknet_0_clk (net)
                      0.077932    0.003249    0.184244 ^ clkbuf_3_6__f_clk/A (sky130_fd_sc_hd__clkbuf_16)
     8    0.025024    0.034993    0.100568    0.284812 ^ clkbuf_3_6__f_clk/X (sky130_fd_sc_hd__clkbuf_16)
                                                         clknet_3_6__leaf_clk (net)
                      0.035053    0.001211    0.286023 ^ _1587_/CLK (sky130_fd_sc_hd__dfxtp_2)
                                  0.250000    0.536023   clock uncertainty
                                  0.000000    0.536023   clock reconvergence pessimism
                                 -0.017083    0.518939   library hold time
                                              0.518939   data required time
---------------------------------------------------------------------------------------------
                                              0.518939   data required time
                                             -0.943483   data arrival time
---------------------------------------------------------------------------------------------
                                              0.424543   slack (MET)


Startpoint: _1601_ (rising edge-triggered flip-flop clocked by clk)
Endpoint: _1604_ (rising edge-triggered flip-flop clocked by clk)
Path Group: clk
Path Type: min

Fanout         Cap        Slew       Delay        Time   Description
---------------------------------------------------------------------------------------------
                                  0.000000    0.000000   clock clk (rise edge)
                                  0.000000    0.000000   clock source latency
     1    0.020088    0.072004    0.049386    0.049386 ^ clk (in)
                                                         clk (net)
                      0.072017    0.000000    0.049386 ^ clkbuf_0_clk/A (sky130_fd_sc_hd__clkbuf_16)
     8    0.084509    0.077719    0.131609    0.180996 ^ clkbuf_0_clk/X (sky130_fd_sc_hd__clkbuf_16)
                                                         clknet_0_clk (net)
                      0.077893    0.002944    0.183940 ^ clkbuf_3_0__f_clk/A (sky130_fd_sc_hd__clkbuf_16)
     8    0.024648    0.034736    0.100441    0.284381 ^ clkbuf_3_0__f_clk/X (sky130_fd_sc_hd__clkbuf_16)
                                                         clknet_3_0__leaf_clk (net)
                      0.034739    0.000439    0.284820 ^ _1601_/CLK (sky130_fd_sc_hd__dfxtp_2)
     4    0.022195    0.088841    0.239500    0.524319 ^ _1601_/Q (sky130_fd_sc_hd__dfxtp_2)
                                                         u_dp.acc_q[1] (net)
                      0.088843    0.000581    0.524900 ^ _1342_/A1 (sky130_fd_sc_hd__a21boi_2)
     2    0.013461    0.038446    0.052200    0.577100 v _1342_/Y (sky130_fd_sc_hd__a21boi_2)
                                                         _0612_ (net)
                      0.038448    0.000327    0.577427 v _1343_/B (sky130_fd_sc_hd__nor2_2)
     3    0.014322    0.125822    0.111122    0.688548 ^ _1343_/Y (sky130_fd_sc_hd__nor2_2)
                                                         _0613_ (net)
                      0.125823    0.000372    0.688921 ^ _1347_/A1 (sky130_fd_sc_hd__o21ai_2)
     2    0.007960    0.028683    0.053701    0.742622 v _1347_/Y (sky130_fd_sc_hd__o21ai_2)
                                                         _0617_ (net)
                      0.028685    0.000200    0.742822 v _1487_/B (sky130_fd_sc_hd__nand3_2)
     1    0.003535    0.025354    0.043962    0.786784 ^ _1487_/Y (sky130_fd_sc_hd__nand3_2)
                                                         _0728_ (net)
                      0.025354    0.000110    0.786894 ^ _1488_/A3 (sky130_fd_sc_hd__a31o_2)
     1    0.004087    0.030270    0.087372    0.874265 ^ _1488_/X (sky130_fd_sc_hd__a31o_2)
                                                         _0729_ (net)
                      0.030270    0.000143    0.874408 ^ _1489_/C1 (sky130_fd_sc_hd__o211a_2)
     1    0.002191    0.023677    0.072539    0.946947 ^ _1489_/X (sky130_fd_sc_hd__o211a_2)
                                                         _0032_ (net)
                      0.023677    0.000045    0.946992 ^ _1604_/D (sky130_fd_sc_hd__dfxtp_2)
                                              0.946992   data arrival time

                                  0.000000    0.000000   clock clk (rise edge)
                                  0.000000    0.000000   clock source latency
     1    0.020088    0.072004    0.049386    0.049386 ^ clk (in)
                                                         clk (net)
                      0.072017    0.000000    0.049386 ^ clkbuf_0_clk/A (sky130_fd_sc_hd__clkbuf_16)
     8    0.084509    0.077719    0.131609    0.180996 ^ clkbuf_0_clk/X (sky130_fd_sc_hd__clkbuf_16)
                                                         clknet_0_clk (net)
                      0.077883    0.002863    0.183859 ^ clkbuf_3_2__f_clk/A (sky130_fd_sc_hd__clkbuf_16)
     8    0.025423    0.035258    0.100861    0.284719 ^ clkbuf_3_2__f_clk/X (sky130_fd_sc_hd__clkbuf_16)
                                                         clknet_3_2__leaf_clk (net)
                      0.035259    0.000444    0.285164 ^ _1604_/CLK (sky130_fd_sc_hd__dfxtp_2)
                                  0.250000    0.535164   clock uncertainty
                                  0.000000    0.535164   clock reconvergence pessimism
                                 -0.016680    0.518483   library hold time
                                              0.518483   data required time
---------------------------------------------------------------------------------------------
                                              0.518483   data required time
                                             -0.946992   data arrival time
---------------------------------------------------------------------------------------------
                                              0.428508   slack (MET)


Startpoint: _1630_ (rising edge-triggered flip-flop clocked by clk)
Endpoint: _1631_ (rising edge-triggered flip-flop clocked by clk)
Path Group: clk
Path Type: min

Fanout         Cap        Slew       Delay        Time   Description
---------------------------------------------------------------------------------------------
                                  0.000000    0.000000   clock clk (rise edge)
                                  0.000000    0.000000   clock source latency
     1    0.020088    0.072004    0.049386    0.049386 ^ clk (in)
                                                         clk (net)
                      0.072017    0.000000    0.049386 ^ clkbuf_0_clk/A (sky130_fd_sc_hd__clkbuf_16)
     8    0.084509    0.077719    0.131609    0.180996 ^ clkbuf_0_clk/X (sky130_fd_sc_hd__clkbuf_16)
                                                         clknet_0_clk (net)
                      0.077883    0.002863    0.183859 ^ clkbuf_3_2__f_clk/A (sky130_fd_sc_hd__clkbuf_16)
     8    0.025423    0.035258    0.100861    0.284719 ^ clkbuf_3_2__f_clk/X (sky130_fd_sc_hd__clkbuf_16)
                                                         clknet_3_2__leaf_clk (net)
                      0.035292    0.000934    0.285653 ^ _1630_/CLK (sky130_fd_sc_hd__dfxtp_2)
     4    0.012723    0.032607    0.210585    0.496238 v _1630_/Q (sky130_fd_sc_hd__dfxtp_2)
                                                         u_sync.lock_cnt[0] (net)
                      0.032608    0.000193    0.496431 v _1569_/A (sky130_fd_sc_hd__nand2_2)
     2    0.009734    0.045238    0.051546    0.547977 ^ _1569_/Y (sky130_fd_sc_hd__nand2_2)
                                                         _0785_ (net)
                      0.045241    0.000276    0.548253 ^ _1572_/A2 (sky130_fd_sc_hd__a2111oi_2)
     1    0.001866    0.019041    0.035208    0.583461 v _1572_/Y (sky130_fd_sc_hd__a2111oi_2)
                                                         _0058_ (net)
                      0.019041    0.000052    0.583512 v hold89/A (sky130_fd_sc_hd__dlygate4sd3_1)
     1    0.002762    0.037940    0.355491    0.939003 v hold89/X (sky130_fd_sc_hd__dlygate4sd3_1)
                                                         net89 (net)
                      0.037940    0.000083    0.939086 v _1631_/D (sky130_fd_sc_hd__dfxtp_2)
                                              0.939086   data arrival time

                                  0.000000    0.000000   clock clk (rise edge)
                                  0.000000    0.000000   clock source latency
     1    0.020088    0.072004    0.049386    0.049386 ^ clk (in)
                                                         clk (net)
                      0.072017    0.000000    0.049386 ^ clkbuf_0_clk/A (sky130_fd_sc_hd__clkbuf_16)
     8    0.084509    0.077719    0.131609    0.180996 ^ clkbuf_0_clk/X (sky130_fd_sc_hd__clkbuf_16)
                                                         clknet_0_clk (net)
                      0.077894    0.002951    0.183947 ^ clkbuf_3_3__f_clk/A (sky130_fd_sc_hd__clkbuf_16)
     8    0.031698    0.039752    0.105162    0.289108 ^ clkbuf_3_3__f_clk/X (sky130_fd_sc_hd__clkbuf_16)
                                                         clknet_3_3__leaf_clk (net)
                      0.039759    0.000970    0.290079 ^ _1631_/CLK (sky130_fd_sc_hd__dfxtp_2)
                                  0.250000    0.540079   clock uncertainty
                                  0.000000    0.540079   clock reconvergence pessimism
                                 -0.036106    0.503972   library hold time
                                              0.503972   data required time
---------------------------------------------------------------------------------------------
                                              0.503972   data required time
                                             -0.939086   data arrival time
---------------------------------------------------------------------------------------------
                                              0.435113   slack (MET)


Startpoint: _1628_ (rising edge-triggered flip-flop clocked by clk)
Endpoint: _1629_ (rising edge-triggered flip-flop clocked by clk)
Path Group: clk
Path Type: min

Fanout         Cap        Slew       Delay        Time   Description
---------------------------------------------------------------------------------------------
                                  0.000000    0.000000   clock clk (rise edge)
                                  0.000000    0.000000   clock source latency
     1    0.020088    0.072004    0.049386    0.049386 ^ clk (in)
                                                         clk (net)
                      0.072017    0.000000    0.049386 ^ clkbuf_0_clk/A (sky130_fd_sc_hd__clkbuf_16)
     8    0.084509    0.077719    0.131609    0.180996 ^ clkbuf_0_clk/X (sky130_fd_sc_hd__clkbuf_16)
                                                         clknet_0_clk (net)
                      0.077883    0.002863    0.183859 ^ clkbuf_3_2__f_clk/A (sky130_fd_sc_hd__clkbuf_16)
     8    0.025423    0.035258    0.100861    0.284719 ^ clkbuf_3_2__f_clk/X (sky130_fd_sc_hd__clkbuf_16)
                                                         clknet_3_2__leaf_clk (net)
                      0.035323    0.001259    0.285978 ^ _1628_/CLK (sky130_fd_sc_hd__dfxtp_2)
     1    0.002799    0.021645    0.188076    0.474054 ^ _1628_/Q (sky130_fd_sc_hd__dfxtp_2)
                                                         u_sync.seen_reset[1] (net)
                      0.021645    0.000084    0.474137 ^ _1566_/B (sky130_fd_sc_hd__and2b_2)
     1    0.004743    0.029678    0.083143    0.557280 ^ _1566_/X (sky130_fd_sc_hd__and2b_2)
                                                         _0783_ (net)
                      0.029678    0.000168    0.557448 ^ _1567_/A2 (sky130_fd_sc_hd__o21a_2)
     1    0.002398    0.018957    0.061883    0.619331 ^ _1567_/X (sky130_fd_sc_hd__o21a_2)
                                                         _0056_ (net)
                      0.018961    0.000068    0.619399 ^ hold86/A (sky130_fd_sc_hd__dlygate4sd3_1)
     1    0.002104    0.033303    0.363592    0.982991 ^ hold86/X (sky130_fd_sc_hd__dlygate4sd3_1)
                                                         net86 (net)
                      0.033303    0.000059    0.983050 ^ _1629_/D (sky130_fd_sc_hd__dfxtp_2)
                                              0.983050   data arrival time

                                  0.000000    0.000000   clock clk (rise edge)
                                  0.000000    0.000000   clock source latency
     1    0.020088    0.072004    0.049386    0.049386 ^ clk (in)
                                                         clk (net)
                      0.072017    0.000000    0.049386 ^ clkbuf_0_clk/A (sky130_fd_sc_hd__clkbuf_16)
     8    0.084509    0.077719    0.131609    0.180996 ^ clkbuf_0_clk/X (sky130_fd_sc_hd__clkbuf_16)
                                                         clknet_0_clk (net)
                      0.077883    0.002863    0.183859 ^ clkbuf_3_2__f_clk/A (sky130_fd_sc_hd__clkbuf_16)
     8    0.025423    0.035258    0.100861    0.284719 ^ clkbuf_3_2__f_clk/X (sky130_fd_sc_hd__clkbuf_16)
                                                         clknet_3_2__leaf_clk (net)
                      0.035327    0.001290    0.286010 ^ _1629_/CLK (sky130_fd_sc_hd__dfxtp_2)
                                  0.250000    0.536010   clock uncertainty
                                  0.000000    0.536010   clock reconvergence pessimism
                                 -0.017360    0.518650   library hold time
                                              0.518650   data required time
---------------------------------------------------------------------------------------------
                                              0.518650   data required time
                                             -0.983050   data arrival time
---------------------------------------------------------------------------------------------
                                              0.464400   slack (MET)


Startpoint: _1575_ (rising edge-triggered flip-flop clocked by clk)
Endpoint: _1575_ (rising edge-triggered flip-flop clocked by clk)
Path Group: clk
Path Type: min

Fanout         Cap        Slew       Delay        Time   Description
---------------------------------------------------------------------------------------------
                                  0.000000    0.000000   clock clk (rise edge)
                                  0.000000    0.000000   clock source latency
     1    0.020088    0.072004    0.049386    0.049386 ^ clk (in)
                                                         clk (net)
                      0.072017    0.000000    0.049386 ^ clkbuf_0_clk/A (sky130_fd_sc_hd__clkbuf_16)
     8    0.084509    0.077719    0.131609    0.180996 ^ clkbuf_0_clk/X (sky130_fd_sc_hd__clkbuf_16)
                                                         clknet_0_clk (net)
                      0.077889    0.002913    0.183909 ^ clkbuf_3_1__f_clk/A (sky130_fd_sc_hd__clkbuf_16)
     8    0.024162    0.034411    0.100211    0.284120 ^ clkbuf_3_1__f_clk/X (sky130_fd_sc_hd__clkbuf_16)
                                                         clknet_3_1__leaf_clk (net)
                      0.034421    0.000520    0.284639 ^ _1575_/CLK (sky130_fd_sc_hd__dfxtp_2)
     2    0.012895    0.055390    0.215560    0.500200 ^ _1575_/Q (sky130_fd_sc_hd__dfxtp_2)
                                                         ovf (net)
                      0.055390    0.000054    0.500254 ^ hold95/A (sky130_fd_sc_hd__dlygate4sd3_1)
     1    0.003164    0.039666    0.378197    0.878451 ^ hold95/X (sky130_fd_sc_hd__dlygate4sd3_1)
                                                         net95 (net)
                      0.039666    0.000093    0.878543 ^ _1410_/B1 (sky130_fd_sc_hd__a21o_2)
     1    0.003413    0.020196    0.052166    0.930710 ^ _1410_/X (sky130_fd_sc_hd__a21o_2)
                                                         _0680_ (net)
                      0.020197    0.000113    0.930822 ^ _1411_/B (sky130_fd_sc_hd__and2_2)
     1    0.002116    0.022670    0.073243    1.004065 ^ _1411_/X (sky130_fd_sc_hd__and2_2)
                                                         _0003_ (net)
                      0.022670    0.000041    1.004107 ^ _1575_/D (sky130_fd_sc_hd__dfxtp_2)
                                              1.004107   data arrival time

                                  0.000000    0.000000   clock clk (rise edge)
                                  0.000000    0.000000   clock source latency
     1    0.020088    0.072004    0.049386    0.049386 ^ clk (in)
                                                         clk (net)
                      0.072017    0.000000    0.049386 ^ clkbuf_0_clk/A (sky130_fd_sc_hd__clkbuf_16)
     8    0.084509    0.077719    0.131609    0.180996 ^ clkbuf_0_clk/X (sky130_fd_sc_hd__clkbuf_16)
                                                         clknet_0_clk (net)
                      0.077889    0.002913    0.183909 ^ clkbuf_3_1__f_clk/A (sky130_fd_sc_hd__clkbuf_16)
     8    0.024162    0.034411    0.100211    0.284120 ^ clkbuf_3_1__f_clk/X (sky130_fd_sc_hd__clkbuf_16)
                                                         clknet_3_1__leaf_clk (net)
                      0.034421    0.000520    0.284639 ^ _1575_/CLK (sky130_fd_sc_hd__dfxtp_2)
                                  0.250000    0.534639   clock uncertainty
                                  0.000000    0.534639   clock reconvergence pessimism
                                 -0.016629    0.518010   library hold time
                                              0.518010   data required time
---------------------------------------------------------------------------------------------
                                              0.518010   data required time
                                             -1.004107   data arrival time
---------------------------------------------------------------------------------------------
                                              0.486096   slack (MET)


Startpoint: _1610_ (rising edge-triggered flip-flop clocked by clk)
Endpoint: _1610_ (rising edge-triggered flip-flop clocked by clk)
Path Group: clk
Path Type: min

Fanout         Cap        Slew       Delay        Time   Description
---------------------------------------------------------------------------------------------
                                  0.000000    0.000000   clock clk (rise edge)
                                  0.000000    0.000000   clock source latency
     1    0.020088    0.072004    0.049386    0.049386 ^ clk (in)
                                                         clk (net)
                      0.072017    0.000000    0.049386 ^ clkbuf_0_clk/A (sky130_fd_sc_hd__clkbuf_16)
     8    0.084509    0.077719    0.131609    0.180996 ^ clkbuf_0_clk/X (sky130_fd_sc_hd__clkbuf_16)
                                                         clknet_0_clk (net)
                      0.077889    0.002913    0.183909 ^ clkbuf_3_1__f_clk/A (sky130_fd_sc_hd__clkbuf_16)
     8    0.024162    0.034411    0.100211    0.284120 ^ clkbuf_3_1__f_clk/X (sky130_fd_sc_hd__clkbuf_16)
                                                         clknet_3_1__leaf_clk (net)
                      0.034416    0.000420    0.284540 ^ _1610_/CLK (sky130_fd_sc_hd__dfxtp_2)
     5    0.021726    0.087145    0.238122    0.522662 ^ _1610_/Q (sky130_fd_sc_hd__dfxtp_2)
                                                         u_dp.acc_q[10] (net)
                      0.087146    0.000482    0.523144 ^ hold100/A (sky130_fd_sc_hd__dlygate4sd3_1)
     1    0.003785    0.044172    0.387114    0.910258 ^ hold100/X (sky130_fd_sc_hd__dlygate4sd3_1)
                                                         net100 (net)
                      0.044172    0.000123    0.910381 ^ _1511_/A1 (sky130_fd_sc_hd__o211a_2)
     1    0.002308    0.024113    0.096665    1.007046 ^ _1511_/X (sky130_fd_sc_hd__o211a_2)
                                                         _0038_ (net)
                      0.024113    0.000067    1.007112 ^ _1610_/D (sky130_fd_sc_hd__dfxtp_2)
                                              1.007112   data arrival time

                                  0.000000    0.000000   clock clk (rise edge)
                                  0.000000    0.000000   clock source latency
     1    0.020088    0.072004    0.049386    0.049386 ^ clk (in)
                                                         clk (net)
                      0.072017    0.000000    0.049386 ^ clkbuf_0_clk/A (sky130_fd_sc_hd__clkbuf_16)
     8    0.084509    0.077719    0.131609    0.180996 ^ clkbuf_0_clk/X (sky130_fd_sc_hd__clkbuf_16)
                                                         clknet_0_clk (net)
                      0.077889    0.002913    0.183909 ^ clkbuf_3_1__f_clk/A (sky130_fd_sc_hd__clkbuf_16)
     8    0.024162    0.034411    0.100211    0.284120 ^ clkbuf_3_1__f_clk/X (sky130_fd_sc_hd__clkbuf_16)
                                                         clknet_3_1__leaf_clk (net)
                      0.034416    0.000420    0.284540 ^ _1610_/CLK (sky130_fd_sc_hd__dfxtp_2)
                                  0.250000    0.534540   clock uncertainty
                                  0.000000    0.534540   clock reconvergence pessimism
                                 -0.016731    0.517809   library hold time
                                              0.517809   data required time
---------------------------------------------------------------------------------------------
                                              0.517809   data required time
                                             -1.007112   data arrival time
---------------------------------------------------------------------------------------------
                                              0.489303   slack (MET)


Startpoint: _1635_ (rising edge-triggered flip-flop clocked by clk)
Endpoint: _1574_ (rising edge-triggered flip-flop clocked by clk)
Path Group: clk
Path Type: min

Fanout         Cap        Slew       Delay        Time   Description
---------------------------------------------------------------------------------------------
                                  0.000000    0.000000   clock clk (rise edge)
                                  0.000000    0.000000   clock source latency
     1    0.020088    0.072004    0.049386    0.049386 ^ clk (in)
                                                         clk (net)
                      0.072017    0.000000    0.049386 ^ clkbuf_0_clk/A (sky130_fd_sc_hd__clkbuf_16)
     8    0.084509    0.077719    0.131609    0.180996 ^ clkbuf_0_clk/X (sky130_fd_sc_hd__clkbuf_16)
                                                         clknet_0_clk (net)
                      0.077932    0.003249    0.184244 ^ clkbuf_3_6__f_clk/A (sky130_fd_sc_hd__clkbuf_16)
     8    0.025024    0.034993    0.100568    0.284812 ^ clkbuf_3_6__f_clk/X (sky130_fd_sc_hd__clkbuf_16)
                                                         clknet_3_6__leaf_clk (net)
                      0.035036    0.001035    0.285847 ^ _1635_/CLK (sky130_fd_sc_hd__dfxtp_2)
     1    0.004131    0.025694    0.192224    0.478071 ^ _1635_/Q (sky130_fd_sc_hd__dfxtp_2)
                                                         u_rst_sync.rst_ff2 (net)
                      0.025694    0.000141    0.478212 ^ fanout42/A (sky130_fd_sc_hd__clkdlybuf4s25_1)
    10    0.055228    0.412571    0.419969    0.898181 ^ fanout42/X (sky130_fd_sc_hd__clkdlybuf4s25_1)
                                                         net42 (net)
                      0.412704    0.006202    0.904383 ^ _0803_/A (sky130_fd_sc_hd__and2_2)
     1    0.002037    0.029799    0.117655    1.022037 ^ _0803_/X (sky130_fd_sc_hd__and2_2)
                                                         _0002_ (net)
                      0.029799    0.000040    1.022077 ^ _1574_/D (sky130_fd_sc_hd__dfxtp_2)
                                              1.022077   data arrival time

                                  0.000000    0.000000   clock clk (rise edge)
                                  0.000000    0.000000   clock source latency
     1    0.020088    0.072004    0.049386    0.049386 ^ clk (in)
                                                         clk (net)
                      0.072017    0.000000    0.049386 ^ clkbuf_0_clk/A (sky130_fd_sc_hd__clkbuf_16)
     8    0.084509    0.077719    0.131609    0.180996 ^ clkbuf_0_clk/X (sky130_fd_sc_hd__clkbuf_16)
                                                         clknet_0_clk (net)
                      0.077894    0.002951    0.183947 ^ clkbuf_3_3__f_clk/A (sky130_fd_sc_hd__clkbuf_16)
     8    0.031698    0.039752    0.105162    0.289108 ^ clkbuf_3_3__f_clk/X (sky130_fd_sc_hd__clkbuf_16)
                                                         clknet_3_3__leaf_clk (net)
                      0.039759    0.000992    0.290100 ^ _1574_/CLK (sky130_fd_sc_hd__dfxtp_2)
                                  0.250000    0.540100   clock uncertainty
                                  0.000000    0.540100   clock reconvergence pessimism
                                 -0.017006    0.523094   library hold time
                                              0.523094   data required time
---------------------------------------------------------------------------------------------
                                              0.523094   data required time
                                             -1.022077   data arrival time
---------------------------------------------------------------------------------------------
                                              0.498983   slack (MET)


Startpoint: _1603_ (rising edge-triggered flip-flop clocked by clk)
Endpoint: _1605_ (rising edge-triggered flip-flop clocked by clk)
Path Group: clk
Path Type: min

Fanout         Cap        Slew       Delay        Time   Description
---------------------------------------------------------------------------------------------
                                  0.000000    0.000000   clock clk (rise edge)
                                  0.000000    0.000000   clock source latency
     1    0.020088    0.072004    0.049386    0.049386 ^ clk (in)
                                                         clk (net)
                      0.072017    0.000000    0.049386 ^ clkbuf_0_clk/A (sky130_fd_sc_hd__clkbuf_16)
     8    0.084509    0.077719    0.131609    0.180996 ^ clkbuf_0_clk/X (sky130_fd_sc_hd__clkbuf_16)
                                                         clknet_0_clk (net)
                      0.077883    0.002863    0.183859 ^ clkbuf_3_2__f_clk/A (sky130_fd_sc_hd__clkbuf_16)
     8    0.025423    0.035258    0.100861    0.284719 ^ clkbuf_3_2__f_clk/X (sky130_fd_sc_hd__clkbuf_16)
                                                         clknet_3_2__leaf_clk (net)
                      0.035258    0.000322    0.285042 ^ _1603_/CLK (sky130_fd_sc_hd__dfxtp_2)
     5    0.024510    0.097345    0.245372    0.530414 ^ _1603_/Q (sky130_fd_sc_hd__dfxtp_2)
                                                         u_dp.acc_q[3] (net)
                      0.097360    0.001210    0.531624 ^ _1301_/A1 (sky130_fd_sc_hd__a21boi_2)
     2    0.012820    0.037570    0.052348    0.583972 v _1301_/Y (sky130_fd_sc_hd__a21boi_2)
                                                         _0571_ (net)
                      0.037571    0.000256    0.584228 v _1305_/A2 (sky130_fd_sc_hd__o21ai_2)
     2    0.017290    0.077081    0.145988    0.730216 ^ _1305_/Y (sky130_fd_sc_hd__o21ai_2)
                                                         _0575_ (net)
                      0.077086    0.000518    0.730734 ^ _1316_/A (sky130_fd_sc_hd__xnor2_2)
     3    0.012999    0.046275    0.063923    0.794657 v _1316_/Y (sky130_fd_sc_hd__xnor2_2)
                                                         _0586_ (net)
                      0.046295    0.000328    0.794985 v _1491_/A (sky130_fd_sc_hd__xnor2_2)
     1    0.002522    0.023761    0.096825    0.891810 ^ _1491_/Y (sky130_fd_sc_hd__xnor2_2)
                                                         _0731_ (net)
                      0.023761    0.000048    0.891858 ^ _1492_/A2 (sky130_fd_sc_hd__a21o_2)
     1    0.004327    0.025544    0.071017    0.962875 ^ _1492_/X (sky130_fd_sc_hd__a21o_2)
                                                         _0732_ (net)
                      0.025544    0.000153    0.963028 ^ _1493_/C1 (sky130_fd_sc_hd__o211a_2)
     1    0.002438    0.024594    0.072273    1.035300 ^ _1493_/X (sky130_fd_sc_hd__o211a_2)
                                                         _0033_ (net)
                      0.024594    0.000072    1.035372 ^ _1605_/D (sky130_fd_sc_hd__dfxtp_2)
                                              1.035372   data arrival time

                                  0.000000    0.000000   clock clk (rise edge)
                                  0.000000    0.000000   clock source latency
     1    0.020088    0.072004    0.049386    0.049386 ^ clk (in)
                                                         clk (net)
                      0.072017    0.000000    0.049386 ^ clkbuf_0_clk/A (sky130_fd_sc_hd__clkbuf_16)
     8    0.084509    0.077719    0.131609    0.180996 ^ clkbuf_0_clk/X (sky130_fd_sc_hd__clkbuf_16)
                                                         clknet_0_clk (net)
                      0.077894    0.002951    0.183947 ^ clkbuf_3_3__f_clk/A (sky130_fd_sc_hd__clkbuf_16)
     8    0.031698    0.039752    0.105162    0.289108 ^ clkbuf_3_3__f_clk/X (sky130_fd_sc_hd__clkbuf_16)
                                                         clknet_3_3__leaf_clk (net)
                      0.039755    0.000664    0.289772 ^ _1605_/CLK (sky130_fd_sc_hd__dfxtp_2)
                                  0.250000    0.539772   clock uncertainty
                                  0.000000    0.539772   clock reconvergence pessimism
                                 -0.016638    0.523134   library hold time
                                              0.523134   data required time
---------------------------------------------------------------------------------------------
                                              0.523134   data required time
                                             -1.035372   data arrival time
---------------------------------------------------------------------------------------------
                                              0.512238   slack (MET)


Startpoint: _1635_ (rising edge-triggered flip-flop clocked by clk)
Endpoint: _1624_ (rising edge-triggered flip-flop clocked by clk)
Path Group: clk
Path Type: min

Fanout         Cap        Slew       Delay        Time   Description
---------------------------------------------------------------------------------------------
                                  0.000000    0.000000   clock clk (rise edge)
                                  0.000000    0.000000   clock source latency
     1    0.020088    0.072004    0.049386    0.049386 ^ clk (in)
                                                         clk (net)
                      0.072017    0.000000    0.049386 ^ clkbuf_0_clk/A (sky130_fd_sc_hd__clkbuf_16)
     8    0.084509    0.077719    0.131609    0.180996 ^ clkbuf_0_clk/X (sky130_fd_sc_hd__clkbuf_16)
                                                         clknet_0_clk (net)
                      0.077932    0.003249    0.184244 ^ clkbuf_3_6__f_clk/A (sky130_fd_sc_hd__clkbuf_16)
     8    0.025024    0.034993    0.100568    0.284812 ^ clkbuf_3_6__f_clk/X (sky130_fd_sc_hd__clkbuf_16)
                                                         clknet_3_6__leaf_clk (net)
                      0.035036    0.001035    0.285847 ^ _1635_/CLK (sky130_fd_sc_hd__dfxtp_2)
     1    0.003905    0.018738    0.194403    0.480251 v _1635_/Q (sky130_fd_sc_hd__dfxtp_2)
                                                         u_rst_sync.rst_ff2 (net)
                      0.018738    0.000132    0.480383 v fanout42/A (sky130_fd_sc_hd__clkdlybuf4s25_1)
    10    0.053654    0.270889    0.338393    0.818776 v fanout42/X (sky130_fd_sc_hd__clkdlybuf4s25_1)
                                                         net42 (net)
                      0.270903    0.002181    0.820957 v fanout41/A (sky130_fd_sc_hd__clkdlybuf4s25_1)
     9    0.033752    0.173278    0.346999    1.167956 v fanout41/X (sky130_fd_sc_hd__clkdlybuf4s25_1)
                                                         net41 (net)
                      0.173289    0.001449    1.169405 v _1562_/A (sky130_fd_sc_hd__and2_2)
     1    0.016667    0.047701    0.185497    1.354902 v _1562_/X (sky130_fd_sc_hd__and2_2)
                                                         _0052_ (net)
                      0.047743    0.001223    1.356124 v _1624_/D (sky130_fd_sc_hd__dfxtp_2)
                                              1.356124   data arrival time

                                  0.000000    0.000000   clock clk (rise edge)
                                  0.000000    0.000000   clock source latency
     1    0.020088    0.072004    0.049386    0.049386 ^ clk (in)
                                                         clk (net)
                      0.072017    0.000000    0.049386 ^ clkbuf_0_clk/A (sky130_fd_sc_hd__clkbuf_16)
     8    0.084509    0.077719    0.131609    0.180996 ^ clkbuf_0_clk/X (sky130_fd_sc_hd__clkbuf_16)
                                                         clknet_0_clk (net)
                      0.077894    0.002951    0.183947 ^ clkbuf_3_3__f_clk/A (sky130_fd_sc_hd__clkbuf_16)
     8    0.031698    0.039752    0.105162    0.289108 ^ clkbuf_3_3__f_clk/X (sky130_fd_sc_hd__clkbuf_16)
                                                         clknet_3_3__leaf_clk (net)
                      0.039762    0.001176    0.290285 ^ _1624_/CLK (sky130_fd_sc_hd__dfxtp_2)
                                  0.250000    0.540285   clock uncertainty
                                  0.000000    0.540285   clock reconvergence pessimism
                                 -0.039368    0.500917   library hold time
                                              0.500917   data required time
---------------------------------------------------------------------------------------------
                                              0.500917   data required time
                                             -1.356124   data arrival time
---------------------------------------------------------------------------------------------
                                              0.855207   slack (MET)


Startpoint: rst_n (input port clocked by clk)
Endpoint: _1636_ (rising edge-triggered flip-flop clocked by clk)
Path Group: clk
Path Type: min

Fanout         Cap        Slew       Delay        Time   Description
---------------------------------------------------------------------------------------------
                                  0.000000    0.000000   clock clk (rise edge)
                                  0.000000    0.000000   clock network delay (propagated)
                                  4.000000    4.000000 v input external delay
     1    0.005860    0.009623    0.005255    4.005255 v rst_n (in)
                                                         rst_n (net)
                      0.009626    0.000000    4.005255 v input1/A (sky130_fd_sc_hd__clkdlybuf4s25_1)
     1    0.003798    0.031711    0.153581    4.158835 v input1/X (sky130_fd_sc_hd__clkdlybuf4s25_1)
                                                         net1 (net)
                      0.031711    0.000132    4.158967 v _1636_/D (sky130_fd_sc_hd__dfxtp_2)
                                              4.158967   data arrival time

                                  0.000000    0.000000   clock clk (rise edge)
                                  0.000000    0.000000   clock source latency
     1    0.020088    0.072004    0.049386    0.049386 ^ clk (in)
                                                         clk (net)
                      0.072017    0.000000    0.049386 ^ clkbuf_0_clk/A (sky130_fd_sc_hd__clkbuf_16)
     8    0.084509    0.077719    0.131609    0.180996 ^ clkbuf_0_clk/X (sky130_fd_sc_hd__clkbuf_16)
                                                         clknet_0_clk (net)
                      0.077933    0.003260    0.184256 ^ clkbuf_3_7__f_clk/A (sky130_fd_sc_hd__clkbuf_16)
     8    0.028089    0.037233    0.102508    0.286764 ^ clkbuf_3_7__f_clk/X (sky130_fd_sc_hd__clkbuf_16)
                                                         clknet_3_7__leaf_clk (net)
                      0.037332    0.001628    0.288392 ^ _1636_/CLK (sky130_fd_sc_hd__dfxtp_2)
                                  0.250000    0.538392   clock uncertainty
                                  0.000000    0.538392   clock reconvergence pessimism
                                 -0.034272    0.504120   library hold time
                                              0.504120   data required time
---------------------------------------------------------------------------------------------
                                              0.504120   data required time
                                             -4.158967   data arrival time
---------------------------------------------------------------------------------------------
                                              3.654848   slack (MET)


Startpoint: _1579_ (rising edge-triggered flip-flop clocked by clk)
Endpoint: uo_out[3] (output port clocked by clk)
Path Group: clk
Path Type: min

Fanout         Cap        Slew       Delay        Time   Description
---------------------------------------------------------------------------------------------
                                  0.000000    0.000000   clock clk (rise edge)
                                  0.000000    0.000000   clock source latency
     1    0.020088    0.072004    0.049386    0.049386 ^ clk (in)
                                                         clk (net)
                      0.072017    0.000000    0.049386 ^ clkbuf_0_clk/A (sky130_fd_sc_hd__clkbuf_16)
     8    0.084509    0.077719    0.131609    0.180996 ^ clkbuf_0_clk/X (sky130_fd_sc_hd__clkbuf_16)
                                                         clknet_0_clk (net)
                      0.077892    0.002942    0.183937 ^ clkbuf_3_5__f_clk/A (sky130_fd_sc_hd__clkbuf_16)
     8    0.030128    0.038547    0.104298    0.288235 ^ clkbuf_3_5__f_clk/X (sky130_fd_sc_hd__clkbuf_16)
                                                         clknet_3_5__leaf_clk (net)
                      0.038560    0.000645    0.288880 ^ _1579_/CLK (sky130_fd_sc_hd__dfxtp_2)
     1    0.034667    0.063760    0.240323    0.529203 v _1579_/Q (sky130_fd_sc_hd__dfxtp_2)
                                                         uo_out[3] (net)
                      0.063770    0.000764    0.529967 v uo_out[3] (out)
                                              0.529967   data arrival time

                                  0.000000    0.000000   clock clk (rise edge)
                                  0.000000    0.000000   clock network delay (propagated)
                                  0.250000    0.250000   clock uncertainty
                                  0.000000    0.250000   clock reconvergence pessimism
                                 -4.000000   -3.750000   output external delay
                                             -3.750000   data required time
---------------------------------------------------------------------------------------------
                                             -3.750000   data required time
                                             -0.529967   data arrival time
---------------------------------------------------------------------------------------------
                                              4.279967   slack (MET)


Startpoint: _1583_ (rising edge-triggered flip-flop clocked by clk)
Endpoint: uo_out[7] (output port clocked by clk)
Path Group: clk
Path Type: min

Fanout         Cap        Slew       Delay        Time   Description
---------------------------------------------------------------------------------------------
                                  0.000000    0.000000   clock clk (rise edge)
                                  0.000000    0.000000   clock source latency
     1    0.020088    0.072004    0.049386    0.049386 ^ clk (in)
                                                         clk (net)
                      0.072017    0.000000    0.049386 ^ clkbuf_0_clk/A (sky130_fd_sc_hd__clkbuf_16)
     8    0.084509    0.077719    0.131609    0.180996 ^ clkbuf_0_clk/X (sky130_fd_sc_hd__clkbuf_16)
                                                         clknet_0_clk (net)
                      0.077892    0.002942    0.183937 ^ clkbuf_3_5__f_clk/A (sky130_fd_sc_hd__clkbuf_16)
     8    0.030128    0.038547    0.104298    0.288235 ^ clkbuf_3_5__f_clk/X (sky130_fd_sc_hd__clkbuf_16)
                                                         clknet_3_5__leaf_clk (net)
                      0.038560    0.000638    0.288873 ^ _1583_/CLK (sky130_fd_sc_hd__dfxtp_2)
     1    0.035250    0.064679    0.240990    0.529863 v _1583_/Q (sky130_fd_sc_hd__dfxtp_2)
                                                         uo_out[7] (net)
                      0.064692    0.000880    0.530743 v uo_out[7] (out)
                                              0.530743   data arrival time

                                  0.000000    0.000000   clock clk (rise edge)
                                  0.000000    0.000000   clock network delay (propagated)
                                  0.250000    0.250000   clock uncertainty
                                  0.000000    0.250000   clock reconvergence pessimism
                                 -4.000000   -3.750000   output external delay
                                             -3.750000   data required time
---------------------------------------------------------------------------------------------
                                             -3.750000   data required time
                                             -0.530743   data arrival time
---------------------------------------------------------------------------------------------
                                              4.280743   slack (MET)


Startpoint: _1576_ (rising edge-triggered flip-flop clocked by clk)
Endpoint: uo_out[0] (output port clocked by clk)
Path Group: clk
Path Type: min

Fanout         Cap        Slew       Delay        Time   Description
---------------------------------------------------------------------------------------------
                                  0.000000    0.000000   clock clk (rise edge)
                                  0.000000    0.000000   clock source latency
     1    0.020088    0.072004    0.049386    0.049386 ^ clk (in)
                                                         clk (net)
                      0.072017    0.000000    0.049386 ^ clkbuf_0_clk/A (sky130_fd_sc_hd__clkbuf_16)
     8    0.084509    0.077719    0.131609    0.180996 ^ clkbuf_0_clk/X (sky130_fd_sc_hd__clkbuf_16)
                                                         clknet_0_clk (net)
                      0.077892    0.002942    0.183937 ^ clkbuf_3_5__f_clk/A (sky130_fd_sc_hd__clkbuf_16)
     8    0.030128    0.038547    0.104298    0.288235 ^ clkbuf_3_5__f_clk/X (sky130_fd_sc_hd__clkbuf_16)
                                                         clknet_3_5__leaf_clk (net)
                      0.038560    0.000647    0.288882 ^ _1576_/CLK (sky130_fd_sc_hd__dfxtp_2)
     1    0.035452    0.064964    0.241286    0.530168 v _1576_/Q (sky130_fd_sc_hd__dfxtp_2)
                                                         uo_out[0] (net)
                      0.064975    0.000840    0.531008 v uo_out[0] (out)
                                              0.531008   data arrival time

                                  0.000000    0.000000   clock clk (rise edge)
                                  0.000000    0.000000   clock network delay (propagated)
                                  0.250000    0.250000   clock uncertainty
                                  0.000000    0.250000   clock reconvergence pessimism
                                 -4.000000   -3.750000   output external delay
                                             -3.750000   data required time
---------------------------------------------------------------------------------------------
                                             -3.750000   data required time
                                             -0.531008   data arrival time
---------------------------------------------------------------------------------------------
                                              4.281008   slack (MET)


Startpoint: _1582_ (rising edge-triggered flip-flop clocked by clk)
Endpoint: uo_out[6] (output port clocked by clk)
Path Group: clk
Path Type: min

Fanout         Cap        Slew       Delay        Time   Description
---------------------------------------------------------------------------------------------
                                  0.000000    0.000000   clock clk (rise edge)
                                  0.000000    0.000000   clock source latency
     1    0.020088    0.072004    0.049386    0.049386 ^ clk (in)
                                                         clk (net)
                      0.072017    0.000000    0.049386 ^ clkbuf_0_clk/A (sky130_fd_sc_hd__clkbuf_16)
     8    0.084509    0.077719    0.131609    0.180996 ^ clkbuf_0_clk/X (sky130_fd_sc_hd__clkbuf_16)
                                                         clknet_0_clk (net)
                      0.077894    0.002951    0.183947 ^ clkbuf_3_3__f_clk/A (sky130_fd_sc_hd__clkbuf_16)
     8    0.031698    0.039752    0.105162    0.289108 ^ clkbuf_3_3__f_clk/X (sky130_fd_sc_hd__clkbuf_16)
                                                         clknet_3_3__leaf_clk (net)
                      0.039762    0.001125    0.290233 ^ _1582_/CLK (sky130_fd_sc_hd__dfxtp_2)
     1    0.035473    0.064989    0.241682    0.531916 v _1582_/Q (sky130_fd_sc_hd__dfxtp_2)
                                                         uo_out[6] (net)
                      0.065000    0.000831    0.532747 v uo_out[6] (out)
                                              0.532747   data arrival time

                                  0.000000    0.000000   clock clk (rise edge)
                                  0.000000    0.000000   clock network delay (propagated)
                                  0.250000    0.250000   clock uncertainty
                                  0.000000    0.250000   clock reconvergence pessimism
                                 -4.000000   -3.750000   output external delay
                                             -3.750000   data required time
---------------------------------------------------------------------------------------------
                                             -3.750000   data required time
                                             -0.532747   data arrival time
---------------------------------------------------------------------------------------------
                                              4.282747   slack (MET)


Startpoint: _1577_ (rising edge-triggered flip-flop clocked by clk)
Endpoint: uo_out[1] (output port clocked by clk)
Path Group: clk
Path Type: min

Fanout         Cap        Slew       Delay        Time   Description
---------------------------------------------------------------------------------------------
                                  0.000000    0.000000   clock clk (rise edge)
                                  0.000000    0.000000   clock source latency
     1    0.020088    0.072004    0.049386    0.049386 ^ clk (in)
                                                         clk (net)
                      0.072017    0.000000    0.049386 ^ clkbuf_0_clk/A (sky130_fd_sc_hd__clkbuf_16)
     8    0.084509    0.077719    0.131609    0.180996 ^ clkbuf_0_clk/X (sky130_fd_sc_hd__clkbuf_16)
                                                         clknet_0_clk (net)
                      0.077813    0.002180    0.183175 ^ clkbuf_3_4__f_clk/A (sky130_fd_sc_hd__clkbuf_16)
     8    0.032738    0.040439    0.105690    0.288865 ^ clkbuf_3_4__f_clk/X (sky130_fd_sc_hd__clkbuf_16)
                                                         clknet_3_4__leaf_clk (net)
                      0.040468    0.001497    0.290362 ^ _1577_/CLK (sky130_fd_sc_hd__dfxtp_2)
     1    0.035353    0.064847    0.241666    0.532028 v _1577_/Q (sky130_fd_sc_hd__dfxtp_2)
                                                         uo_out[1] (net)
                      0.064861    0.000927    0.532955 v uo_out[1] (out)
                                              0.532955   data arrival time

                                  0.000000    0.000000   clock clk (rise edge)
                                  0.000000    0.000000   clock network delay (propagated)
                                  0.250000    0.250000   clock uncertainty
                                  0.000000    0.250000   clock reconvergence pessimism
                                 -4.000000   -3.750000   output external delay
                                             -3.750000   data required time
---------------------------------------------------------------------------------------------
                                             -3.750000   data required time
                                             -0.532955   data arrival time
---------------------------------------------------------------------------------------------
                                              4.282955   slack (MET)


Startpoint: _1581_ (rising edge-triggered flip-flop clocked by clk)
Endpoint: uo_out[5] (output port clocked by clk)
Path Group: clk
Path Type: min

Fanout         Cap        Slew       Delay        Time   Description
---------------------------------------------------------------------------------------------
                                  0.000000    0.000000   clock clk (rise edge)
                                  0.000000    0.000000   clock source latency
     1    0.020088    0.072004    0.049386    0.049386 ^ clk (in)
                                                         clk (net)
                      0.072017    0.000000    0.049386 ^ clkbuf_0_clk/A (sky130_fd_sc_hd__clkbuf_16)
     8    0.084509    0.077719    0.131609    0.180996 ^ clkbuf_0_clk/X (sky130_fd_sc_hd__clkbuf_16)
                                                         clknet_0_clk (net)
                      0.077813    0.002180    0.183175 ^ clkbuf_3_4__f_clk/A (sky130_fd_sc_hd__clkbuf_16)
     8    0.032738    0.040439    0.105690    0.288865 ^ clkbuf_3_4__f_clk/X (sky130_fd_sc_hd__clkbuf_16)
                                                         clknet_3_4__leaf_clk (net)
                      0.040464    0.001448    0.290313 ^ _1581_/CLK (sky130_fd_sc_hd__dfxtp_2)
     1    0.035627    0.065216    0.242098    0.532410 v _1581_/Q (sky130_fd_sc_hd__dfxtp_2)
                                                         uo_out[5] (net)
                      0.065228    0.000824    0.533234 v uo_out[5] (out)
                                              0.533234   data arrival time

                                  0.000000    0.000000   clock clk (rise edge)
                                  0.000000    0.000000   clock network delay (propagated)
                                  0.250000    0.250000   clock uncertainty
                                  0.000000    0.250000   clock reconvergence pessimism
                                 -4.000000   -3.750000   output external delay
                                             -3.750000   data required time
---------------------------------------------------------------------------------------------
                                             -3.750000   data required time
                                             -0.533234   data arrival time
---------------------------------------------------------------------------------------------
                                              4.283234   slack (MET)


Startpoint: _1578_ (rising edge-triggered flip-flop clocked by clk)
Endpoint: uo_out[2] (output port clocked by clk)
Path Group: clk
Path Type: min

Fanout         Cap        Slew       Delay        Time   Description
---------------------------------------------------------------------------------------------
                                  0.000000    0.000000   clock clk (rise edge)
                                  0.000000    0.000000   clock source latency
     1    0.020088    0.072004    0.049386    0.049386 ^ clk (in)
                                                         clk (net)
                      0.072017    0.000000    0.049386 ^ clkbuf_0_clk/A (sky130_fd_sc_hd__clkbuf_16)
     8    0.084509    0.077719    0.131609    0.180996 ^ clkbuf_0_clk/X (sky130_fd_sc_hd__clkbuf_16)
                                                         clknet_0_clk (net)
                      0.077813    0.002180    0.183175 ^ clkbuf_3_4__f_clk/A (sky130_fd_sc_hd__clkbuf_16)
     8    0.032738    0.040439    0.105690    0.288865 ^ clkbuf_3_4__f_clk/X (sky130_fd_sc_hd__clkbuf_16)
                                                         clknet_3_4__leaf_clk (net)
                      0.040468    0.001498    0.290363 ^ _1578_/CLK (sky130_fd_sc_hd__dfxtp_2)
     1    0.036045    0.065841    0.242646    0.533009 v _1578_/Q (sky130_fd_sc_hd__dfxtp_2)
                                                         uo_out[2] (net)
                      0.065852    0.000824    0.533833 v uo_out[2] (out)
                                              0.533833   data arrival time

                                  0.000000    0.000000   clock clk (rise edge)
                                  0.000000    0.000000   clock network delay (propagated)
                                  0.250000    0.250000   clock uncertainty
                                  0.000000    0.250000   clock reconvergence pessimism
                                 -4.000000   -3.750000   output external delay
                                             -3.750000   data required time
---------------------------------------------------------------------------------------------
                                             -3.750000   data required time
                                             -0.533833   data arrival time
---------------------------------------------------------------------------------------------
                                              4.283833   slack (MET)


Startpoint: _1580_ (rising edge-triggered flip-flop clocked by clk)
Endpoint: uo_out[4] (output port clocked by clk)
Path Group: clk
Path Type: min

Fanout         Cap        Slew       Delay        Time   Description
---------------------------------------------------------------------------------------------
                                  0.000000    0.000000   clock clk (rise edge)
                                  0.000000    0.000000   clock source latency
     1    0.020088    0.072004    0.049386    0.049386 ^ clk (in)
                                                         clk (net)
                      0.072017    0.000000    0.049386 ^ clkbuf_0_clk/A (sky130_fd_sc_hd__clkbuf_16)
     8    0.084509    0.077719    0.131609    0.180996 ^ clkbuf_0_clk/X (sky130_fd_sc_hd__clkbuf_16)
                                                         clknet_0_clk (net)
                      0.077894    0.002951    0.183947 ^ clkbuf_3_3__f_clk/A (sky130_fd_sc_hd__clkbuf_16)
     8    0.031698    0.039752    0.105162    0.289108 ^ clkbuf_3_3__f_clk/X (sky130_fd_sc_hd__clkbuf_16)
                                                         clknet_3_3__leaf_clk (net)
                      0.039761    0.001089    0.290197 ^ _1580_/CLK (sky130_fd_sc_hd__dfxtp_2)
     1    0.037580    0.068375    0.243958    0.534155 v _1580_/Q (sky130_fd_sc_hd__dfxtp_2)
                                                         uo_out[4] (net)
                      0.068411    0.001443    0.535598 v uo_out[4] (out)
                                              0.535598   data arrival time

                                  0.000000    0.000000   clock clk (rise edge)
                                  0.000000    0.000000   clock network delay (propagated)
                                  0.250000    0.250000   clock uncertainty
                                  0.000000    0.250000   clock reconvergence pessimism
                                 -4.000000   -3.750000   output external delay
                                             -3.750000   data required time
---------------------------------------------------------------------------------------------
                                             -3.750000   data required time
                                             -0.535598   data arrival time
---------------------------------------------------------------------------------------------
                                              4.285598   slack (MET)


Startpoint: _1575_ (rising edge-triggered flip-flop clocked by clk)
Endpoint: uio_out[5] (output port clocked by clk)
Path Group: clk
Path Type: min

Fanout         Cap        Slew       Delay        Time   Description
---------------------------------------------------------------------------------------------
                                  0.000000    0.000000   clock clk (rise edge)
                                  0.000000    0.000000   clock source latency
     1    0.020088    0.072004    0.049386    0.049386 ^ clk (in)
                                                         clk (net)
                      0.072017    0.000000    0.049386 ^ clkbuf_0_clk/A (sky130_fd_sc_hd__clkbuf_16)
     8    0.084509    0.077719    0.131609    0.180996 ^ clkbuf_0_clk/X (sky130_fd_sc_hd__clkbuf_16)
                                                         clknet_0_clk (net)
                      0.077889    0.002913    0.183909 ^ clkbuf_3_1__f_clk/A (sky130_fd_sc_hd__clkbuf_16)
     8    0.024162    0.034411    0.100211    0.284120 ^ clkbuf_3_1__f_clk/X (sky130_fd_sc_hd__clkbuf_16)
                                                         clknet_3_1__leaf_clk (net)
                      0.034421    0.000520    0.284639 ^ _1575_/CLK (sky130_fd_sc_hd__dfxtp_2)
     2    0.012566    0.032453    0.209890    0.494530 v _1575_/Q (sky130_fd_sc_hd__dfxtp_2)
                                                         ovf (net)
                      0.032463    0.000552    0.495081 v _1652_/A (sky130_fd_sc_hd__buf_2)
     1    0.034619    0.063375    0.118496    0.613577 v _1652_/X (sky130_fd_sc_hd__buf_2)
                                                         uio_out[5] (net)
                      0.063387    0.000861    0.614438 v uio_out[5] (out)
                                              0.614438   data arrival time

                                  0.000000    0.000000   clock clk (rise edge)
                                  0.000000    0.000000   clock network delay (propagated)
                                  0.250000    0.250000   clock uncertainty
                                  0.000000    0.250000   clock reconvergence pessimism
                                 -4.000000   -3.750000   output external delay
                                             -3.750000   data required time
---------------------------------------------------------------------------------------------
                                             -3.750000   data required time
                                             -0.614438   data arrival time
---------------------------------------------------------------------------------------------
                                              4.364438   slack (MET)


Startpoint: _1574_ (rising edge-triggered flip-flop clocked by clk)
Endpoint: uio_out[4] (output port clocked by clk)
Path Group: clk
Path Type: min

Fanout         Cap        Slew       Delay        Time   Description
---------------------------------------------------------------------------------------------
                                  0.000000    0.000000   clock clk (rise edge)
                                  0.000000    0.000000   clock source latency
     1    0.020088    0.072004    0.049386    0.049386 ^ clk (in)
                                                         clk (net)
                      0.072017    0.000000    0.049386 ^ clkbuf_0_clk/A (sky130_fd_sc_hd__clkbuf_16)
     8    0.084509    0.077719    0.131609    0.180996 ^ clkbuf_0_clk/X (sky130_fd_sc_hd__clkbuf_16)
                                                         clknet_0_clk (net)
                      0.077894    0.002951    0.183947 ^ clkbuf_3_3__f_clk/A (sky130_fd_sc_hd__clkbuf_16)
     8    0.031698    0.039752    0.105162    0.289108 ^ clkbuf_3_3__f_clk/X (sky130_fd_sc_hd__clkbuf_16)
                                                         clknet_3_3__leaf_clk (net)
                      0.039759    0.000992    0.290100 ^ _1574_/CLK (sky130_fd_sc_hd__dfxtp_2)
     3    0.013331    0.033389    0.212791    0.502892 v _1574_/Q (sky130_fd_sc_hd__dfxtp_2)
                                                         busy (net)
                      0.033436    0.000171    0.503063 v _1651_/A (sky130_fd_sc_hd__buf_2)
     1    0.035440    0.064563    0.119993    0.623056 v _1651_/X (sky130_fd_sc_hd__buf_2)
                                                         uio_out[4] (net)
                      0.064573    0.000788    0.623844 v uio_out[4] (out)
                                              0.623844   data arrival time

                                  0.000000    0.000000   clock clk (rise edge)
                                  0.000000    0.000000   clock network delay (propagated)
                                  0.250000    0.250000   clock uncertainty
                                  0.000000    0.250000   clock reconvergence pessimism
                                 -4.000000   -3.750000   output external delay
                                             -3.750000   data required time
---------------------------------------------------------------------------------------------
                                             -3.750000   data required time
                                             -0.623844   data arrival time
---------------------------------------------------------------------------------------------
                                              4.373844   slack (MET)



