
===========================================================================
report_checks -path_delay max (Setup)
============================================================================
======================= nom_tt_025C_1v80 Corner ===================================

Startpoint: _1595_ (rising edge-triggered flip-flop clocked by clk)
Endpoint: _1622_ (rising edge-triggered flip-flop clocked by clk)
Path Group: clk
Path Type: max

Fanout         Cap        Slew       Delay        Time   Description
---------------------------------------------------------------------------------------------
                                  0.000000    0.000000   clock clk (rise edge)
                                  0.000000    0.000000   clock source latency
     1    0.020019    0.095798    0.065992    0.065992 ^ clk (in)
                                                         clk (net)
                      0.095807    0.000000    0.065992 ^ clkbuf_0_clk/A (sky130_fd_sc_hd__clkbuf_16)
     8    0.083957    0.100894    0.191798    0.257790 ^ clkbuf_0_clk/X (sky130_fd_sc_hd__clkbuf_16)
                                                         clknet_0_clk (net)
                      0.101100    0.003229    0.261019 ^ clkbuf_3_6__f_clk/A (sky130_fd_sc_hd__clkbuf_16)
     8    0.024440    0.045835    0.149878    0.410897 ^ clkbuf_3_6__f_clk/X (sky130_fd_sc_hd__clkbuf_16)
                                                         clknet_3_6__leaf_clk (net)
                      0.045854    0.000855    0.411752 ^ _1595_/CLK (sky130_fd_sc_hd__dfxtp_2)
     1    0.002493    0.021961    0.300958    0.712710 v _1595_/Q (sky130_fd_sc_hd__dfxtp_2)
                                                         u_dp.b_q[3] (net)
                      0.021961    0.000071    0.712781 v fanout51/A (sky130_fd_sc_hd__clkdlybuf4s25_1)
     7    0.050541    0.371733    0.489012    1.201794 v fanout51/X (sky130_fd_sc_hd__clkdlybuf4s25_1)
                                                         net51 (net)
                      0.371738    0.001740    1.203534 v fanout50/A (sky130_fd_sc_hd__clkdlybuf4s25_1)
    10    0.043519    0.321313    0.570825    1.774359 v fanout50/X (sky130_fd_sc_hd__clkdlybuf4s25_1)
                                                         net50 (net)
                      0.321325    0.002185    1.776544 v _0808_/B (sky130_fd_sc_hd__and3_2)
     3    0.009170    0.053183    0.338229    2.114773 v _0808_/X (sky130_fd_sc_hd__and3_2)
                                                         _0078_ (net)
                      0.053183    0.000234    2.115008 v _0811_/A (sky130_fd_sc_hd__or3_2)
     2    0.004020    0.081140    0.475752    2.590760 v _0811_/X (sky130_fd_sc_hd__or3_2)
                                                         _0081_ (net)
                      0.081140    0.000095    2.590855 v _0812_/B (sky130_fd_sc_hd__and2b_2)
     1    0.003824    0.038453    0.205531    2.796386 v _0812_/X (sky130_fd_sc_hd__and2b_2)
                                                         _0082_ (net)
                      0.038453    0.000135    2.796521 v fanout22/A (sky130_fd_sc_hd__clkdlybuf4s25_1)
     9    0.063180    0.461744    0.562189    3.358711 v fanout22/X (sky130_fd_sc_hd__clkdlybuf4s25_1)
                                                         net22 (net)
                      0.461777    0.004019    3.362730 v fanout21/A (sky130_fd_sc_hd__clkdlybuf4s25_1)
     7    0.053964    0.395844    0.645268    4.007998 v fanout21/X (sky130_fd_sc_hd__clkdlybuf4s25_1)
                                                         net21 (net)
                      0.395880    0.003796    4.011794 v fanout20/A (sky130_fd_sc_hd__clkdlybuf4s25_1)
    10    0.069169    0.504115    0.711326    4.723120 v fanout20/X (sky130_fd_sc_hd__clkdlybuf4s25_1)
                                                         net20 (net)
                      0.504123    0.002511    4.725631 v _0890_/A (sky130_fd_sc_hd__xor2_2)
     2    0.007062    0.127849    0.321657    5.047287 v _0890_/X (sky130_fd_sc_hd__xor2_2)
                                                         _0160_ (net)
                      0.127849    0.000139    5.047426 v _0893_/B (sky130_fd_sc_hd__or2_2)
     1    0.001862    0.050668    0.291702    5.339128 v _0893_/X (sky130_fd_sc_hd__or2_2)
                                                         _0163_ (net)
                      0.050668    0.000052    5.339180 v _0894_/B (sky130_fd_sc_hd__and2_2)
     3    0.020470    0.073786    0.234345    5.573525 v _0894_/X (sky130_fd_sc_hd__and2_2)
                                                         _0164_ (net)
                      0.073786    0.000351    5.573876 v _0895_/B (sky130_fd_sc_hd__nor2_2)
     2    0.015713    0.189144    0.177297    5.751173 ^ _0895_/Y (sky130_fd_sc_hd__nor2_2)
                                                         _0165_ (net)
                      0.189144    0.000106    5.751280 ^ _0896_/B (sky130_fd_sc_hd__xor2_2)
     2    0.013959    0.207190    0.230024    5.981303 ^ _0896_/X (sky130_fd_sc_hd__xor2_2)
                                                         _0166_ (net)
                      0.207190    0.000385    5.981688 ^ _0901_/B (sky130_fd_sc_hd__xnor2_2)
     2    0.006487    0.068856    0.092559    6.074247 v _0901_/Y (sky130_fd_sc_hd__xnor2_2)
                                                         _0171_ (net)
                      0.068856    0.000103    6.074351 v _0983_/A (sky130_fd_sc_hd__and2_2)
     1    0.004936    0.041992    0.181087    6.255438 v _0983_/X (sky130_fd_sc_hd__and2_2)
                                                         _0253_ (net)
                      0.041992    0.000148    6.255586 v _0984_/B (sky130_fd_sc_hd__nor2_2)
     2    0.015786    0.189894    0.165849    6.421435 ^ _0984_/Y (sky130_fd_sc_hd__nor2_2)
                                                         _0254_ (net)
                      0.189895    0.000430    6.421865 ^ _0985_/B (sky130_fd_sc_hd__xor2_2)
     2    0.015119    0.219624    0.239414    6.661279 ^ _0985_/X (sky130_fd_sc_hd__xor2_2)
                                                         _0255_ (net)
                      0.219624    0.000314    6.661592 ^ _0992_/A (sky130_fd_sc_hd__nand2_2)
     2    0.004928    0.060393    0.073158    6.734751 v _0992_/Y (sky130_fd_sc_hd__nand2_2)
                                                         _0262_ (net)
                      0.060393    0.000109    6.734859 v _0994_/A_N (sky130_fd_sc_hd__nand2b_2)
     1    0.002740    0.039900    0.170718    6.905578 v _0994_/Y (sky130_fd_sc_hd__nand2b_2)
                                                         _0264_ (net)
                      0.039900    0.000078    6.905656 v _1388_/A1 (sky130_fd_sc_hd__o221a_2)
     4    0.017480    0.080703    0.325656    7.231312 v _1388_/X (sky130_fd_sc_hd__o221a_2)
                                                         _0658_ (net)
                      0.080710    0.000835    7.232147 v _1393_/A2 (sky130_fd_sc_hd__o31ai_2)
     3    0.011202    0.297213    0.319600    7.551747 ^ _1393_/Y (sky130_fd_sc_hd__o31ai_2)
                                                         _0663_ (net)
                      0.297213    0.000445    7.552192 ^ _1394_/B (sky130_fd_sc_hd__nand2_2)
     2    0.008171    0.072263    0.105562    7.657754 v _1394_/Y (sky130_fd_sc_hd__nand2_2)
                                                         _0664_ (net)
                      0.072263    0.000226    7.657980 v _1405_/A2 (sky130_fd_sc_hd__o211ai_2)
     5    0.030603    0.389692    0.347535    8.005516 ^ _1405_/Y (sky130_fd_sc_hd__o211ai_2)
                                                         _0675_ (net)
                      0.389694    0.000759    8.006274 ^ _1473_/A1 (sky130_fd_sc_hd__a21bo_2)
     1    0.004277    0.043832    0.200211    8.206485 ^ _1473_/X (sky130_fd_sc_hd__a21bo_2)
                                                         _0718_ (net)
                      0.043832    0.000112    8.206596 ^ fanout16/A (sky130_fd_sc_hd__clkdlybuf4s25_1)
     5    0.027304    0.278356    0.410966    8.617562 ^ fanout16/X (sky130_fd_sc_hd__clkdlybuf4s25_1)
                                                         net16 (net)
                      0.278356    0.000368    8.617929 ^ fanout14/A (sky130_fd_sc_hd__clkdlybuf4s25_1)
    10    0.045148    0.452198    0.597357    9.215286 ^ fanout14/X (sky130_fd_sc_hd__clkdlybuf4s25_1)
                                                         net14 (net)
                      0.452198    0.001117    9.216404 ^ _1558_/B1 (sky130_fd_sc_hd__a31o_2)
     1    0.004017    0.049677    0.178696    9.395100 ^ _1558_/X (sky130_fd_sc_hd__a31o_2)
                                                         _0781_ (net)
                      0.049677    0.000133    9.395233 ^ _1559_/C1 (sky130_fd_sc_hd__o211a_2)
     1    0.002031    0.040875    0.148662    9.543895 ^ _1559_/X (sky130_fd_sc_hd__o211a_2)
                                                         _0050_ (net)
                      0.040875    0.000041    9.543936 ^ _1622_/D (sky130_fd_sc_hd__dfxtp_2)
                                              9.543936   data arrival time

                                 20.000000   20.000000   clock clk (rise edge)
                                  0.000000   20.000000   clock source latency
     1    0.020019    0.095798    0.065992   20.065992 ^ clk (in)
                                                         clk (net)
                      0.095807    0.000000   20.065992 ^ clkbuf_0_clk/A (sky130_fd_sc_hd__clkbuf_16)
     8    0.083957    0.100894    0.191799   20.257792 ^ clkbuf_0_clk/X (sky130_fd_sc_hd__clkbuf_16)
                                                         clknet_0_clk (net)
                      0.101071    0.002927   20.260717 ^ clkbuf_3_0__f_clk/A (sky130_fd_sc_hd__clkbuf_16)
     8    0.024064    0.045479    0.149651   20.410370 ^ clkbuf_3_0__f_clk/X (sky130_fd_sc_hd__clkbuf_16)
                                                         clknet_3_0__leaf_clk (net)
                      0.045484    0.000510   20.410879 ^ _1622_/CLK (sky130_fd_sc_hd__dfxtp_2)
                                 -0.250000   20.160879   clock uncertainty
                                  0.000000   20.160879   clock reconvergence pessimism
                                 -0.057818   20.103062   library setup time
                                             20.103062   data required time
---------------------------------------------------------------------------------------------
                                             20.103062   data required time
                                             -9.543936   data arrival time
---------------------------------------------------------------------------------------------
                                             10.559126   slack (MET)


Startpoint: _1595_ (rising edge-triggered flip-flop clocked by clk)
Endpoint: _1620_ (rising edge-triggered flip-flop clocked by clk)
Path Group: clk
Path Type: max

Fanout         Cap        Slew       Delay        Time   Description
---------------------------------------------------------------------------------------------
                                  0.000000    0.000000   clock clk (rise edge)
                                  0.000000    0.000000   clock source latency
     1    0.020019    0.095798    0.065992    0.065992 ^ clk (in)
                                                         clk (net)
                      0.095807    0.000000    0.065992 ^ clkbuf_0_clk/A (sky130_fd_sc_hd__clkbuf_16)
     8    0.083957    0.100894    0.191798    0.257790 ^ clkbuf_0_clk/X (sky130_fd_sc_hd__clkbuf_16)
                                                         clknet_0_clk (net)
                      0.101100    0.003229    0.261019 ^ clkbuf_3_6__f_clk/A (sky130_fd_sc_hd__clkbuf_16)
     8    0.024440    0.045835    0.149878    0.410897 ^ clkbuf_3_6__f_clk/X (sky130_fd_sc_hd__clkbuf_16)
                                                         clknet_3_6__leaf_clk (net)
                      0.045854    0.000855    0.411752 ^ _1595_/CLK (sky130_fd_sc_hd__dfxtp_2)
     1    0.002493    0.021961    0.300958    0.712710 v _1595_/Q (sky130_fd_sc_hd__dfxtp_2)
                                                         u_dp.b_q[3] (net)
                      0.021961    0.000071    0.712781 v fanout51/A (sky130_fd_sc_hd__clkdlybuf4s25_1)
     7    0.050541    0.371733    0.489012    1.201794 v fanout51/X (sky130_fd_sc_hd__clkdlybuf4s25_1)
                                                         net51 (net)
                      0.371738    0.001740    1.203534 v fanout50/A (sky130_fd_sc_hd__clkdlybuf4s25_1)
    10    0.043519    0.321313    0.570825    1.774359 v fanout50/X (sky130_fd_sc_hd__clkdlybuf4s25_1)
                                                         net50 (net)
                      0.321325    0.002185    1.776544 v _0808_/B (sky130_fd_sc_hd__and3_2)
     3    0.009170    0.053183    0.338229    2.114773 v _0808_/X (sky130_fd_sc_hd__and3_2)
                                                         _0078_ (net)
                      0.053183    0.000234    2.115008 v _0811_/A (sky130_fd_sc_hd__or3_2)
     2    0.004020    0.081140    0.475752    2.590760 v _0811_/X (sky130_fd_sc_hd__or3_2)
                                                         _0081_ (net)
                      0.081140    0.000095    2.590855 v _0812_/B (sky130_fd_sc_hd__and2b_2)
     1    0.003824    0.038453    0.205531    2.796386 v _0812_/X (sky130_fd_sc_hd__and2b_2)
                                                         _0082_ (net)
                      0.038453    0.000135    2.796521 v fanout22/A (sky130_fd_sc_hd__clkdlybuf4s25_1)
     9    0.063180    0.461744    0.562189    3.358711 v fanout22/X (sky130_fd_sc_hd__clkdlybuf4s25_1)
                                                         net22 (net)
                      0.461777    0.004019    3.362730 v fanout21/A (sky130_fd_sc_hd__clkdlybuf4s25_1)
     7    0.053964    0.395844    0.645268    4.007998 v fanout21/X (sky130_fd_sc_hd__clkdlybuf4s25_1)
                                                         net21 (net)
                      0.395880    0.003796    4.011794 v fanout20/A (sky130_fd_sc_hd__clkdlybuf4s25_1)
    10    0.069169    0.504115    0.711326    4.723120 v fanout20/X (sky130_fd_sc_hd__clkdlybuf4s25_1)
                                                         net20 (net)
                      0.504123    0.002511    4.725631 v _0890_/A (sky130_fd_sc_hd__xor2_2)
     2    0.007062    0.127849    0.321657    5.047287 v _0890_/X (sky130_fd_sc_hd__xor2_2)
                                                         _0160_ (net)
                      0.127849    0.000139    5.047426 v _0893_/B (sky130_fd_sc_hd__or2_2)
     1    0.001862    0.050668    0.291702    5.339128 v _0893_/X (sky130_fd_sc_hd__or2_2)
                                                         _0163_ (net)
                      0.050668    0.000052    5.339180 v _0894_/B (sky130_fd_sc_hd__and2_2)
     3    0.020470    0.073786    0.234345    5.573525 v _0894_/X (sky130_fd_sc_hd__and2_2)
                                                         _0164_ (net)
                      0.073786    0.000351    5.573876 v _0895_/B (sky130_fd_sc_hd__nor2_2)
     2    0.015713    0.189144    0.177297    5.751173 ^ _0895_/Y (sky130_fd_sc_hd__nor2_2)
                                                         _0165_ (net)
                      0.189144    0.000106    5.751280 ^ _0896_/B (sky130_fd_sc_hd__xor2_2)
     2    0.013959    0.207190    0.230024    5.981303 ^ _0896_/X (sky130_fd_sc_hd__xor2_2)
                                                         _0166_ (net)
                      0.207190    0.000385    5.981688 ^ _0901_/B (sky130_fd_sc_hd__xnor2_2)
     2    0.006487    0.068856    0.092559    6.074247 v _0901_/Y (sky130_fd_sc_hd__xnor2_2)
                                                         _0171_ (net)
                      0.068856    0.000103    6.074351 v _0983_/A (sky130_fd_sc_hd__and2_2)
     1    0.004936    0.041992    0.181087    6.255438 v _0983_/X (sky130_fd_sc_hd__and2_2)
                                                         _0253_ (net)
                      0.041992    0.000148    6.255586 v _0984_/B (sky130_fd_sc_hd__nor2_2)
     2    0.015786    0.189894    0.165849    6.421435 ^ _0984_/Y (sky130_fd_sc_hd__nor2_2)
                                                         _0254_ (net)
                      0.189895    0.000430    6.421865 ^ _0985_/B (sky130_fd_sc_hd__xor2_2)
     2    0.015119    0.219624    0.239414    6.661279 ^ _0985_/X (sky130_fd_sc_hd__xor2_2)
                                                         _0255_ (net)
                      0.219624    0.000314    6.661592 ^ _0992_/A (sky130_fd_sc_hd__nand2_2)
     2    0.004928    0.060393    0.073158    6.734751 v _0992_/Y (sky130_fd_sc_hd__nand2_2)
                                                         _0262_ (net)
                      0.060393    0.000109    6.734859 v _0994_/A_N (sky130_fd_sc_hd__nand2b_2)
     1    0.002740    0.039900    0.170718    6.905578 v _0994_/Y (sky130_fd_sc_hd__nand2b_2)
                                                         _0264_ (net)
                      0.039900    0.000078    6.905656 v _1388_/A1 (sky130_fd_sc_hd__o221a_2)
     4    0.017480    0.080703    0.325656    7.231312 v _1388_/X (sky130_fd_sc_hd__o221a_2)
                                                         _0658_ (net)
                      0.080710    0.000835    7.232147 v _1393_/A2 (sky130_fd_sc_hd__o31ai_2)
     3    0.011202    0.297213    0.319600    7.551747 ^ _1393_/Y (sky130_fd_sc_hd__o31ai_2)
                                                         _0663_ (net)
                      0.297213    0.000445    7.552192 ^ _1394_/B (sky130_fd_sc_hd__nand2_2)
     2    0.008171    0.072263    0.105562    7.657754 v _1394_/Y (sky130_fd_sc_hd__nand2_2)
                                                         _0664_ (net)
                      0.072263    0.000226    7.657980 v _1405_/A2 (sky130_fd_sc_hd__o211ai_2)
     5    0.030603    0.389692    0.347535    8.005516 ^ _1405_/Y (sky130_fd_sc_hd__o211ai_2)
                                                         _0675_ (net)
                      0.389694    0.000759    8.006274 ^ _1473_/A1 (sky130_fd_sc_hd__a21bo_2)
     1    0.004277    0.043832    0.200211    8.206485 ^ _1473_/X (sky130_fd_sc_hd__a21bo_2)
                                                         _0718_ (net)
                      0.043832    0.000112    8.206596 ^ fanout16/A (sky130_fd_sc_hd__clkdlybuf4s25_1)
     5    0.027304    0.278356    0.410966    8.617562 ^ fanout16/X (sky130_fd_sc_hd__clkdlybuf4s25_1)
                                                         net16 (net)
                      0.278356    0.000368    8.617929 ^ fanout14/A (sky130_fd_sc_hd__clkdlybuf4s25_1)
    10    0.045148    0.452198    0.597357    9.215286 ^ fanout14/X (sky130_fd_sc_hd__clkdlybuf4s25_1)
                                                         net14 (net)
                      0.452198    0.001340    9.216627 ^ _1551_/B1 (sky130_fd_sc_hd__a31o_2)
     1    0.002955    0.045171    0.171751    9.388377 ^ _1551_/X (sky130_fd_sc_hd__a31o_2)
                                                         _0776_ (net)
                      0.045171    0.000086    9.388464 ^ _1552_/C1 (sky130_fd_sc_hd__o211a_2)
     1    0.002798    0.044603    0.151993    9.540457 ^ _1552_/X (sky130_fd_sc_hd__o211a_2)
                                                         _0048_ (net)
                      0.044603    0.000083    9.540540 ^ _1620_/D (sky130_fd_sc_hd__dfxtp_2)
                                              9.540540   data arrival time

                                 20.000000   20.000000   clock clk (rise edge)
                                  0.000000   20.000000   clock source latency
     1    0.020019    0.095798    0.065992   20.065992 ^ clk (in)
                                                         clk (net)
                      0.095807    0.000000   20.065992 ^ clkbuf_0_clk/A (sky130_fd_sc_hd__clkbuf_16)
     8    0.083957    0.100894    0.191799   20.257792 ^ clkbuf_0_clk/X (sky130_fd_sc_hd__clkbuf_16)
                                                         clknet_0_clk (net)
                      0.101071    0.002927   20.260717 ^ clkbuf_3_0__f_clk/A (sky130_fd_sc_hd__clkbuf_16)
     8    0.024064    0.045479    0.149651   20.410370 ^ clkbuf_3_0__f_clk/X (sky130_fd_sc_hd__clkbuf_16)
                                                         clknet_3_0__leaf_clk (net)
                      0.045502    0.000888   20.411257 ^ _1620_/CLK (sky130_fd_sc_hd__dfxtp_2)
                                 -0.250000   20.161259   clock uncertainty
                                  0.000000   20.161259   clock reconvergence pessimism
                                 -0.058694   20.102564   library setup time
                                             20.102564   data required time
---------------------------------------------------------------------------------------------
                                             20.102564   data required time
                                             -9.540540   data arrival time
---------------------------------------------------------------------------------------------
                                             10.562023   slack (MET)


Startpoint: _1595_ (rising edge-triggered flip-flop clocked by clk)
Endpoint: _1618_ (rising edge-triggered flip-flop clocked by clk)
Path Group: clk
Path Type: max

Fanout         Cap        Slew       Delay        Time   Description
---------------------------------------------------------------------------------------------
                                  0.000000    0.000000   clock clk (rise edge)
                                  0.000000    0.000000   clock source latency
     1    0.020019    0.095798    0.065992    0.065992 ^ clk (in)
                                                         clk (net)
                      0.095807    0.000000    0.065992 ^ clkbuf_0_clk/A (sky130_fd_sc_hd__clkbuf_16)
     8    0.083957    0.100894    0.191798    0.257790 ^ clkbuf_0_clk/X (sky130_fd_sc_hd__clkbuf_16)
                                                         clknet_0_clk (net)
                      0.101100    0.003229    0.261019 ^ clkbuf_3_6__f_clk/A (sky130_fd_sc_hd__clkbuf_16)
     8    0.024440    0.045835    0.149878    0.410897 ^ clkbuf_3_6__f_clk/X (sky130_fd_sc_hd__clkbuf_16)
                                                         clknet_3_6__leaf_clk (net)
                      0.045854    0.000855    0.411752 ^ _1595_/CLK (sky130_fd_sc_hd__dfxtp_2)
     1    0.002493    0.021961    0.300958    0.712710 v _1595_/Q (sky130_fd_sc_hd__dfxtp_2)
                                                         u_dp.b_q[3] (net)
                      0.021961    0.000071    0.712781 v fanout51/A (sky130_fd_sc_hd__clkdlybuf4s25_1)
     7    0.050541    0.371733    0.489012    1.201794 v fanout51/X (sky130_fd_sc_hd__clkdlybuf4s25_1)
                                                         net51 (net)
                      0.371738    0.001740    1.203534 v fanout50/A (sky130_fd_sc_hd__clkdlybuf4s25_1)
    10    0.043519    0.321313    0.570825    1.774359 v fanout50/X (sky130_fd_sc_hd__clkdlybuf4s25_1)
                                                         net50 (net)
                      0.321325    0.002185    1.776544 v _0808_/B (sky130_fd_sc_hd__and3_2)
     3    0.009170    0.053183    0.338229    2.114773 v _0808_/X (sky130_fd_sc_hd__and3_2)
                                                         _0078_ (net)
                      0.053183    0.000234    2.115008 v _0811_/A (sky130_fd_sc_hd__or3_2)
     2    0.004020    0.081140    0.475752    2.590760 v _0811_/X (sky130_fd_sc_hd__or3_2)
                                                         _0081_ (net)
                      0.081140    0.000095    2.590855 v _0812_/B (sky130_fd_sc_hd__and2b_2)
     1    0.003824    0.038453    0.205531    2.796386 v _0812_/X (sky130_fd_sc_hd__and2b_2)
                                                         _0082_ (net)
                      0.038453    0.000135    2.796521 v fanout22/A (sky130_fd_sc_hd__clkdlybuf4s25_1)
     9    0.063180    0.461744    0.562189    3.358711 v fanout22/X (sky130_fd_sc_hd__clkdlybuf4s25_1)
                                                         net22 (net)
                      0.461777    0.004019    3.362730 v fanout21/A (sky130_fd_sc_hd__clkdlybuf4s25_1)
     7    0.053964    0.395844    0.645268    4.007998 v fanout21/X (sky130_fd_sc_hd__clkdlybuf4s25_1)
                                                         net21 (net)
                      0.395880    0.003796    4.011794 v fanout20/A (sky130_fd_sc_hd__clkdlybuf4s25_1)
    10    0.069169    0.504115    0.711326    4.723120 v fanout20/X (sky130_fd_sc_hd__clkdlybuf4s25_1)
                                                         net20 (net)
                      0.504123    0.002511    4.725631 v _0890_/A (sky130_fd_sc_hd__xor2_2)
     2    0.007062    0.127849    0.321657    5.047287 v _0890_/X (sky130_fd_sc_hd__xor2_2)
                                                         _0160_ (net)
                      0.127849    0.000139    5.047426 v _0893_/B (sky130_fd_sc_hd__or2_2)
     1    0.001862    0.050668    0.291702    5.339128 v _0893_/X (sky130_fd_sc_hd__or2_2)
                                                         _0163_ (net)
                      0.050668    0.000052    5.339180 v _0894_/B (sky130_fd_sc_hd__and2_2)
     3    0.020470    0.073786    0.234345    5.573525 v _0894_/X (sky130_fd_sc_hd__and2_2)
                                                         _0164_ (net)
                      0.073786    0.000351    5.573876 v _0895_/B (sky130_fd_sc_hd__nor2_2)
     2    0.015713    0.189144    0.177297    5.751173 ^ _0895_/Y (sky130_fd_sc_hd__nor2_2)
                                                         _0165_ (net)
                      0.189144    0.000106    5.751280 ^ _0896_/B (sky130_fd_sc_hd__xor2_2)
     2    0.013959    0.207190    0.230024    5.981303 ^ _0896_/X (sky130_fd_sc_hd__xor2_2)
                                                         _0166_ (net)
                      0.207190    0.000385    5.981688 ^ _0901_/B (sky130_fd_sc_hd__xnor2_2)
     2    0.006487    0.068856    0.092559    6.074247 v _0901_/Y (sky130_fd_sc_hd__xnor2_2)
                                                         _0171_ (net)
                      0.068856    0.000103    6.074351 v _0983_/A (sky130_fd_sc_hd__and2_2)
     1    0.004936    0.041992    0.181087    6.255438 v _0983_/X (sky130_fd_sc_hd__and2_2)
                                                         _0253_ (net)
                      0.041992    0.000148    6.255586 v _0984_/B (sky130_fd_sc_hd__nor2_2)
     2    0.015786    0.189894    0.165849    6.421435 ^ _0984_/Y (sky130_fd_sc_hd__nor2_2)
                                                         _0254_ (net)
                      0.189895    0.000430    6.421865 ^ _0985_/B (sky130_fd_sc_hd__xor2_2)
     2    0.015119    0.219624    0.239414    6.661279 ^ _0985_/X (sky130_fd_sc_hd__xor2_2)
                                                         _0255_ (net)
                      0.219624    0.000314    6.661592 ^ _0992_/A (sky130_fd_sc_hd__nand2_2)
     2    0.004928    0.060393    0.073158    6.734751 v _0992_/Y (sky130_fd_sc_hd__nand2_2)
                                                         _0262_ (net)
                      0.060393    0.000109    6.734859 v _0994_/A_N (sky130_fd_sc_hd__nand2b_2)
     1    0.002740    0.039900    0.170718    6.905578 v _0994_/Y (sky130_fd_sc_hd__nand2b_2)
                                                         _0264_ (net)
                      0.039900    0.000078    6.905656 v _1388_/A1 (sky130_fd_sc_hd__o221a_2)
     4    0.017480    0.080703    0.325656    7.231312 v _1388_/X (sky130_fd_sc_hd__o221a_2)
                                                         _0658_ (net)
                      0.080710    0.000835    7.232147 v _1393_/A2 (sky130_fd_sc_hd__o31ai_2)
     3    0.011202    0.297213    0.319600    7.551747 ^ _1393_/Y (sky130_fd_sc_hd__o31ai_2)
                                                         _0663_ (net)
                      0.297213    0.000445    7.552192 ^ _1394_/B (sky130_fd_sc_hd__nand2_2)
     2    0.008171    0.072263    0.105562    7.657754 v _1394_/Y (sky130_fd_sc_hd__nand2_2)
                                                         _0664_ (net)
                      0.072263    0.000226    7.657980 v _1405_/A2 (sky130_fd_sc_hd__o211ai_2)
     5    0.030603    0.389692    0.347535    8.005516 ^ _1405_/Y (sky130_fd_sc_hd__o211ai_2)
                                                         _0675_ (net)
                      0.389694    0.000759    8.006274 ^ _1473_/A1 (sky130_fd_sc_hd__a21bo_2)
     1    0.004277    0.043832    0.200211    8.206485 ^ _1473_/X (sky130_fd_sc_hd__a21bo_2)
                                                         _0718_ (net)
                      0.043832    0.000112    8.206596 ^ fanout16/A (sky130_fd_sc_hd__clkdlybuf4s25_1)
     5    0.027304    0.278356    0.410966    8.617562 ^ fanout16/X (sky130_fd_sc_hd__clkdlybuf4s25_1)
                                                         net16 (net)
                      0.278356    0.000368    8.617929 ^ fanout14/A (sky130_fd_sc_hd__clkdlybuf4s25_1)
    10    0.045148    0.452198    0.597357    9.215286 ^ fanout14/X (sky130_fd_sc_hd__clkdlybuf4s25_1)
                                                         net14 (net)
                      0.452198    0.001514    9.216801 ^ _1544_/B1 (sky130_fd_sc_hd__a31o_2)
     1    0.003102    0.045683    0.172709    9.389510 ^ _1544_/X (sky130_fd_sc_hd__a31o_2)
                                                         _0771_ (net)
                      0.045683    0.000092    9.389603 ^ _1545_/C1 (sky130_fd_sc_hd__o211a_2)
     1    0.002309    0.042228    0.149140    9.538742 ^ _1545_/X (sky130_fd_sc_hd__o211a_2)
                                                         _0046_ (net)
                      0.042228    0.000067    9.538809 ^ _1618_/D (sky130_fd_sc_hd__dfxtp_2)
                                              9.538809   data arrival time

                                 20.000000   20.000000   clock clk (rise edge)
                                  0.000000   20.000000   clock source latency
     1    0.020019    0.095798    0.065992   20.065992 ^ clk (in)
                                                         clk (net)
                      0.095807    0.000000   20.065992 ^ clkbuf_0_clk/A (sky130_fd_sc_hd__clkbuf_16)
     8    0.083957    0.100894    0.191799   20.257792 ^ clkbuf_0_clk/X (sky130_fd_sc_hd__clkbuf_16)
                                                         clknet_0_clk (net)
                      0.101071    0.002927   20.260717 ^ clkbuf_3_0__f_clk/A (sky130_fd_sc_hd__clkbuf_16)
     8    0.024064    0.045479    0.149651   20.410370 ^ clkbuf_3_0__f_clk/X (sky130_fd_sc_hd__clkbuf_16)
                                                         clknet_3_0__leaf_clk (net)
                      0.045501    0.000876   20.411245 ^ _1618_/CLK (sky130_fd_sc_hd__dfxtp_2)
                                 -0.250000   20.161245   clock uncertainty
                                  0.000000   20.161245   clock reconvergence pessimism
                                 -0.058135   20.103111   library setup time
                                             20.103111   data required time
---------------------------------------------------------------------------------------------
                                             20.103111   data required time
                                             -9.538809   data arrival time
---------------------------------------------------------------------------------------------
                                             10.564301   slack (MET)


Startpoint: _1595_ (rising edge-triggered flip-flop clocked by clk)
Endpoint: _1604_ (rising edge-triggered flip-flop clocked by clk)
Path Group: clk
Path Type: max

Fanout         Cap        Slew       Delay        Time   Description
---------------------------------------------------------------------------------------------
                                  0.000000    0.000000   clock clk (rise edge)
                                  0.000000    0.000000   clock source latency
     1    0.020019    0.095798    0.065992    0.065992 ^ clk (in)
                                                         clk (net)
                      0.095807    0.000000    0.065992 ^ clkbuf_0_clk/A (sky130_fd_sc_hd__clkbuf_16)
     8    0.083957    0.100894    0.191798    0.257790 ^ clkbuf_0_clk/X (sky130_fd_sc_hd__clkbuf_16)
                                                         clknet_0_clk (net)
                      0.101100    0.003229    0.261019 ^ clkbuf_3_6__f_clk/A (sky130_fd_sc_hd__clkbuf_16)
     8    0.024440    0.045835    0.149878    0.410897 ^ clkbuf_3_6__f_clk/X (sky130_fd_sc_hd__clkbuf_16)
                                                         clknet_3_6__leaf_clk (net)
                      0.045854    0.000855    0.411752 ^ _1595_/CLK (sky130_fd_sc_hd__dfxtp_2)
     1    0.002493    0.021961    0.300958    0.712710 v _1595_/Q (sky130_fd_sc_hd__dfxtp_2)
                                                         u_dp.b_q[3] (net)
                      0.021961    0.000071    0.712781 v fanout51/A (sky130_fd_sc_hd__clkdlybuf4s25_1)
     7    0.050541    0.371733    0.489012    1.201794 v fanout51/X (sky130_fd_sc_hd__clkdlybuf4s25_1)
                                                         net51 (net)
                      0.371738    0.001740    1.203534 v fanout50/A (sky130_fd_sc_hd__clkdlybuf4s25_1)
    10    0.043519    0.321313    0.570825    1.774359 v fanout50/X (sky130_fd_sc_hd__clkdlybuf4s25_1)
                                                         net50 (net)
                      0.321325    0.002185    1.776544 v _0808_/B (sky130_fd_sc_hd__and3_2)
     3    0.009170    0.053183    0.338229    2.114773 v _0808_/X (sky130_fd_sc_hd__and3_2)
                                                         _0078_ (net)
                      0.053183    0.000234    2.115008 v _0811_/A (sky130_fd_sc_hd__or3_2)
     2    0.004020    0.081140    0.475752    2.590760 v _0811_/X (sky130_fd_sc_hd__or3_2)
                                                         _0081_ (net)
                      0.081140    0.000095    2.590855 v _0812_/B (sky130_fd_sc_hd__and2b_2)
     1    0.003824    0.038453    0.205531    2.796386 v _0812_/X (sky130_fd_sc_hd__and2b_2)
                                                         _0082_ (net)
                      0.038453    0.000135    2.796521 v fanout22/A (sky130_fd_sc_hd__clkdlybuf4s25_1)
     9    0.063180    0.461744    0.562189    3.358711 v fanout22/X (sky130_fd_sc_hd__clkdlybuf4s25_1)
                                                         net22 (net)
                      0.461777    0.004019    3.362730 v fanout21/A (sky130_fd_sc_hd__clkdlybuf4s25_1)
     7    0.053964    0.395844    0.645268    4.007998 v fanout21/X (sky130_fd_sc_hd__clkdlybuf4s25_1)
                                                         net21 (net)
                      0.395880    0.003796    4.011794 v fanout20/A (sky130_fd_sc_hd__clkdlybuf4s25_1)
    10    0.069169    0.504115    0.711326    4.723120 v fanout20/X (sky130_fd_sc_hd__clkdlybuf4s25_1)
                                                         net20 (net)
                      0.504123    0.002511    4.725631 v _0890_/A (sky130_fd_sc_hd__xor2_2)
     2    0.007062    0.127849    0.321657    5.047287 v _0890_/X (sky130_fd_sc_hd__xor2_2)
                                                         _0160_ (net)
                      0.127849    0.000139    5.047426 v _0893_/B (sky130_fd_sc_hd__or2_2)
     1    0.001862    0.050668    0.291702    5.339128 v _0893_/X (sky130_fd_sc_hd__or2_2)
                                                         _0163_ (net)
                      0.050668    0.000052    5.339180 v _0894_/B (sky130_fd_sc_hd__and2_2)
     3    0.020470    0.073786    0.234345    5.573525 v _0894_/X (sky130_fd_sc_hd__and2_2)
                                                         _0164_ (net)
                      0.073786    0.000351    5.573876 v _0895_/B (sky130_fd_sc_hd__nor2_2)
     2    0.015713    0.189144    0.177297    5.751173 ^ _0895_/Y (sky130_fd_sc_hd__nor2_2)
                                                         _0165_ (net)
                      0.189144    0.000106    5.751280 ^ _0896_/B (sky130_fd_sc_hd__xor2_2)
     2    0.013959    0.207190    0.230024    5.981303 ^ _0896_/X (sky130_fd_sc_hd__xor2_2)
                                                         _0166_ (net)
                      0.207190    0.000385    5.981688 ^ _0901_/B (sky130_fd_sc_hd__xnor2_2)
     2    0.006487    0.068856    0.092559    6.074247 v _0901_/Y (sky130_fd_sc_hd__xnor2_2)
                                                         _0171_ (net)
                      0.068856    0.000103    6.074351 v _0983_/A (sky130_fd_sc_hd__and2_2)
     1    0.004936    0.041992    0.181087    6.255438 v _0983_/X (sky130_fd_sc_hd__and2_2)
                                                         _0253_ (net)
                      0.041992    0.000148    6.255586 v _0984_/B (sky130_fd_sc_hd__nor2_2)
     2    0.015786    0.189894    0.165849    6.421435 ^ _0984_/Y (sky130_fd_sc_hd__nor2_2)
                                                         _0254_ (net)
                      0.189895    0.000430    6.421865 ^ _0985_/B (sky130_fd_sc_hd__xor2_2)
     2    0.015119    0.219624    0.239414    6.661279 ^ _0985_/X (sky130_fd_sc_hd__xor2_2)
                                                         _0255_ (net)
                      0.219624    0.000314    6.661592 ^ _0992_/A (sky130_fd_sc_hd__nand2_2)
     2    0.004928    0.060393    0.073158    6.734751 v _0992_/Y (sky130_fd_sc_hd__nand2_2)
                                                         _0262_ (net)
                      0.060393    0.000109    6.734859 v _0994_/A_N (sky130_fd_sc_hd__nand2b_2)
     1    0.002740    0.039900    0.170718    6.905578 v _0994_/Y (sky130_fd_sc_hd__nand2b_2)
                                                         _0264_ (net)
                      0.039900    0.000078    6.905656 v _1388_/A1 (sky130_fd_sc_hd__o221a_2)
     4    0.017480    0.080703    0.325656    7.231312 v _1388_/X (sky130_fd_sc_hd__o221a_2)
                                                         _0658_ (net)
                      0.080710    0.000835    7.232147 v _1393_/A2 (sky130_fd_sc_hd__o31ai_2)
     3    0.011202    0.297213    0.319600    7.551747 ^ _1393_/Y (sky130_fd_sc_hd__o31ai_2)
                                                         _0663_ (net)
                      0.297213    0.000445    7.552192 ^ _1394_/B (sky130_fd_sc_hd__nand2_2)
     2    0.008171    0.072263    0.105562    7.657754 v _1394_/Y (sky130_fd_sc_hd__nand2_2)
                                                         _0664_ (net)
                      0.072263    0.000226    7.657980 v _1405_/A2 (sky130_fd_sc_hd__o211ai_2)
     5    0.030603    0.389692    0.347535    8.005516 ^ _1405_/Y (sky130_fd_sc_hd__o211ai_2)
                                                         _0675_ (net)
                      0.389694    0.000759    8.006274 ^ _1473_/A1 (sky130_fd_sc_hd__a21bo_2)
     1    0.004277    0.043832    0.200211    8.206485 ^ _1473_/X (sky130_fd_sc_hd__a21bo_2)
                                                         _0718_ (net)
                      0.043832    0.000112    8.206596 ^ fanout16/A (sky130_fd_sc_hd__clkdlybuf4s25_1)
     5    0.027304    0.278356    0.410966    8.617562 ^ fanout16/X (sky130_fd_sc_hd__clkdlybuf4s25_1)
                                                         net16 (net)
                      0.278356    0.000887    8.618449 ^ fanout15/A (sky130_fd_sc_hd__clkdlybuf4s25_1)
    10    0.043532    0.436416    0.586477    9.204926 ^ fanout15/X (sky130_fd_sc_hd__clkdlybuf4s25_1)
                                                         net15 (net)
                      0.436420    0.002077    9.207003 ^ _1488_/B1 (sky130_fd_sc_hd__a31o_2)
     1    0.004014    0.049130    0.176792    9.383795 ^ _1488_/X (sky130_fd_sc_hd__a31o_2)
                                                         _0729_ (net)
                      0.049130    0.000140    9.383935 ^ _1489_/C1 (sky130_fd_sc_hd__o211a_2)
     1    0.002117    0.042142    0.149025    9.532960 ^ _1489_/X (sky130_fd_sc_hd__o211a_2)
                                                         _0032_ (net)
                      0.042142    0.000043    9.533002 ^ _1604_/D (sky130_fd_sc_hd__dfxtp_2)
                                              9.533002   data arrival time

                                 20.000000   20.000000   clock clk (rise edge)
                                  0.000000   20.000000   clock source latency
     1    0.020019    0.095798    0.065992   20.065992 ^ clk (in)
                                                         clk (net)
                      0.095807    0.000000   20.065992 ^ clkbuf_0_clk/A (sky130_fd_sc_hd__clkbuf_16)
     8    0.083957    0.100894    0.191799   20.257792 ^ clkbuf_0_clk/X (sky130_fd_sc_hd__clkbuf_16)
                                                         clknet_0_clk (net)
                      0.101064    0.002848   20.260637 ^ clkbuf_3_2__f_clk/A (sky130_fd_sc_hd__clkbuf_16)
     8    0.024839    0.046192    0.150274   20.410913 ^ clkbuf_3_2__f_clk/X (sky130_fd_sc_hd__clkbuf_16)
                                                         clknet_3_2__leaf_clk (net)
                      0.046193    0.000433   20.411346 ^ _1604_/CLK (sky130_fd_sc_hd__dfxtp_2)
                                 -0.250000   20.161346   clock uncertainty
                                  0.000000   20.161346   clock reconvergence pessimism
                                 -0.058012   20.103334   library setup time
                                             20.103334   data required time
---------------------------------------------------------------------------------------------
                                             20.103334   data required time
                                             -9.533002   data arrival time
---------------------------------------------------------------------------------------------
                                             10.570333   slack (MET)


Startpoint: _1595_ (rising edge-triggered flip-flop clocked by clk)
Endpoint: _1609_ (rising edge-triggered flip-flop clocked by clk)
Path Group: clk
Path Type: max

Fanout         Cap        Slew       Delay        Time   Description
---------------------------------------------------------------------------------------------
                                  0.000000    0.000000   clock clk (rise edge)
                                  0.000000    0.000000   clock source latency
     1    0.020019    0.095798    0.065992    0.065992 ^ clk (in)
                                                         clk (net)
                      0.095807    0.000000    0.065992 ^ clkbuf_0_clk/A (sky130_fd_sc_hd__clkbuf_16)
     8    0.083957    0.100894    0.191798    0.257790 ^ clkbuf_0_clk/X (sky130_fd_sc_hd__clkbuf_16)
                                                         clknet_0_clk (net)
                      0.101100    0.003229    0.261019 ^ clkbuf_3_6__f_clk/A (sky130_fd_sc_hd__clkbuf_16)
     8    0.024440    0.045835    0.149878    0.410897 ^ clkbuf_3_6__f_clk/X (sky130_fd_sc_hd__clkbuf_16)
                                                         clknet_3_6__leaf_clk (net)
                      0.045854    0.000855    0.411752 ^ _1595_/CLK (sky130_fd_sc_hd__dfxtp_2)
     1    0.002493    0.021961    0.300958    0.712710 v _1595_/Q (sky130_fd_sc_hd__dfxtp_2)
                                                         u_dp.b_q[3] (net)
                      0.021961    0.000071    0.712781 v fanout51/A (sky130_fd_sc_hd__clkdlybuf4s25_1)
     7    0.050541    0.371733    0.489012    1.201794 v fanout51/X (sky130_fd_sc_hd__clkdlybuf4s25_1)
                                                         net51 (net)
                      0.371738    0.001740    1.203534 v fanout50/A (sky130_fd_sc_hd__clkdlybuf4s25_1)
    10    0.043519    0.321313    0.570825    1.774359 v fanout50/X (sky130_fd_sc_hd__clkdlybuf4s25_1)
                                                         net50 (net)
                      0.321325    0.002185    1.776544 v _0808_/B (sky130_fd_sc_hd__and3_2)
     3    0.009170    0.053183    0.338229    2.114773 v _0808_/X (sky130_fd_sc_hd__and3_2)
                                                         _0078_ (net)
                      0.053183    0.000234    2.115008 v _0811_/A (sky130_fd_sc_hd__or3_2)
     2    0.004020    0.081140    0.475752    2.590760 v _0811_/X (sky130_fd_sc_hd__or3_2)
                                                         _0081_ (net)
                      0.081140    0.000095    2.590855 v _0812_/B (sky130_fd_sc_hd__and2b_2)
     1    0.003824    0.038453    0.205531    2.796386 v _0812_/X (sky130_fd_sc_hd__and2b_2)
                                                         _0082_ (net)
                      0.038453    0.000135    2.796521 v fanout22/A (sky130_fd_sc_hd__clkdlybuf4s25_1)
     9    0.063180    0.461744    0.562189    3.358711 v fanout22/X (sky130_fd_sc_hd__clkdlybuf4s25_1)
                                                         net22 (net)
                      0.461777    0.004019    3.362730 v fanout21/A (sky130_fd_sc_hd__clkdlybuf4s25_1)
     7    0.053964    0.395844    0.645268    4.007998 v fanout21/X (sky130_fd_sc_hd__clkdlybuf4s25_1)
                                                         net21 (net)
                      0.395880    0.003796    4.011794 v fanout20/A (sky130_fd_sc_hd__clkdlybuf4s25_1)
    10    0.069169    0.504115    0.711326    4.723120 v fanout20/X (sky130_fd_sc_hd__clkdlybuf4s25_1)
                                                         net20 (net)
                      0.504123    0.002511    4.725631 v _0890_/A (sky130_fd_sc_hd__xor2_2)
     2    0.007062    0.127849    0.321657    5.047287 v _0890_/X (sky130_fd_sc_hd__xor2_2)
                                                         _0160_ (net)
                      0.127849    0.000139    5.047426 v _0893_/B (sky130_fd_sc_hd__or2_2)
     1    0.001862    0.050668    0.291702    5.339128 v _0893_/X (sky130_fd_sc_hd__or2_2)
                                                         _0163_ (net)
                      0.050668    0.000052    5.339180 v _0894_/B (sky130_fd_sc_hd__and2_2)
     3    0.020470    0.073786    0.234345    5.573525 v _0894_/X (sky130_fd_sc_hd__and2_2)
                                                         _0164_ (net)
                      0.073786    0.000351    5.573876 v _0895_/B (sky130_fd_sc_hd__nor2_2)
     2    0.015713    0.189144    0.177297    5.751173 ^ _0895_/Y (sky130_fd_sc_hd__nor2_2)
                                                         _0165_ (net)
                      0.189144    0.000106    5.751280 ^ _0896_/B (sky130_fd_sc_hd__xor2_2)
     2    0.013959    0.207190    0.230024    5.981303 ^ _0896_/X (sky130_fd_sc_hd__xor2_2)
                                                         _0166_ (net)
                      0.207190    0.000385    5.981688 ^ _0901_/B (sky130_fd_sc_hd__xnor2_2)
     2    0.006487    0.068856    0.092559    6.074247 v _0901_/Y (sky130_fd_sc_hd__xnor2_2)
                                                         _0171_ (net)
                      0.068856    0.000103    6.074351 v _0983_/A (sky130_fd_sc_hd__and2_2)
     1    0.004936    0.041992    0.181087    6.255438 v _0983_/X (sky130_fd_sc_hd__and2_2)
                                                         _0253_ (net)
                      0.041992    0.000148    6.255586 v _0984_/B (sky130_fd_sc_hd__nor2_2)
     2    0.015786    0.189894    0.165849    6.421435 ^ _0984_/Y (sky130_fd_sc_hd__nor2_2)
                                                         _0254_ (net)
                      0.189895    0.000430    6.421865 ^ _0985_/B (sky130_fd_sc_hd__xor2_2)
     2    0.015119    0.219624    0.239414    6.661279 ^ _0985_/X (sky130_fd_sc_hd__xor2_2)
                                                         _0255_ (net)
                      0.219624    0.000314    6.661592 ^ _0992_/A (sky130_fd_sc_hd__nand2_2)
     2    0.004928    0.060393    0.073158    6.734751 v _0992_/Y (sky130_fd_sc_hd__nand2_2)
                                                         _0262_ (net)
                      0.060393    0.000109    6.734859 v _0994_/A_N (sky130_fd_sc_hd__nand2b_2)
     1    0.002740    0.039900    0.170718    6.905578 v _0994_/Y (sky130_fd_sc_hd__nand2b_2)
                                                         _0264_ (net)
                      0.039900    0.000078    6.905656 v _1388_/A1 (sky130_fd_sc_hd__o221a_2)
     4    0.017480    0.080703    0.325656    7.231312 v _1388_/X (sky130_fd_sc_hd__o221a_2)
                                                         _0658_ (net)
                      0.080710    0.000835    7.232147 v _1393_/A2 (sky130_fd_sc_hd__o31ai_2)
     3    0.011202    0.297213    0.319600    7.551747 ^ _1393_/Y (sky130_fd_sc_hd__o31ai_2)
                                                         _0663_ (net)
                      0.297213    0.000445    7.552192 ^ _1394_/B (sky130_fd_sc_hd__nand2_2)
     2    0.008171    0.072263    0.105562    7.657754 v _1394_/Y (sky130_fd_sc_hd__nand2_2)
                                                         _0664_ (net)
                      0.072263    0.000226    7.657980 v _1405_/A2 (sky130_fd_sc_hd__o211ai_2)
     5    0.030603    0.389692    0.347535    8.005516 ^ _1405_/Y (sky130_fd_sc_hd__o211ai_2)
                                                         _0675_ (net)
                      0.389694    0.000759    8.006274 ^ _1473_/A1 (sky130_fd_sc_hd__a21bo_2)
     1    0.004277    0.043832    0.200211    8.206485 ^ _1473_/X (sky130_fd_sc_hd__a21bo_2)
                                                         _0718_ (net)
                      0.043832    0.000112    8.206596 ^ fanout16/A (sky130_fd_sc_hd__clkdlybuf4s25_1)
     5    0.027304    0.278356    0.410966    8.617562 ^ fanout16/X (sky130_fd_sc_hd__clkdlybuf4s25_1)
                                                         net16 (net)
                      0.278356    0.000887    8.618449 ^ fanout15/A (sky130_fd_sc_hd__clkdlybuf4s25_1)
    10    0.043532    0.436416    0.586477    9.204926 ^ fanout15/X (sky130_fd_sc_hd__clkdlybuf4s25_1)
                                                         net15 (net)
                      0.436416    0.000931    9.205856 ^ _1506_/B1 (sky130_fd_sc_hd__a31o_2)
     1    0.003790    0.048112    0.175345    9.381202 ^ _1506_/X (sky130_fd_sc_hd__a31o_2)
                                                         _0742_ (net)
                      0.048112    0.000123    9.381326 ^ _1507_/C1 (sky130_fd_sc_hd__o211a_2)
     1    0.002211    0.041907    0.149284    9.530609 ^ _1507_/X (sky130_fd_sc_hd__o211a_2)
                                                         _0037_ (net)
                      0.041907    0.000065    9.530674 ^ _1609_/D (sky130_fd_sc_hd__dfxtp_2)
                                              9.530674   data arrival time

                                 20.000000   20.000000   clock clk (rise edge)
                                  0.000000   20.000000   clock source latency
     1    0.020019    0.095798    0.065992   20.065992 ^ clk (in)
                                                         clk (net)
                      0.095807    0.000000   20.065992 ^ clkbuf_0_clk/A (sky130_fd_sc_hd__clkbuf_16)
     8    0.083957    0.100894    0.191799   20.257792 ^ clkbuf_0_clk/X (sky130_fd_sc_hd__clkbuf_16)
                                                         clknet_0_clk (net)
                      0.101068    0.002895   20.260687 ^ clkbuf_3_1__f_clk/A (sky130_fd_sc_hd__clkbuf_16)
     8    0.023578    0.045034    0.149294   20.409981 ^ clkbuf_3_1__f_clk/X (sky130_fd_sc_hd__clkbuf_16)
                                                         clknet_3_1__leaf_clk (net)
                      0.045037    0.000417   20.410397 ^ _1609_/CLK (sky130_fd_sc_hd__dfxtp_2)
                                 -0.250000   20.160398   clock uncertainty
                                  0.000000   20.160398   clock reconvergence pessimism
                                 -0.058128   20.102270   library setup time
                                             20.102270   data required time
---------------------------------------------------------------------------------------------
                                             20.102270   data required time
                                             -9.530674   data arrival time
---------------------------------------------------------------------------------------------
                                             10.571596   slack (MET)


Startpoint: _1595_ (rising edge-triggered flip-flop clocked by clk)
Endpoint: _1600_ (rising edge-triggered flip-flop clocked by clk)
Path Group: clk
Path Type: max

Fanout         Cap        Slew       Delay        Time   Description
---------------------------------------------------------------------------------------------
                                  0.000000    0.000000   clock clk (rise edge)
                                  0.000000    0.000000   clock source latency
     1    0.020019    0.095798    0.065992    0.065992 ^ clk (in)
                                                         clk (net)
                      0.095807    0.000000    0.065992 ^ clkbuf_0_clk/A (sky130_fd_sc_hd__clkbuf_16)
     8    0.083957    0.100894    0.191798    0.257790 ^ clkbuf_0_clk/X (sky130_fd_sc_hd__clkbuf_16)
                                                         clknet_0_clk (net)
                      0.101100    0.003229    0.261019 ^ clkbuf_3_6__f_clk/A (sky130_fd_sc_hd__clkbuf_16)
     8    0.024440    0.045835    0.149878    0.410897 ^ clkbuf_3_6__f_clk/X (sky130_fd_sc_hd__clkbuf_16)
                                                         clknet_3_6__leaf_clk (net)
                      0.045854    0.000855    0.411752 ^ _1595_/CLK (sky130_fd_sc_hd__dfxtp_2)
     1    0.002493    0.021961    0.300958    0.712710 v _1595_/Q (sky130_fd_sc_hd__dfxtp_2)
                                                         u_dp.b_q[3] (net)
                      0.021961    0.000071    0.712781 v fanout51/A (sky130_fd_sc_hd__clkdlybuf4s25_1)
     7    0.050541    0.371733    0.489012    1.201794 v fanout51/X (sky130_fd_sc_hd__clkdlybuf4s25_1)
                                                         net51 (net)
                      0.371738    0.001740    1.203534 v fanout50/A (sky130_fd_sc_hd__clkdlybuf4s25_1)
    10    0.043519    0.321313    0.570825    1.774359 v fanout50/X (sky130_fd_sc_hd__clkdlybuf4s25_1)
                                                         net50 (net)
                      0.321325    0.002185    1.776544 v _0808_/B (sky130_fd_sc_hd__and3_2)
     3    0.009170    0.053183    0.338229    2.114773 v _0808_/X (sky130_fd_sc_hd__and3_2)
                                                         _0078_ (net)
                      0.053183    0.000234    2.115008 v _0811_/A (sky130_fd_sc_hd__or3_2)
     2    0.004020    0.081140    0.475752    2.590760 v _0811_/X (sky130_fd_sc_hd__or3_2)
                                                         _0081_ (net)
                      0.081140    0.000095    2.590855 v _0812_/B (sky130_fd_sc_hd__and2b_2)
     1    0.003824    0.038453    0.205531    2.796386 v _0812_/X (sky130_fd_sc_hd__and2b_2)
                                                         _0082_ (net)
                      0.038453    0.000135    2.796521 v fanout22/A (sky130_fd_sc_hd__clkdlybuf4s25_1)
     9    0.063180    0.461744    0.562189    3.358711 v fanout22/X (sky130_fd_sc_hd__clkdlybuf4s25_1)
                                                         net22 (net)
                      0.461777    0.004019    3.362730 v fanout21/A (sky130_fd_sc_hd__clkdlybuf4s25_1)
     7    0.053964    0.395844    0.645268    4.007998 v fanout21/X (sky130_fd_sc_hd__clkdlybuf4s25_1)
                                                         net21 (net)
                      0.395880    0.003796    4.011794 v fanout20/A (sky130_fd_sc_hd__clkdlybuf4s25_1)
    10    0.069169    0.504115    0.711326    4.723120 v fanout20/X (sky130_fd_sc_hd__clkdlybuf4s25_1)
                                                         net20 (net)
                      0.504123    0.002511    4.725631 v _0890_/A (sky130_fd_sc_hd__xor2_2)
     2    0.007062    0.127849    0.321657    5.047287 v _0890_/X (sky130_fd_sc_hd__xor2_2)
                                                         _0160_ (net)
                      0.127849    0.000139    5.047426 v _0893_/B (sky130_fd_sc_hd__or2_2)
     1    0.001862    0.050668    0.291702    5.339128 v _0893_/X (sky130_fd_sc_hd__or2_2)
                                                         _0163_ (net)
                      0.050668    0.000052    5.339180 v _0894_/B (sky130_fd_sc_hd__and2_2)
     3    0.020470    0.073786    0.234345    5.573525 v _0894_/X (sky130_fd_sc_hd__and2_2)
                                                         _0164_ (net)
                      0.073786    0.000351    5.573876 v _0895_/B (sky130_fd_sc_hd__nor2_2)
     2    0.015713    0.189144    0.177297    5.751173 ^ _0895_/Y (sky130_fd_sc_hd__nor2_2)
                                                         _0165_ (net)
                      0.189144    0.000106    5.751280 ^ _0896_/B (sky130_fd_sc_hd__xor2_2)
     2    0.013959    0.207190    0.230024    5.981303 ^ _0896_/X (sky130_fd_sc_hd__xor2_2)
                                                         _0166_ (net)
                      0.207190    0.000385    5.981688 ^ _0901_/B (sky130_fd_sc_hd__xnor2_2)
     2    0.006487    0.068856    0.092559    6.074247 v _0901_/Y (sky130_fd_sc_hd__xnor2_2)
                                                         _0171_ (net)
                      0.068856    0.000103    6.074351 v _0983_/A (sky130_fd_sc_hd__and2_2)
     1    0.004936    0.041992    0.181087    6.255438 v _0983_/X (sky130_fd_sc_hd__and2_2)
                                                         _0253_ (net)
                      0.041992    0.000148    6.255586 v _0984_/B (sky130_fd_sc_hd__nor2_2)
     2    0.015786    0.189894    0.165849    6.421435 ^ _0984_/Y (sky130_fd_sc_hd__nor2_2)
                                                         _0254_ (net)
                      0.189895    0.000430    6.421865 ^ _0985_/B (sky130_fd_sc_hd__xor2_2)
     2    0.015119    0.219624    0.239414    6.661279 ^ _0985_/X (sky130_fd_sc_hd__xor2_2)
                                                         _0255_ (net)
                      0.219624    0.000314    6.661592 ^ _0992_/A (sky130_fd_sc_hd__nand2_2)
     2    0.004928    0.060393    0.073158    6.734751 v _0992_/Y (sky130_fd_sc_hd__nand2_2)
                                                         _0262_ (net)
                      0.060393    0.000109    6.734859 v _0994_/A_N (sky130_fd_sc_hd__nand2b_2)
     1    0.002740    0.039900    0.170718    6.905578 v _0994_/Y (sky130_fd_sc_hd__nand2b_2)
                                                         _0264_ (net)
                      0.039900    0.000078    6.905656 v _1388_/A1 (sky130_fd_sc_hd__o221a_2)
     4    0.017480    0.080703    0.325656    7.231312 v _1388_/X (sky130_fd_sc_hd__o221a_2)
                                                         _0658_ (net)
                      0.080710    0.000835    7.232147 v _1393_/A2 (sky130_fd_sc_hd__o31ai_2)
     3    0.011202    0.297213    0.319600    7.551747 ^ _1393_/Y (sky130_fd_sc_hd__o31ai_2)
                                                         _0663_ (net)
                      0.297213    0.000445    7.552192 ^ _1394_/B (sky130_fd_sc_hd__nand2_2)
     2    0.008171    0.072263    0.105562    7.657754 v _1394_/Y (sky130_fd_sc_hd__nand2_2)
                                                         _0664_ (net)
                      0.072263    0.000226    7.657980 v _1405_/A2 (sky130_fd_sc_hd__o211ai_2)
     5    0.030603    0.389692    0.347535    8.005516 ^ _1405_/Y (sky130_fd_sc_hd__o211ai_2)
                                                         _0675_ (net)
                      0.389694    0.000759    8.006274 ^ _1473_/A1 (sky130_fd_sc_hd__a21bo_2)
     1    0.004277    0.043832    0.200211    8.206485 ^ _1473_/X (sky130_fd_sc_hd__a21bo_2)
                                                         _0718_ (net)
                      0.043832    0.000112    8.206596 ^ fanout16/A (sky130_fd_sc_hd__clkdlybuf4s25_1)
     5    0.027304    0.278356    0.410966    8.617562 ^ fanout16/X (sky130_fd_sc_hd__clkdlybuf4s25_1)
                                                         net16 (net)
                      0.278356    0.000887    8.618449 ^ fanout15/A (sky130_fd_sc_hd__clkdlybuf4s25_1)
    10    0.043532    0.436416    0.586477    9.204926 ^ fanout15/X (sky130_fd_sc_hd__clkdlybuf4s25_1)
                                                         net15 (net)
                      0.436416    0.000584    9.205510 ^ _1475_/B1 (sky130_fd_sc_hd__a31o_2)
     1    0.003679    0.047621    0.174627    9.380137 ^ _1475_/X (sky130_fd_sc_hd__a31o_2)
                                                         _0720_ (net)
                      0.047621    0.000118    9.380256 ^ _1476_/C1 (sky130_fd_sc_hd__o211a_2)
     1    0.002024    0.040839    0.147979    9.528234 ^ _1476_/X (sky130_fd_sc_hd__o211a_2)
                                                         _0028_ (net)
                      0.040839    0.000058    9.528293 ^ _1600_/D (sky130_fd_sc_hd__dfxtp_2)
                                              9.528293   data arrival time

                                 20.000000   20.000000   clock clk (rise edge)
                                  0.000000   20.000000   clock source latency
     1    0.020019    0.095798    0.065992   20.065992 ^ clk (in)
                                                         clk (net)
                      0.095807    0.000000   20.065992 ^ clkbuf_0_clk/A (sky130_fd_sc_hd__clkbuf_16)
     8    0.083957    0.100894    0.191799   20.257792 ^ clkbuf_0_clk/X (sky130_fd_sc_hd__clkbuf_16)
                                                         clknet_0_clk (net)
                      0.101071    0.002927   20.260717 ^ clkbuf_3_0__f_clk/A (sky130_fd_sc_hd__clkbuf_16)
     8    0.024064    0.045479    0.149651   20.410370 ^ clkbuf_3_0__f_clk/X (sky130_fd_sc_hd__clkbuf_16)
                                                         clknet_3_0__leaf_clk (net)
                      0.045482    0.000425   20.410793 ^ _1600_/CLK (sky130_fd_sc_hd__dfxtp_2)
                                 -0.250000   20.160795   clock uncertainty
                                  0.000000   20.160795   clock reconvergence pessimism
                                 -0.057810   20.102985   library setup time
                                             20.102985   data required time
---------------------------------------------------------------------------------------------
                                             20.102985   data required time
                                             -9.528293   data arrival time
---------------------------------------------------------------------------------------------
                                             10.574693   slack (MET)


Startpoint: _1595_ (rising edge-triggered flip-flop clocked by clk)
Endpoint: _1603_ (rising edge-triggered flip-flop clocked by clk)
Path Group: clk
Path Type: max

Fanout         Cap        Slew       Delay        Time   Description
---------------------------------------------------------------------------------------------
                                  0.000000    0.000000   clock clk (rise edge)
                                  0.000000    0.000000   clock source latency
     1    0.020019    0.095798    0.065992    0.065992 ^ clk (in)
                                                         clk (net)
                      0.095807    0.000000    0.065992 ^ clkbuf_0_clk/A (sky130_fd_sc_hd__clkbuf_16)
     8    0.083957    0.100894    0.191798    0.257790 ^ clkbuf_0_clk/X (sky130_fd_sc_hd__clkbuf_16)
                                                         clknet_0_clk (net)
                      0.101100    0.003229    0.261019 ^ clkbuf_3_6__f_clk/A (sky130_fd_sc_hd__clkbuf_16)
     8    0.024440    0.045835    0.149878    0.410897 ^ clkbuf_3_6__f_clk/X (sky130_fd_sc_hd__clkbuf_16)
                                                         clknet_3_6__leaf_clk (net)
                      0.045854    0.000855    0.411752 ^ _1595_/CLK (sky130_fd_sc_hd__dfxtp_2)
     1    0.002493    0.021961    0.300958    0.712710 v _1595_/Q (sky130_fd_sc_hd__dfxtp_2)
                                                         u_dp.b_q[3] (net)
                      0.021961    0.000071    0.712781 v fanout51/A (sky130_fd_sc_hd__clkdlybuf4s25_1)
     7    0.050541    0.371733    0.489012    1.201794 v fanout51/X (sky130_fd_sc_hd__clkdlybuf4s25_1)
                                                         net51 (net)
                      0.371738    0.001740    1.203534 v fanout50/A (sky130_fd_sc_hd__clkdlybuf4s25_1)
    10    0.043519    0.321313    0.570825    1.774359 v fanout50/X (sky130_fd_sc_hd__clkdlybuf4s25_1)
                                                         net50 (net)
                      0.321325    0.002185    1.776544 v _0808_/B (sky130_fd_sc_hd__and3_2)
     3    0.009170    0.053183    0.338229    2.114773 v _0808_/X (sky130_fd_sc_hd__and3_2)
                                                         _0078_ (net)
                      0.053183    0.000234    2.115008 v _0811_/A (sky130_fd_sc_hd__or3_2)
     2    0.004020    0.081140    0.475752    2.590760 v _0811_/X (sky130_fd_sc_hd__or3_2)
                                                         _0081_ (net)
                      0.081140    0.000095    2.590855 v _0812_/B (sky130_fd_sc_hd__and2b_2)
     1    0.003824    0.038453    0.205531    2.796386 v _0812_/X (sky130_fd_sc_hd__and2b_2)
                                                         _0082_ (net)
                      0.038453    0.000135    2.796521 v fanout22/A (sky130_fd_sc_hd__clkdlybuf4s25_1)
     9    0.063180    0.461744    0.562189    3.358711 v fanout22/X (sky130_fd_sc_hd__clkdlybuf4s25_1)
                                                         net22 (net)
                      0.461777    0.004019    3.362730 v fanout21/A (sky130_fd_sc_hd__clkdlybuf4s25_1)
     7    0.053964    0.395844    0.645268    4.007998 v fanout21/X (sky130_fd_sc_hd__clkdlybuf4s25_1)
                                                         net21 (net)
                      0.395880    0.003796    4.011794 v fanout20/A (sky130_fd_sc_hd__clkdlybuf4s25_1)
    10    0.069169    0.504115    0.711326    4.723120 v fanout20/X (sky130_fd_sc_hd__clkdlybuf4s25_1)
                                                         net20 (net)
                      0.504123    0.002511    4.725631 v _0890_/A (sky130_fd_sc_hd__xor2_2)
     2    0.007062    0.127849    0.321657    5.047287 v _0890_/X (sky130_fd_sc_hd__xor2_2)
                                                         _0160_ (net)
                      0.127849    0.000139    5.047426 v _0893_/B (sky130_fd_sc_hd__or2_2)
     1    0.001862    0.050668    0.291702    5.339128 v _0893_/X (sky130_fd_sc_hd__or2_2)
                                                         _0163_ (net)
                      0.050668    0.000052    5.339180 v _0894_/B (sky130_fd_sc_hd__and2_2)
     3    0.020470    0.073786    0.234345    5.573525 v _0894_/X (sky130_fd_sc_hd__and2_2)
                                                         _0164_ (net)
                      0.073786    0.000351    5.573876 v _0895_/B (sky130_fd_sc_hd__nor2_2)
     2    0.015713    0.189144    0.177297    5.751173 ^ _0895_/Y (sky130_fd_sc_hd__nor2_2)
                                                         _0165_ (net)
                      0.189144    0.000106    5.751280 ^ _0896_/B (sky130_fd_sc_hd__xor2_2)
     2    0.013959    0.207190    0.230024    5.981303 ^ _0896_/X (sky130_fd_sc_hd__xor2_2)
                                                         _0166_ (net)
                      0.207190    0.000385    5.981688 ^ _0901_/B (sky130_fd_sc_hd__xnor2_2)
     2    0.006487    0.068856    0.092559    6.074247 v _0901_/Y (sky130_fd_sc_hd__xnor2_2)
                                                         _0171_ (net)
                      0.068856    0.000103    6.074351 v _0983_/A (sky130_fd_sc_hd__and2_2)
     1    0.004936    0.041992    0.181087    6.255438 v _0983_/X (sky130_fd_sc_hd__and2_2)
                                                         _0253_ (net)
                      0.041992    0.000148    6.255586 v _0984_/B (sky130_fd_sc_hd__nor2_2)
     2    0.015786    0.189894    0.165849    6.421435 ^ _0984_/Y (sky130_fd_sc_hd__nor2_2)
                                                         _0254_ (net)
                      0.189895    0.000430    6.421865 ^ _0985_/B (sky130_fd_sc_hd__xor2_2)
     2    0.015119    0.219624    0.239414    6.661279 ^ _0985_/X (sky130_fd_sc_hd__xor2_2)
                                                         _0255_ (net)
                      0.219624    0.000314    6.661592 ^ _0992_/A (sky130_fd_sc_hd__nand2_2)
     2    0.004928    0.060393    0.073158    6.734751 v _0992_/Y (sky130_fd_sc_hd__nand2_2)
                                                         _0262_ (net)
                      0.060393    0.000109    6.734859 v _0994_/A_N (sky130_fd_sc_hd__nand2b_2)
     1    0.002740    0.039900    0.170718    6.905578 v _0994_/Y (sky130_fd_sc_hd__nand2b_2)
                                                         _0264_ (net)
                      0.039900    0.000078    6.905656 v _1388_/A1 (sky130_fd_sc_hd__o221a_2)
     4    0.017480    0.080703    0.325656    7.231312 v _1388_/X (sky130_fd_sc_hd__o221a_2)
                                                         _0658_ (net)
                      0.080710    0.000835    7.232147 v _1393_/A2 (sky130_fd_sc_hd__o31ai_2)
     3    0.011202    0.297213    0.319600    7.551747 ^ _1393_/Y (sky130_fd_sc_hd__o31ai_2)
                                                         _0663_ (net)
                      0.297213    0.000445    7.552192 ^ _1394_/B (sky130_fd_sc_hd__nand2_2)
     2    0.008171    0.072263    0.105562    7.657754 v _1394_/Y (sky130_fd_sc_hd__nand2_2)
                                                         _0664_ (net)
                      0.072263    0.000226    7.657980 v _1405_/A2 (sky130_fd_sc_hd__o211ai_2)
     5    0.030603    0.389692    0.347535    8.005516 ^ _1405_/Y (sky130_fd_sc_hd__o211ai_2)
                                                         _0675_ (net)
                      0.389694    0.000759    8.006274 ^ _1473_/A1 (sky130_fd_sc_hd__a21bo_2)
     1    0.004277    0.043832    0.200211    8.206485 ^ _1473_/X (sky130_fd_sc_hd__a21bo_2)
                                                         _0718_ (net)
                      0.043832    0.000112    8.206596 ^ fanout16/A (sky130_fd_sc_hd__clkdlybuf4s25_1)
     5    0.027304    0.278356    0.410966    8.617562 ^ fanout16/X (sky130_fd_sc_hd__clkdlybuf4s25_1)
                                                         net16 (net)
                      0.278356    0.000887    8.618449 ^ fanout15/A (sky130_fd_sc_hd__clkdlybuf4s25_1)
    10    0.043532    0.436416    0.586477    9.204926 ^ fanout15/X (sky130_fd_sc_hd__clkdlybuf4s25_1)
                                                         net15 (net)
                      0.436420    0.002126    9.207052 ^ _1485_/B1 (sky130_fd_sc_hd__a31o_2)
     1    0.002498    0.043073    0.166994    9.374045 ^ _1485_/X (sky130_fd_sc_hd__a31o_2)
                                                         _0727_ (net)
                      0.043073    0.000047    9.374093 ^ _1486_/C1 (sky130_fd_sc_hd__o211a_2)
     1    0.002490    0.044064    0.149454    9.523546 ^ _1486_/X (sky130_fd_sc_hd__o211a_2)
                                                         _0031_ (net)
                      0.044064    0.000074    9.523621 ^ _1603_/D (sky130_fd_sc_hd__dfxtp_2)
                                              9.523621   data arrival time

                                 20.000000   20.000000   clock clk (rise edge)
                                  0.000000   20.000000   clock source latency
     1    0.020019    0.095798    0.065992   20.065992 ^ clk (in)
                                                         clk (net)
                      0.095807    0.000000   20.065992 ^ clkbuf_0_clk/A (sky130_fd_sc_hd__clkbuf_16)
     8    0.083957    0.100894    0.191799   20.257792 ^ clkbuf_0_clk/X (sky130_fd_sc_hd__clkbuf_16)
                                                         clknet_0_clk (net)
                      0.101064    0.002848   20.260637 ^ clkbuf_3_2__f_clk/A (sky130_fd_sc_hd__clkbuf_16)
     8    0.024839    0.046192    0.150274   20.410913 ^ clkbuf_3_2__f_clk/X (sky130_fd_sc_hd__clkbuf_16)
                                                         clknet_3_2__leaf_clk (net)
                      0.046192    0.000314   20.411226 ^ _1603_/CLK (sky130_fd_sc_hd__dfxtp_2)
                                 -0.250000   20.161228   clock uncertainty
                                  0.000000   20.161228   clock reconvergence pessimism
                                 -0.058466   20.102762   library setup time
                                             20.102762   data required time
---------------------------------------------------------------------------------------------
                                             20.102762   data required time
                                             -9.523621   data arrival time
---------------------------------------------------------------------------------------------
                                             10.579143   slack (MET)


Startpoint: _1595_ (rising edge-triggered flip-flop clocked by clk)
Endpoint: _1606_ (rising edge-triggered flip-flop clocked by clk)
Path Group: clk
Path Type: max

Fanout         Cap        Slew       Delay        Time   Description
---------------------------------------------------------------------------------------------
                                  0.000000    0.000000   clock clk (rise edge)
                                  0.000000    0.000000   clock source latency
     1    0.020019    0.095798    0.065992    0.065992 ^ clk (in)
                                                         clk (net)
                      0.095807    0.000000    0.065992 ^ clkbuf_0_clk/A (sky130_fd_sc_hd__clkbuf_16)
     8    0.083957    0.100894    0.191798    0.257790 ^ clkbuf_0_clk/X (sky130_fd_sc_hd__clkbuf_16)
                                                         clknet_0_clk (net)
                      0.101100    0.003229    0.261019 ^ clkbuf_3_6__f_clk/A (sky130_fd_sc_hd__clkbuf_16)
     8    0.024440    0.045835    0.149878    0.410897 ^ clkbuf_3_6__f_clk/X (sky130_fd_sc_hd__clkbuf_16)
                                                         clknet_3_6__leaf_clk (net)
                      0.045854    0.000855    0.411752 ^ _1595_/CLK (sky130_fd_sc_hd__dfxtp_2)
     1    0.002493    0.021961    0.300958    0.712710 v _1595_/Q (sky130_fd_sc_hd__dfxtp_2)
                                                         u_dp.b_q[3] (net)
                      0.021961    0.000071    0.712781 v fanout51/A (sky130_fd_sc_hd__clkdlybuf4s25_1)
     7    0.050541    0.371733    0.489012    1.201794 v fanout51/X (sky130_fd_sc_hd__clkdlybuf4s25_1)
                                                         net51 (net)
                      0.371738    0.001740    1.203534 v fanout50/A (sky130_fd_sc_hd__clkdlybuf4s25_1)
    10    0.043519    0.321313    0.570825    1.774359 v fanout50/X (sky130_fd_sc_hd__clkdlybuf4s25_1)
                                                         net50 (net)
                      0.321325    0.002185    1.776544 v _0808_/B (sky130_fd_sc_hd__and3_2)
     3    0.009170    0.053183    0.338229    2.114773 v _0808_/X (sky130_fd_sc_hd__and3_2)
                                                         _0078_ (net)
                      0.053183    0.000234    2.115008 v _0811_/A (sky130_fd_sc_hd__or3_2)
     2    0.004020    0.081140    0.475752    2.590760 v _0811_/X (sky130_fd_sc_hd__or3_2)
                                                         _0081_ (net)
                      0.081140    0.000095    2.590855 v _0812_/B (sky130_fd_sc_hd__and2b_2)
     1    0.003824    0.038453    0.205531    2.796386 v _0812_/X (sky130_fd_sc_hd__and2b_2)
                                                         _0082_ (net)
                      0.038453    0.000135    2.796521 v fanout22/A (sky130_fd_sc_hd__clkdlybuf4s25_1)
     9    0.063180    0.461744    0.562189    3.358711 v fanout22/X (sky130_fd_sc_hd__clkdlybuf4s25_1)
                                                         net22 (net)
                      0.461777    0.004019    3.362730 v fanout21/A (sky130_fd_sc_hd__clkdlybuf4s25_1)
     7    0.053964    0.395844    0.645268    4.007998 v fanout21/X (sky130_fd_sc_hd__clkdlybuf4s25_1)
                                                         net21 (net)
                      0.395880    0.003796    4.011794 v fanout20/A (sky130_fd_sc_hd__clkdlybuf4s25_1)
    10    0.069169    0.504115    0.711326    4.723120 v fanout20/X (sky130_fd_sc_hd__clkdlybuf4s25_1)
                                                         net20 (net)
                      0.504123    0.002511    4.725631 v _0890_/A (sky130_fd_sc_hd__xor2_2)
     2    0.007062    0.127849    0.321657    5.047287 v _0890_/X (sky130_fd_sc_hd__xor2_2)
                                                         _0160_ (net)
                      0.127849    0.000139    5.047426 v _0893_/B (sky130_fd_sc_hd__or2_2)
     1    0.001862    0.050668    0.291702    5.339128 v _0893_/X (sky130_fd_sc_hd__or2_2)
                                                         _0163_ (net)
                      0.050668    0.000052    5.339180 v _0894_/B (sky130_fd_sc_hd__and2_2)
     3    0.020470    0.073786    0.234345    5.573525 v _0894_/X (sky130_fd_sc_hd__and2_2)
                                                         _0164_ (net)
                      0.073786    0.000351    5.573876 v _0895_/B (sky130_fd_sc_hd__nor2_2)
     2    0.015713    0.189144    0.177297    5.751173 ^ _0895_/Y (sky130_fd_sc_hd__nor2_2)
                                                         _0165_ (net)
                      0.189144    0.000106    5.751280 ^ _0896_/B (sky130_fd_sc_hd__xor2_2)
     2    0.013959    0.207190    0.230024    5.981303 ^ _0896_/X (sky130_fd_sc_hd__xor2_2)
                                                         _0166_ (net)
                      0.207190    0.000385    5.981688 ^ _0901_/B (sky130_fd_sc_hd__xnor2_2)
     2    0.006487    0.068856    0.092559    6.074247 v _0901_/Y (sky130_fd_sc_hd__xnor2_2)
                                                         _0171_ (net)
                      0.068856    0.000103    6.074351 v _0983_/A (sky130_fd_sc_hd__and2_2)
     1    0.004936    0.041992    0.181087    6.255438 v _0983_/X (sky130_fd_sc_hd__and2_2)
                                                         _0253_ (net)
                      0.041992    0.000148    6.255586 v _0984_/B (sky130_fd_sc_hd__nor2_2)
     2    0.015786    0.189894    0.165849    6.421435 ^ _0984_/Y (sky130_fd_sc_hd__nor2_2)
                                                         _0254_ (net)
                      0.189895    0.000430    6.421865 ^ _0985_/B (sky130_fd_sc_hd__xor2_2)
     2    0.015119    0.219624    0.239414    6.661279 ^ _0985_/X (sky130_fd_sc_hd__xor2_2)
                                                         _0255_ (net)
                      0.219624    0.000314    6.661592 ^ _0992_/A (sky130_fd_sc_hd__nand2_2)
     2    0.004928    0.060393    0.073158    6.734751 v _0992_/Y (sky130_fd_sc_hd__nand2_2)
                                                         _0262_ (net)
                      0.060393    0.000109    6.734859 v _0994_/A_N (sky130_fd_sc_hd__nand2b_2)
     1    0.002740    0.039900    0.170718    6.905578 v _0994_/Y (sky130_fd_sc_hd__nand2b_2)
                                                         _0264_ (net)
                      0.039900    0.000078    6.905656 v _1388_/A1 (sky130_fd_sc_hd__o221a_2)
     4    0.017480    0.080703    0.325656    7.231312 v _1388_/X (sky130_fd_sc_hd__o221a_2)
                                                         _0658_ (net)
                      0.080710    0.000835    7.232147 v _1393_/A2 (sky130_fd_sc_hd__o31ai_2)
     3    0.011202    0.297213    0.319600    7.551747 ^ _1393_/Y (sky130_fd_sc_hd__o31ai_2)
                                                         _0663_ (net)
                      0.297213    0.000445    7.552192 ^ _1394_/B (sky130_fd_sc_hd__nand2_2)
     2    0.008171    0.072263    0.105562    7.657754 v _1394_/Y (sky130_fd_sc_hd__nand2_2)
                                                         _0664_ (net)
                      0.072263    0.000226    7.657980 v _1405_/A2 (sky130_fd_sc_hd__o211ai_2)
     5    0.030603    0.389692    0.347535    8.005516 ^ _1405_/Y (sky130_fd_sc_hd__o211ai_2)
                                                         _0675_ (net)
                      0.389694    0.000759    8.006274 ^ _1473_/A1 (sky130_fd_sc_hd__a21bo_2)
     1    0.004277    0.043832    0.200211    8.206485 ^ _1473_/X (sky130_fd_sc_hd__a21bo_2)
                                                         _0718_ (net)
                      0.043832    0.000112    8.206596 ^ fanout16/A (sky130_fd_sc_hd__clkdlybuf4s25_1)
     5    0.027304    0.278356    0.410966    8.617562 ^ fanout16/X (sky130_fd_sc_hd__clkdlybuf4s25_1)
                                                         net16 (net)
                      0.278356    0.000887    8.618449 ^ fanout15/A (sky130_fd_sc_hd__clkdlybuf4s25_1)
    10    0.043532    0.436416    0.586477    9.204926 ^ fanout15/X (sky130_fd_sc_hd__clkdlybuf4s25_1)
                                                         net15 (net)
                      0.436418    0.001815    9.206741 ^ _1495_/B1 (sky130_fd_sc_hd__a31o_2)
     1    0.003645    0.047471    0.174410    9.381151 ^ _1495_/X (sky130_fd_sc_hd__a31o_2)
                                                         _0734_ (net)
                      0.047471    0.000115    9.381267 ^ _1496_/C1 (sky130_fd_sc_hd__o211a_2)
     1    0.002091    0.042007    0.148352    9.529618 ^ _1496_/X (sky130_fd_sc_hd__o211a_2)
                                                         _0034_ (net)
                      0.042007    0.000042    9.529660 ^ _1606_/D (sky130_fd_sc_hd__dfxtp_2)
                                              9.529660   data arrival time

                                 20.000000   20.000000   clock clk (rise edge)
                                  0.000000   20.000000   clock source latency
     1    0.020019    0.095798    0.065992   20.065992 ^ clk (in)
                                                         clk (net)
                      0.095807    0.000000   20.065992 ^ clkbuf_0_clk/A (sky130_fd_sc_hd__clkbuf_16)
     8    0.083957    0.100894    0.191799   20.257792 ^ clkbuf_0_clk/X (sky130_fd_sc_hd__clkbuf_16)
                                                         clknet_0_clk (net)
                      0.100946    0.002167   20.259958 ^ clkbuf_3_4__f_clk/A (sky130_fd_sc_hd__clkbuf_16)
     8    0.032154    0.052863    0.156286   20.416243 ^ clkbuf_3_4__f_clk/X (sky130_fd_sc_hd__clkbuf_16)
                                                         clknet_3_4__leaf_clk (net)
                      0.052871    0.001139   20.417381 ^ _1606_/CLK (sky130_fd_sc_hd__dfxtp_2)
                                 -0.250000   20.167383   clock uncertainty
                                  0.000000   20.167383   clock reconvergence pessimism
                                 -0.056994   20.110388   library setup time
                                             20.110388   data required time
---------------------------------------------------------------------------------------------
                                             20.110388   data required time
                                             -9.529660   data arrival time
---------------------------------------------------------------------------------------------
                                             10.580729   slack (MET)


Startpoint: _1595_ (rising edge-triggered flip-flop clocked by clk)
Endpoint: _1621_ (rising edge-triggered flip-flop clocked by clk)
Path Group: clk
Path Type: max

Fanout         Cap        Slew       Delay        Time   Description
---------------------------------------------------------------------------------------------
                                  0.000000    0.000000   clock clk (rise edge)
                                  0.000000    0.000000   clock source latency
     1    0.020019    0.095798    0.065992    0.065992 ^ clk (in)
                                                         clk (net)
                      0.095807    0.000000    0.065992 ^ clkbuf_0_clk/A (sky130_fd_sc_hd__clkbuf_16)
     8    0.083957    0.100894    0.191798    0.257790 ^ clkbuf_0_clk/X (sky130_fd_sc_hd__clkbuf_16)
                                                         clknet_0_clk (net)
                      0.101100    0.003229    0.261019 ^ clkbuf_3_6__f_clk/A (sky130_fd_sc_hd__clkbuf_16)
     8    0.024440    0.045835    0.149878    0.410897 ^ clkbuf_3_6__f_clk/X (sky130_fd_sc_hd__clkbuf_16)
                                                         clknet_3_6__leaf_clk (net)
                      0.045854    0.000855    0.411752 ^ _1595_/CLK (sky130_fd_sc_hd__dfxtp_2)
     1    0.002493    0.021961    0.300958    0.712710 v _1595_/Q (sky130_fd_sc_hd__dfxtp_2)
                                                         u_dp.b_q[3] (net)
                      0.021961    0.000071    0.712781 v fanout51/A (sky130_fd_sc_hd__clkdlybuf4s25_1)
     7    0.050541    0.371733    0.489012    1.201794 v fanout51/X (sky130_fd_sc_hd__clkdlybuf4s25_1)
                                                         net51 (net)
                      0.371738    0.001740    1.203534 v fanout50/A (sky130_fd_sc_hd__clkdlybuf4s25_1)
    10    0.043519    0.321313    0.570825    1.774359 v fanout50/X (sky130_fd_sc_hd__clkdlybuf4s25_1)
                                                         net50 (net)
                      0.321325    0.002185    1.776544 v _0808_/B (sky130_fd_sc_hd__and3_2)
     3    0.009170    0.053183    0.338229    2.114773 v _0808_/X (sky130_fd_sc_hd__and3_2)
                                                         _0078_ (net)
                      0.053183    0.000234    2.115008 v _0811_/A (sky130_fd_sc_hd__or3_2)
     2    0.004020    0.081140    0.475752    2.590760 v _0811_/X (sky130_fd_sc_hd__or3_2)
                                                         _0081_ (net)
                      0.081140    0.000095    2.590855 v _0812_/B (sky130_fd_sc_hd__and2b_2)
     1    0.003824    0.038453    0.205531    2.796386 v _0812_/X (sky130_fd_sc_hd__and2b_2)
                                                         _0082_ (net)
                      0.038453    0.000135    2.796521 v fanout22/A (sky130_fd_sc_hd__clkdlybuf4s25_1)
     9    0.063180    0.461744    0.562189    3.358711 v fanout22/X (sky130_fd_sc_hd__clkdlybuf4s25_1)
                                                         net22 (net)
                      0.461777    0.004019    3.362730 v fanout21/A (sky130_fd_sc_hd__clkdlybuf4s25_1)
     7    0.053964    0.395844    0.645268    4.007998 v fanout21/X (sky130_fd_sc_hd__clkdlybuf4s25_1)
                                                         net21 (net)
                      0.395880    0.003796    4.011794 v fanout20/A (sky130_fd_sc_hd__clkdlybuf4s25_1)
    10    0.069169    0.504115    0.711326    4.723120 v fanout20/X (sky130_fd_sc_hd__clkdlybuf4s25_1)
                                                         net20 (net)
                      0.504123    0.002511    4.725631 v _0890_/A (sky130_fd_sc_hd__xor2_2)
     2    0.007062    0.127849    0.321657    5.047287 v _0890_/X (sky130_fd_sc_hd__xor2_2)
                                                         _0160_ (net)
                      0.127849    0.000139    5.047426 v _0893_/B (sky130_fd_sc_hd__or2_2)
     1    0.001862    0.050668    0.291702    5.339128 v _0893_/X (sky130_fd_sc_hd__or2_2)
                                                         _0163_ (net)
                      0.050668    0.000052    5.339180 v _0894_/B (sky130_fd_sc_hd__and2_2)
     3    0.020470    0.073786    0.234345    5.573525 v _0894_/X (sky130_fd_sc_hd__and2_2)
                                                         _0164_ (net)
                      0.073786    0.000351    5.573876 v _0895_/B (sky130_fd_sc_hd__nor2_2)
     2    0.015713    0.189144    0.177297    5.751173 ^ _0895_/Y (sky130_fd_sc_hd__nor2_2)
                                                         _0165_ (net)
                      0.189144    0.000106    5.751280 ^ _0896_/B (sky130_fd_sc_hd__xor2_2)
     2    0.013959    0.207190    0.230024    5.981303 ^ _0896_/X (sky130_fd_sc_hd__xor2_2)
                                                         _0166_ (net)
                      0.207190    0.000385    5.981688 ^ _0901_/B (sky130_fd_sc_hd__xnor2_2)
     2    0.006487    0.068856    0.092559    6.074247 v _0901_/Y (sky130_fd_sc_hd__xnor2_2)
                                                         _0171_ (net)
                      0.068856    0.000103    6.074351 v _0983_/A (sky130_fd_sc_hd__and2_2)
     1    0.004936    0.041992    0.181087    6.255438 v _0983_/X (sky130_fd_sc_hd__and2_2)
                                                         _0253_ (net)
                      0.041992    0.000148    6.255586 v _0984_/B (sky130_fd_sc_hd__nor2_2)
     2    0.015786    0.189894    0.165849    6.421435 ^ _0984_/Y (sky130_fd_sc_hd__nor2_2)
                                                         _0254_ (net)
                      0.189895    0.000430    6.421865 ^ _0985_/B (sky130_fd_sc_hd__xor2_2)
     2    0.015119    0.219624    0.239414    6.661279 ^ _0985_/X (sky130_fd_sc_hd__xor2_2)
                                                         _0255_ (net)
                      0.219624    0.000314    6.661592 ^ _0992_/A (sky130_fd_sc_hd__nand2_2)
     2    0.004928    0.060393    0.073158    6.734751 v _0992_/Y (sky130_fd_sc_hd__nand2_2)
                                                         _0262_ (net)
                      0.060393    0.000109    6.734859 v _0994_/A_N (sky130_fd_sc_hd__nand2b_2)
     1    0.002740    0.039900    0.170718    6.905578 v _0994_/Y (sky130_fd_sc_hd__nand2b_2)
                                                         _0264_ (net)
                      0.039900    0.000078    6.905656 v _1388_/A1 (sky130_fd_sc_hd__o221a_2)
     4    0.017480    0.080703    0.325656    7.231312 v _1388_/X (sky130_fd_sc_hd__o221a_2)
                                                         _0658_ (net)
                      0.080710    0.000835    7.232147 v _1393_/A2 (sky130_fd_sc_hd__o31ai_2)
     3    0.011202    0.297213    0.319600    7.551747 ^ _1393_/Y (sky130_fd_sc_hd__o31ai_2)
                                                         _0663_ (net)
                      0.297213    0.000445    7.552192 ^ _1394_/B (sky130_fd_sc_hd__nand2_2)
     2    0.008171    0.072263    0.105562    7.657754 v _1394_/Y (sky130_fd_sc_hd__nand2_2)
                                                         _0664_ (net)
                      0.072263    0.000226    7.657980 v _1405_/A2 (sky130_fd_sc_hd__o211ai_2)
     5    0.030603    0.389692    0.347535    8.005516 ^ _1405_/Y (sky130_fd_sc_hd__o211ai_2)
                                                         _0675_ (net)
                      0.389694    0.000759    8.006274 ^ _1473_/A1 (sky130_fd_sc_hd__a21bo_2)
     1    0.004277    0.043832    0.200211    8.206485 ^ _1473_/X (sky130_fd_sc_hd__a21bo_2)
                                                         _0718_ (net)
                      0.043832    0.000112    8.206596 ^ fanout16/A (sky130_fd_sc_hd__clkdlybuf4s25_1)
     5    0.027304    0.278356    0.410966    8.617562 ^ fanout16/X (sky130_fd_sc_hd__clkdlybuf4s25_1)
                                                         net16 (net)
                      0.278356    0.000368    8.617929 ^ fanout14/A (sky130_fd_sc_hd__clkdlybuf4s25_1)
    10    0.045148    0.452198    0.597357    9.215286 ^ fanout14/X (sky130_fd_sc_hd__clkdlybuf4s25_1)
                                                         net14 (net)
                      0.452198    0.001302    9.216589 ^ _1555_/B1 (sky130_fd_sc_hd__a21o_2)
     1    0.003561    0.040246    0.153020    9.369609 ^ _1555_/X (sky130_fd_sc_hd__a21o_2)
                                                         _0779_ (net)
                      0.040258    0.000113    9.369721 ^ _1556_/C1 (sky130_fd_sc_hd__o211a_2)
     1    0.002990    0.045537    0.151668    9.521389 ^ _1556_/X (sky130_fd_sc_hd__o211a_2)
                                                         _0049_ (net)
                      0.045537    0.000088    9.521477 ^ _1621_/D (sky130_fd_sc_hd__dfxtp_2)
                                              9.521477   data arrival time

                                 20.000000   20.000000   clock clk (rise edge)
                                  0.000000   20.000000   clock source latency
     1    0.020019    0.095798    0.065992   20.065992 ^ clk (in)
                                                         clk (net)
                      0.095807    0.000000   20.065992 ^ clkbuf_0_clk/A (sky130_fd_sc_hd__clkbuf_16)
     8    0.083957    0.100894    0.191799   20.257792 ^ clkbuf_0_clk/X (sky130_fd_sc_hd__clkbuf_16)
                                                         clknet_0_clk (net)
                      0.101071    0.002927   20.260717 ^ clkbuf_3_0__f_clk/A (sky130_fd_sc_hd__clkbuf_16)
     8    0.024064    0.045479    0.149651   20.410370 ^ clkbuf_3_0__f_clk/X (sky130_fd_sc_hd__clkbuf_16)
                                                         clknet_3_0__leaf_clk (net)
                      0.045500    0.000856   20.411224 ^ _1621_/CLK (sky130_fd_sc_hd__dfxtp_2)
                                 -0.250000   20.161226   clock uncertainty
                                  0.000000   20.161226   clock reconvergence pessimism
                                 -0.058915   20.102312   library setup time
                                             20.102312   data required time
---------------------------------------------------------------------------------------------
                                             20.102312   data required time
                                             -9.521477   data arrival time
---------------------------------------------------------------------------------------------
                                             10.580834   slack (MET)


Startpoint: _1595_ (rising edge-triggered flip-flop clocked by clk)
Endpoint: _1619_ (rising edge-triggered flip-flop clocked by clk)
Path Group: clk
Path Type: max

Fanout         Cap        Slew       Delay        Time   Description
---------------------------------------------------------------------------------------------
                                  0.000000    0.000000   clock clk (rise edge)
                                  0.000000    0.000000   clock source latency
     1    0.020019    0.095798    0.065992    0.065992 ^ clk (in)
                                                         clk (net)
                      0.095807    0.000000    0.065992 ^ clkbuf_0_clk/A (sky130_fd_sc_hd__clkbuf_16)
     8    0.083957    0.100894    0.191798    0.257790 ^ clkbuf_0_clk/X (sky130_fd_sc_hd__clkbuf_16)
                                                         clknet_0_clk (net)
                      0.101100    0.003229    0.261019 ^ clkbuf_3_6__f_clk/A (sky130_fd_sc_hd__clkbuf_16)
     8    0.024440    0.045835    0.149878    0.410897 ^ clkbuf_3_6__f_clk/X (sky130_fd_sc_hd__clkbuf_16)
                                                         clknet_3_6__leaf_clk (net)
                      0.045854    0.000855    0.411752 ^ _1595_/CLK (sky130_fd_sc_hd__dfxtp_2)
     1    0.002493    0.021961    0.300958    0.712710 v _1595_/Q (sky130_fd_sc_hd__dfxtp_2)
                                                         u_dp.b_q[3] (net)
                      0.021961    0.000071    0.712781 v fanout51/A (sky130_fd_sc_hd__clkdlybuf4s25_1)
     7    0.050541    0.371733    0.489012    1.201794 v fanout51/X (sky130_fd_sc_hd__clkdlybuf4s25_1)
                                                         net51 (net)
                      0.371738    0.001740    1.203534 v fanout50/A (sky130_fd_sc_hd__clkdlybuf4s25_1)
    10    0.043519    0.321313    0.570825    1.774359 v fanout50/X (sky130_fd_sc_hd__clkdlybuf4s25_1)
                                                         net50 (net)
                      0.321325    0.002185    1.776544 v _0808_/B (sky130_fd_sc_hd__and3_2)
     3    0.009170    0.053183    0.338229    2.114773 v _0808_/X (sky130_fd_sc_hd__and3_2)
                                                         _0078_ (net)
                      0.053183    0.000234    2.115008 v _0811_/A (sky130_fd_sc_hd__or3_2)
     2    0.004020    0.081140    0.475752    2.590760 v _0811_/X (sky130_fd_sc_hd__or3_2)
                                                         _0081_ (net)
                      0.081140    0.000095    2.590855 v _0812_/B (sky130_fd_sc_hd__and2b_2)
     1    0.003824    0.038453    0.205531    2.796386 v _0812_/X (sky130_fd_sc_hd__and2b_2)
                                                         _0082_ (net)
                      0.038453    0.000135    2.796521 v fanout22/A (sky130_fd_sc_hd__clkdlybuf4s25_1)
     9    0.063180    0.461744    0.562189    3.358711 v fanout22/X (sky130_fd_sc_hd__clkdlybuf4s25_1)
                                                         net22 (net)
                      0.461777    0.004019    3.362730 v fanout21/A (sky130_fd_sc_hd__clkdlybuf4s25_1)
     7    0.053964    0.395844    0.645268    4.007998 v fanout21/X (sky130_fd_sc_hd__clkdlybuf4s25_1)
                                                         net21 (net)
                      0.395880    0.003796    4.011794 v fanout20/A (sky130_fd_sc_hd__clkdlybuf4s25_1)
    10    0.069169    0.504115    0.711326    4.723120 v fanout20/X (sky130_fd_sc_hd__clkdlybuf4s25_1)
                                                         net20 (net)
                      0.504123    0.002511    4.725631 v _0890_/A (sky130_fd_sc_hd__xor2_2)
     2    0.007062    0.127849    0.321657    5.047287 v _0890_/X (sky130_fd_sc_hd__xor2_2)
                                                         _0160_ (net)
                      0.127849    0.000139    5.047426 v _0893_/B (sky130_fd_sc_hd__or2_2)
     1    0.001862    0.050668    0.291702    5.339128 v _0893_/X (sky130_fd_sc_hd__or2_2)
                                                         _0163_ (net)
                      0.050668    0.000052    5.339180 v _0894_/B (sky130_fd_sc_hd__and2_2)
     3    0.020470    0.073786    0.234345    5.573525 v _0894_/X (sky130_fd_sc_hd__and2_2)
                                                         _0164_ (net)
                      0.073786    0.000351    5.573876 v _0895_/B (sky130_fd_sc_hd__nor2_2)
     2    0.015713    0.189144    0.177297    5.751173 ^ _0895_/Y (sky130_fd_sc_hd__nor2_2)
                                                         _0165_ (net)
                      0.189144    0.000106    5.751280 ^ _0896_/B (sky130_fd_sc_hd__xor2_2)
     2    0.013959    0.207190    0.230024    5.981303 ^ _0896_/X (sky130_fd_sc_hd__xor2_2)
                                                         _0166_ (net)
                      0.207190    0.000385    5.981688 ^ _0901_/B (sky130_fd_sc_hd__xnor2_2)
     2    0.006487    0.068856    0.092559    6.074247 v _0901_/Y (sky130_fd_sc_hd__xnor2_2)
                                                         _0171_ (net)
                      0.068856    0.000103    6.074351 v _0983_/A (sky130_fd_sc_hd__and2_2)
     1    0.004936    0.041992    0.181087    6.255438 v _0983_/X (sky130_fd_sc_hd__and2_2)
                                                         _0253_ (net)
                      0.041992    0.000148    6.255586 v _0984_/B (sky130_fd_sc_hd__nor2_2)
     2    0.015786    0.189894    0.165849    6.421435 ^ _0984_/Y (sky130_fd_sc_hd__nor2_2)
                                                         _0254_ (net)
                      0.189895    0.000430    6.421865 ^ _0985_/B (sky130_fd_sc_hd__xor2_2)
     2    0.015119    0.219624    0.239414    6.661279 ^ _0985_/X (sky130_fd_sc_hd__xor2_2)
                                                         _0255_ (net)
                      0.219624    0.000314    6.661592 ^ _0992_/A (sky130_fd_sc_hd__nand2_2)
     2    0.004928    0.060393    0.073158    6.734751 v _0992_/Y (sky130_fd_sc_hd__nand2_2)
                                                         _0262_ (net)
                      0.060393    0.000109    6.734859 v _0994_/A_N (sky130_fd_sc_hd__nand2b_2)
     1    0.002740    0.039900    0.170718    6.905578 v _0994_/Y (sky130_fd_sc_hd__nand2b_2)
                                                         _0264_ (net)
                      0.039900    0.000078    6.905656 v _1388_/A1 (sky130_fd_sc_hd__o221a_2)
     4    0.017480    0.080703    0.325656    7.231312 v _1388_/X (sky130_fd_sc_hd__o221a_2)
                                                         _0658_ (net)
                      0.080710    0.000835    7.232147 v _1393_/A2 (sky130_fd_sc_hd__o31ai_2)
     3    0.011202    0.297213    0.319600    7.551747 ^ _1393_/Y (sky130_fd_sc_hd__o31ai_2)
                                                         _0663_ (net)
                      0.297213    0.000445    7.552192 ^ _1394_/B (sky130_fd_sc_hd__nand2_2)
     2    0.008171    0.072263    0.105562    7.657754 v _1394_/Y (sky130_fd_sc_hd__nand2_2)
                                                         _0664_ (net)
                      0.072263    0.000226    7.657980 v _1405_/A2 (sky130_fd_sc_hd__o211ai_2)
     5    0.030603    0.389692    0.347535    8.005516 ^ _1405_/Y (sky130_fd_sc_hd__o211ai_2)
                                                         _0675_ (net)
                      0.389694    0.000759    8.006274 ^ _1473_/A1 (sky130_fd_sc_hd__a21bo_2)
     1    0.004277    0.043832    0.200211    8.206485 ^ _1473_/X (sky130_fd_sc_hd__a21bo_2)
                                                         _0718_ (net)
                      0.043832    0.000112    8.206596 ^ fanout16/A (sky130_fd_sc_hd__clkdlybuf4s25_1)
     5    0.027304    0.278356    0.410966    8.617562 ^ fanout16/X (sky130_fd_sc_hd__clkdlybuf4s25_1)
                                                         net16 (net)
                      0.278356    0.000368    8.617929 ^ fanout14/A (sky130_fd_sc_hd__clkdlybuf4s25_1)
    10    0.045148    0.452198    0.597357    9.215286 ^ fanout14/X (sky130_fd_sc_hd__clkdlybuf4s25_1)
                                                         net14 (net)
                      0.452198    0.001494    9.216781 ^ _1548_/B1 (sky130_fd_sc_hd__a21o_2)
     1    0.003942    0.041799    0.155121    9.371902 ^ _1548_/X (sky130_fd_sc_hd__a21o_2)
                                                         _0774_ (net)
                      0.041799    0.000126    9.372027 ^ _1549_/C1 (sky130_fd_sc_hd__o211a_2)
     1    0.002094    0.041182    0.146623    9.518651 ^ _1549_/X (sky130_fd_sc_hd__o211a_2)
                                                         _0047_ (net)
                      0.041182    0.000060    9.518711 ^ _1619_/D (sky130_fd_sc_hd__dfxtp_2)
                                              9.518711   data arrival time

                                 20.000000   20.000000   clock clk (rise edge)
                                  0.000000   20.000000   clock source latency
     1    0.020019    0.095798    0.065992   20.065992 ^ clk (in)
                                                         clk (net)
                      0.095807    0.000000   20.065992 ^ clkbuf_0_clk/A (sky130_fd_sc_hd__clkbuf_16)
     8    0.083957    0.100894    0.191799   20.257792 ^ clkbuf_0_clk/X (sky130_fd_sc_hd__clkbuf_16)
                                                         clknet_0_clk (net)
                      0.101071    0.002927   20.260717 ^ clkbuf_3_0__f_clk/A (sky130_fd_sc_hd__clkbuf_16)
     8    0.024064    0.045479    0.149651   20.410370 ^ clkbuf_3_0__f_clk/X (sky130_fd_sc_hd__clkbuf_16)
                                                         clknet_3_0__leaf_clk (net)
                      0.045501    0.000869   20.411238 ^ _1619_/CLK (sky130_fd_sc_hd__dfxtp_2)
                                 -0.250000   20.161238   clock uncertainty
                                  0.000000   20.161238   clock reconvergence pessimism
                                 -0.057888   20.103352   library setup time
                                             20.103352   data required time
---------------------------------------------------------------------------------------------
                                             20.103352   data required time
                                             -9.518711   data arrival time
---------------------------------------------------------------------------------------------
                                             10.584640   slack (MET)


Startpoint: _1595_ (rising edge-triggered flip-flop clocked by clk)
Endpoint: _1610_ (rising edge-triggered flip-flop clocked by clk)
Path Group: clk
Path Type: max

Fanout         Cap        Slew       Delay        Time   Description
---------------------------------------------------------------------------------------------
                                  0.000000    0.000000   clock clk (rise edge)
                                  0.000000    0.000000   clock source latency
     1    0.020019    0.095798    0.065992    0.065992 ^ clk (in)
                                                         clk (net)
                      0.095807    0.000000    0.065992 ^ clkbuf_0_clk/A (sky130_fd_sc_hd__clkbuf_16)
     8    0.083957    0.100894    0.191798    0.257790 ^ clkbuf_0_clk/X (sky130_fd_sc_hd__clkbuf_16)
                                                         clknet_0_clk (net)
                      0.101100    0.003229    0.261019 ^ clkbuf_3_6__f_clk/A (sky130_fd_sc_hd__clkbuf_16)
     8    0.024440    0.045835    0.149878    0.410897 ^ clkbuf_3_6__f_clk/X (sky130_fd_sc_hd__clkbuf_16)
                                                         clknet_3_6__leaf_clk (net)
                      0.045854    0.000855    0.411752 ^ _1595_/CLK (sky130_fd_sc_hd__dfxtp_2)
     1    0.002493    0.021961    0.300958    0.712710 v _1595_/Q (sky130_fd_sc_hd__dfxtp_2)
                                                         u_dp.b_q[3] (net)
                      0.021961    0.000071    0.712781 v fanout51/A (sky130_fd_sc_hd__clkdlybuf4s25_1)
     7    0.050541    0.371733    0.489012    1.201794 v fanout51/X (sky130_fd_sc_hd__clkdlybuf4s25_1)
                                                         net51 (net)
                      0.371738    0.001740    1.203534 v fanout50/A (sky130_fd_sc_hd__clkdlybuf4s25_1)
    10    0.043519    0.321313    0.570825    1.774359 v fanout50/X (sky130_fd_sc_hd__clkdlybuf4s25_1)
                                                         net50 (net)
                      0.321325    0.002185    1.776544 v _0808_/B (sky130_fd_sc_hd__and3_2)
     3    0.009170    0.053183    0.338229    2.114773 v _0808_/X (sky130_fd_sc_hd__and3_2)
                                                         _0078_ (net)
                      0.053183    0.000234    2.115008 v _0811_/A (sky130_fd_sc_hd__or3_2)
     2    0.004020    0.081140    0.475752    2.590760 v _0811_/X (sky130_fd_sc_hd__or3_2)
                                                         _0081_ (net)
                      0.081140    0.000095    2.590855 v _0812_/B (sky130_fd_sc_hd__and2b_2)
     1    0.003824    0.038453    0.205531    2.796386 v _0812_/X (sky130_fd_sc_hd__and2b_2)
                                                         _0082_ (net)
                      0.038453    0.000135    2.796521 v fanout22/A (sky130_fd_sc_hd__clkdlybuf4s25_1)
     9    0.063180    0.461744    0.562189    3.358711 v fanout22/X (sky130_fd_sc_hd__clkdlybuf4s25_1)
                                                         net22 (net)
                      0.461777    0.004019    3.362730 v fanout21/A (sky130_fd_sc_hd__clkdlybuf4s25_1)
     7    0.053964    0.395844    0.645268    4.007998 v fanout21/X (sky130_fd_sc_hd__clkdlybuf4s25_1)
                                                         net21 (net)
                      0.395880    0.003796    4.011794 v fanout20/A (sky130_fd_sc_hd__clkdlybuf4s25_1)
    10    0.069169    0.504115    0.711326    4.723120 v fanout20/X (sky130_fd_sc_hd__clkdlybuf4s25_1)
                                                         net20 (net)
                      0.504123    0.002511    4.725631 v _0890_/A (sky130_fd_sc_hd__xor2_2)
     2    0.007062    0.127849    0.321657    5.047287 v _0890_/X (sky130_fd_sc_hd__xor2_2)
                                                         _0160_ (net)
                      0.127849    0.000139    5.047426 v _0893_/B (sky130_fd_sc_hd__or2_2)
     1    0.001862    0.050668    0.291702    5.339128 v _0893_/X (sky130_fd_sc_hd__or2_2)
                                                         _0163_ (net)
                      0.050668    0.000052    5.339180 v _0894_/B (sky130_fd_sc_hd__and2_2)
     3    0.020470    0.073786    0.234345    5.573525 v _0894_/X (sky130_fd_sc_hd__and2_2)
                                                         _0164_ (net)
                      0.073786    0.000351    5.573876 v _0895_/B (sky130_fd_sc_hd__nor2_2)
     2    0.015713    0.189144    0.177297    5.751173 ^ _0895_/Y (sky130_fd_sc_hd__nor2_2)
                                                         _0165_ (net)
                      0.189144    0.000106    5.751280 ^ _0896_/B (sky130_fd_sc_hd__xor2_2)
     2    0.013959    0.207190    0.230024    5.981303 ^ _0896_/X (sky130_fd_sc_hd__xor2_2)
                                                         _0166_ (net)
                      0.207190    0.000385    5.981688 ^ _0901_/B (sky130_fd_sc_hd__xnor2_2)
     2    0.006487    0.068856    0.092559    6.074247 v _0901_/Y (sky130_fd_sc_hd__xnor2_2)
                                                         _0171_ (net)
                      0.068856    0.000103    6.074351 v _0983_/A (sky130_fd_sc_hd__and2_2)
     1    0.004936    0.041992    0.181087    6.255438 v _0983_/X (sky130_fd_sc_hd__and2_2)
                                                         _0253_ (net)
                      0.041992    0.000148    6.255586 v _0984_/B (sky130_fd_sc_hd__nor2_2)
     2    0.015786    0.189894    0.165849    6.421435 ^ _0984_/Y (sky130_fd_sc_hd__nor2_2)
                                                         _0254_ (net)
                      0.189895    0.000430    6.421865 ^ _0985_/B (sky130_fd_sc_hd__xor2_2)
     2    0.015119    0.219624    0.239414    6.661279 ^ _0985_/X (sky130_fd_sc_hd__xor2_2)
                                                         _0255_ (net)
                      0.219624    0.000314    6.661592 ^ _0992_/A (sky130_fd_sc_hd__nand2_2)
     2    0.004928    0.060393    0.073158    6.734751 v _0992_/Y (sky130_fd_sc_hd__nand2_2)
                                                         _0262_ (net)
                      0.060393    0.000109    6.734859 v _0994_/A_N (sky130_fd_sc_hd__nand2b_2)
     1    0.002740    0.039900    0.170718    6.905578 v _0994_/Y (sky130_fd_sc_hd__nand2b_2)
                                                         _0264_ (net)
                      0.039900    0.000078    6.905656 v _1388_/A1 (sky130_fd_sc_hd__o221a_2)
     4    0.017480    0.080703    0.325656    7.231312 v _1388_/X (sky130_fd_sc_hd__o221a_2)
                                                         _0658_ (net)
                      0.080710    0.000835    7.232147 v _1393_/A2 (sky130_fd_sc_hd__o31ai_2)
     3    0.011202    0.297213    0.319600    7.551747 ^ _1393_/Y (sky130_fd_sc_hd__o31ai_2)
                                                         _0663_ (net)
                      0.297213    0.000445    7.552192 ^ _1394_/B (sky130_fd_sc_hd__nand2_2)
     2    0.008171    0.072263    0.105562    7.657754 v _1394_/Y (sky130_fd_sc_hd__nand2_2)
                                                         _0664_ (net)
                      0.072263    0.000226    7.657980 v _1405_/A2 (sky130_fd_sc_hd__o211ai_2)
     5    0.030603    0.389692    0.347535    8.005516 ^ _1405_/Y (sky130_fd_sc_hd__o211ai_2)
                                                         _0675_ (net)
                      0.389694    0.000759    8.006274 ^ _1473_/A1 (sky130_fd_sc_hd__a21bo_2)
     1    0.004277    0.043832    0.200211    8.206485 ^ _1473_/X (sky130_fd_sc_hd__a21bo_2)
                                                         _0718_ (net)
                      0.043832    0.000112    8.206596 ^ fanout16/A (sky130_fd_sc_hd__clkdlybuf4s25_1)
     5    0.027304    0.278356    0.410966    8.617562 ^ fanout16/X (sky130_fd_sc_hd__clkdlybuf4s25_1)
                                                         net16 (net)
                      0.278356    0.000368    8.617929 ^ fanout14/A (sky130_fd_sc_hd__clkdlybuf4s25_1)
    10    0.045148    0.452198    0.597357    9.215286 ^ fanout14/X (sky130_fd_sc_hd__clkdlybuf4s25_1)
                                                         net14 (net)
                      0.452200    0.001810    9.217096 ^ _1510_/B1 (sky130_fd_sc_hd__a21o_2)
     1    0.003369    0.039499    0.151965    9.369061 ^ _1510_/X (sky130_fd_sc_hd__a21o_2)
                                                         _0745_ (net)
                      0.039499    0.000103    9.369164 ^ _1511_/C1 (sky130_fd_sc_hd__o211a_2)
     1    0.002234    0.042025    0.146779    9.515943 ^ _1511_/X (sky130_fd_sc_hd__o211a_2)
                                                         _0038_ (net)
                      0.042025    0.000064    9.516006 ^ _1610_/D (sky130_fd_sc_hd__dfxtp_2)
                                              9.516006   data arrival time

                                 20.000000   20.000000   clock clk (rise edge)
                                  0.000000   20.000000   clock source latency
     1    0.020019    0.095798    0.065992   20.065992 ^ clk (in)
                                                         clk (net)
                      0.095807    0.000000   20.065992 ^ clkbuf_0_clk/A (sky130_fd_sc_hd__clkbuf_16)
     8    0.083957    0.100894    0.191799   20.257792 ^ clkbuf_0_clk/X (sky130_fd_sc_hd__clkbuf_16)
                                                         clknet_0_clk (net)
                      0.101068    0.002895   20.260687 ^ clkbuf_3_1__f_clk/A (sky130_fd_sc_hd__clkbuf_16)
     8    0.023578    0.045034    0.149294   20.409981 ^ clkbuf_3_1__f_clk/X (sky130_fd_sc_hd__clkbuf_16)
                                                         clknet_3_1__leaf_clk (net)
                      0.045037    0.000410   20.410391 ^ _1610_/CLK (sky130_fd_sc_hd__dfxtp_2)
                                 -0.250000   20.160391   clock uncertainty
                                  0.000000   20.160391   clock reconvergence pessimism
                                 -0.058155   20.102236   library setup time
                                             20.102236   data required time
---------------------------------------------------------------------------------------------
                                             20.102236   data required time
                                             -9.516006   data arrival time
---------------------------------------------------------------------------------------------
                                             10.586228   slack (MET)


Startpoint: _1595_ (rising edge-triggered flip-flop clocked by clk)
Endpoint: _1615_ (rising edge-triggered flip-flop clocked by clk)
Path Group: clk
Path Type: max

Fanout         Cap        Slew       Delay        Time   Description
---------------------------------------------------------------------------------------------
                                  0.000000    0.000000   clock clk (rise edge)
                                  0.000000    0.000000   clock source latency
     1    0.020019    0.095798    0.065992    0.065992 ^ clk (in)
                                                         clk (net)
                      0.095807    0.000000    0.065992 ^ clkbuf_0_clk/A (sky130_fd_sc_hd__clkbuf_16)
     8    0.083957    0.100894    0.191798    0.257790 ^ clkbuf_0_clk/X (sky130_fd_sc_hd__clkbuf_16)
                                                         clknet_0_clk (net)
                      0.101100    0.003229    0.261019 ^ clkbuf_3_6__f_clk/A (sky130_fd_sc_hd__clkbuf_16)
     8    0.024440    0.045835    0.149878    0.410897 ^ clkbuf_3_6__f_clk/X (sky130_fd_sc_hd__clkbuf_16)
                                                         clknet_3_6__leaf_clk (net)
                      0.045854    0.000855    0.411752 ^ _1595_/CLK (sky130_fd_sc_hd__dfxtp_2)
     1    0.002493    0.021961    0.300958    0.712710 v _1595_/Q (sky130_fd_sc_hd__dfxtp_2)
                                                         u_dp.b_q[3] (net)
                      0.021961    0.000071    0.712781 v fanout51/A (sky130_fd_sc_hd__clkdlybuf4s25_1)
     7    0.050541    0.371733    0.489012    1.201794 v fanout51/X (sky130_fd_sc_hd__clkdlybuf4s25_1)
                                                         net51 (net)
                      0.371738    0.001740    1.203534 v fanout50/A (sky130_fd_sc_hd__clkdlybuf4s25_1)
    10    0.043519    0.321313    0.570825    1.774359 v fanout50/X (sky130_fd_sc_hd__clkdlybuf4s25_1)
                                                         net50 (net)
                      0.321325    0.002185    1.776544 v _0808_/B (sky130_fd_sc_hd__and3_2)
     3    0.009170    0.053183    0.338229    2.114773 v _0808_/X (sky130_fd_sc_hd__and3_2)
                                                         _0078_ (net)
                      0.053183    0.000234    2.115008 v _0811_/A (sky130_fd_sc_hd__or3_2)
     2    0.004020    0.081140    0.475752    2.590760 v _0811_/X (sky130_fd_sc_hd__or3_2)
                                                         _0081_ (net)
                      0.081140    0.000095    2.590855 v _0812_/B (sky130_fd_sc_hd__and2b_2)
     1    0.003824    0.038453    0.205531    2.796386 v _0812_/X (sky130_fd_sc_hd__and2b_2)
                                                         _0082_ (net)
                      0.038453    0.000135    2.796521 v fanout22/A (sky130_fd_sc_hd__clkdlybuf4s25_1)
     9    0.063180    0.461744    0.562189    3.358711 v fanout22/X (sky130_fd_sc_hd__clkdlybuf4s25_1)
                                                         net22 (net)
                      0.461777    0.004019    3.362730 v fanout21/A (sky130_fd_sc_hd__clkdlybuf4s25_1)
     7    0.053964    0.395844    0.645268    4.007998 v fanout21/X (sky130_fd_sc_hd__clkdlybuf4s25_1)
                                                         net21 (net)
                      0.395880    0.003796    4.011794 v fanout20/A (sky130_fd_sc_hd__clkdlybuf4s25_1)
    10    0.069169    0.504115    0.711326    4.723120 v fanout20/X (sky130_fd_sc_hd__clkdlybuf4s25_1)
                                                         net20 (net)
                      0.504123    0.002511    4.725631 v _0890_/A (sky130_fd_sc_hd__xor2_2)
     2    0.007062    0.127849    0.321657    5.047287 v _0890_/X (sky130_fd_sc_hd__xor2_2)
                                                         _0160_ (net)
                      0.127849    0.000139    5.047426 v _0893_/B (sky130_fd_sc_hd__or2_2)
     1    0.001862    0.050668    0.291702    5.339128 v _0893_/X (sky130_fd_sc_hd__or2_2)
                                                         _0163_ (net)
                      0.050668    0.000052    5.339180 v _0894_/B (sky130_fd_sc_hd__and2_2)
     3    0.020470    0.073786    0.234345    5.573525 v _0894_/X (sky130_fd_sc_hd__and2_2)
                                                         _0164_ (net)
                      0.073786    0.000351    5.573876 v _0895_/B (sky130_fd_sc_hd__nor2_2)
     2    0.015713    0.189144    0.177297    5.751173 ^ _0895_/Y (sky130_fd_sc_hd__nor2_2)
                                                         _0165_ (net)
                      0.189144    0.000106    5.751280 ^ _0896_/B (sky130_fd_sc_hd__xor2_2)
     2    0.013959    0.207190    0.230024    5.981303 ^ _0896_/X (sky130_fd_sc_hd__xor2_2)
                                                         _0166_ (net)
                      0.207190    0.000385    5.981688 ^ _0901_/B (sky130_fd_sc_hd__xnor2_2)
     2    0.006487    0.068856    0.092559    6.074247 v _0901_/Y (sky130_fd_sc_hd__xnor2_2)
                                                         _0171_ (net)
                      0.068856    0.000103    6.074351 v _0983_/A (sky130_fd_sc_hd__and2_2)
     1    0.004936    0.041992    0.181087    6.255438 v _0983_/X (sky130_fd_sc_hd__and2_2)
                                                         _0253_ (net)
                      0.041992    0.000148    6.255586 v _0984_/B (sky130_fd_sc_hd__nor2_2)
     2    0.015786    0.189894    0.165849    6.421435 ^ _0984_/Y (sky130_fd_sc_hd__nor2_2)
                                                         _0254_ (net)
                      0.189895    0.000430    6.421865 ^ _0985_/B (sky130_fd_sc_hd__xor2_2)
     2    0.015119    0.219624    0.239414    6.661279 ^ _0985_/X (sky130_fd_sc_hd__xor2_2)
                                                         _0255_ (net)
                      0.219624    0.000314    6.661592 ^ _0992_/A (sky130_fd_sc_hd__nand2_2)
     2    0.004928    0.060393    0.073158    6.734751 v _0992_/Y (sky130_fd_sc_hd__nand2_2)
                                                         _0262_ (net)
                      0.060393    0.000109    6.734859 v _0994_/A_N (sky130_fd_sc_hd__nand2b_2)
     1    0.002740    0.039900    0.170718    6.905578 v _0994_/Y (sky130_fd_sc_hd__nand2b_2)
                                                         _0264_ (net)
                      0.039900    0.000078    6.905656 v _1388_/A1 (sky130_fd_sc_hd__o221a_2)
     4    0.017480    0.080703    0.325656    7.231312 v _1388_/X (sky130_fd_sc_hd__o221a_2)
                                                         _0658_ (net)
                      0.080710    0.000835    7.232147 v _1393_/A2 (sky130_fd_sc_hd__o31ai_2)
     3    0.011202    0.297213    0.319600    7.551747 ^ _1393_/Y (sky130_fd_sc_hd__o31ai_2)
                                                         _0663_ (net)
                      0.297213    0.000445    7.552192 ^ _1394_/B (sky130_fd_sc_hd__nand2_2)
     2    0.008171    0.072263    0.105562    7.657754 v _1394_/Y (sky130_fd_sc_hd__nand2_2)
                                                         _0664_ (net)
                      0.072263    0.000226    7.657980 v _1405_/A2 (sky130_fd_sc_hd__o211ai_2)
     5    0.030603    0.389692    0.347535    8.005516 ^ _1405_/Y (sky130_fd_sc_hd__o211ai_2)
                                                         _0675_ (net)
                      0.389694    0.000759    8.006274 ^ _1473_/A1 (sky130_fd_sc_hd__a21bo_2)
     1    0.004277    0.043832    0.200211    8.206485 ^ _1473_/X (sky130_fd_sc_hd__a21bo_2)
                                                         _0718_ (net)
                      0.043832    0.000112    8.206596 ^ fanout16/A (sky130_fd_sc_hd__clkdlybuf4s25_1)
     5    0.027304    0.278356    0.410966    8.617562 ^ fanout16/X (sky130_fd_sc_hd__clkdlybuf4s25_1)
                                                         net16 (net)
                      0.278356    0.000368    8.617929 ^ fanout14/A (sky130_fd_sc_hd__clkdlybuf4s25_1)
    10    0.045148    0.452198    0.597357    9.215286 ^ fanout14/X (sky130_fd_sc_hd__clkdlybuf4s25_1)
                                                         net14 (net)
                      0.452200    0.001814    9.217100 ^ _1532_/B1 (sky130_fd_sc_hd__a21o_2)
     1    0.003017    0.038268    0.150030    9.367130 ^ _1532_/X (sky130_fd_sc_hd__a21o_2)
                                                         _0762_ (net)
                      0.038268    0.000090    9.367220 ^ _1533_/C1 (sky130_fd_sc_hd__o211a_2)
     1    0.002149    0.042308    0.145877    9.513097 ^ _1533_/X (sky130_fd_sc_hd__o211a_2)
                                                         _0043_ (net)
                      0.042308    0.000061    9.513159 ^ _1615_/D (sky130_fd_sc_hd__dfxtp_2)
                                              9.513159   data arrival time

                                 20.000000   20.000000   clock clk (rise edge)
                                  0.000000   20.000000   clock source latency
     1    0.020019    0.095798    0.065992   20.065992 ^ clk (in)
                                                         clk (net)
                      0.095807    0.000000   20.065992 ^ clkbuf_0_clk/A (sky130_fd_sc_hd__clkbuf_16)
     8    0.083957    0.100894    0.191799   20.257792 ^ clkbuf_0_clk/X (sky130_fd_sc_hd__clkbuf_16)
                                                         clknet_0_clk (net)
                      0.101068    0.002895   20.260687 ^ clkbuf_3_1__f_clk/A (sky130_fd_sc_hd__clkbuf_16)
     8    0.023578    0.045034    0.149294   20.409981 ^ clkbuf_3_1__f_clk/X (sky130_fd_sc_hd__clkbuf_16)
                                                         clknet_3_1__leaf_clk (net)
                      0.045040    0.000499   20.410479 ^ _1615_/CLK (sky130_fd_sc_hd__dfxtp_2)
                                 -0.250000   20.160480   clock uncertainty
                                  0.000000   20.160480   clock reconvergence pessimism
                                 -0.058222   20.102259   library setup time
                                             20.102259   data required time
---------------------------------------------------------------------------------------------
                                             20.102259   data required time
                                             -9.513159   data arrival time
---------------------------------------------------------------------------------------------
                                             10.589100   slack (MET)


Startpoint: _1595_ (rising edge-triggered flip-flop clocked by clk)
Endpoint: _1602_ (rising edge-triggered flip-flop clocked by clk)
Path Group: clk
Path Type: max

Fanout         Cap        Slew       Delay        Time   Description
---------------------------------------------------------------------------------------------
                                  0.000000    0.000000   clock clk (rise edge)
                                  0.000000    0.000000   clock source latency
     1    0.020019    0.095798    0.065992    0.065992 ^ clk (in)
                                                         clk (net)
                      0.095807    0.000000    0.065992 ^ clkbuf_0_clk/A (sky130_fd_sc_hd__clkbuf_16)
     8    0.083957    0.100894    0.191798    0.257790 ^ clkbuf_0_clk/X (sky130_fd_sc_hd__clkbuf_16)
                                                         clknet_0_clk (net)
                      0.101100    0.003229    0.261019 ^ clkbuf_3_6__f_clk/A (sky130_fd_sc_hd__clkbuf_16)
     8    0.024440    0.045835    0.149878    0.410897 ^ clkbuf_3_6__f_clk/X (sky130_fd_sc_hd__clkbuf_16)
                                                         clknet_3_6__leaf_clk (net)
                      0.045854    0.000855    0.411752 ^ _1595_/CLK (sky130_fd_sc_hd__dfxtp_2)
     1    0.002493    0.021961    0.300958    0.712710 v _1595_/Q (sky130_fd_sc_hd__dfxtp_2)
                                                         u_dp.b_q[3] (net)
                      0.021961    0.000071    0.712781 v fanout51/A (sky130_fd_sc_hd__clkdlybuf4s25_1)
     7    0.050541    0.371733    0.489012    1.201794 v fanout51/X (sky130_fd_sc_hd__clkdlybuf4s25_1)
                                                         net51 (net)
                      0.371738    0.001740    1.203534 v fanout50/A (sky130_fd_sc_hd__clkdlybuf4s25_1)
    10    0.043519    0.321313    0.570825    1.774359 v fanout50/X (sky130_fd_sc_hd__clkdlybuf4s25_1)
                                                         net50 (net)
                      0.321325    0.002185    1.776544 v _0808_/B (sky130_fd_sc_hd__and3_2)
     3    0.009170    0.053183    0.338229    2.114773 v _0808_/X (sky130_fd_sc_hd__and3_2)
                                                         _0078_ (net)
                      0.053183    0.000234    2.115008 v _0811_/A (sky130_fd_sc_hd__or3_2)
     2    0.004020    0.081140    0.475752    2.590760 v _0811_/X (sky130_fd_sc_hd__or3_2)
                                                         _0081_ (net)
                      0.081140    0.000095    2.590855 v _0812_/B (sky130_fd_sc_hd__and2b_2)
     1    0.003824    0.038453    0.205531    2.796386 v _0812_/X (sky130_fd_sc_hd__and2b_2)
                                                         _0082_ (net)
                      0.038453    0.000135    2.796521 v fanout22/A (sky130_fd_sc_hd__clkdlybuf4s25_1)
     9    0.063180    0.461744    0.562189    3.358711 v fanout22/X (sky130_fd_sc_hd__clkdlybuf4s25_1)
                                                         net22 (net)
                      0.461777    0.004019    3.362730 v fanout21/A (sky130_fd_sc_hd__clkdlybuf4s25_1)
     7    0.053964    0.395844    0.645268    4.007998 v fanout21/X (sky130_fd_sc_hd__clkdlybuf4s25_1)
                                                         net21 (net)
                      0.395880    0.003796    4.011794 v fanout20/A (sky130_fd_sc_hd__clkdlybuf4s25_1)
    10    0.069169    0.504115    0.711326    4.723120 v fanout20/X (sky130_fd_sc_hd__clkdlybuf4s25_1)
                                                         net20 (net)
                      0.504123    0.002511    4.725631 v _0890_/A (sky130_fd_sc_hd__xor2_2)
     2    0.007062    0.127849    0.321657    5.047287 v _0890_/X (sky130_fd_sc_hd__xor2_2)
                                                         _0160_ (net)
                      0.127849    0.000139    5.047426 v _0893_/B (sky130_fd_sc_hd__or2_2)
     1    0.001862    0.050668    0.291702    5.339128 v _0893_/X (sky130_fd_sc_hd__or2_2)
                                                         _0163_ (net)
                      0.050668    0.000052    5.339180 v _0894_/B (sky130_fd_sc_hd__and2_2)
     3    0.020470    0.073786    0.234345    5.573525 v _0894_/X (sky130_fd_sc_hd__and2_2)
                                                         _0164_ (net)
                      0.073786    0.000351    5.573876 v _0895_/B (sky130_fd_sc_hd__nor2_2)
     2    0.015713    0.189144    0.177297    5.751173 ^ _0895_/Y (sky130_fd_sc_hd__nor2_2)
                                                         _0165_ (net)
                      0.189144    0.000106    5.751280 ^ _0896_/B (sky130_fd_sc_hd__xor2_2)
     2    0.013959    0.207190    0.230024    5.981303 ^ _0896_/X (sky130_fd_sc_hd__xor2_2)
                                                         _0166_ (net)
                      0.207190    0.000385    5.981688 ^ _0901_/B (sky130_fd_sc_hd__xnor2_2)
     2    0.006487    0.068856    0.092559    6.074247 v _0901_/Y (sky130_fd_sc_hd__xnor2_2)
                                                         _0171_ (net)
                      0.068856    0.000103    6.074351 v _0983_/A (sky130_fd_sc_hd__and2_2)
     1    0.004936    0.041992    0.181087    6.255438 v _0983_/X (sky130_fd_sc_hd__and2_2)
                                                         _0253_ (net)
                      0.041992    0.000148    6.255586 v _0984_/B (sky130_fd_sc_hd__nor2_2)
     2    0.015786    0.189894    0.165849    6.421435 ^ _0984_/Y (sky130_fd_sc_hd__nor2_2)
                                                         _0254_ (net)
                      0.189895    0.000430    6.421865 ^ _0985_/B (sky130_fd_sc_hd__xor2_2)
     2    0.015119    0.219624    0.239414    6.661279 ^ _0985_/X (sky130_fd_sc_hd__xor2_2)
                                                         _0255_ (net)
                      0.219624    0.000314    6.661592 ^ _0992_/A (sky130_fd_sc_hd__nand2_2)
     2    0.004928    0.060393    0.073158    6.734751 v _0992_/Y (sky130_fd_sc_hd__nand2_2)
                                                         _0262_ (net)
                      0.060393    0.000109    6.734859 v _0994_/A_N (sky130_fd_sc_hd__nand2b_2)
     1    0.002740    0.039900    0.170718    6.905578 v _0994_/Y (sky130_fd_sc_hd__nand2b_2)
                                                         _0264_ (net)
                      0.039900    0.000078    6.905656 v _1388_/A1 (sky130_fd_sc_hd__o221a_2)
     4    0.017480    0.080703    0.325656    7.231312 v _1388_/X (sky130_fd_sc_hd__o221a_2)
                                                         _0658_ (net)
                      0.080710    0.000835    7.232147 v _1393_/A2 (sky130_fd_sc_hd__o31ai_2)
     3    0.011202    0.297213    0.319600    7.551747 ^ _1393_/Y (sky130_fd_sc_hd__o31ai_2)
                                                         _0663_ (net)
                      0.297213    0.000445    7.552192 ^ _1394_/B (sky130_fd_sc_hd__nand2_2)
     2    0.008171    0.072263    0.105562    7.657754 v _1394_/Y (sky130_fd_sc_hd__nand2_2)
                                                         _0664_ (net)
                      0.072263    0.000226    7.657980 v _1405_/A2 (sky130_fd_sc_hd__o211ai_2)
     5    0.030603    0.389692    0.347535    8.005516 ^ _1405_/Y (sky130_fd_sc_hd__o211ai_2)
                                                         _0675_ (net)
                      0.389694    0.000759    8.006274 ^ _1473_/A1 (sky130_fd_sc_hd__a21bo_2)
     1    0.004277    0.043832    0.200211    8.206485 ^ _1473_/X (sky130_fd_sc_hd__a21bo_2)
                                                         _0718_ (net)
                      0.043832    0.000112    8.206596 ^ fanout16/A (sky130_fd_sc_hd__clkdlybuf4s25_1)
     5    0.027304    0.278356    0.410966    8.617562 ^ fanout16/X (sky130_fd_sc_hd__clkdlybuf4s25_1)
                                                         net16 (net)
                      0.278356    0.000887    8.618449 ^ fanout15/A (sky130_fd_sc_hd__clkdlybuf4s25_1)
    10    0.043532    0.436416    0.586477    9.204926 ^ fanout15/X (sky130_fd_sc_hd__clkdlybuf4s25_1)
                                                         net15 (net)
                      0.436416    0.000719    9.205646 ^ _1482_/B1 (sky130_fd_sc_hd__a31o_2)
     1    0.002491    0.043049    0.166946    9.372592 ^ _1482_/X (sky130_fd_sc_hd__a31o_2)
                                                         _0725_ (net)
                      0.043049    0.000047    9.372639 ^ _1483_/C1 (sky130_fd_sc_hd__o211a_2)
     1    0.002249    0.042103    0.147968    9.520607 ^ _1483_/X (sky130_fd_sc_hd__o211a_2)
                                                         _0030_ (net)
                      0.042103    0.000047    9.520654 ^ _1602_/D (sky130_fd_sc_hd__dfxtp_2)
                                              9.520654   data arrival time

                                 20.000000   20.000000   clock clk (rise edge)
                                  0.000000   20.000000   clock source latency
     1    0.020019    0.095798    0.065992   20.065992 ^ clk (in)
                                                         clk (net)
                      0.095807    0.000000   20.065992 ^ clkbuf_0_clk/A (sky130_fd_sc_hd__clkbuf_16)
     8    0.083957    0.100894    0.191799   20.257792 ^ clkbuf_0_clk/X (sky130_fd_sc_hd__clkbuf_16)
                                                         clknet_0_clk (net)
                      0.101071    0.002935   20.260725 ^ clkbuf_3_3__f_clk/A (sky130_fd_sc_hd__clkbuf_16)
     8    0.031114    0.051988    0.155614   20.416340 ^ clkbuf_3_3__f_clk/X (sky130_fd_sc_hd__clkbuf_16)
                                                         clknet_3_3__leaf_clk (net)
                      0.051991    0.000714   20.417053 ^ _1602_/CLK (sky130_fd_sc_hd__dfxtp_2)
                                 -0.250000   20.167055   clock uncertainty
                                  0.000000   20.167055   clock reconvergence pessimism
                                 -0.057147   20.109907   library setup time
                                             20.109907   data required time
---------------------------------------------------------------------------------------------
                                             20.109907   data required time
                                             -9.520654   data arrival time
---------------------------------------------------------------------------------------------
                                             10.589253   slack (MET)


Startpoint: _1595_ (rising edge-triggered flip-flop clocked by clk)
Endpoint: _1612_ (rising edge-triggered flip-flop clocked by clk)
Path Group: clk
Path Type: max

Fanout         Cap        Slew       Delay        Time   Description
---------------------------------------------------------------------------------------------
                                  0.000000    0.000000   clock clk (rise edge)
                                  0.000000    0.000000   clock source latency
     1    0.020019    0.095798    0.065992    0.065992 ^ clk (in)
                                                         clk (net)
                      0.095807    0.000000    0.065992 ^ clkbuf_0_clk/A (sky130_fd_sc_hd__clkbuf_16)
     8    0.083957    0.100894    0.191798    0.257790 ^ clkbuf_0_clk/X (sky130_fd_sc_hd__clkbuf_16)
                                                         clknet_0_clk (net)
                      0.101100    0.003229    0.261019 ^ clkbuf_3_6__f_clk/A (sky130_fd_sc_hd__clkbuf_16)
     8    0.024440    0.045835    0.149878    0.410897 ^ clkbuf_3_6__f_clk/X (sky130_fd_sc_hd__clkbuf_16)
                                                         clknet_3_6__leaf_clk (net)
                      0.045854    0.000855    0.411752 ^ _1595_/CLK (sky130_fd_sc_hd__dfxtp_2)
     1    0.002493    0.021961    0.300958    0.712710 v _1595_/Q (sky130_fd_sc_hd__dfxtp_2)
                                                         u_dp.b_q[3] (net)
                      0.021961    0.000071    0.712781 v fanout51/A (sky130_fd_sc_hd__clkdlybuf4s25_1)
     7    0.050541    0.371733    0.489012    1.201794 v fanout51/X (sky130_fd_sc_hd__clkdlybuf4s25_1)
                                                         net51 (net)
                      0.371738    0.001740    1.203534 v fanout50/A (sky130_fd_sc_hd__clkdlybuf4s25_1)
    10    0.043519    0.321313    0.570825    1.774359 v fanout50/X (sky130_fd_sc_hd__clkdlybuf4s25_1)
                                                         net50 (net)
                      0.321325    0.002185    1.776544 v _0808_/B (sky130_fd_sc_hd__and3_2)
     3    0.009170    0.053183    0.338229    2.114773 v _0808_/X (sky130_fd_sc_hd__and3_2)
                                                         _0078_ (net)
                      0.053183    0.000234    2.115008 v _0811_/A (sky130_fd_sc_hd__or3_2)
     2    0.004020    0.081140    0.475752    2.590760 v _0811_/X (sky130_fd_sc_hd__or3_2)
                                                         _0081_ (net)
                      0.081140    0.000095    2.590855 v _0812_/B (sky130_fd_sc_hd__and2b_2)
     1    0.003824    0.038453    0.205531    2.796386 v _0812_/X (sky130_fd_sc_hd__and2b_2)
                                                         _0082_ (net)
                      0.038453    0.000135    2.796521 v fanout22/A (sky130_fd_sc_hd__clkdlybuf4s25_1)
     9    0.063180    0.461744    0.562189    3.358711 v fanout22/X (sky130_fd_sc_hd__clkdlybuf4s25_1)
                                                         net22 (net)
                      0.461777    0.004019    3.362730 v fanout21/A (sky130_fd_sc_hd__clkdlybuf4s25_1)
     7    0.053964    0.395844    0.645268    4.007998 v fanout21/X (sky130_fd_sc_hd__clkdlybuf4s25_1)
                                                         net21 (net)
                      0.395880    0.003796    4.011794 v fanout20/A (sky130_fd_sc_hd__clkdlybuf4s25_1)
    10    0.069169    0.504115    0.711326    4.723120 v fanout20/X (sky130_fd_sc_hd__clkdlybuf4s25_1)
                                                         net20 (net)
                      0.504123    0.002511    4.725631 v _0890_/A (sky130_fd_sc_hd__xor2_2)
     2    0.007062    0.127849    0.321657    5.047287 v _0890_/X (sky130_fd_sc_hd__xor2_2)
                                                         _0160_ (net)
                      0.127849    0.000139    5.047426 v _0893_/B (sky130_fd_sc_hd__or2_2)
     1    0.001862    0.050668    0.291702    5.339128 v _0893_/X (sky130_fd_sc_hd__or2_2)
                                                         _0163_ (net)
                      0.050668    0.000052    5.339180 v _0894_/B (sky130_fd_sc_hd__and2_2)
     3    0.020470    0.073786    0.234345    5.573525 v _0894_/X (sky130_fd_sc_hd__and2_2)
                                                         _0164_ (net)
                      0.073786    0.000351    5.573876 v _0895_/B (sky130_fd_sc_hd__nor2_2)
     2    0.015713    0.189144    0.177297    5.751173 ^ _0895_/Y (sky130_fd_sc_hd__nor2_2)
                                                         _0165_ (net)
                      0.189144    0.000106    5.751280 ^ _0896_/B (sky130_fd_sc_hd__xor2_2)
     2    0.013959    0.207190    0.230024    5.981303 ^ _0896_/X (sky130_fd_sc_hd__xor2_2)
                                                         _0166_ (net)
                      0.207190    0.000385    5.981688 ^ _0901_/B (sky130_fd_sc_hd__xnor2_2)
     2    0.006487    0.068856    0.092559    6.074247 v _0901_/Y (sky130_fd_sc_hd__xnor2_2)
                                                         _0171_ (net)
                      0.068856    0.000103    6.074351 v _0983_/A (sky130_fd_sc_hd__and2_2)
     1    0.004936    0.041992    0.181087    6.255438 v _0983_/X (sky130_fd_sc_hd__and2_2)
                                                         _0253_ (net)
                      0.041992    0.000148    6.255586 v _0984_/B (sky130_fd_sc_hd__nor2_2)
     2    0.015786    0.189894    0.165849    6.421435 ^ _0984_/Y (sky130_fd_sc_hd__nor2_2)
                                                         _0254_ (net)
                      0.189895    0.000430    6.421865 ^ _0985_/B (sky130_fd_sc_hd__xor2_2)
     2    0.015119    0.219624    0.239414    6.661279 ^ _0985_/X (sky130_fd_sc_hd__xor2_2)
                                                         _0255_ (net)
                      0.219624    0.000314    6.661592 ^ _0992_/A (sky130_fd_sc_hd__nand2_2)
     2    0.004928    0.060393    0.073158    6.734751 v _0992_/Y (sky130_fd_sc_hd__nand2_2)
                                                         _0262_ (net)
                      0.060393    0.000109    6.734859 v _0994_/A_N (sky130_fd_sc_hd__nand2b_2)
     1    0.002740    0.039900    0.170718    6.905578 v _0994_/Y (sky130_fd_sc_hd__nand2b_2)
                                                         _0264_ (net)
                      0.039900    0.000078    6.905656 v _1388_/A1 (sky130_fd_sc_hd__o221a_2)
     4    0.017480    0.080703    0.325656    7.231312 v _1388_/X (sky130_fd_sc_hd__o221a_2)
                                                         _0658_ (net)
                      0.080710    0.000835    7.232147 v _1393_/A2 (sky130_fd_sc_hd__o31ai_2)
     3    0.011202    0.297213    0.319600    7.551747 ^ _1393_/Y (sky130_fd_sc_hd__o31ai_2)
                                                         _0663_ (net)
                      0.297213    0.000445    7.552192 ^ _1394_/B (sky130_fd_sc_hd__nand2_2)
     2    0.008171    0.072263    0.105562    7.657754 v _1394_/Y (sky130_fd_sc_hd__nand2_2)
                                                         _0664_ (net)
                      0.072263    0.000226    7.657980 v _1405_/A2 (sky130_fd_sc_hd__o211ai_2)
     5    0.030603    0.389692    0.347535    8.005516 ^ _1405_/Y (sky130_fd_sc_hd__o211ai_2)
                                                         _0675_ (net)
                      0.389694    0.000759    8.006274 ^ _1473_/A1 (sky130_fd_sc_hd__a21bo_2)
     1    0.004277    0.043832    0.200211    8.206485 ^ _1473_/X (sky130_fd_sc_hd__a21bo_2)
                                                         _0718_ (net)
                      0.043832    0.000112    8.206596 ^ fanout16/A (sky130_fd_sc_hd__clkdlybuf4s25_1)
     5    0.027304    0.278356    0.410966    8.617562 ^ fanout16/X (sky130_fd_sc_hd__clkdlybuf4s25_1)
                                                         net16 (net)
                      0.278356    0.000368    8.617929 ^ fanout14/A (sky130_fd_sc_hd__clkdlybuf4s25_1)
    10    0.045148    0.452198    0.597357    9.215286 ^ fanout14/X (sky130_fd_sc_hd__clkdlybuf4s25_1)
                                                         net14 (net)
                      0.452199    0.001748    9.217034 ^ _1520_/B1 (sky130_fd_sc_hd__a21o_2)
     1    0.002664    0.037117    0.148101    9.365135 ^ _1520_/X (sky130_fd_sc_hd__a21o_2)
                                                         _0753_ (net)
                      0.037117    0.000052    9.365187 ^ _1521_/C1 (sky130_fd_sc_hd__o211a_2)
     1    0.002394    0.042850    0.147032    9.512218 ^ _1521_/X (sky130_fd_sc_hd__o211a_2)
                                                         _0040_ (net)
                      0.042850    0.000070    9.512289 ^ _1612_/D (sky130_fd_sc_hd__dfxtp_2)
                                              9.512289   data arrival time

                                 20.000000   20.000000   clock clk (rise edge)
                                  0.000000   20.000000   clock source latency
     1    0.020019    0.095798    0.065992   20.065992 ^ clk (in)
                                                         clk (net)
                      0.095807    0.000000   20.065992 ^ clkbuf_0_clk/A (sky130_fd_sc_hd__clkbuf_16)
     8    0.083957    0.100894    0.191799   20.257792 ^ clkbuf_0_clk/X (sky130_fd_sc_hd__clkbuf_16)
                                                         clknet_0_clk (net)
                      0.101068    0.002895   20.260687 ^ clkbuf_3_1__f_clk/A (sky130_fd_sc_hd__clkbuf_16)
     8    0.023578    0.045034    0.149294   20.409981 ^ clkbuf_3_1__f_clk/X (sky130_fd_sc_hd__clkbuf_16)
                                                         clknet_3_1__leaf_clk (net)
                      0.045038    0.000437   20.410418 ^ _1612_/CLK (sky130_fd_sc_hd__dfxtp_2)
                                 -0.250000   20.160418   clock uncertainty
                                  0.000000   20.160418   clock reconvergence pessimism
                                 -0.058350   20.102068   library setup time
                                             20.102068   data required time
---------------------------------------------------------------------------------------------
                                             20.102068   data required time
                                             -9.512289   data arrival time
---------------------------------------------------------------------------------------------
                                             10.589779   slack (MET)


Startpoint: _1595_ (rising edge-triggered flip-flop clocked by clk)
Endpoint: _1601_ (rising edge-triggered flip-flop clocked by clk)
Path Group: clk
Path Type: max

Fanout         Cap        Slew       Delay        Time   Description
---------------------------------------------------------------------------------------------
                                  0.000000    0.000000   clock clk (rise edge)
                                  0.000000    0.000000   clock source latency
     1    0.020019    0.095798    0.065992    0.065992 ^ clk (in)
                                                         clk (net)
                      0.095807    0.000000    0.065992 ^ clkbuf_0_clk/A (sky130_fd_sc_hd__clkbuf_16)
     8    0.083957    0.100894    0.191798    0.257790 ^ clkbuf_0_clk/X (sky130_fd_sc_hd__clkbuf_16)
                                                         clknet_0_clk (net)
                      0.101100    0.003229    0.261019 ^ clkbuf_3_6__f_clk/A (sky130_fd_sc_hd__clkbuf_16)
     8    0.024440    0.045835    0.149878    0.410897 ^ clkbuf_3_6__f_clk/X (sky130_fd_sc_hd__clkbuf_16)
                                                         clknet_3_6__leaf_clk (net)
                      0.045854    0.000855    0.411752 ^ _1595_/CLK (sky130_fd_sc_hd__dfxtp_2)
     1    0.002493    0.021961    0.300958    0.712710 v _1595_/Q (sky130_fd_sc_hd__dfxtp_2)
                                                         u_dp.b_q[3] (net)
                      0.021961    0.000071    0.712781 v fanout51/A (sky130_fd_sc_hd__clkdlybuf4s25_1)
     7    0.050541    0.371733    0.489012    1.201794 v fanout51/X (sky130_fd_sc_hd__clkdlybuf4s25_1)
                                                         net51 (net)
                      0.371738    0.001740    1.203534 v fanout50/A (sky130_fd_sc_hd__clkdlybuf4s25_1)
    10    0.043519    0.321313    0.570825    1.774359 v fanout50/X (sky130_fd_sc_hd__clkdlybuf4s25_1)
                                                         net50 (net)
                      0.321325    0.002185    1.776544 v _0808_/B (sky130_fd_sc_hd__and3_2)
     3    0.009170    0.053183    0.338229    2.114773 v _0808_/X (sky130_fd_sc_hd__and3_2)
                                                         _0078_ (net)
                      0.053183    0.000234    2.115008 v _0811_/A (sky130_fd_sc_hd__or3_2)
     2    0.004020    0.081140    0.475752    2.590760 v _0811_/X (sky130_fd_sc_hd__or3_2)
                                                         _0081_ (net)
                      0.081140    0.000095    2.590855 v _0812_/B (sky130_fd_sc_hd__and2b_2)
     1    0.003824    0.038453    0.205531    2.796386 v _0812_/X (sky130_fd_sc_hd__and2b_2)
                                                         _0082_ (net)
                      0.038453    0.000135    2.796521 v fanout22/A (sky130_fd_sc_hd__clkdlybuf4s25_1)
     9    0.063180    0.461744    0.562189    3.358711 v fanout22/X (sky130_fd_sc_hd__clkdlybuf4s25_1)
                                                         net22 (net)
                      0.461777    0.004019    3.362730 v fanout21/A (sky130_fd_sc_hd__clkdlybuf4s25_1)
     7    0.053964    0.395844    0.645268    4.007998 v fanout21/X (sky130_fd_sc_hd__clkdlybuf4s25_1)
                                                         net21 (net)
                      0.395880    0.003796    4.011794 v fanout20/A (sky130_fd_sc_hd__clkdlybuf4s25_1)
    10    0.069169    0.504115    0.711326    4.723120 v fanout20/X (sky130_fd_sc_hd__clkdlybuf4s25_1)
                                                         net20 (net)
                      0.504123    0.002511    4.725631 v _0890_/A (sky130_fd_sc_hd__xor2_2)
     2    0.007062    0.127849    0.321657    5.047287 v _0890_/X (sky130_fd_sc_hd__xor2_2)
                                                         _0160_ (net)
                      0.127849    0.000139    5.047426 v _0893_/B (sky130_fd_sc_hd__or2_2)
     1    0.001862    0.050668    0.291702    5.339128 v _0893_/X (sky130_fd_sc_hd__or2_2)
                                                         _0163_ (net)
                      0.050668    0.000052    5.339180 v _0894_/B (sky130_fd_sc_hd__and2_2)
     3    0.020470    0.073786    0.234345    5.573525 v _0894_/X (sky130_fd_sc_hd__and2_2)
                                                         _0164_ (net)
                      0.073786    0.000351    5.573876 v _0895_/B (sky130_fd_sc_hd__nor2_2)
     2    0.015713    0.189144    0.177297    5.751173 ^ _0895_/Y (sky130_fd_sc_hd__nor2_2)
                                                         _0165_ (net)
                      0.189144    0.000106    5.751280 ^ _0896_/B (sky130_fd_sc_hd__xor2_2)
     2    0.013959    0.207190    0.230024    5.981303 ^ _0896_/X (sky130_fd_sc_hd__xor2_2)
                                                         _0166_ (net)
                      0.207190    0.000385    5.981688 ^ _0901_/B (sky130_fd_sc_hd__xnor2_2)
     2    0.006487    0.068856    0.092559    6.074247 v _0901_/Y (sky130_fd_sc_hd__xnor2_2)
                                                         _0171_ (net)
                      0.068856    0.000103    6.074351 v _0983_/A (sky130_fd_sc_hd__and2_2)
     1    0.004936    0.041992    0.181087    6.255438 v _0983_/X (sky130_fd_sc_hd__and2_2)
                                                         _0253_ (net)
                      0.041992    0.000148    6.255586 v _0984_/B (sky130_fd_sc_hd__nor2_2)
     2    0.015786    0.189894    0.165849    6.421435 ^ _0984_/Y (sky130_fd_sc_hd__nor2_2)
                                                         _0254_ (net)
                      0.189895    0.000430    6.421865 ^ _0985_/B (sky130_fd_sc_hd__xor2_2)
     2    0.015119    0.219624    0.239414    6.661279 ^ _0985_/X (sky130_fd_sc_hd__xor2_2)
                                                         _0255_ (net)
                      0.219624    0.000314    6.661592 ^ _0992_/A (sky130_fd_sc_hd__nand2_2)
     2    0.004928    0.060393    0.073158    6.734751 v _0992_/Y (sky130_fd_sc_hd__nand2_2)
                                                         _0262_ (net)
                      0.060393    0.000109    6.734859 v _0994_/A_N (sky130_fd_sc_hd__nand2b_2)
     1    0.002740    0.039900    0.170718    6.905578 v _0994_/Y (sky130_fd_sc_hd__nand2b_2)
                                                         _0264_ (net)
                      0.039900    0.000078    6.905656 v _1388_/A1 (sky130_fd_sc_hd__o221a_2)
     4    0.017480    0.080703    0.325656    7.231312 v _1388_/X (sky130_fd_sc_hd__o221a_2)
                                                         _0658_ (net)
                      0.080710    0.000835    7.232147 v _1393_/A2 (sky130_fd_sc_hd__o31ai_2)
     3    0.011202    0.297213    0.319600    7.551747 ^ _1393_/Y (sky130_fd_sc_hd__o31ai_2)
                                                         _0663_ (net)
                      0.297213    0.000445    7.552192 ^ _1394_/B (sky130_fd_sc_hd__nand2_2)
     2    0.008171    0.072263    0.105562    7.657754 v _1394_/Y (sky130_fd_sc_hd__nand2_2)
                                                         _0664_ (net)
                      0.072263    0.000226    7.657980 v _1405_/A2 (sky130_fd_sc_hd__o211ai_2)
     5    0.030603    0.389692    0.347535    8.005516 ^ _1405_/Y (sky130_fd_sc_hd__o211ai_2)
                                                         _0675_ (net)
                      0.389694    0.000759    8.006274 ^ _1473_/A1 (sky130_fd_sc_hd__a21bo_2)
     1    0.004277    0.043832    0.200211    8.206485 ^ _1473_/X (sky130_fd_sc_hd__a21bo_2)
                                                         _0718_ (net)
                      0.043832    0.000112    8.206596 ^ fanout16/A (sky130_fd_sc_hd__clkdlybuf4s25_1)
     5    0.027304    0.278356    0.410966    8.617562 ^ fanout16/X (sky130_fd_sc_hd__clkdlybuf4s25_1)
                                                         net16 (net)
                      0.278356    0.000887    8.618449 ^ fanout15/A (sky130_fd_sc_hd__clkdlybuf4s25_1)
    10    0.043532    0.436416    0.586477    9.204926 ^ fanout15/X (sky130_fd_sc_hd__clkdlybuf4s25_1)
                                                         net15 (net)
                      0.436416    0.000751    9.205677 ^ _1479_/B1 (sky130_fd_sc_hd__a21o_2)
     1    0.003266    0.038659    0.150040    9.355718 ^ _1479_/X (sky130_fd_sc_hd__a21o_2)
                                                         _0723_ (net)
                      0.038659    0.000099    9.355817 ^ _1480_/C1 (sky130_fd_sc_hd__o211a_2)
     1    0.002930    0.045247    0.150814    9.506630 ^ _1480_/X (sky130_fd_sc_hd__o211a_2)
                                                         _0029_ (net)
                      0.045247    0.000066    9.506696 ^ _1601_/D (sky130_fd_sc_hd__dfxtp_2)
                                              9.506696   data arrival time

                                 20.000000   20.000000   clock clk (rise edge)
                                  0.000000   20.000000   clock source latency
     1    0.020019    0.095798    0.065992   20.065992 ^ clk (in)
                                                         clk (net)
                      0.095807    0.000000   20.065992 ^ clkbuf_0_clk/A (sky130_fd_sc_hd__clkbuf_16)
     8    0.083957    0.100894    0.191799   20.257792 ^ clkbuf_0_clk/X (sky130_fd_sc_hd__clkbuf_16)
                                                         clknet_0_clk (net)
                      0.101071    0.002927   20.260717 ^ clkbuf_3_0__f_clk/A (sky130_fd_sc_hd__clkbuf_16)
     8    0.024064    0.045479    0.149651   20.410370 ^ clkbuf_3_0__f_clk/X (sky130_fd_sc_hd__clkbuf_16)
                                                         clknet_3_0__leaf_clk (net)
                      0.045482    0.000428   20.410797 ^ _1601_/CLK (sky130_fd_sc_hd__dfxtp_2)
                                 -0.250000   20.160797   clock uncertainty
                                  0.000000   20.160797   clock reconvergence pessimism
                                 -0.058849   20.101950   library setup time
                                             20.101950   data required time
---------------------------------------------------------------------------------------------
                                             20.101950   data required time
                                             -9.506696   data arrival time
---------------------------------------------------------------------------------------------
                                             10.595253   slack (MET)


Startpoint: _1595_ (rising edge-triggered flip-flop clocked by clk)
Endpoint: _1613_ (rising edge-triggered flip-flop clocked by clk)
Path Group: clk
Path Type: max

Fanout         Cap        Slew       Delay        Time   Description
---------------------------------------------------------------------------------------------
                                  0.000000    0.000000   clock clk (rise edge)
                                  0.000000    0.000000   clock source latency
     1    0.020019    0.095798    0.065992    0.065992 ^ clk (in)
                                                         clk (net)
                      0.095807    0.000000    0.065992 ^ clkbuf_0_clk/A (sky130_fd_sc_hd__clkbuf_16)
     8    0.083957    0.100894    0.191798    0.257790 ^ clkbuf_0_clk/X (sky130_fd_sc_hd__clkbuf_16)
                                                         clknet_0_clk (net)
                      0.101100    0.003229    0.261019 ^ clkbuf_3_6__f_clk/A (sky130_fd_sc_hd__clkbuf_16)
     8    0.024440    0.045835    0.149878    0.410897 ^ clkbuf_3_6__f_clk/X (sky130_fd_sc_hd__clkbuf_16)
                                                         clknet_3_6__leaf_clk (net)
                      0.045854    0.000855    0.411752 ^ _1595_/CLK (sky130_fd_sc_hd__dfxtp_2)
     1    0.002493    0.021961    0.300958    0.712710 v _1595_/Q (sky130_fd_sc_hd__dfxtp_2)
                                                         u_dp.b_q[3] (net)
                      0.021961    0.000071    0.712781 v fanout51/A (sky130_fd_sc_hd__clkdlybuf4s25_1)
     7    0.050541    0.371733    0.489012    1.201794 v fanout51/X (sky130_fd_sc_hd__clkdlybuf4s25_1)
                                                         net51 (net)
                      0.371738    0.001740    1.203534 v fanout50/A (sky130_fd_sc_hd__clkdlybuf4s25_1)
    10    0.043519    0.321313    0.570825    1.774359 v fanout50/X (sky130_fd_sc_hd__clkdlybuf4s25_1)
                                                         net50 (net)
                      0.321325    0.002185    1.776544 v _0808_/B (sky130_fd_sc_hd__and3_2)
     3    0.009170    0.053183    0.338229    2.114773 v _0808_/X (sky130_fd_sc_hd__and3_2)
                                                         _0078_ (net)
                      0.053183    0.000234    2.115008 v _0811_/A (sky130_fd_sc_hd__or3_2)
     2    0.004020    0.081140    0.475752    2.590760 v _0811_/X (sky130_fd_sc_hd__or3_2)
                                                         _0081_ (net)
                      0.081140    0.000095    2.590855 v _0812_/B (sky130_fd_sc_hd__and2b_2)
     1    0.003824    0.038453    0.205531    2.796386 v _0812_/X (sky130_fd_sc_hd__and2b_2)
                                                         _0082_ (net)
                      0.038453    0.000135    2.796521 v fanout22/A (sky130_fd_sc_hd__clkdlybuf4s25_1)
     9    0.063180    0.461744    0.562189    3.358711 v fanout22/X (sky130_fd_sc_hd__clkdlybuf4s25_1)
                                                         net22 (net)
                      0.461777    0.004019    3.362730 v fanout21/A (sky130_fd_sc_hd__clkdlybuf4s25_1)
     7    0.053964    0.395844    0.645268    4.007998 v fanout21/X (sky130_fd_sc_hd__clkdlybuf4s25_1)
                                                         net21 (net)
                      0.395880    0.003796    4.011794 v fanout20/A (sky130_fd_sc_hd__clkdlybuf4s25_1)
    10    0.069169    0.504115    0.711326    4.723120 v fanout20/X (sky130_fd_sc_hd__clkdlybuf4s25_1)
                                                         net20 (net)
                      0.504123    0.002511    4.725631 v _0890_/A (sky130_fd_sc_hd__xor2_2)
     2    0.007062    0.127849    0.321657    5.047287 v _0890_/X (sky130_fd_sc_hd__xor2_2)
                                                         _0160_ (net)
                      0.127849    0.000139    5.047426 v _0893_/B (sky130_fd_sc_hd__or2_2)
     1    0.001862    0.050668    0.291702    5.339128 v _0893_/X (sky130_fd_sc_hd__or2_2)
                                                         _0163_ (net)
                      0.050668    0.000052    5.339180 v _0894_/B (sky130_fd_sc_hd__and2_2)
     3    0.020470    0.073786    0.234345    5.573525 v _0894_/X (sky130_fd_sc_hd__and2_2)
                                                         _0164_ (net)
                      0.073786    0.000351    5.573876 v _0895_/B (sky130_fd_sc_hd__nor2_2)
     2    0.015713    0.189144    0.177297    5.751173 ^ _0895_/Y (sky130_fd_sc_hd__nor2_2)
                                                         _0165_ (net)
                      0.189144    0.000106    5.751280 ^ _0896_/B (sky130_fd_sc_hd__xor2_2)
     2    0.013959    0.207190    0.230024    5.981303 ^ _0896_/X (sky130_fd_sc_hd__xor2_2)
                                                         _0166_ (net)
                      0.207190    0.000385    5.981688 ^ _0901_/B (sky130_fd_sc_hd__xnor2_2)
     2    0.006487    0.068856    0.092559    6.074247 v _0901_/Y (sky130_fd_sc_hd__xnor2_2)
                                                         _0171_ (net)
                      0.068856    0.000103    6.074351 v _0983_/A (sky130_fd_sc_hd__and2_2)
     1    0.004936    0.041992    0.181087    6.255438 v _0983_/X (sky130_fd_sc_hd__and2_2)
                                                         _0253_ (net)
                      0.041992    0.000148    6.255586 v _0984_/B (sky130_fd_sc_hd__nor2_2)
     2    0.015786    0.189894    0.165849    6.421435 ^ _0984_/Y (sky130_fd_sc_hd__nor2_2)
                                                         _0254_ (net)
                      0.189895    0.000430    6.421865 ^ _0985_/B (sky130_fd_sc_hd__xor2_2)
     2    0.015119    0.219624    0.239414    6.661279 ^ _0985_/X (sky130_fd_sc_hd__xor2_2)
                                                         _0255_ (net)
                      0.219624    0.000314    6.661592 ^ _0992_/A (sky130_fd_sc_hd__nand2_2)
     2    0.004928    0.060393    0.073158    6.734751 v _0992_/Y (sky130_fd_sc_hd__nand2_2)
                                                         _0262_ (net)
                      0.060393    0.000109    6.734859 v _0994_/A_N (sky130_fd_sc_hd__nand2b_2)
     1    0.002740    0.039900    0.170718    6.905578 v _0994_/Y (sky130_fd_sc_hd__nand2b_2)
                                                         _0264_ (net)
                      0.039900    0.000078    6.905656 v _1388_/A1 (sky130_fd_sc_hd__o221a_2)
     4    0.017480    0.080703    0.325656    7.231312 v _1388_/X (sky130_fd_sc_hd__o221a_2)
                                                         _0658_ (net)
                      0.080710    0.000835    7.232147 v _1393_/A2 (sky130_fd_sc_hd__o31ai_2)
     3    0.011202    0.297213    0.319600    7.551747 ^ _1393_/Y (sky130_fd_sc_hd__o31ai_2)
                                                         _0663_ (net)
                      0.297213    0.000445    7.552192 ^ _1394_/B (sky130_fd_sc_hd__nand2_2)
     2    0.008171    0.072263    0.105562    7.657754 v _1394_/Y (sky130_fd_sc_hd__nand2_2)
                                                         _0664_ (net)
                      0.072263    0.000226    7.657980 v _1405_/A2 (sky130_fd_sc_hd__o211ai_2)
     5    0.030603    0.389692    0.347535    8.005516 ^ _1405_/Y (sky130_fd_sc_hd__o211ai_2)
                                                         _0675_ (net)
                      0.389694    0.000759    8.006274 ^ _1473_/A1 (sky130_fd_sc_hd__a21bo_2)
     1    0.004277    0.043832    0.200211    8.206485 ^ _1473_/X (sky130_fd_sc_hd__a21bo_2)
                                                         _0718_ (net)
                      0.043832    0.000112    8.206596 ^ fanout16/A (sky130_fd_sc_hd__clkdlybuf4s25_1)
     5    0.027304    0.278356    0.410966    8.617562 ^ fanout16/X (sky130_fd_sc_hd__clkdlybuf4s25_1)
                                                         net16 (net)
                      0.278356    0.000368    8.617929 ^ fanout14/A (sky130_fd_sc_hd__clkdlybuf4s25_1)
    10    0.045148    0.452198    0.597357    9.215286 ^ fanout14/X (sky130_fd_sc_hd__clkdlybuf4s25_1)
                                                         net14 (net)
                      0.452200    0.001925    9.217212 ^ _1524_/B1 (sky130_fd_sc_hd__a21o_2)
     1    0.003380    0.039543    0.152029    9.369240 ^ _1524_/X (sky130_fd_sc_hd__a21o_2)
                                                         _0756_ (net)
                      0.039543    0.000102    9.369342 ^ _1525_/C1 (sky130_fd_sc_hd__o211a_2)
     1    0.001991    0.040773    0.145303    9.514646 ^ _1525_/X (sky130_fd_sc_hd__o211a_2)
                                                         _0041_ (net)
                      0.040773    0.000039    9.514685 ^ _1613_/D (sky130_fd_sc_hd__dfxtp_2)
                                              9.514685   data arrival time

                                 20.000000   20.000000   clock clk (rise edge)
                                  0.000000   20.000000   clock source latency
     1    0.020019    0.095798    0.065992   20.065992 ^ clk (in)
                                                         clk (net)
                      0.095807    0.000000   20.065992 ^ clkbuf_0_clk/A (sky130_fd_sc_hd__clkbuf_16)
     8    0.083957    0.100894    0.191799   20.257792 ^ clkbuf_0_clk/X (sky130_fd_sc_hd__clkbuf_16)
                                                         clknet_0_clk (net)
                      0.100946    0.002167   20.259958 ^ clkbuf_3_4__f_clk/A (sky130_fd_sc_hd__clkbuf_16)
     8    0.032154    0.052863    0.156286   20.416243 ^ clkbuf_3_4__f_clk/X (sky130_fd_sc_hd__clkbuf_16)
                                                         clknet_3_4__leaf_clk (net)
                      0.052868    0.000865   20.417109 ^ _1613_/CLK (sky130_fd_sc_hd__dfxtp_2)
                                 -0.250000   20.167109   clock uncertainty
                                  0.000000   20.167109   clock reconvergence pessimism
                                 -0.056704   20.110405   library setup time
                                             20.110405   data required time
---------------------------------------------------------------------------------------------
                                             20.110405   data required time
                                             -9.514685   data arrival time
---------------------------------------------------------------------------------------------
                                             10.595720   slack (MET)


Startpoint: _1595_ (rising edge-triggered flip-flop clocked by clk)
Endpoint: _1608_ (rising edge-triggered flip-flop clocked by clk)
Path Group: clk
Path Type: max

Fanout         Cap        Slew       Delay        Time   Description
---------------------------------------------------------------------------------------------
                                  0.000000    0.000000   clock clk (rise edge)
                                  0.000000    0.000000   clock source latency
     1    0.020019    0.095798    0.065992    0.065992 ^ clk (in)
                                                         clk (net)
                      0.095807    0.000000    0.065992 ^ clkbuf_0_clk/A (sky130_fd_sc_hd__clkbuf_16)
     8    0.083957    0.100894    0.191798    0.257790 ^ clkbuf_0_clk/X (sky130_fd_sc_hd__clkbuf_16)
                                                         clknet_0_clk (net)
                      0.101100    0.003229    0.261019 ^ clkbuf_3_6__f_clk/A (sky130_fd_sc_hd__clkbuf_16)
     8    0.024440    0.045835    0.149878    0.410897 ^ clkbuf_3_6__f_clk/X (sky130_fd_sc_hd__clkbuf_16)
                                                         clknet_3_6__leaf_clk (net)
                      0.045854    0.000855    0.411752 ^ _1595_/CLK (sky130_fd_sc_hd__dfxtp_2)
     1    0.002493    0.021961    0.300958    0.712710 v _1595_/Q (sky130_fd_sc_hd__dfxtp_2)
                                                         u_dp.b_q[3] (net)
                      0.021961    0.000071    0.712781 v fanout51/A (sky130_fd_sc_hd__clkdlybuf4s25_1)
     7    0.050541    0.371733    0.489012    1.201794 v fanout51/X (sky130_fd_sc_hd__clkdlybuf4s25_1)
                                                         net51 (net)
                      0.371738    0.001740    1.203534 v fanout50/A (sky130_fd_sc_hd__clkdlybuf4s25_1)
    10    0.043519    0.321313    0.570825    1.774359 v fanout50/X (sky130_fd_sc_hd__clkdlybuf4s25_1)
                                                         net50 (net)
                      0.321325    0.002185    1.776544 v _0808_/B (sky130_fd_sc_hd__and3_2)
     3    0.009170    0.053183    0.338229    2.114773 v _0808_/X (sky130_fd_sc_hd__and3_2)
                                                         _0078_ (net)
                      0.053183    0.000234    2.115008 v _0811_/A (sky130_fd_sc_hd__or3_2)
     2    0.004020    0.081140    0.475752    2.590760 v _0811_/X (sky130_fd_sc_hd__or3_2)
                                                         _0081_ (net)
                      0.081140    0.000095    2.590855 v _0812_/B (sky130_fd_sc_hd__and2b_2)
     1    0.003824    0.038453    0.205531    2.796386 v _0812_/X (sky130_fd_sc_hd__and2b_2)
                                                         _0082_ (net)
                      0.038453    0.000135    2.796521 v fanout22/A (sky130_fd_sc_hd__clkdlybuf4s25_1)
     9    0.063180    0.461744    0.562189    3.358711 v fanout22/X (sky130_fd_sc_hd__clkdlybuf4s25_1)
                                                         net22 (net)
                      0.461777    0.004019    3.362730 v fanout21/A (sky130_fd_sc_hd__clkdlybuf4s25_1)
     7    0.053964    0.395844    0.645268    4.007998 v fanout21/X (sky130_fd_sc_hd__clkdlybuf4s25_1)
                                                         net21 (net)
                      0.395880    0.003796    4.011794 v fanout20/A (sky130_fd_sc_hd__clkdlybuf4s25_1)
    10    0.069169    0.504115    0.711326    4.723120 v fanout20/X (sky130_fd_sc_hd__clkdlybuf4s25_1)
                                                         net20 (net)
                      0.504123    0.002511    4.725631 v _0890_/A (sky130_fd_sc_hd__xor2_2)
     2    0.007062    0.127849    0.321657    5.047287 v _0890_/X (sky130_fd_sc_hd__xor2_2)
                                                         _0160_ (net)
                      0.127849    0.000139    5.047426 v _0893_/B (sky130_fd_sc_hd__or2_2)
     1    0.001862    0.050668    0.291702    5.339128 v _0893_/X (sky130_fd_sc_hd__or2_2)
                                                         _0163_ (net)
                      0.050668    0.000052    5.339180 v _0894_/B (sky130_fd_sc_hd__and2_2)
     3    0.020470    0.073786    0.234345    5.573525 v _0894_/X (sky130_fd_sc_hd__and2_2)
                                                         _0164_ (net)
                      0.073786    0.000351    5.573876 v _0895_/B (sky130_fd_sc_hd__nor2_2)
     2    0.015713    0.189144    0.177297    5.751173 ^ _0895_/Y (sky130_fd_sc_hd__nor2_2)
                                                         _0165_ (net)
                      0.189144    0.000106    5.751280 ^ _0896_/B (sky130_fd_sc_hd__xor2_2)
     2    0.013959    0.207190    0.230024    5.981303 ^ _0896_/X (sky130_fd_sc_hd__xor2_2)
                                                         _0166_ (net)
                      0.207190    0.000385    5.981688 ^ _0901_/B (sky130_fd_sc_hd__xnor2_2)
     2    0.006487    0.068856    0.092559    6.074247 v _0901_/Y (sky130_fd_sc_hd__xnor2_2)
                                                         _0171_ (net)
                      0.068856    0.000103    6.074351 v _0983_/A (sky130_fd_sc_hd__and2_2)
     1    0.004936    0.041992    0.181087    6.255438 v _0983_/X (sky130_fd_sc_hd__and2_2)
                                                         _0253_ (net)
                      0.041992    0.000148    6.255586 v _0984_/B (sky130_fd_sc_hd__nor2_2)
     2    0.015786    0.189894    0.165849    6.421435 ^ _0984_/Y (sky130_fd_sc_hd__nor2_2)
                                                         _0254_ (net)
                      0.189895    0.000430    6.421865 ^ _0985_/B (sky130_fd_sc_hd__xor2_2)
     2    0.015119    0.219624    0.239414    6.661279 ^ _0985_/X (sky130_fd_sc_hd__xor2_2)
                                                         _0255_ (net)
                      0.219624    0.000314    6.661592 ^ _0992_/A (sky130_fd_sc_hd__nand2_2)
     2    0.004928    0.060393    0.073158    6.734751 v _0992_/Y (sky130_fd_sc_hd__nand2_2)
                                                         _0262_ (net)
                      0.060393    0.000109    6.734859 v _0994_/A_N (sky130_fd_sc_hd__nand2b_2)
     1    0.002740    0.039900    0.170718    6.905578 v _0994_/Y (sky130_fd_sc_hd__nand2b_2)
                                                         _0264_ (net)
                      0.039900    0.000078    6.905656 v _1388_/A1 (sky130_fd_sc_hd__o221a_2)
     4    0.017480    0.080703    0.325656    7.231312 v _1388_/X (sky130_fd_sc_hd__o221a_2)
                                                         _0658_ (net)
                      0.080710    0.000835    7.232147 v _1393_/A2 (sky130_fd_sc_hd__o31ai_2)
     3    0.011202    0.297213    0.319600    7.551747 ^ _1393_/Y (sky130_fd_sc_hd__o31ai_2)
                                                         _0663_ (net)
                      0.297213    0.000445    7.552192 ^ _1394_/B (sky130_fd_sc_hd__nand2_2)
     2    0.008171    0.072263    0.105562    7.657754 v _1394_/Y (sky130_fd_sc_hd__nand2_2)
                                                         _0664_ (net)
                      0.072263    0.000226    7.657980 v _1405_/A2 (sky130_fd_sc_hd__o211ai_2)
     5    0.030603    0.389692    0.347535    8.005516 ^ _1405_/Y (sky130_fd_sc_hd__o211ai_2)
                                                         _0675_ (net)
                      0.389694    0.000759    8.006274 ^ _1473_/A1 (sky130_fd_sc_hd__a21bo_2)
     1    0.004277    0.043832    0.200211    8.206485 ^ _1473_/X (sky130_fd_sc_hd__a21bo_2)
                                                         _0718_ (net)
                      0.043832    0.000112    8.206596 ^ fanout16/A (sky130_fd_sc_hd__clkdlybuf4s25_1)
     5    0.027304    0.278356    0.410966    8.617562 ^ fanout16/X (sky130_fd_sc_hd__clkdlybuf4s25_1)
                                                         net16 (net)
                      0.278356    0.000887    8.618449 ^ fanout15/A (sky130_fd_sc_hd__clkdlybuf4s25_1)
    10    0.043532    0.436416    0.586477    9.204926 ^ fanout15/X (sky130_fd_sc_hd__clkdlybuf4s25_1)
                                                         net15 (net)
                      0.436416    0.001061    9.205987 ^ _1502_/B1 (sky130_fd_sc_hd__a21o_2)
     1    0.002707    0.036811    0.147010    9.352998 ^ _1502_/X (sky130_fd_sc_hd__a21o_2)
                                                         _0739_ (net)
                      0.036811    0.000053    9.353051 ^ _1503_/C1 (sky130_fd_sc_hd__o211a_2)
     1    0.003180    0.046969    0.151774    9.504825 ^ _1503_/X (sky130_fd_sc_hd__o211a_2)
                                                         _0036_ (net)
                      0.046969    0.000094    9.504919 ^ _1608_/D (sky130_fd_sc_hd__dfxtp_2)
                                              9.504919   data arrival time

                                 20.000000   20.000000   clock clk (rise edge)
                                  0.000000   20.000000   clock source latency
     1    0.020019    0.095798    0.065992   20.065992 ^ clk (in)
                                                         clk (net)
                      0.095807    0.000000   20.065992 ^ clkbuf_0_clk/A (sky130_fd_sc_hd__clkbuf_16)
     8    0.083957    0.100894    0.191799   20.257792 ^ clkbuf_0_clk/X (sky130_fd_sc_hd__clkbuf_16)
                                                         clknet_0_clk (net)
                      0.101068    0.002895   20.260687 ^ clkbuf_3_1__f_clk/A (sky130_fd_sc_hd__clkbuf_16)
     8    0.023578    0.045034    0.149294   20.409981 ^ clkbuf_3_1__f_clk/X (sky130_fd_sc_hd__clkbuf_16)
                                                         clknet_3_1__leaf_clk (net)
                      0.045040    0.000519   20.410500 ^ _1608_/CLK (sky130_fd_sc_hd__dfxtp_2)
                                 -0.250000   20.160500   clock uncertainty
                                  0.000000   20.160500   clock reconvergence pessimism
                                 -0.059321   20.101179   library setup time
                                             20.101179   data required time
---------------------------------------------------------------------------------------------
                                             20.101179   data required time
                                             -9.504919   data arrival time
---------------------------------------------------------------------------------------------
                                             10.596261   slack (MET)


Startpoint: _1595_ (rising edge-triggered flip-flop clocked by clk)
Endpoint: _1614_ (rising edge-triggered flip-flop clocked by clk)
Path Group: clk
Path Type: max

Fanout         Cap        Slew       Delay        Time   Description
---------------------------------------------------------------------------------------------
                                  0.000000    0.000000   clock clk (rise edge)
                                  0.000000    0.000000   clock source latency
     1    0.020019    0.095798    0.065992    0.065992 ^ clk (in)
                                                         clk (net)
                      0.095807    0.000000    0.065992 ^ clkbuf_0_clk/A (sky130_fd_sc_hd__clkbuf_16)
     8    0.083957    0.100894    0.191798    0.257790 ^ clkbuf_0_clk/X (sky130_fd_sc_hd__clkbuf_16)
                                                         clknet_0_clk (net)
                      0.101100    0.003229    0.261019 ^ clkbuf_3_6__f_clk/A (sky130_fd_sc_hd__clkbuf_16)
     8    0.024440    0.045835    0.149878    0.410897 ^ clkbuf_3_6__f_clk/X (sky130_fd_sc_hd__clkbuf_16)
                                                         clknet_3_6__leaf_clk (net)
                      0.045854    0.000855    0.411752 ^ _1595_/CLK (sky130_fd_sc_hd__dfxtp_2)
     1    0.002493    0.021961    0.300958    0.712710 v _1595_/Q (sky130_fd_sc_hd__dfxtp_2)
                                                         u_dp.b_q[3] (net)
                      0.021961    0.000071    0.712781 v fanout51/A (sky130_fd_sc_hd__clkdlybuf4s25_1)
     7    0.050541    0.371733    0.489012    1.201794 v fanout51/X (sky130_fd_sc_hd__clkdlybuf4s25_1)
                                                         net51 (net)
                      0.371738    0.001740    1.203534 v fanout50/A (sky130_fd_sc_hd__clkdlybuf4s25_1)
    10    0.043519    0.321313    0.570825    1.774359 v fanout50/X (sky130_fd_sc_hd__clkdlybuf4s25_1)
                                                         net50 (net)
                      0.321325    0.002185    1.776544 v _0808_/B (sky130_fd_sc_hd__and3_2)
     3    0.009170    0.053183    0.338229    2.114773 v _0808_/X (sky130_fd_sc_hd__and3_2)
                                                         _0078_ (net)
                      0.053183    0.000234    2.115008 v _0811_/A (sky130_fd_sc_hd__or3_2)
     2    0.004020    0.081140    0.475752    2.590760 v _0811_/X (sky130_fd_sc_hd__or3_2)
                                                         _0081_ (net)
                      0.081140    0.000095    2.590855 v _0812_/B (sky130_fd_sc_hd__and2b_2)
     1    0.003824    0.038453    0.205531    2.796386 v _0812_/X (sky130_fd_sc_hd__and2b_2)
                                                         _0082_ (net)
                      0.038453    0.000135    2.796521 v fanout22/A (sky130_fd_sc_hd__clkdlybuf4s25_1)
     9    0.063180    0.461744    0.562189    3.358711 v fanout22/X (sky130_fd_sc_hd__clkdlybuf4s25_1)
                                                         net22 (net)
                      0.461777    0.004019    3.362730 v fanout21/A (sky130_fd_sc_hd__clkdlybuf4s25_1)
     7    0.053964    0.395844    0.645268    4.007998 v fanout21/X (sky130_fd_sc_hd__clkdlybuf4s25_1)
                                                         net21 (net)
                      0.395880    0.003796    4.011794 v fanout20/A (sky130_fd_sc_hd__clkdlybuf4s25_1)
    10    0.069169    0.504115    0.711326    4.723120 v fanout20/X (sky130_fd_sc_hd__clkdlybuf4s25_1)
                                                         net20 (net)
                      0.504123    0.002511    4.725631 v _0890_/A (sky130_fd_sc_hd__xor2_2)
     2    0.007062    0.127849    0.321657    5.047287 v _0890_/X (sky130_fd_sc_hd__xor2_2)
                                                         _0160_ (net)
                      0.127849    0.000139    5.047426 v _0893_/B (sky130_fd_sc_hd__or2_2)
     1    0.001862    0.050668    0.291702    5.339128 v _0893_/X (sky130_fd_sc_hd__or2_2)
                                                         _0163_ (net)
                      0.050668    0.000052    5.339180 v _0894_/B (sky130_fd_sc_hd__and2_2)
     3    0.020470    0.073786    0.234345    5.573525 v _0894_/X (sky130_fd_sc_hd__and2_2)
                                                         _0164_ (net)
                      0.073786    0.000351    5.573876 v _0895_/B (sky130_fd_sc_hd__nor2_2)
     2    0.015713    0.189144    0.177297    5.751173 ^ _0895_/Y (sky130_fd_sc_hd__nor2_2)
                                                         _0165_ (net)
                      0.189144    0.000106    5.751280 ^ _0896_/B (sky130_fd_sc_hd__xor2_2)
     2    0.013959    0.207190    0.230024    5.981303 ^ _0896_/X (sky130_fd_sc_hd__xor2_2)
                                                         _0166_ (net)
                      0.207190    0.000385    5.981688 ^ _0901_/B (sky130_fd_sc_hd__xnor2_2)
     2    0.006487    0.068856    0.092559    6.074247 v _0901_/Y (sky130_fd_sc_hd__xnor2_2)
                                                         _0171_ (net)
                      0.068856    0.000103    6.074351 v _0983_/A (sky130_fd_sc_hd__and2_2)
     1    0.004936    0.041992    0.181087    6.255438 v _0983_/X (sky130_fd_sc_hd__and2_2)
                                                         _0253_ (net)
                      0.041992    0.000148    6.255586 v _0984_/B (sky130_fd_sc_hd__nor2_2)
     2    0.015786    0.189894    0.165849    6.421435 ^ _0984_/Y (sky130_fd_sc_hd__nor2_2)
                                                         _0254_ (net)
                      0.189895    0.000430    6.421865 ^ _0985_/B (sky130_fd_sc_hd__xor2_2)
     2    0.015119    0.219624    0.239414    6.661279 ^ _0985_/X (sky130_fd_sc_hd__xor2_2)
                                                         _0255_ (net)
                      0.219624    0.000314    6.661592 ^ _0992_/A (sky130_fd_sc_hd__nand2_2)
     2    0.004928    0.060393    0.073158    6.734751 v _0992_/Y (sky130_fd_sc_hd__nand2_2)
                                                         _0262_ (net)
                      0.060393    0.000109    6.734859 v _0994_/A_N (sky130_fd_sc_hd__nand2b_2)
     1    0.002740    0.039900    0.170718    6.905578 v _0994_/Y (sky130_fd_sc_hd__nand2b_2)
                                                         _0264_ (net)
                      0.039900    0.000078    6.905656 v _1388_/A1 (sky130_fd_sc_hd__o221a_2)
     4    0.017480    0.080703    0.325656    7.231312 v _1388_/X (sky130_fd_sc_hd__o221a_2)
                                                         _0658_ (net)
                      0.080710    0.000835    7.232147 v _1393_/A2 (sky130_fd_sc_hd__o31ai_2)
     3    0.011202    0.297213    0.319600    7.551747 ^ _1393_/Y (sky130_fd_sc_hd__o31ai_2)
                                                         _0663_ (net)
                      0.297213    0.000445    7.552192 ^ _1394_/B (sky130_fd_sc_hd__nand2_2)
     2    0.008171    0.072263    0.105562    7.657754 v _1394_/Y (sky130_fd_sc_hd__nand2_2)
                                                         _0664_ (net)
                      0.072263    0.000226    7.657980 v _1405_/A2 (sky130_fd_sc_hd__o211ai_2)
     5    0.030603    0.389692    0.347535    8.005516 ^ _1405_/Y (sky130_fd_sc_hd__o211ai_2)
                                                         _0675_ (net)
                      0.389694    0.000759    8.006274 ^ _1473_/A1 (sky130_fd_sc_hd__a21bo_2)
     1    0.004277    0.043832    0.200211    8.206485 ^ _1473_/X (sky130_fd_sc_hd__a21bo_2)
                                                         _0718_ (net)
                      0.043832    0.000112    8.206596 ^ fanout16/A (sky130_fd_sc_hd__clkdlybuf4s25_1)
     5    0.027304    0.278356    0.410966    8.617562 ^ fanout16/X (sky130_fd_sc_hd__clkdlybuf4s25_1)
                                                         net16 (net)
                      0.278356    0.000368    8.617929 ^ fanout14/A (sky130_fd_sc_hd__clkdlybuf4s25_1)
    10    0.045148    0.452198    0.597357    9.215286 ^ fanout14/X (sky130_fd_sc_hd__clkdlybuf4s25_1)
                                                         net14 (net)
                      0.452200    0.001855    9.217142 ^ _1528_/B1 (sky130_fd_sc_hd__a21o_2)
     1    0.002922    0.037959    0.149511    9.366652 ^ _1528_/X (sky130_fd_sc_hd__a21o_2)
                                                         _0759_ (net)
                      0.037959    0.000084    9.366737 ^ _1529_/C1 (sky130_fd_sc_hd__o211a_2)
     1    0.002214    0.041922    0.146183    9.512919 ^ _1529_/X (sky130_fd_sc_hd__o211a_2)
                                                         _0042_ (net)
                      0.041922    0.000064    9.512983 ^ _1614_/D (sky130_fd_sc_hd__dfxtp_2)
                                              9.512983   data arrival time

                                 20.000000   20.000000   clock clk (rise edge)
                                  0.000000   20.000000   clock source latency
     1    0.020019    0.095798    0.065992   20.065992 ^ clk (in)
                                                         clk (net)
                      0.095807    0.000000   20.065992 ^ clkbuf_0_clk/A (sky130_fd_sc_hd__clkbuf_16)
     8    0.083957    0.100894    0.191799   20.257792 ^ clkbuf_0_clk/X (sky130_fd_sc_hd__clkbuf_16)
                                                         clknet_0_clk (net)
                      0.100946    0.002167   20.259958 ^ clkbuf_3_4__f_clk/A (sky130_fd_sc_hd__clkbuf_16)
     8    0.032154    0.052863    0.156286   20.416243 ^ clkbuf_3_4__f_clk/X (sky130_fd_sc_hd__clkbuf_16)
                                                         clknet_3_4__leaf_clk (net)
                      0.052868    0.000897   20.417141 ^ _1614_/CLK (sky130_fd_sc_hd__dfxtp_2)
                                 -0.250000   20.167141   clock uncertainty
                                  0.000000   20.167141   clock reconvergence pessimism
                                 -0.056975   20.110167   library setup time
                                             20.110167   data required time
---------------------------------------------------------------------------------------------
                                             20.110167   data required time
                                             -9.512983   data arrival time
---------------------------------------------------------------------------------------------
                                             10.597183   slack (MET)


Startpoint: _1595_ (rising edge-triggered flip-flop clocked by clk)
Endpoint: _1605_ (rising edge-triggered flip-flop clocked by clk)
Path Group: clk
Path Type: max

Fanout         Cap        Slew       Delay        Time   Description
---------------------------------------------------------------------------------------------
                                  0.000000    0.000000   clock clk (rise edge)
                                  0.000000    0.000000   clock source latency
     1    0.020019    0.095798    0.065992    0.065992 ^ clk (in)
                                                         clk (net)
                      0.095807    0.000000    0.065992 ^ clkbuf_0_clk/A (sky130_fd_sc_hd__clkbuf_16)
     8    0.083957    0.100894    0.191798    0.257790 ^ clkbuf_0_clk/X (sky130_fd_sc_hd__clkbuf_16)
                                                         clknet_0_clk (net)
                      0.101100    0.003229    0.261019 ^ clkbuf_3_6__f_clk/A (sky130_fd_sc_hd__clkbuf_16)
     8    0.024440    0.045835    0.149878    0.410897 ^ clkbuf_3_6__f_clk/X (sky130_fd_sc_hd__clkbuf_16)
                                                         clknet_3_6__leaf_clk (net)
                      0.045854    0.000855    0.411752 ^ _1595_/CLK (sky130_fd_sc_hd__dfxtp_2)
     1    0.002493    0.021961    0.300958    0.712710 v _1595_/Q (sky130_fd_sc_hd__dfxtp_2)
                                                         u_dp.b_q[3] (net)
                      0.021961    0.000071    0.712781 v fanout51/A (sky130_fd_sc_hd__clkdlybuf4s25_1)
     7    0.050541    0.371733    0.489012    1.201794 v fanout51/X (sky130_fd_sc_hd__clkdlybuf4s25_1)
                                                         net51 (net)
                      0.371738    0.001740    1.203534 v fanout50/A (sky130_fd_sc_hd__clkdlybuf4s25_1)
    10    0.043519    0.321313    0.570825    1.774359 v fanout50/X (sky130_fd_sc_hd__clkdlybuf4s25_1)
                                                         net50 (net)
                      0.321325    0.002185    1.776544 v _0808_/B (sky130_fd_sc_hd__and3_2)
     3    0.009170    0.053183    0.338229    2.114773 v _0808_/X (sky130_fd_sc_hd__and3_2)
                                                         _0078_ (net)
                      0.053183    0.000234    2.115008 v _0811_/A (sky130_fd_sc_hd__or3_2)
     2    0.004020    0.081140    0.475752    2.590760 v _0811_/X (sky130_fd_sc_hd__or3_2)
                                                         _0081_ (net)
                      0.081140    0.000095    2.590855 v _0812_/B (sky130_fd_sc_hd__and2b_2)
     1    0.003824    0.038453    0.205531    2.796386 v _0812_/X (sky130_fd_sc_hd__and2b_2)
                                                         _0082_ (net)
                      0.038453    0.000135    2.796521 v fanout22/A (sky130_fd_sc_hd__clkdlybuf4s25_1)
     9    0.063180    0.461744    0.562189    3.358711 v fanout22/X (sky130_fd_sc_hd__clkdlybuf4s25_1)
                                                         net22 (net)
                      0.461777    0.004019    3.362730 v fanout21/A (sky130_fd_sc_hd__clkdlybuf4s25_1)
     7    0.053964    0.395844    0.645268    4.007998 v fanout21/X (sky130_fd_sc_hd__clkdlybuf4s25_1)
                                                         net21 (net)
                      0.395880    0.003796    4.011794 v fanout20/A (sky130_fd_sc_hd__clkdlybuf4s25_1)
    10    0.069169    0.504115    0.711326    4.723120 v fanout20/X (sky130_fd_sc_hd__clkdlybuf4s25_1)
                                                         net20 (net)
                      0.504123    0.002511    4.725631 v _0890_/A (sky130_fd_sc_hd__xor2_2)
     2    0.007062    0.127849    0.321657    5.047287 v _0890_/X (sky130_fd_sc_hd__xor2_2)
                                                         _0160_ (net)
                      0.127849    0.000139    5.047426 v _0893_/B (sky130_fd_sc_hd__or2_2)
     1    0.001862    0.050668    0.291702    5.339128 v _0893_/X (sky130_fd_sc_hd__or2_2)
                                                         _0163_ (net)
                      0.050668    0.000052    5.339180 v _0894_/B (sky130_fd_sc_hd__and2_2)
     3    0.020470    0.073786    0.234345    5.573525 v _0894_/X (sky130_fd_sc_hd__and2_2)
                                                         _0164_ (net)
                      0.073786    0.000351    5.573876 v _0895_/B (sky130_fd_sc_hd__nor2_2)
     2    0.015713    0.189144    0.177297    5.751173 ^ _0895_/Y (sky130_fd_sc_hd__nor2_2)
                                                         _0165_ (net)
                      0.189144    0.000106    5.751280 ^ _0896_/B (sky130_fd_sc_hd__xor2_2)
     2    0.013959    0.207190    0.230024    5.981303 ^ _0896_/X (sky130_fd_sc_hd__xor2_2)
                                                         _0166_ (net)
                      0.207190    0.000385    5.981688 ^ _0901_/B (sky130_fd_sc_hd__xnor2_2)
     2    0.006487    0.068856    0.092559    6.074247 v _0901_/Y (sky130_fd_sc_hd__xnor2_2)
                                                         _0171_ (net)
                      0.068856    0.000103    6.074351 v _0983_/A (sky130_fd_sc_hd__and2_2)
     1    0.004936    0.041992    0.181087    6.255438 v _0983_/X (sky130_fd_sc_hd__and2_2)
                                                         _0253_ (net)
                      0.041992    0.000148    6.255586 v _0984_/B (sky130_fd_sc_hd__nor2_2)
     2    0.015786    0.189894    0.165849    6.421435 ^ _0984_/Y (sky130_fd_sc_hd__nor2_2)
                                                         _0254_ (net)
                      0.189895    0.000430    6.421865 ^ _0985_/B (sky130_fd_sc_hd__xor2_2)
     2    0.015119    0.219624    0.239414    6.661279 ^ _0985_/X (sky130_fd_sc_hd__xor2_2)
                                                         _0255_ (net)
                      0.219624    0.000314    6.661592 ^ _0992_/A (sky130_fd_sc_hd__nand2_2)
     2    0.004928    0.060393    0.073158    6.734751 v _0992_/Y (sky130_fd_sc_hd__nand2_2)
                                                         _0262_ (net)
                      0.060393    0.000109    6.734859 v _0994_/A_N (sky130_fd_sc_hd__nand2b_2)
     1    0.002740    0.039900    0.170718    6.905578 v _0994_/Y (sky130_fd_sc_hd__nand2b_2)
                                                         _0264_ (net)
                      0.039900    0.000078    6.905656 v _1388_/A1 (sky130_fd_sc_hd__o221a_2)
     4    0.017480    0.080703    0.325656    7.231312 v _1388_/X (sky130_fd_sc_hd__o221a_2)
                                                         _0658_ (net)
                      0.080710    0.000835    7.232147 v _1393_/A2 (sky130_fd_sc_hd__o31ai_2)
     3    0.011202    0.297213    0.319600    7.551747 ^ _1393_/Y (sky130_fd_sc_hd__o31ai_2)
                                                         _0663_ (net)
                      0.297213    0.000445    7.552192 ^ _1394_/B (sky130_fd_sc_hd__nand2_2)
     2    0.008171    0.072263    0.105562    7.657754 v _1394_/Y (sky130_fd_sc_hd__nand2_2)
                                                         _0664_ (net)
                      0.072263    0.000226    7.657980 v _1405_/A2 (sky130_fd_sc_hd__o211ai_2)
     5    0.030603    0.389692    0.347535    8.005516 ^ _1405_/Y (sky130_fd_sc_hd__o211ai_2)
                                                         _0675_ (net)
                      0.389694    0.000759    8.006274 ^ _1473_/A1 (sky130_fd_sc_hd__a21bo_2)
     1    0.004277    0.043832    0.200211    8.206485 ^ _1473_/X (sky130_fd_sc_hd__a21bo_2)
                                                         _0718_ (net)
                      0.043832    0.000112    8.206596 ^ fanout16/A (sky130_fd_sc_hd__clkdlybuf4s25_1)
     5    0.027304    0.278356    0.410966    8.617562 ^ fanout16/X (sky130_fd_sc_hd__clkdlybuf4s25_1)
                                                         net16 (net)
                      0.278356    0.000887    8.618449 ^ fanout15/A (sky130_fd_sc_hd__clkdlybuf4s25_1)
    10    0.043532    0.436416    0.586477    9.204926 ^ fanout15/X (sky130_fd_sc_hd__clkdlybuf4s25_1)
                                                         net15 (net)
                      0.436418    0.001917    9.206842 ^ _1492_/B1 (sky130_fd_sc_hd__a21o_2)
     1    0.004254    0.042658    0.155409    9.362251 ^ _1492_/X (sky130_fd_sc_hd__a21o_2)
                                                         _0732_ (net)
                      0.042658    0.000150    9.362402 ^ _1493_/C1 (sky130_fd_sc_hd__o211a_2)
     1    0.002364    0.043418    0.148554    9.510956 ^ _1493_/X (sky130_fd_sc_hd__o211a_2)
                                                         _0033_ (net)
                      0.043418    0.000069    9.511025 ^ _1605_/D (sky130_fd_sc_hd__dfxtp_2)
                                              9.511025   data arrival time

                                 20.000000   20.000000   clock clk (rise edge)
                                  0.000000   20.000000   clock source latency
     1    0.020019    0.095798    0.065992   20.065992 ^ clk (in)
                                                         clk (net)
                      0.095807    0.000000   20.065992 ^ clkbuf_0_clk/A (sky130_fd_sc_hd__clkbuf_16)
     8    0.083957    0.100894    0.191799   20.257792 ^ clkbuf_0_clk/X (sky130_fd_sc_hd__clkbuf_16)
                                                         clknet_0_clk (net)
                      0.101071    0.002935   20.260725 ^ clkbuf_3_3__f_clk/A (sky130_fd_sc_hd__clkbuf_16)
     8    0.031114    0.051988    0.155614   20.416340 ^ clkbuf_3_3__f_clk/X (sky130_fd_sc_hd__clkbuf_16)
                                                         clknet_3_3__leaf_clk (net)
                      0.051991    0.000650   20.416990 ^ _1605_/CLK (sky130_fd_sc_hd__dfxtp_2)
                                 -0.250000   20.166990   clock uncertainty
                                  0.000000   20.166990   clock reconvergence pessimism
                                 -0.057456   20.109533   library setup time
                                             20.109533   data required time
---------------------------------------------------------------------------------------------
                                             20.109533   data required time
                                             -9.511025   data arrival time
---------------------------------------------------------------------------------------------
                                             10.598509   slack (MET)


Startpoint: _1595_ (rising edge-triggered flip-flop clocked by clk)
Endpoint: _1607_ (rising edge-triggered flip-flop clocked by clk)
Path Group: clk
Path Type: max

Fanout         Cap        Slew       Delay        Time   Description
---------------------------------------------------------------------------------------------
                                  0.000000    0.000000   clock clk (rise edge)
                                  0.000000    0.000000   clock source latency
     1    0.020019    0.095798    0.065992    0.065992 ^ clk (in)
                                                         clk (net)
                      0.095807    0.000000    0.065992 ^ clkbuf_0_clk/A (sky130_fd_sc_hd__clkbuf_16)
     8    0.083957    0.100894    0.191798    0.257790 ^ clkbuf_0_clk/X (sky130_fd_sc_hd__clkbuf_16)
                                                         clknet_0_clk (net)
                      0.101100    0.003229    0.261019 ^ clkbuf_3_6__f_clk/A (sky130_fd_sc_hd__clkbuf_16)
     8    0.024440    0.045835    0.149878    0.410897 ^ clkbuf_3_6__f_clk/X (sky130_fd_sc_hd__clkbuf_16)
                                                         clknet_3_6__leaf_clk (net)
                      0.045854    0.000855    0.411752 ^ _1595_/CLK (sky130_fd_sc_hd__dfxtp_2)
     1    0.002493    0.021961    0.300958    0.712710 v _1595_/Q (sky130_fd_sc_hd__dfxtp_2)
                                                         u_dp.b_q[3] (net)
                      0.021961    0.000071    0.712781 v fanout51/A (sky130_fd_sc_hd__clkdlybuf4s25_1)
     7    0.050541    0.371733    0.489012    1.201794 v fanout51/X (sky130_fd_sc_hd__clkdlybuf4s25_1)
                                                         net51 (net)
                      0.371738    0.001740    1.203534 v fanout50/A (sky130_fd_sc_hd__clkdlybuf4s25_1)
    10    0.043519    0.321313    0.570825    1.774359 v fanout50/X (sky130_fd_sc_hd__clkdlybuf4s25_1)
                                                         net50 (net)
                      0.321325    0.002185    1.776544 v _0808_/B (sky130_fd_sc_hd__and3_2)
     3    0.009170    0.053183    0.338229    2.114773 v _0808_/X (sky130_fd_sc_hd__and3_2)
                                                         _0078_ (net)
                      0.053183    0.000234    2.115008 v _0811_/A (sky130_fd_sc_hd__or3_2)
     2    0.004020    0.081140    0.475752    2.590760 v _0811_/X (sky130_fd_sc_hd__or3_2)
                                                         _0081_ (net)
                      0.081140    0.000095    2.590855 v _0812_/B (sky130_fd_sc_hd__and2b_2)
     1    0.003824    0.038453    0.205531    2.796386 v _0812_/X (sky130_fd_sc_hd__and2b_2)
                                                         _0082_ (net)
                      0.038453    0.000135    2.796521 v fanout22/A (sky130_fd_sc_hd__clkdlybuf4s25_1)
     9    0.063180    0.461744    0.562189    3.358711 v fanout22/X (sky130_fd_sc_hd__clkdlybuf4s25_1)
                                                         net22 (net)
                      0.461777    0.004019    3.362730 v fanout21/A (sky130_fd_sc_hd__clkdlybuf4s25_1)
     7    0.053964    0.395844    0.645268    4.007998 v fanout21/X (sky130_fd_sc_hd__clkdlybuf4s25_1)
                                                         net21 (net)
                      0.395880    0.003796    4.011794 v fanout20/A (sky130_fd_sc_hd__clkdlybuf4s25_1)
    10    0.069169    0.504115    0.711326    4.723120 v fanout20/X (sky130_fd_sc_hd__clkdlybuf4s25_1)
                                                         net20 (net)
                      0.504123    0.002511    4.725631 v _0890_/A (sky130_fd_sc_hd__xor2_2)
     2    0.007062    0.127849    0.321657    5.047287 v _0890_/X (sky130_fd_sc_hd__xor2_2)
                                                         _0160_ (net)
                      0.127849    0.000139    5.047426 v _0893_/B (sky130_fd_sc_hd__or2_2)
     1    0.001862    0.050668    0.291702    5.339128 v _0893_/X (sky130_fd_sc_hd__or2_2)
                                                         _0163_ (net)
                      0.050668    0.000052    5.339180 v _0894_/B (sky130_fd_sc_hd__and2_2)
     3    0.020470    0.073786    0.234345    5.573525 v _0894_/X (sky130_fd_sc_hd__and2_2)
                                                         _0164_ (net)
                      0.073786    0.000351    5.573876 v _0895_/B (sky130_fd_sc_hd__nor2_2)
     2    0.015713    0.189144    0.177297    5.751173 ^ _0895_/Y (sky130_fd_sc_hd__nor2_2)
                                                         _0165_ (net)
                      0.189144    0.000106    5.751280 ^ _0896_/B (sky130_fd_sc_hd__xor2_2)
     2    0.013959    0.207190    0.230024    5.981303 ^ _0896_/X (sky130_fd_sc_hd__xor2_2)
                                                         _0166_ (net)
                      0.207190    0.000385    5.981688 ^ _0901_/B (sky130_fd_sc_hd__xnor2_2)
     2    0.006487    0.068856    0.092559    6.074247 v _0901_/Y (sky130_fd_sc_hd__xnor2_2)
                                                         _0171_ (net)
                      0.068856    0.000103    6.074351 v _0983_/A (sky130_fd_sc_hd__and2_2)
     1    0.004936    0.041992    0.181087    6.255438 v _0983_/X (sky130_fd_sc_hd__and2_2)
                                                         _0253_ (net)
                      0.041992    0.000148    6.255586 v _0984_/B (sky130_fd_sc_hd__nor2_2)
     2    0.015786    0.189894    0.165849    6.421435 ^ _0984_/Y (sky130_fd_sc_hd__nor2_2)
                                                         _0254_ (net)
                      0.189895    0.000430    6.421865 ^ _0985_/B (sky130_fd_sc_hd__xor2_2)
     2    0.015119    0.219624    0.239414    6.661279 ^ _0985_/X (sky130_fd_sc_hd__xor2_2)
                                                         _0255_ (net)
                      0.219624    0.000314    6.661592 ^ _0992_/A (sky130_fd_sc_hd__nand2_2)
     2    0.004928    0.060393    0.073158    6.734751 v _0992_/Y (sky130_fd_sc_hd__nand2_2)
                                                         _0262_ (net)
                      0.060393    0.000109    6.734859 v _0994_/A_N (sky130_fd_sc_hd__nand2b_2)
     1    0.002740    0.039900    0.170718    6.905578 v _0994_/Y (sky130_fd_sc_hd__nand2b_2)
                                                         _0264_ (net)
                      0.039900    0.000078    6.905656 v _1388_/A1 (sky130_fd_sc_hd__o221a_2)
     4    0.017480    0.080703    0.325656    7.231312 v _1388_/X (sky130_fd_sc_hd__o221a_2)
                                                         _0658_ (net)
                      0.080710    0.000835    7.232147 v _1393_/A2 (sky130_fd_sc_hd__o31ai_2)
     3    0.011202    0.297213    0.319600    7.551747 ^ _1393_/Y (sky130_fd_sc_hd__o31ai_2)
                                                         _0663_ (net)
                      0.297213    0.000445    7.552192 ^ _1394_/B (sky130_fd_sc_hd__nand2_2)
     2    0.008171    0.072263    0.105562    7.657754 v _1394_/Y (sky130_fd_sc_hd__nand2_2)
                                                         _0664_ (net)
                      0.072263    0.000226    7.657980 v _1405_/A2 (sky130_fd_sc_hd__o211ai_2)
     5    0.030603    0.389692    0.347535    8.005516 ^ _1405_/Y (sky130_fd_sc_hd__o211ai_2)
                                                         _0675_ (net)
                      0.389694    0.000759    8.006274 ^ _1473_/A1 (sky130_fd_sc_hd__a21bo_2)
     1    0.004277    0.043832    0.200211    8.206485 ^ _1473_/X (sky130_fd_sc_hd__a21bo_2)
                                                         _0718_ (net)
                      0.043832    0.000112    8.206596 ^ fanout16/A (sky130_fd_sc_hd__clkdlybuf4s25_1)
     5    0.027304    0.278356    0.410966    8.617562 ^ fanout16/X (sky130_fd_sc_hd__clkdlybuf4s25_1)
                                                         net16 (net)
                      0.278356    0.000887    8.618449 ^ fanout15/A (sky130_fd_sc_hd__clkdlybuf4s25_1)
    10    0.043532    0.436416    0.586477    9.204926 ^ fanout15/X (sky130_fd_sc_hd__clkdlybuf4s25_1)
                                                         net15 (net)
                      0.436416    0.001563    9.206490 ^ _1498_/B1 (sky130_fd_sc_hd__a21o_2)
     1    0.003118    0.038156    0.149238    9.355727 ^ _1498_/X (sky130_fd_sc_hd__a21o_2)
                                                         _0736_ (net)
                      0.038156    0.000091    9.355818 ^ _1499_/C1 (sky130_fd_sc_hd__o211a_2)
     1    0.002501    0.044124    0.148009    9.503826 ^ _1499_/X (sky130_fd_sc_hd__o211a_2)
                                                         _0035_ (net)
                      0.044124    0.000075    9.503901 ^ _1607_/D (sky130_fd_sc_hd__dfxtp_2)
                                              9.503901   data arrival time

                                 20.000000   20.000000   clock clk (rise edge)
                                  0.000000   20.000000   clock source latency
     1    0.020019    0.095798    0.065992   20.065992 ^ clk (in)
                                                         clk (net)
                      0.095807    0.000000   20.065992 ^ clkbuf_0_clk/A (sky130_fd_sc_hd__clkbuf_16)
     8    0.083957    0.100894    0.191799   20.257792 ^ clkbuf_0_clk/X (sky130_fd_sc_hd__clkbuf_16)
                                                         clknet_0_clk (net)
                      0.100946    0.002167   20.259958 ^ clkbuf_3_4__f_clk/A (sky130_fd_sc_hd__clkbuf_16)
     8    0.032154    0.052863    0.156286   20.416243 ^ clkbuf_3_4__f_clk/X (sky130_fd_sc_hd__clkbuf_16)
                                                         clknet_3_4__leaf_clk (net)
                      0.052867    0.000806   20.417049 ^ _1607_/CLK (sky130_fd_sc_hd__dfxtp_2)
                                 -0.250000   20.167051   clock uncertainty
                                  0.000000   20.167051   clock reconvergence pessimism
                                 -0.057493   20.109558   library setup time
                                             20.109558   data required time
---------------------------------------------------------------------------------------------
                                             20.109558   data required time
                                             -9.503901   data arrival time
---------------------------------------------------------------------------------------------
                                             10.605656   slack (MET)


Startpoint: _1595_ (rising edge-triggered flip-flop clocked by clk)
Endpoint: _1616_ (rising edge-triggered flip-flop clocked by clk)
Path Group: clk
Path Type: max

Fanout         Cap        Slew       Delay        Time   Description
---------------------------------------------------------------------------------------------
                                  0.000000    0.000000   clock clk (rise edge)
                                  0.000000    0.000000   clock source latency
     1    0.020019    0.095798    0.065992    0.065992 ^ clk (in)
                                                         clk (net)
                      0.095807    0.000000    0.065992 ^ clkbuf_0_clk/A (sky130_fd_sc_hd__clkbuf_16)
     8    0.083957    0.100894    0.191798    0.257790 ^ clkbuf_0_clk/X (sky130_fd_sc_hd__clkbuf_16)
                                                         clknet_0_clk (net)
                      0.101100    0.003229    0.261019 ^ clkbuf_3_6__f_clk/A (sky130_fd_sc_hd__clkbuf_16)
     8    0.024440    0.045835    0.149878    0.410897 ^ clkbuf_3_6__f_clk/X (sky130_fd_sc_hd__clkbuf_16)
                                                         clknet_3_6__leaf_clk (net)
                      0.045854    0.000855    0.411752 ^ _1595_/CLK (sky130_fd_sc_hd__dfxtp_2)
     1    0.002493    0.021961    0.300958    0.712710 v _1595_/Q (sky130_fd_sc_hd__dfxtp_2)
                                                         u_dp.b_q[3] (net)
                      0.021961    0.000071    0.712781 v fanout51/A (sky130_fd_sc_hd__clkdlybuf4s25_1)
     7    0.050541    0.371733    0.489012    1.201794 v fanout51/X (sky130_fd_sc_hd__clkdlybuf4s25_1)
                                                         net51 (net)
                      0.371738    0.001740    1.203534 v fanout50/A (sky130_fd_sc_hd__clkdlybuf4s25_1)
    10    0.043519    0.321313    0.570825    1.774359 v fanout50/X (sky130_fd_sc_hd__clkdlybuf4s25_1)
                                                         net50 (net)
                      0.321325    0.002185    1.776544 v _0808_/B (sky130_fd_sc_hd__and3_2)
     3    0.009170    0.053183    0.338229    2.114773 v _0808_/X (sky130_fd_sc_hd__and3_2)
                                                         _0078_ (net)
                      0.053183    0.000234    2.115008 v _0811_/A (sky130_fd_sc_hd__or3_2)
     2    0.004020    0.081140    0.475752    2.590760 v _0811_/X (sky130_fd_sc_hd__or3_2)
                                                         _0081_ (net)
                      0.081140    0.000095    2.590855 v _0812_/B (sky130_fd_sc_hd__and2b_2)
     1    0.003824    0.038453    0.205531    2.796386 v _0812_/X (sky130_fd_sc_hd__and2b_2)
                                                         _0082_ (net)
                      0.038453    0.000135    2.796521 v fanout22/A (sky130_fd_sc_hd__clkdlybuf4s25_1)
     9    0.063180    0.461744    0.562189    3.358711 v fanout22/X (sky130_fd_sc_hd__clkdlybuf4s25_1)
                                                         net22 (net)
                      0.461777    0.004019    3.362730 v fanout21/A (sky130_fd_sc_hd__clkdlybuf4s25_1)
     7    0.053964    0.395844    0.645268    4.007998 v fanout21/X (sky130_fd_sc_hd__clkdlybuf4s25_1)
                                                         net21 (net)
                      0.395880    0.003796    4.011794 v fanout20/A (sky130_fd_sc_hd__clkdlybuf4s25_1)
    10    0.069169    0.504115    0.711326    4.723120 v fanout20/X (sky130_fd_sc_hd__clkdlybuf4s25_1)
                                                         net20 (net)
                      0.504123    0.002511    4.725631 v _0890_/A (sky130_fd_sc_hd__xor2_2)
     2    0.007062    0.127849    0.321657    5.047287 v _0890_/X (sky130_fd_sc_hd__xor2_2)
                                                         _0160_ (net)
                      0.127849    0.000139    5.047426 v _0893_/B (sky130_fd_sc_hd__or2_2)
     1    0.001862    0.050668    0.291702    5.339128 v _0893_/X (sky130_fd_sc_hd__or2_2)
                                                         _0163_ (net)
                      0.050668    0.000052    5.339180 v _0894_/B (sky130_fd_sc_hd__and2_2)
     3    0.020470    0.073786    0.234345    5.573525 v _0894_/X (sky130_fd_sc_hd__and2_2)
                                                         _0164_ (net)
                      0.073786    0.000351    5.573876 v _0895_/B (sky130_fd_sc_hd__nor2_2)
     2    0.015713    0.189144    0.177297    5.751173 ^ _0895_/Y (sky130_fd_sc_hd__nor2_2)
                                                         _0165_ (net)
                      0.189144    0.000106    5.751280 ^ _0896_/B (sky130_fd_sc_hd__xor2_2)
     2    0.013959    0.207190    0.230024    5.981303 ^ _0896_/X (sky130_fd_sc_hd__xor2_2)
                                                         _0166_ (net)
                      0.207190    0.000385    5.981688 ^ _0901_/B (sky130_fd_sc_hd__xnor2_2)
     2    0.006487    0.068856    0.092559    6.074247 v _0901_/Y (sky130_fd_sc_hd__xnor2_2)
                                                         _0171_ (net)
                      0.068856    0.000103    6.074351 v _0983_/A (sky130_fd_sc_hd__and2_2)
     1    0.004936    0.041992    0.181087    6.255438 v _0983_/X (sky130_fd_sc_hd__and2_2)
                                                         _0253_ (net)
                      0.041992    0.000148    6.255586 v _0984_/B (sky130_fd_sc_hd__nor2_2)
     2    0.015786    0.189894    0.165849    6.421435 ^ _0984_/Y (sky130_fd_sc_hd__nor2_2)
                                                         _0254_ (net)
                      0.189895    0.000430    6.421865 ^ _0985_/B (sky130_fd_sc_hd__xor2_2)
     2    0.015119    0.219624    0.239414    6.661279 ^ _0985_/X (sky130_fd_sc_hd__xor2_2)
                                                         _0255_ (net)
                      0.219624    0.000314    6.661592 ^ _0992_/A (sky130_fd_sc_hd__nand2_2)
     2    0.004928    0.060393    0.073158    6.734751 v _0992_/Y (sky130_fd_sc_hd__nand2_2)
                                                         _0262_ (net)
                      0.060393    0.000109    6.734859 v _0994_/A_N (sky130_fd_sc_hd__nand2b_2)
     1    0.002740    0.039900    0.170718    6.905578 v _0994_/Y (sky130_fd_sc_hd__nand2b_2)
                                                         _0264_ (net)
                      0.039900    0.000078    6.905656 v _1388_/A1 (sky130_fd_sc_hd__o221a_2)
     4    0.017480    0.080703    0.325656    7.231312 v _1388_/X (sky130_fd_sc_hd__o221a_2)
                                                         _0658_ (net)
                      0.080710    0.000835    7.232147 v _1393_/A2 (sky130_fd_sc_hd__o31ai_2)
     3    0.011202    0.297213    0.319600    7.551747 ^ _1393_/Y (sky130_fd_sc_hd__o31ai_2)
                                                         _0663_ (net)
                      0.297213    0.000306    7.552052 ^ _1406_/A2 (sky130_fd_sc_hd__a21o_2)
     1    0.009351    0.060821    0.202706    7.754759 ^ _1406_/X (sky130_fd_sc_hd__a21o_2)
                                                         _0676_ (net)
                      0.060821    0.000296    7.755054 ^ _1407_/B (sky130_fd_sc_hd__xnor2_2)
     4    0.023225    0.129362    0.119479    7.874533 v _1407_/Y (sky130_fd_sc_hd__xnor2_2)
                                                         _0677_ (net)
                      0.129362    0.000365    7.874898 v _1408_/B (sky130_fd_sc_hd__or2_2)
     4    0.022304    0.103407    0.370063    8.244962 v _1408_/X (sky130_fd_sc_hd__or2_2)
                                                         _0678_ (net)
                      0.103407    0.000457    8.245419 v fanout17/A (sky130_fd_sc_hd__clkdlybuf4s25_1)
    10    0.039005    0.288321    0.464574    8.709993 v fanout17/X (sky130_fd_sc_hd__clkdlybuf4s25_1)
                                                         net17 (net)
                      0.288322    0.001084    8.711078 v _1535_/A2 (sky130_fd_sc_hd__a31o_2)
     1    0.004161    0.040712    0.327316    9.038393 v _1535_/X (sky130_fd_sc_hd__a31o_2)
                                                         _0764_ (net)
                      0.040712    0.000147    9.038541 v _1536_/C1 (sky130_fd_sc_hd__o211a_2)
     1    0.002719    0.041053    0.108749    9.147290 v _1536_/X (sky130_fd_sc_hd__o211a_2)
                                                         _0044_ (net)
                      0.041053    0.000079    9.147369 v _1616_/D (sky130_fd_sc_hd__dfxtp_2)
                                              9.147369   data arrival time

                                 20.000000   20.000000   clock clk (rise edge)
                                  0.000000   20.000000   clock source latency
     1    0.020019    0.095798    0.065992   20.065992 ^ clk (in)
                                                         clk (net)
                      0.095807    0.000000   20.065992 ^ clkbuf_0_clk/A (sky130_fd_sc_hd__clkbuf_16)
     8    0.083957    0.100894    0.191799   20.257792 ^ clkbuf_0_clk/X (sky130_fd_sc_hd__clkbuf_16)
                                                         clknet_0_clk (net)
                      0.101068    0.002895   20.260687 ^ clkbuf_3_1__f_clk/A (sky130_fd_sc_hd__clkbuf_16)
     8    0.023578    0.045034    0.149294   20.409981 ^ clkbuf_3_1__f_clk/X (sky130_fd_sc_hd__clkbuf_16)
                                                         clknet_3_1__leaf_clk (net)
                      0.045040    0.000506   20.410486 ^ _1616_/CLK (sky130_fd_sc_hd__dfxtp_2)
                                 -0.250000   20.160488   clock uncertainty
                                  0.000000   20.160488   clock reconvergence pessimism
                                 -0.111153   20.049335   library setup time
                                             20.049335   data required time
---------------------------------------------------------------------------------------------
                                             20.049335   data required time
                                             -9.147369   data arrival time
---------------------------------------------------------------------------------------------
                                             10.901966   slack (MET)


Startpoint: _1595_ (rising edge-triggered flip-flop clocked by clk)
Endpoint: _1617_ (rising edge-triggered flip-flop clocked by clk)
Path Group: clk
Path Type: max

Fanout         Cap        Slew       Delay        Time   Description
---------------------------------------------------------------------------------------------
                                  0.000000    0.000000   clock clk (rise edge)
                                  0.000000    0.000000   clock source latency
     1    0.020019    0.095798    0.065992    0.065992 ^ clk (in)
                                                         clk (net)
                      0.095807    0.000000    0.065992 ^ clkbuf_0_clk/A (sky130_fd_sc_hd__clkbuf_16)
     8    0.083957    0.100894    0.191798    0.257790 ^ clkbuf_0_clk/X (sky130_fd_sc_hd__clkbuf_16)
                                                         clknet_0_clk (net)
                      0.101100    0.003229    0.261019 ^ clkbuf_3_6__f_clk/A (sky130_fd_sc_hd__clkbuf_16)
     8    0.024440    0.045835    0.149878    0.410897 ^ clkbuf_3_6__f_clk/X (sky130_fd_sc_hd__clkbuf_16)
                                                         clknet_3_6__leaf_clk (net)
                      0.045854    0.000855    0.411752 ^ _1595_/CLK (sky130_fd_sc_hd__dfxtp_2)
     1    0.002493    0.021961    0.300958    0.712710 v _1595_/Q (sky130_fd_sc_hd__dfxtp_2)
                                                         u_dp.b_q[3] (net)
                      0.021961    0.000071    0.712781 v fanout51/A (sky130_fd_sc_hd__clkdlybuf4s25_1)
     7    0.050541    0.371733    0.489012    1.201794 v fanout51/X (sky130_fd_sc_hd__clkdlybuf4s25_1)
                                                         net51 (net)
                      0.371738    0.001740    1.203534 v fanout50/A (sky130_fd_sc_hd__clkdlybuf4s25_1)
    10    0.043519    0.321313    0.570825    1.774359 v fanout50/X (sky130_fd_sc_hd__clkdlybuf4s25_1)
                                                         net50 (net)
                      0.321325    0.002185    1.776544 v _0808_/B (sky130_fd_sc_hd__and3_2)
     3    0.009170    0.053183    0.338229    2.114773 v _0808_/X (sky130_fd_sc_hd__and3_2)
                                                         _0078_ (net)
                      0.053183    0.000234    2.115008 v _0811_/A (sky130_fd_sc_hd__or3_2)
     2    0.004020    0.081140    0.475752    2.590760 v _0811_/X (sky130_fd_sc_hd__or3_2)
                                                         _0081_ (net)
                      0.081140    0.000095    2.590855 v _0812_/B (sky130_fd_sc_hd__and2b_2)
     1    0.003824    0.038453    0.205531    2.796386 v _0812_/X (sky130_fd_sc_hd__and2b_2)
                                                         _0082_ (net)
                      0.038453    0.000135    2.796521 v fanout22/A (sky130_fd_sc_hd__clkdlybuf4s25_1)
     9    0.063180    0.461744    0.562189    3.358711 v fanout22/X (sky130_fd_sc_hd__clkdlybuf4s25_1)
                                                         net22 (net)
                      0.461777    0.004019    3.362730 v fanout21/A (sky130_fd_sc_hd__clkdlybuf4s25_1)
     7    0.053964    0.395844    0.645268    4.007998 v fanout21/X (sky130_fd_sc_hd__clkdlybuf4s25_1)
                                                         net21 (net)
                      0.395880    0.003796    4.011794 v fanout20/A (sky130_fd_sc_hd__clkdlybuf4s25_1)
    10    0.069169    0.504115    0.711326    4.723120 v fanout20/X (sky130_fd_sc_hd__clkdlybuf4s25_1)
                                                         net20 (net)
                      0.504123    0.002511    4.725631 v _0890_/A (sky130_fd_sc_hd__xor2_2)
     2    0.007062    0.127849    0.321657    5.047287 v _0890_/X (sky130_fd_sc_hd__xor2_2)
                                                         _0160_ (net)
                      0.127849    0.000139    5.047426 v _0893_/B (sky130_fd_sc_hd__or2_2)
     1    0.001862    0.050668    0.291702    5.339128 v _0893_/X (sky130_fd_sc_hd__or2_2)
                                                         _0163_ (net)
                      0.050668    0.000052    5.339180 v _0894_/B (sky130_fd_sc_hd__and2_2)
     3    0.020470    0.073786    0.234345    5.573525 v _0894_/X (sky130_fd_sc_hd__and2_2)
                                                         _0164_ (net)
                      0.073786    0.000351    5.573876 v _0895_/B (sky130_fd_sc_hd__nor2_2)
     2    0.015713    0.189144    0.177297    5.751173 ^ _0895_/Y (sky130_fd_sc_hd__nor2_2)
                                                         _0165_ (net)
                      0.189144    0.000106    5.751280 ^ _0896_/B (sky130_fd_sc_hd__xor2_2)
     2    0.013959    0.207190    0.230024    5.981303 ^ _0896_/X (sky130_fd_sc_hd__xor2_2)
                                                         _0166_ (net)
                      0.207190    0.000385    5.981688 ^ _0901_/B (sky130_fd_sc_hd__xnor2_2)
     2    0.006487    0.068856    0.092559    6.074247 v _0901_/Y (sky130_fd_sc_hd__xnor2_2)
                                                         _0171_ (net)
                      0.068856    0.000103    6.074351 v _0983_/A (sky130_fd_sc_hd__and2_2)
     1    0.004936    0.041992    0.181087    6.255438 v _0983_/X (sky130_fd_sc_hd__and2_2)
                                                         _0253_ (net)
                      0.041992    0.000148    6.255586 v _0984_/B (sky130_fd_sc_hd__nor2_2)
     2    0.015786    0.189894    0.165849    6.421435 ^ _0984_/Y (sky130_fd_sc_hd__nor2_2)
                                                         _0254_ (net)
                      0.189895    0.000430    6.421865 ^ _0985_/B (sky130_fd_sc_hd__xor2_2)
     2    0.015119    0.219624    0.239414    6.661279 ^ _0985_/X (sky130_fd_sc_hd__xor2_2)
                                                         _0255_ (net)
                      0.219624    0.000314    6.661592 ^ _0992_/A (sky130_fd_sc_hd__nand2_2)
     2    0.004928    0.060393    0.073158    6.734751 v _0992_/Y (sky130_fd_sc_hd__nand2_2)
                                                         _0262_ (net)
                      0.060393    0.000109    6.734859 v _0994_/A_N (sky130_fd_sc_hd__nand2b_2)
     1    0.002740    0.039900    0.170718    6.905578 v _0994_/Y (sky130_fd_sc_hd__nand2b_2)
                                                         _0264_ (net)
                      0.039900    0.000078    6.905656 v _1388_/A1 (sky130_fd_sc_hd__o221a_2)
     4    0.017480    0.080703    0.325656    7.231312 v _1388_/X (sky130_fd_sc_hd__o221a_2)
                                                         _0658_ (net)
                      0.080710    0.000835    7.232147 v _1393_/A2 (sky130_fd_sc_hd__o31ai_2)
     3    0.011202    0.297213    0.319600    7.551747 ^ _1393_/Y (sky130_fd_sc_hd__o31ai_2)
                                                         _0663_ (net)
                      0.297213    0.000445    7.552192 ^ _1394_/B (sky130_fd_sc_hd__nand2_2)
     2    0.008171    0.072263    0.105562    7.657754 v _1394_/Y (sky130_fd_sc_hd__nand2_2)
                                                         _0664_ (net)
                      0.072263    0.000226    7.657980 v _1405_/A2 (sky130_fd_sc_hd__o211ai_2)
     5    0.030603    0.389692    0.347535    8.005516 ^ _1405_/Y (sky130_fd_sc_hd__o211ai_2)
                                                         _0675_ (net)
                      0.389694    0.000759    8.006274 ^ _1473_/A1 (sky130_fd_sc_hd__a21bo_2)
     1    0.004277    0.043832    0.200211    8.206485 ^ _1473_/X (sky130_fd_sc_hd__a21bo_2)
                                                         _0718_ (net)
                      0.043832    0.000112    8.206596 ^ fanout16/A (sky130_fd_sc_hd__clkdlybuf4s25_1)
     5    0.027304    0.278356    0.410966    8.617562 ^ fanout16/X (sky130_fd_sc_hd__clkdlybuf4s25_1)
                                                         net16 (net)
                      0.278360    0.001465    8.619027 ^ _1539_/B1 (sky130_fd_sc_hd__a31o_2)
     1    0.003073    0.039667    0.152120    8.771148 ^ _1539_/X (sky130_fd_sc_hd__a31o_2)
                                                         _0767_ (net)
                      0.039680    0.000091    8.771239 ^ _1540_/C1 (sky130_fd_sc_hd__o211a_2)
     1    0.002699    0.045143    0.149694    8.920934 ^ _1540_/X (sky130_fd_sc_hd__o211a_2)
                                                         _0045_ (net)
                      0.045143    0.000083    8.921017 ^ _1617_/D (sky130_fd_sc_hd__dfxtp_2)
                                              8.921017   data arrival time

                                 20.000000   20.000000   clock clk (rise edge)
                                  0.000000   20.000000   clock source latency
     1    0.020019    0.095798    0.065992   20.065992 ^ clk (in)
                                                         clk (net)
                      0.095807    0.000000   20.065992 ^ clkbuf_0_clk/A (sky130_fd_sc_hd__clkbuf_16)
     8    0.083957    0.100894    0.191799   20.257792 ^ clkbuf_0_clk/X (sky130_fd_sc_hd__clkbuf_16)
                                                         clknet_0_clk (net)
                      0.101068    0.002895   20.260687 ^ clkbuf_3_1__f_clk/A (sky130_fd_sc_hd__clkbuf_16)
     8    0.023578    0.045034    0.149294   20.409981 ^ clkbuf_3_1__f_clk/X (sky130_fd_sc_hd__clkbuf_16)
                                                         clknet_3_1__leaf_clk (net)
                      0.045040    0.000497   20.410477 ^ _1617_/CLK (sky130_fd_sc_hd__dfxtp_2)
                                 -0.250000   20.160479   clock uncertainty
                                  0.000000   20.160479   clock reconvergence pessimism
                                 -0.058890   20.101589   library setup time
                                             20.101589   data required time
---------------------------------------------------------------------------------------------
                                             20.101589   data required time
                                             -8.921017   data arrival time
---------------------------------------------------------------------------------------------
                                             11.180572   slack (MET)


Startpoint: _1595_ (rising edge-triggered flip-flop clocked by clk)
Endpoint: _1611_ (rising edge-triggered flip-flop clocked by clk)
Path Group: clk
Path Type: max

Fanout         Cap        Slew       Delay        Time   Description
---------------------------------------------------------------------------------------------
                                  0.000000    0.000000   clock clk (rise edge)
                                  0.000000    0.000000   clock source latency
     1    0.020019    0.095798    0.065992    0.065992 ^ clk (in)
                                                         clk (net)
                      0.095807    0.000000    0.065992 ^ clkbuf_0_clk/A (sky130_fd_sc_hd__clkbuf_16)
     8    0.083957    0.100894    0.191798    0.257790 ^ clkbuf_0_clk/X (sky130_fd_sc_hd__clkbuf_16)
                                                         clknet_0_clk (net)
                      0.101100    0.003229    0.261019 ^ clkbuf_3_6__f_clk/A (sky130_fd_sc_hd__clkbuf_16)
     8    0.024440    0.045835    0.149878    0.410897 ^ clkbuf_3_6__f_clk/X (sky130_fd_sc_hd__clkbuf_16)
                                                         clknet_3_6__leaf_clk (net)
                      0.045854    0.000855    0.411752 ^ _1595_/CLK (sky130_fd_sc_hd__dfxtp_2)
     1    0.002493    0.021961    0.300958    0.712710 v _1595_/Q (sky130_fd_sc_hd__dfxtp_2)
                                                         u_dp.b_q[3] (net)
                      0.021961    0.000071    0.712781 v fanout51/A (sky130_fd_sc_hd__clkdlybuf4s25_1)
     7    0.050541    0.371733    0.489012    1.201794 v fanout51/X (sky130_fd_sc_hd__clkdlybuf4s25_1)
                                                         net51 (net)
                      0.371738    0.001740    1.203534 v fanout50/A (sky130_fd_sc_hd__clkdlybuf4s25_1)
    10    0.043519    0.321313    0.570825    1.774359 v fanout50/X (sky130_fd_sc_hd__clkdlybuf4s25_1)
                                                         net50 (net)
                      0.321325    0.002185    1.776544 v _0808_/B (sky130_fd_sc_hd__and3_2)
     3    0.009170    0.053183    0.338229    2.114773 v _0808_/X (sky130_fd_sc_hd__and3_2)
                                                         _0078_ (net)
                      0.053183    0.000234    2.115008 v _0811_/A (sky130_fd_sc_hd__or3_2)
     2    0.004020    0.081140    0.475752    2.590760 v _0811_/X (sky130_fd_sc_hd__or3_2)
                                                         _0081_ (net)
                      0.081140    0.000095    2.590855 v _0812_/B (sky130_fd_sc_hd__and2b_2)
     1    0.003824    0.038453    0.205531    2.796386 v _0812_/X (sky130_fd_sc_hd__and2b_2)
                                                         _0082_ (net)
                      0.038453    0.000135    2.796521 v fanout22/A (sky130_fd_sc_hd__clkdlybuf4s25_1)
     9    0.063180    0.461744    0.562189    3.358711 v fanout22/X (sky130_fd_sc_hd__clkdlybuf4s25_1)
                                                         net22 (net)
                      0.461777    0.004019    3.362730 v fanout21/A (sky130_fd_sc_hd__clkdlybuf4s25_1)
     7    0.053964    0.395844    0.645268    4.007998 v fanout21/X (sky130_fd_sc_hd__clkdlybuf4s25_1)
                                                         net21 (net)
                      0.395880    0.003796    4.011794 v fanout20/A (sky130_fd_sc_hd__clkdlybuf4s25_1)
    10    0.069169    0.504115    0.711326    4.723120 v fanout20/X (sky130_fd_sc_hd__clkdlybuf4s25_1)
                                                         net20 (net)
                      0.504123    0.002511    4.725631 v _0890_/A (sky130_fd_sc_hd__xor2_2)
     2    0.007062    0.127849    0.321657    5.047287 v _0890_/X (sky130_fd_sc_hd__xor2_2)
                                                         _0160_ (net)
                      0.127849    0.000139    5.047426 v _0893_/B (sky130_fd_sc_hd__or2_2)
     1    0.001862    0.050668    0.291702    5.339128 v _0893_/X (sky130_fd_sc_hd__or2_2)
                                                         _0163_ (net)
                      0.050668    0.000052    5.339180 v _0894_/B (sky130_fd_sc_hd__and2_2)
     3    0.020470    0.073786    0.234345    5.573525 v _0894_/X (sky130_fd_sc_hd__and2_2)
                                                         _0164_ (net)
                      0.073786    0.000351    5.573876 v _0895_/B (sky130_fd_sc_hd__nor2_2)
     2    0.015713    0.189144    0.177297    5.751173 ^ _0895_/Y (sky130_fd_sc_hd__nor2_2)
                                                         _0165_ (net)
                      0.189144    0.000106    5.751280 ^ _0896_/B (sky130_fd_sc_hd__xor2_2)
     2    0.013959    0.207190    0.230024    5.981303 ^ _0896_/X (sky130_fd_sc_hd__xor2_2)
                                                         _0166_ (net)
                      0.207190    0.000385    5.981688 ^ _0901_/B (sky130_fd_sc_hd__xnor2_2)
     2    0.006487    0.068856    0.092559    6.074247 v _0901_/Y (sky130_fd_sc_hd__xnor2_2)
                                                         _0171_ (net)
                      0.068856    0.000103    6.074351 v _0983_/A (sky130_fd_sc_hd__and2_2)
     1    0.004936    0.041992    0.181087    6.255438 v _0983_/X (sky130_fd_sc_hd__and2_2)
                                                         _0253_ (net)
                      0.041992    0.000148    6.255586 v _0984_/B (sky130_fd_sc_hd__nor2_2)
     2    0.015786    0.189894    0.165849    6.421435 ^ _0984_/Y (sky130_fd_sc_hd__nor2_2)
                                                         _0254_ (net)
                      0.189895    0.000430    6.421865 ^ _0985_/B (sky130_fd_sc_hd__xor2_2)
     2    0.015119    0.219624    0.239414    6.661279 ^ _0985_/X (sky130_fd_sc_hd__xor2_2)
                                                         _0255_ (net)
                      0.219624    0.000314    6.661592 ^ _0992_/A (sky130_fd_sc_hd__nand2_2)
     2    0.004928    0.060393    0.073158    6.734751 v _0992_/Y (sky130_fd_sc_hd__nand2_2)
                                                         _0262_ (net)
                      0.060393    0.000109    6.734859 v _0994_/A_N (sky130_fd_sc_hd__nand2b_2)
     1    0.002740    0.039900    0.170718    6.905578 v _0994_/Y (sky130_fd_sc_hd__nand2b_2)
                                                         _0264_ (net)
                      0.039900    0.000078    6.905656 v _1388_/A1 (sky130_fd_sc_hd__o221a_2)
     4    0.017480    0.080703    0.325656    7.231312 v _1388_/X (sky130_fd_sc_hd__o221a_2)
                                                         _0658_ (net)
                      0.080710    0.000835    7.232147 v _1393_/A2 (sky130_fd_sc_hd__o31ai_2)
     3    0.011202    0.297213    0.319600    7.551747 ^ _1393_/Y (sky130_fd_sc_hd__o31ai_2)
                                                         _0663_ (net)
                      0.297213    0.000445    7.552192 ^ _1394_/B (sky130_fd_sc_hd__nand2_2)
     2    0.008171    0.072263    0.105562    7.657754 v _1394_/Y (sky130_fd_sc_hd__nand2_2)
                                                         _0664_ (net)
                      0.072263    0.000226    7.657980 v _1405_/A2 (sky130_fd_sc_hd__o211ai_2)
     5    0.030603    0.389692    0.347535    8.005516 ^ _1405_/Y (sky130_fd_sc_hd__o211ai_2)
                                                         _0675_ (net)
                      0.389694    0.000759    8.006274 ^ _1473_/A1 (sky130_fd_sc_hd__a21bo_2)
     1    0.004277    0.043832    0.200211    8.206485 ^ _1473_/X (sky130_fd_sc_hd__a21bo_2)
                                                         _0718_ (net)
                      0.043832    0.000112    8.206596 ^ fanout16/A (sky130_fd_sc_hd__clkdlybuf4s25_1)
     5    0.027304    0.278356    0.410966    8.617562 ^ fanout16/X (sky130_fd_sc_hd__clkdlybuf4s25_1)
                                                         net16 (net)
                      0.278358    0.001242    8.618804 ^ _1515_/B1 (sky130_fd_sc_hd__a31o_2)
     1    0.003961    0.043526    0.157244    8.776048 ^ _1515_/X (sky130_fd_sc_hd__a31o_2)
                                                         _0749_ (net)
                      0.043526    0.000127    8.776175 ^ _1516_/C1 (sky130_fd_sc_hd__o211a_2)
     1    0.002424    0.043006    0.149189    8.925364 ^ _1516_/X (sky130_fd_sc_hd__o211a_2)
                                                         _0039_ (net)
                      0.043006    0.000070    8.925434 ^ _1611_/D (sky130_fd_sc_hd__dfxtp_2)
                                              8.925434   data arrival time

                                 20.000000   20.000000   clock clk (rise edge)
                                  0.000000   20.000000   clock source latency
     1    0.020019    0.095798    0.065992   20.065992 ^ clk (in)
                                                         clk (net)
                      0.095807    0.000000   20.065992 ^ clkbuf_0_clk/A (sky130_fd_sc_hd__clkbuf_16)
     8    0.083957    0.100894    0.191799   20.257792 ^ clkbuf_0_clk/X (sky130_fd_sc_hd__clkbuf_16)
                                                         clknet_0_clk (net)
                      0.100946    0.002167   20.259958 ^ clkbuf_3_4__f_clk/A (sky130_fd_sc_hd__clkbuf_16)
     8    0.032154    0.052863    0.156286   20.416243 ^ clkbuf_3_4__f_clk/X (sky130_fd_sc_hd__clkbuf_16)
                                                         clknet_3_4__leaf_clk (net)
                      0.052867    0.000830   20.417072 ^ _1611_/CLK (sky130_fd_sc_hd__dfxtp_2)
                                 -0.250000   20.167074   clock uncertainty
                                  0.000000   20.167074   clock reconvergence pessimism
                                 -0.057230   20.109842   library setup time
                                             20.109842   data required time
---------------------------------------------------------------------------------------------
                                             20.109842   data required time
                                             -8.925434   data arrival time
---------------------------------------------------------------------------------------------
                                             11.184409   slack (MET)


Startpoint: _1595_ (rising edge-triggered flip-flop clocked by clk)
Endpoint: _1575_ (rising edge-triggered flip-flop clocked by clk)
Path Group: clk
Path Type: max

Fanout         Cap        Slew       Delay        Time   Description
---------------------------------------------------------------------------------------------
                                  0.000000    0.000000   clock clk (rise edge)
                                  0.000000    0.000000   clock source latency
     1    0.020019    0.095798    0.065992    0.065992 ^ clk (in)
                                                         clk (net)
                      0.095807    0.000000    0.065992 ^ clkbuf_0_clk/A (sky130_fd_sc_hd__clkbuf_16)
     8    0.083957    0.100894    0.191798    0.257790 ^ clkbuf_0_clk/X (sky130_fd_sc_hd__clkbuf_16)
                                                         clknet_0_clk (net)
                      0.101100    0.003229    0.261019 ^ clkbuf_3_6__f_clk/A (sky130_fd_sc_hd__clkbuf_16)
     8    0.024440    0.045835    0.149878    0.410897 ^ clkbuf_3_6__f_clk/X (sky130_fd_sc_hd__clkbuf_16)
                                                         clknet_3_6__leaf_clk (net)
                      0.045854    0.000855    0.411752 ^ _1595_/CLK (sky130_fd_sc_hd__dfxtp_2)
     1    0.002493    0.021961    0.300958    0.712710 v _1595_/Q (sky130_fd_sc_hd__dfxtp_2)
                                                         u_dp.b_q[3] (net)
                      0.021961    0.000071    0.712781 v fanout51/A (sky130_fd_sc_hd__clkdlybuf4s25_1)
     7    0.050541    0.371733    0.489012    1.201794 v fanout51/X (sky130_fd_sc_hd__clkdlybuf4s25_1)
                                                         net51 (net)
                      0.371738    0.001740    1.203534 v fanout50/A (sky130_fd_sc_hd__clkdlybuf4s25_1)
    10    0.043519    0.321313    0.570825    1.774359 v fanout50/X (sky130_fd_sc_hd__clkdlybuf4s25_1)
                                                         net50 (net)
                      0.321325    0.002185    1.776544 v _0808_/B (sky130_fd_sc_hd__and3_2)
     3    0.009170    0.053183    0.338229    2.114773 v _0808_/X (sky130_fd_sc_hd__and3_2)
                                                         _0078_ (net)
                      0.053183    0.000234    2.115008 v _0811_/A (sky130_fd_sc_hd__or3_2)
     2    0.004020    0.081140    0.475752    2.590760 v _0811_/X (sky130_fd_sc_hd__or3_2)
                                                         _0081_ (net)
                      0.081140    0.000095    2.590855 v _0812_/B (sky130_fd_sc_hd__and2b_2)
     1    0.003824    0.038453    0.205531    2.796386 v _0812_/X (sky130_fd_sc_hd__and2b_2)
                                                         _0082_ (net)
                      0.038453    0.000135    2.796521 v fanout22/A (sky130_fd_sc_hd__clkdlybuf4s25_1)
     9    0.063180    0.461744    0.562189    3.358711 v fanout22/X (sky130_fd_sc_hd__clkdlybuf4s25_1)
                                                         net22 (net)
                      0.461777    0.004019    3.362730 v fanout21/A (sky130_fd_sc_hd__clkdlybuf4s25_1)
     7    0.053964    0.395844    0.645268    4.007998 v fanout21/X (sky130_fd_sc_hd__clkdlybuf4s25_1)
                                                         net21 (net)
                      0.395880    0.003796    4.011794 v fanout20/A (sky130_fd_sc_hd__clkdlybuf4s25_1)
    10    0.069169    0.504115    0.711326    4.723120 v fanout20/X (sky130_fd_sc_hd__clkdlybuf4s25_1)
                                                         net20 (net)
                      0.504123    0.002511    4.725631 v _0890_/A (sky130_fd_sc_hd__xor2_2)
     2    0.007062    0.127849    0.321657    5.047287 v _0890_/X (sky130_fd_sc_hd__xor2_2)
                                                         _0160_ (net)
                      0.127849    0.000139    5.047426 v _0893_/B (sky130_fd_sc_hd__or2_2)
     1    0.001862    0.050668    0.291702    5.339128 v _0893_/X (sky130_fd_sc_hd__or2_2)
                                                         _0163_ (net)
                      0.050668    0.000052    5.339180 v _0894_/B (sky130_fd_sc_hd__and2_2)
     3    0.020470    0.073786    0.234345    5.573525 v _0894_/X (sky130_fd_sc_hd__and2_2)
                                                         _0164_ (net)
                      0.073786    0.000351    5.573876 v _0895_/B (sky130_fd_sc_hd__nor2_2)
     2    0.015713    0.189144    0.177297    5.751173 ^ _0895_/Y (sky130_fd_sc_hd__nor2_2)
                                                         _0165_ (net)
                      0.189144    0.000106    5.751280 ^ _0896_/B (sky130_fd_sc_hd__xor2_2)
     2    0.013959    0.207190    0.230024    5.981303 ^ _0896_/X (sky130_fd_sc_hd__xor2_2)
                                                         _0166_ (net)
                      0.207190    0.000385    5.981688 ^ _0901_/B (sky130_fd_sc_hd__xnor2_2)
     2    0.006487    0.068856    0.092559    6.074247 v _0901_/Y (sky130_fd_sc_hd__xnor2_2)
                                                         _0171_ (net)
                      0.068856    0.000103    6.074351 v _0983_/A (sky130_fd_sc_hd__and2_2)
     1    0.004936    0.041992    0.181087    6.255438 v _0983_/X (sky130_fd_sc_hd__and2_2)
                                                         _0253_ (net)
                      0.041992    0.000148    6.255586 v _0984_/B (sky130_fd_sc_hd__nor2_2)
     2    0.015786    0.189894    0.165849    6.421435 ^ _0984_/Y (sky130_fd_sc_hd__nor2_2)
                                                         _0254_ (net)
                      0.189895    0.000430    6.421865 ^ _0985_/B (sky130_fd_sc_hd__xor2_2)
     2    0.015119    0.219624    0.239414    6.661279 ^ _0985_/X (sky130_fd_sc_hd__xor2_2)
                                                         _0255_ (net)
                      0.219624    0.000314    6.661592 ^ _0992_/A (sky130_fd_sc_hd__nand2_2)
     2    0.004928    0.060393    0.073158    6.734751 v _0992_/Y (sky130_fd_sc_hd__nand2_2)
                                                         _0262_ (net)
                      0.060393    0.000109    6.734859 v _0994_/A_N (sky130_fd_sc_hd__nand2b_2)
     1    0.002740    0.039900    0.170718    6.905578 v _0994_/Y (sky130_fd_sc_hd__nand2b_2)
                                                         _0264_ (net)
                      0.039900    0.000078    6.905656 v _1388_/A1 (sky130_fd_sc_hd__o221a_2)
     4    0.017480    0.080703    0.325656    7.231312 v _1388_/X (sky130_fd_sc_hd__o221a_2)
                                                         _0658_ (net)
                      0.080710    0.000835    7.232147 v _1393_/A2 (sky130_fd_sc_hd__o31ai_2)
     3    0.011202    0.297213    0.319600    7.551747 ^ _1393_/Y (sky130_fd_sc_hd__o31ai_2)
                                                         _0663_ (net)
                      0.297213    0.000445    7.552192 ^ _1394_/B (sky130_fd_sc_hd__nand2_2)
     2    0.008171    0.072263    0.105562    7.657754 v _1394_/Y (sky130_fd_sc_hd__nand2_2)
                                                         _0664_ (net)
                      0.072263    0.000226    7.657980 v _1405_/A2 (sky130_fd_sc_hd__o211ai_2)
     5    0.030603    0.389692    0.347535    8.005516 ^ _1405_/Y (sky130_fd_sc_hd__o211ai_2)
                                                         _0675_ (net)
                      0.389695    0.000806    8.006322 ^ _1409_/A (sky130_fd_sc_hd__xnor2_2)
     1    0.002430    0.069030    0.106159    8.112481 v _1409_/Y (sky130_fd_sc_hd__xnor2_2)
                                                         _0679_ (net)
                      0.069030    0.000047    8.112528 v _1410_/A2 (sky130_fd_sc_hd__a21o_2)
     1    0.003184    0.034363    0.213771    8.326299 v _1410_/X (sky130_fd_sc_hd__a21o_2)
                                                         _0680_ (net)
                      0.034363    0.000104    8.326403 v _1411_/B (sky130_fd_sc_hd__and2_2)
     1    0.002049    0.034473    0.174059    8.500462 v _1411_/X (sky130_fd_sc_hd__and2_2)
                                                         _0003_ (net)
                      0.034473    0.000040    8.500502 v _1575_/D (sky130_fd_sc_hd__dfxtp_2)
                                              8.500502   data arrival time

                                 20.000000   20.000000   clock clk (rise edge)
                                  0.000000   20.000000   clock source latency
     1    0.020019    0.095798    0.065992   20.065992 ^ clk (in)
                                                         clk (net)
                      0.095807    0.000000   20.065992 ^ clkbuf_0_clk/A (sky130_fd_sc_hd__clkbuf_16)
     8    0.083957    0.100894    0.191799   20.257792 ^ clkbuf_0_clk/X (sky130_fd_sc_hd__clkbuf_16)
                                                         clknet_0_clk (net)
                      0.101068    0.002895   20.260687 ^ clkbuf_3_1__f_clk/A (sky130_fd_sc_hd__clkbuf_16)
     8    0.023578    0.045034    0.149294   20.409981 ^ clkbuf_3_1__f_clk/X (sky130_fd_sc_hd__clkbuf_16)
                                                         clknet_3_1__leaf_clk (net)
                      0.045040    0.000508   20.410488 ^ _1575_/CLK (sky130_fd_sc_hd__dfxtp_2)
                                 -0.250000   20.160488   clock uncertainty
                                  0.000000   20.160488   clock reconvergence pessimism
                                 -0.108281   20.052208   library setup time
                                             20.052208   data required time
---------------------------------------------------------------------------------------------
                                             20.052208   data required time
                                             -8.500502   data arrival time
---------------------------------------------------------------------------------------------
                                             11.551705   slack (MET)


Startpoint: _1595_ (rising edge-triggered flip-flop clocked by clk)
Endpoint: _1623_ (rising edge-triggered flip-flop clocked by clk)
Path Group: clk
Path Type: max

Fanout         Cap        Slew       Delay        Time   Description
---------------------------------------------------------------------------------------------
                                  0.000000    0.000000   clock clk (rise edge)
                                  0.000000    0.000000   clock source latency
     1    0.020019    0.095798    0.065992    0.065992 ^ clk (in)
                                                         clk (net)
                      0.095807    0.000000    0.065992 ^ clkbuf_0_clk/A (sky130_fd_sc_hd__clkbuf_16)
     8    0.083957    0.100894    0.191798    0.257790 ^ clkbuf_0_clk/X (sky130_fd_sc_hd__clkbuf_16)
                                                         clknet_0_clk (net)
                      0.101100    0.003229    0.261019 ^ clkbuf_3_6__f_clk/A (sky130_fd_sc_hd__clkbuf_16)
     8    0.024440    0.045835    0.149878    0.410897 ^ clkbuf_3_6__f_clk/X (sky130_fd_sc_hd__clkbuf_16)
                                                         clknet_3_6__leaf_clk (net)
                      0.045854    0.000855    0.411752 ^ _1595_/CLK (sky130_fd_sc_hd__dfxtp_2)
     1    0.002493    0.021961    0.300958    0.712710 v _1595_/Q (sky130_fd_sc_hd__dfxtp_2)
                                                         u_dp.b_q[3] (net)
                      0.021961    0.000071    0.712781 v fanout51/A (sky130_fd_sc_hd__clkdlybuf4s25_1)
     7    0.050541    0.371733    0.489012    1.201794 v fanout51/X (sky130_fd_sc_hd__clkdlybuf4s25_1)
                                                         net51 (net)
                      0.371738    0.001740    1.203534 v fanout50/A (sky130_fd_sc_hd__clkdlybuf4s25_1)
    10    0.043519    0.321313    0.570825    1.774359 v fanout50/X (sky130_fd_sc_hd__clkdlybuf4s25_1)
                                                         net50 (net)
                      0.321325    0.002185    1.776544 v _0808_/B (sky130_fd_sc_hd__and3_2)
     3    0.009170    0.053183    0.338229    2.114773 v _0808_/X (sky130_fd_sc_hd__and3_2)
                                                         _0078_ (net)
                      0.053183    0.000234    2.115008 v _0811_/A (sky130_fd_sc_hd__or3_2)
     2    0.004020    0.081140    0.475752    2.590760 v _0811_/X (sky130_fd_sc_hd__or3_2)
                                                         _0081_ (net)
                      0.081140    0.000095    2.590855 v _0812_/B (sky130_fd_sc_hd__and2b_2)
     1    0.003824    0.038453    0.205531    2.796386 v _0812_/X (sky130_fd_sc_hd__and2b_2)
                                                         _0082_ (net)
                      0.038453    0.000135    2.796521 v fanout22/A (sky130_fd_sc_hd__clkdlybuf4s25_1)
     9    0.063180    0.461744    0.562189    3.358711 v fanout22/X (sky130_fd_sc_hd__clkdlybuf4s25_1)
                                                         net22 (net)
                      0.461777    0.004019    3.362730 v fanout21/A (sky130_fd_sc_hd__clkdlybuf4s25_1)
     7    0.053964    0.395844    0.645268    4.007998 v fanout21/X (sky130_fd_sc_hd__clkdlybuf4s25_1)
                                                         net21 (net)
                      0.395880    0.003796    4.011794 v fanout20/A (sky130_fd_sc_hd__clkdlybuf4s25_1)
    10    0.069169    0.504115    0.711326    4.723120 v fanout20/X (sky130_fd_sc_hd__clkdlybuf4s25_1)
                                                         net20 (net)
                      0.504123    0.002511    4.725631 v _0890_/A (sky130_fd_sc_hd__xor2_2)
     2    0.007062    0.127849    0.321657    5.047287 v _0890_/X (sky130_fd_sc_hd__xor2_2)
                                                         _0160_ (net)
                      0.127849    0.000139    5.047426 v _0893_/B (sky130_fd_sc_hd__or2_2)
     1    0.001862    0.050668    0.291702    5.339128 v _0893_/X (sky130_fd_sc_hd__or2_2)
                                                         _0163_ (net)
                      0.050668    0.000052    5.339180 v _0894_/B (sky130_fd_sc_hd__and2_2)
     3    0.020470    0.073786    0.234345    5.573525 v _0894_/X (sky130_fd_sc_hd__and2_2)
                                                         _0164_ (net)
                      0.073786    0.000351    5.573876 v _0895_/B (sky130_fd_sc_hd__nor2_2)
     2    0.015713    0.189144    0.177297    5.751173 ^ _0895_/Y (sky130_fd_sc_hd__nor2_2)
                                                         _0165_ (net)
                      0.189144    0.000106    5.751280 ^ _0896_/B (sky130_fd_sc_hd__xor2_2)
     2    0.013959    0.207190    0.230024    5.981303 ^ _0896_/X (sky130_fd_sc_hd__xor2_2)
                                                         _0166_ (net)
                      0.207190    0.000385    5.981688 ^ _0901_/B (sky130_fd_sc_hd__xnor2_2)
     2    0.006487    0.068856    0.092559    6.074247 v _0901_/Y (sky130_fd_sc_hd__xnor2_2)
                                                         _0171_ (net)
                      0.068856    0.000103    6.074351 v _0983_/A (sky130_fd_sc_hd__and2_2)
     1    0.004936    0.041992    0.181087    6.255438 v _0983_/X (sky130_fd_sc_hd__and2_2)
                                                         _0253_ (net)
                      0.041992    0.000148    6.255586 v _0984_/B (sky130_fd_sc_hd__nor2_2)
     2    0.015786    0.189894    0.165849    6.421435 ^ _0984_/Y (sky130_fd_sc_hd__nor2_2)
                                                         _0254_ (net)
                      0.189895    0.000430    6.421865 ^ _0985_/B (sky130_fd_sc_hd__xor2_2)
     2    0.015119    0.219624    0.239414    6.661279 ^ _0985_/X (sky130_fd_sc_hd__xor2_2)
                                                         _0255_ (net)
                      0.219624    0.000314    6.661592 ^ _0992_/A (sky130_fd_sc_hd__nand2_2)
     2    0.004928    0.060393    0.073158    6.734751 v _0992_/Y (sky130_fd_sc_hd__nand2_2)
                                                         _0262_ (net)
                      0.060393    0.000109    6.734859 v _0994_/A_N (sky130_fd_sc_hd__nand2b_2)
     1    0.002740    0.039900    0.170718    6.905578 v _0994_/Y (sky130_fd_sc_hd__nand2b_2)
                                                         _0264_ (net)
                      0.039900    0.000078    6.905656 v _1388_/A1 (sky130_fd_sc_hd__o221a_2)
     4    0.017480    0.080703    0.325656    7.231312 v _1388_/X (sky130_fd_sc_hd__o221a_2)
                                                         _0658_ (net)
                      0.080710    0.000835    7.232147 v _1393_/A2 (sky130_fd_sc_hd__o31ai_2)
     3    0.011202    0.297213    0.319600    7.551747 ^ _1393_/Y (sky130_fd_sc_hd__o31ai_2)
                                                         _0663_ (net)
                      0.297213    0.000445    7.552192 ^ _1394_/B (sky130_fd_sc_hd__nand2_2)
     2    0.008171    0.072263    0.105562    7.657754 v _1394_/Y (sky130_fd_sc_hd__nand2_2)
                                                         _0664_ (net)
                      0.072263    0.000226    7.657980 v _1405_/A2 (sky130_fd_sc_hd__o211ai_2)
     5    0.030603    0.389692    0.347535    8.005516 ^ _1405_/Y (sky130_fd_sc_hd__o211ai_2)
                                                         _0675_ (net)
                      0.389694    0.000700    8.006215 ^ _1560_/B (sky130_fd_sc_hd__nand2_2)
     1    0.002924    0.075295    0.078923    8.085138 v _1560_/Y (sky130_fd_sc_hd__nand2_2)
                                                         _0782_ (net)
                      0.075295    0.000086    8.085224 v _1561_/C1 (sky130_fd_sc_hd__o211a_2)
     1    0.003557    0.043111    0.127272    8.212496 v _1561_/X (sky130_fd_sc_hd__o211a_2)
                                                         _0051_ (net)
                      0.043111    0.000120    8.212616 v _1623_/D (sky130_fd_sc_hd__dfxtp_2)
                                              8.212616   data arrival time

                                 20.000000   20.000000   clock clk (rise edge)
                                  0.000000   20.000000   clock source latency
     1    0.020019    0.095798    0.065992   20.065992 ^ clk (in)
                                                         clk (net)
                      0.095807    0.000000   20.065992 ^ clkbuf_0_clk/A (sky130_fd_sc_hd__clkbuf_16)
     8    0.083957    0.100894    0.191799   20.257792 ^ clkbuf_0_clk/X (sky130_fd_sc_hd__clkbuf_16)
                                                         clknet_0_clk (net)
                      0.101071    0.002927   20.260717 ^ clkbuf_3_0__f_clk/A (sky130_fd_sc_hd__clkbuf_16)
     8    0.024064    0.045479    0.149651   20.410370 ^ clkbuf_3_0__f_clk/X (sky130_fd_sc_hd__clkbuf_16)
                                                         clknet_3_0__leaf_clk (net)
                      0.045491    0.000679   20.411047 ^ _1623_/CLK (sky130_fd_sc_hd__dfxtp_2)
                                 -0.250000   20.161049   clock uncertainty
                                  0.000000   20.161049   clock reconvergence pessimism
                                 -0.111946   20.049103   library setup time
                                             20.049103   data required time
---------------------------------------------------------------------------------------------
                                             20.049103   data required time
                                             -8.212616   data arrival time
---------------------------------------------------------------------------------------------
                                             11.836487   slack (MET)


Startpoint: uio_in[2] (input port clocked by clk)
Endpoint: _1587_ (rising edge-triggered flip-flop clocked by clk)
Path Group: clk
Path Type: max

Fanout         Cap        Slew       Delay        Time   Description
---------------------------------------------------------------------------------------------
                                  0.000000    0.000000   clock clk (rise edge)
                                  0.000000    0.000000   clock network delay (propagated)
                                  4.000000    4.000000 v input external delay
     1    0.003472    0.010192    0.005572    4.005572 v uio_in[2] (in)
                                                         uio_in[2] (net)
                      0.010192    0.000000    4.005572 v input12/A (sky130_fd_sc_hd__clkdlybuf4s25_1)
     5    0.014791    0.119412    0.296146    4.301718 v input12/X (sky130_fd_sc_hd__clkdlybuf4s25_1)
                                                         net12 (net)
                      0.119412    0.000490    4.302208 v _0805_/B (sky130_fd_sc_hd__or3_2)
     2    0.007770    0.092796    0.495024    4.797232 v _0805_/X (sky130_fd_sc_hd__or3_2)
                                                         _0075_ (net)
                      0.092796    0.000217    4.797449 v _1438_/B (sky130_fd_sc_hd__or3b_2)
     9    0.031940    0.165494    0.575030    5.372479 v _1438_/X (sky130_fd_sc_hd__or3b_2)
                                                         _0699_ (net)
                      0.165520    0.002016    5.374495 v _1445_/B (sky130_fd_sc_hd__or2_2)
     1    0.005610    0.062934    0.328187    5.702682 v _1445_/X (sky130_fd_sc_hd__or2_2)
                                                         _0703_ (net)
                      0.062934    0.000205    5.702888 v _1446_/B1 (sky130_fd_sc_hd__o211a_2)
     1    0.003613    0.042927    0.138509    5.841397 v _1446_/X (sky130_fd_sc_hd__o211a_2)
                                                         _0015_ (net)
                      0.042927    0.000114    5.841511 v _1587_/D (sky130_fd_sc_hd__dfxtp_2)
                                              5.841511   data arrival time

                                 20.000000   20.000000   clock clk (rise edge)
                                  0.000000   20.000000   clock source latency
     1    0.020019    0.095798    0.065992   20.065992 ^ clk (in)
                                                         clk (net)
                      0.095807    0.000000   20.065992 ^ clkbuf_0_clk/A (sky130_fd_sc_hd__clkbuf_16)
     8    0.083957    0.100894    0.191799   20.257792 ^ clkbuf_0_clk/X (sky130_fd_sc_hd__clkbuf_16)
                                                         clknet_0_clk (net)
                      0.101100    0.003229   20.261021 ^ clkbuf_3_6__f_clk/A (sky130_fd_sc_hd__clkbuf_16)
     8    0.024440    0.045835    0.149877   20.410896 ^ clkbuf_3_6__f_clk/X (sky130_fd_sc_hd__clkbuf_16)
                                                         clknet_3_6__leaf_clk (net)
                      0.045876    0.001183   20.412079 ^ _1587_/CLK (sky130_fd_sc_hd__dfxtp_2)
                                 -0.250000   20.162081   clock uncertainty
                                  0.000000   20.162081   clock reconvergence pessimism
                                 -0.111775   20.050304   library setup time
                                             20.050304   data required time
---------------------------------------------------------------------------------------------
                                             20.050304   data required time
                                             -5.841511   data arrival time
---------------------------------------------------------------------------------------------
                                             14.208795   slack (MET)


Startpoint: uio_in[2] (input port clocked by clk)
Endpoint: _1586_ (rising edge-triggered flip-flop clocked by clk)
Path Group: clk
Path Type: max

Fanout         Cap        Slew       Delay        Time   Description
---------------------------------------------------------------------------------------------
                                  0.000000    0.000000   clock clk (rise edge)
                                  0.000000    0.000000   clock network delay (propagated)
                                  4.000000    4.000000 v input external delay
     1    0.003472    0.010192    0.005572    4.005572 v uio_in[2] (in)
                                                         uio_in[2] (net)
                      0.010192    0.000000    4.005572 v input12/A (sky130_fd_sc_hd__clkdlybuf4s25_1)
     5    0.014791    0.119412    0.296146    4.301718 v input12/X (sky130_fd_sc_hd__clkdlybuf4s25_1)
                                                         net12 (net)
                      0.119412    0.000490    4.302208 v _0805_/B (sky130_fd_sc_hd__or3_2)
     2    0.007770    0.092796    0.495024    4.797232 v _0805_/X (sky130_fd_sc_hd__or3_2)
                                                         _0075_ (net)
                      0.092796    0.000217    4.797449 v _1438_/B (sky130_fd_sc_hd__or3b_2)
     9    0.031940    0.165494    0.575030    5.372479 v _1438_/X (sky130_fd_sc_hd__or3b_2)
                                                         _0699_ (net)
                      0.165506    0.001439    5.373919 v _1443_/B (sky130_fd_sc_hd__or2_2)
     1    0.005647    0.063109    0.328328    5.702246 v _1443_/X (sky130_fd_sc_hd__or2_2)
                                                         _0702_ (net)
                      0.063109    0.000231    5.702477 v _1444_/B1 (sky130_fd_sc_hd__o211a_2)
     1    0.002071    0.038163    0.132436    5.834913 v _1444_/X (sky130_fd_sc_hd__o211a_2)
                                                         _0014_ (net)
                      0.038163    0.000042    5.834955 v _1586_/D (sky130_fd_sc_hd__dfxtp_2)
                                              5.834955   data arrival time

                                 20.000000   20.000000   clock clk (rise edge)
                                  0.000000   20.000000   clock source latency
     1    0.020019    0.095798    0.065992   20.065992 ^ clk (in)
                                                         clk (net)
                      0.095807    0.000000   20.065992 ^ clkbuf_0_clk/A (sky130_fd_sc_hd__clkbuf_16)
     8    0.083957    0.100894    0.191799   20.257792 ^ clkbuf_0_clk/X (sky130_fd_sc_hd__clkbuf_16)
                                                         clknet_0_clk (net)
                      0.101100    0.003229   20.261021 ^ clkbuf_3_6__f_clk/A (sky130_fd_sc_hd__clkbuf_16)
     8    0.024440    0.045835    0.149877   20.410896 ^ clkbuf_3_6__f_clk/X (sky130_fd_sc_hd__clkbuf_16)
                                                         clknet_3_6__leaf_clk (net)
                      0.045879    0.001222   20.412119 ^ _1586_/CLK (sky130_fd_sc_hd__dfxtp_2)
                                 -0.250000   20.162119   clock uncertainty
                                  0.000000   20.162119   clock reconvergence pessimism
                                 -0.109695   20.052423   library setup time
                                             20.052423   data required time
---------------------------------------------------------------------------------------------
                                             20.052423   data required time
                                             -5.834955   data arrival time
---------------------------------------------------------------------------------------------
                                             14.217469   slack (MET)


Startpoint: uio_in[2] (input port clocked by clk)
Endpoint: _1585_ (rising edge-triggered flip-flop clocked by clk)
Path Group: clk
Path Type: max

Fanout         Cap        Slew       Delay        Time   Description
---------------------------------------------------------------------------------------------
                                  0.000000    0.000000   clock clk (rise edge)
                                  0.000000    0.000000   clock network delay (propagated)
                                  4.000000    4.000000 v input external delay
     1    0.003472    0.010192    0.005572    4.005572 v uio_in[2] (in)
                                                         uio_in[2] (net)
                      0.010192    0.000000    4.005572 v input12/A (sky130_fd_sc_hd__clkdlybuf4s25_1)
     5    0.014791    0.119412    0.296146    4.301718 v input12/X (sky130_fd_sc_hd__clkdlybuf4s25_1)
                                                         net12 (net)
                      0.119412    0.000490    4.302208 v _0805_/B (sky130_fd_sc_hd__or3_2)
     2    0.007770    0.092796    0.495024    4.797232 v _0805_/X (sky130_fd_sc_hd__or3_2)
                                                         _0075_ (net)
                      0.092796    0.000217    4.797449 v _1438_/B (sky130_fd_sc_hd__or3b_2)
     9    0.031940    0.165494    0.575030    5.372479 v _1438_/X (sky130_fd_sc_hd__or3b_2)
                                                         _0699_ (net)
                      0.165513    0.001780    5.374259 v _1441_/B (sky130_fd_sc_hd__or2_2)
     1    0.005806    0.063443    0.329020    5.703279 v _1441_/X (sky130_fd_sc_hd__or2_2)
                                                         _0701_ (net)
                      0.063443    0.000240    5.703520 v _1442_/B1 (sky130_fd_sc_hd__o211a_2)
     1    0.002098    0.038316    0.132701    5.836220 v _1442_/X (sky130_fd_sc_hd__o211a_2)
                                                         _0013_ (net)
                      0.038316    0.000042    5.836262 v _1585_/D (sky130_fd_sc_hd__dfxtp_2)
                                              5.836262   data arrival time

                                 20.000000   20.000000   clock clk (rise edge)
                                  0.000000   20.000000   clock source latency
     1    0.020019    0.095798    0.065992   20.065992 ^ clk (in)
                                                         clk (net)
                      0.095807    0.000000   20.065992 ^ clkbuf_0_clk/A (sky130_fd_sc_hd__clkbuf_16)
     8    0.083957    0.100894    0.191799   20.257792 ^ clkbuf_0_clk/X (sky130_fd_sc_hd__clkbuf_16)
                                                         clknet_0_clk (net)
                      0.101101    0.003240   20.261030 ^ clkbuf_3_7__f_clk/A (sky130_fd_sc_hd__clkbuf_16)
     8    0.027547    0.048863    0.152703   20.413734 ^ clkbuf_3_7__f_clk/X (sky130_fd_sc_hd__clkbuf_16)
                                                         clknet_3_7__leaf_clk (net)
                      0.048886    0.001492   20.415226 ^ _1585_/CLK (sky130_fd_sc_hd__dfxtp_2)
                                 -0.250000   20.165226   clock uncertainty
                                  0.000000   20.165226   clock reconvergence pessimism
                                 -0.109060   20.056168   library setup time
                                             20.056168   data required time
---------------------------------------------------------------------------------------------
                                             20.056168   data required time
                                             -5.836262   data arrival time
---------------------------------------------------------------------------------------------
                                             14.219906   slack (MET)


Startpoint: uio_in[2] (input port clocked by clk)
Endpoint: _1588_ (rising edge-triggered flip-flop clocked by clk)
Path Group: clk
Path Type: max

Fanout         Cap        Slew       Delay        Time   Description
---------------------------------------------------------------------------------------------
                                  0.000000    0.000000   clock clk (rise edge)
                                  0.000000    0.000000   clock network delay (propagated)
                                  4.000000    4.000000 v input external delay
     1    0.003472    0.010192    0.005572    4.005572 v uio_in[2] (in)
                                                         uio_in[2] (net)
                      0.010192    0.000000    4.005572 v input12/A (sky130_fd_sc_hd__clkdlybuf4s25_1)
     5    0.014791    0.119412    0.296146    4.301718 v input12/X (sky130_fd_sc_hd__clkdlybuf4s25_1)
                                                         net12 (net)
                      0.119412    0.000490    4.302208 v _0805_/B (sky130_fd_sc_hd__or3_2)
     2    0.007770    0.092796    0.495024    4.797232 v _0805_/X (sky130_fd_sc_hd__or3_2)
                                                         _0075_ (net)
                      0.092796    0.000217    4.797449 v _1438_/B (sky130_fd_sc_hd__or3b_2)
     9    0.031940    0.165494    0.575030    5.372479 v _1438_/X (sky130_fd_sc_hd__or3b_2)
                                                         _0699_ (net)
                      0.165513    0.001771    5.374250 v _1447_/B (sky130_fd_sc_hd__or2_2)
     1    0.003573    0.056766    0.318078    5.692327 v _1447_/X (sky130_fd_sc_hd__or2_2)
                                                         _0704_ (net)
                      0.056766    0.000115    5.692443 v _1448_/B1 (sky130_fd_sc_hd__o211a_2)
     1    0.002754    0.040594    0.132225    5.824668 v _1448_/X (sky130_fd_sc_hd__o211a_2)
                                                         _0016_ (net)
                      0.040594    0.000084    5.824752 v _1588_/D (sky130_fd_sc_hd__dfxtp_2)
                                              5.824752   data arrival time

                                 20.000000   20.000000   clock clk (rise edge)
                                  0.000000   20.000000   clock source latency
     1    0.020019    0.095798    0.065992   20.065992 ^ clk (in)
                                                         clk (net)
                      0.095807    0.000000   20.065992 ^ clkbuf_0_clk/A (sky130_fd_sc_hd__clkbuf_16)
     8    0.083957    0.100894    0.191799   20.257792 ^ clkbuf_0_clk/X (sky130_fd_sc_hd__clkbuf_16)
                                                         clknet_0_clk (net)
                      0.101101    0.003240   20.261030 ^ clkbuf_3_7__f_clk/A (sky130_fd_sc_hd__clkbuf_16)
     8    0.027547    0.048863    0.152703   20.413734 ^ clkbuf_3_7__f_clk/X (sky130_fd_sc_hd__clkbuf_16)
                                                         clknet_3_7__leaf_clk (net)
                      0.048888    0.001608   20.415340 ^ _1588_/CLK (sky130_fd_sc_hd__dfxtp_2)
                                 -0.250000   20.165342   clock uncertainty
                                  0.000000   20.165342   clock reconvergence pessimism
                                 -0.110054   20.055288   library setup time
                                             20.055288   data required time
---------------------------------------------------------------------------------------------
                                             20.055288   data required time
                                             -5.824752   data arrival time
---------------------------------------------------------------------------------------------
                                             14.230536   slack (MET)


Startpoint: uio_in[2] (input port clocked by clk)
Endpoint: _1589_ (rising edge-triggered flip-flop clocked by clk)
Path Group: clk
Path Type: max

Fanout         Cap        Slew       Delay        Time   Description
---------------------------------------------------------------------------------------------
                                  0.000000    0.000000   clock clk (rise edge)
                                  0.000000    0.000000   clock network delay (propagated)
                                  4.000000    4.000000 v input external delay
     1    0.003472    0.010192    0.005572    4.005572 v uio_in[2] (in)
                                                         uio_in[2] (net)
                      0.010192    0.000000    4.005572 v input12/A (sky130_fd_sc_hd__clkdlybuf4s25_1)
     5    0.014791    0.119412    0.296146    4.301718 v input12/X (sky130_fd_sc_hd__clkdlybuf4s25_1)
                                                         net12 (net)
                      0.119412    0.000490    4.302208 v _0805_/B (sky130_fd_sc_hd__or3_2)
     2    0.007770    0.092796    0.495024    4.797232 v _0805_/X (sky130_fd_sc_hd__or3_2)
                                                         _0075_ (net)
                      0.092796    0.000217    4.797449 v _1438_/B (sky130_fd_sc_hd__or3b_2)
     9    0.031940    0.165494    0.575030    5.372479 v _1438_/X (sky130_fd_sc_hd__or3b_2)
                                                         _0699_ (net)
                      0.165517    0.001914    5.374393 v _1449_/B (sky130_fd_sc_hd__or2_2)
     1    0.003096    0.054882    0.315058    5.689451 v _1449_/X (sky130_fd_sc_hd__or2_2)
                                                         _0705_ (net)
                      0.054882    0.000091    5.689542 v _1450_/B1 (sky130_fd_sc_hd__o211a_2)
     1    0.002658    0.039886    0.130976    5.820518 v _1450_/X (sky130_fd_sc_hd__o211a_2)
                                                         _0017_ (net)
                      0.039886    0.000077    5.820595 v _1589_/D (sky130_fd_sc_hd__dfxtp_2)
                                              5.820595   data arrival time

                                 20.000000   20.000000   clock clk (rise edge)
                                  0.000000   20.000000   clock source latency
     1    0.020019    0.095798    0.065992   20.065992 ^ clk (in)
                                                         clk (net)
                      0.095807    0.000000   20.065992 ^ clkbuf_0_clk/A (sky130_fd_sc_hd__clkbuf_16)
     8    0.083957    0.100894    0.191799   20.257792 ^ clkbuf_0_clk/X (sky130_fd_sc_hd__clkbuf_16)
                                                         clknet_0_clk (net)
                      0.101100    0.003229   20.261021 ^ clkbuf_3_6__f_clk/A (sky130_fd_sc_hd__clkbuf_16)
     8    0.024440    0.045835    0.149877   20.410896 ^ clkbuf_3_6__f_clk/X (sky130_fd_sc_hd__clkbuf_16)
                                                         clknet_3_6__leaf_clk (net)
                      0.045882    0.001252   20.412149 ^ _1589_/CLK (sky130_fd_sc_hd__dfxtp_2)
                                 -0.250000   20.162149   clock uncertainty
                                  0.000000   20.162149   clock reconvergence pessimism
                                 -0.110447   20.051702   library setup time
                                             20.051702   data required time
---------------------------------------------------------------------------------------------
                                             20.051702   data required time
                                             -5.820595   data arrival time
---------------------------------------------------------------------------------------------
                                             14.231109   slack (MET)


Startpoint: uio_in[2] (input port clocked by clk)
Endpoint: _1584_ (rising edge-triggered flip-flop clocked by clk)
Path Group: clk
Path Type: max

Fanout         Cap        Slew       Delay        Time   Description
---------------------------------------------------------------------------------------------
                                  0.000000    0.000000   clock clk (rise edge)
                                  0.000000    0.000000   clock network delay (propagated)
                                  4.000000    4.000000 v input external delay
     1    0.003472    0.010192    0.005572    4.005572 v uio_in[2] (in)
                                                         uio_in[2] (net)
                      0.010192    0.000000    4.005572 v input12/A (sky130_fd_sc_hd__clkdlybuf4s25_1)
     5    0.014791    0.119412    0.296146    4.301718 v input12/X (sky130_fd_sc_hd__clkdlybuf4s25_1)
                                                         net12 (net)
                      0.119412    0.000490    4.302208 v _0805_/B (sky130_fd_sc_hd__or3_2)
     2    0.007770    0.092796    0.495024    4.797232 v _0805_/X (sky130_fd_sc_hd__or3_2)
                                                         _0075_ (net)
                      0.092796    0.000217    4.797449 v _1438_/B (sky130_fd_sc_hd__or3b_2)
     9    0.031940    0.165494    0.575030    5.372479 v _1438_/X (sky130_fd_sc_hd__or3b_2)
                                                         _0699_ (net)
                      0.165498    0.001002    5.373481 v _1439_/B (sky130_fd_sc_hd__or2_2)
     1    0.003703    0.057315    0.318895    5.692376 v _1439_/X (sky130_fd_sc_hd__or2_2)
                                                         _0700_ (net)
                      0.057315    0.000119    5.692495 v _1440_/B1 (sky130_fd_sc_hd__o211a_2)
     1    0.002145    0.038425    0.130049    5.822545 v _1440_/X (sky130_fd_sc_hd__o211a_2)
                                                         _0012_ (net)
                      0.038425    0.000061    5.822605 v _1584_/D (sky130_fd_sc_hd__dfxtp_2)
                                              5.822605   data arrival time

                                 20.000000   20.000000   clock clk (rise edge)
                                  0.000000   20.000000   clock source latency
     1    0.020019    0.095798    0.065992   20.065992 ^ clk (in)
                                                         clk (net)
                      0.095807    0.000000   20.065992 ^ clkbuf_0_clk/A (sky130_fd_sc_hd__clkbuf_16)
     8    0.083957    0.100894    0.191799   20.257792 ^ clkbuf_0_clk/X (sky130_fd_sc_hd__clkbuf_16)
                                                         clknet_0_clk (net)
                      0.101070    0.002924   20.260715 ^ clkbuf_3_5__f_clk/A (sky130_fd_sc_hd__clkbuf_16)
     8    0.029544    0.050696    0.154632   20.415346 ^ clkbuf_3_5__f_clk/X (sky130_fd_sc_hd__clkbuf_16)
                                                         clknet_3_5__leaf_clk (net)
                      0.050697    0.000458   20.415804 ^ _1584_/CLK (sky130_fd_sc_hd__dfxtp_2)
                                 -0.250000   20.165806   clock uncertainty
                                  0.000000   20.165806   clock reconvergence pessimism
                                 -0.108685   20.057121   library setup time
                                             20.057121   data required time
---------------------------------------------------------------------------------------------
                                             20.057121   data required time
                                             -5.822605   data arrival time
---------------------------------------------------------------------------------------------
                                             14.234516   slack (MET)


Startpoint: uio_in[2] (input port clocked by clk)
Endpoint: _1591_ (rising edge-triggered flip-flop clocked by clk)
Path Group: clk
Path Type: max

Fanout         Cap        Slew       Delay        Time   Description
---------------------------------------------------------------------------------------------
                                  0.000000    0.000000   clock clk (rise edge)
                                  0.000000    0.000000   clock network delay (propagated)
                                  4.000000    4.000000 v input external delay
     1    0.003472    0.010192    0.005572    4.005572 v uio_in[2] (in)
                                                         uio_in[2] (net)
                      0.010192    0.000000    4.005572 v input12/A (sky130_fd_sc_hd__clkdlybuf4s25_1)
     5    0.014791    0.119412    0.296146    4.301718 v input12/X (sky130_fd_sc_hd__clkdlybuf4s25_1)
                                                         net12 (net)
                      0.119412    0.000490    4.302208 v _0805_/B (sky130_fd_sc_hd__or3_2)
     2    0.007770    0.092796    0.495024    4.797232 v _0805_/X (sky130_fd_sc_hd__or3_2)
                                                         _0075_ (net)
                      0.092796    0.000217    4.797449 v _1438_/B (sky130_fd_sc_hd__or3b_2)
     9    0.031940    0.165494    0.575030    5.372479 v _1438_/X (sky130_fd_sc_hd__or3b_2)
                                                         _0699_ (net)
                      0.165500    0.001141    5.373621 v _1453_/B (sky130_fd_sc_hd__or2_2)
     1    0.002961    0.054474    0.314198    5.687819 v _1453_/X (sky130_fd_sc_hd__or2_2)
                                                         _0707_ (net)
                      0.054474    0.000088    5.687906 v _1454_/B1 (sky130_fd_sc_hd__o211a_2)
     1    0.002303    0.038883    0.129365    5.817272 v _1454_/X (sky130_fd_sc_hd__o211a_2)
                                                         _0019_ (net)
                      0.038883    0.000067    5.817339 v _1591_/D (sky130_fd_sc_hd__dfxtp_2)
                                              5.817339   data arrival time

                                 20.000000   20.000000   clock clk (rise edge)
                                  0.000000   20.000000   clock source latency
     1    0.020019    0.095798    0.065992   20.065992 ^ clk (in)
                                                         clk (net)
                      0.095807    0.000000   20.065992 ^ clkbuf_0_clk/A (sky130_fd_sc_hd__clkbuf_16)
     8    0.083957    0.100894    0.191799   20.257792 ^ clkbuf_0_clk/X (sky130_fd_sc_hd__clkbuf_16)
                                                         clknet_0_clk (net)
                      0.101070    0.002924   20.260715 ^ clkbuf_3_5__f_clk/A (sky130_fd_sc_hd__clkbuf_16)
     8    0.029544    0.050696    0.154632   20.415346 ^ clkbuf_3_5__f_clk/X (sky130_fd_sc_hd__clkbuf_16)
                                                         clknet_3_5__leaf_clk (net)
                      0.050697    0.000528   20.415874 ^ _1591_/CLK (sky130_fd_sc_hd__dfxtp_2)
                                 -0.250000   20.165874   clock uncertainty
                                  0.000000   20.165874   clock reconvergence pessimism
                                 -0.108884   20.056992   library setup time
                                             20.056992   data required time
---------------------------------------------------------------------------------------------
                                             20.056992   data required time
                                             -5.817339   data arrival time
---------------------------------------------------------------------------------------------
                                             14.239653   slack (MET)


Startpoint: uio_in[2] (input port clocked by clk)
Endpoint: _1590_ (rising edge-triggered flip-flop clocked by clk)
Path Group: clk
Path Type: max

Fanout         Cap        Slew       Delay        Time   Description
---------------------------------------------------------------------------------------------
                                  0.000000    0.000000   clock clk (rise edge)
                                  0.000000    0.000000   clock network delay (propagated)
                                  4.000000    4.000000 v input external delay
     1    0.003472    0.010192    0.005572    4.005572 v uio_in[2] (in)
                                                         uio_in[2] (net)
                      0.010192    0.000000    4.005572 v input12/A (sky130_fd_sc_hd__clkdlybuf4s25_1)
     5    0.014791    0.119412    0.296146    4.301718 v input12/X (sky130_fd_sc_hd__clkdlybuf4s25_1)
                                                         net12 (net)
                      0.119412    0.000490    4.302208 v _0805_/B (sky130_fd_sc_hd__or3_2)
     2    0.007770    0.092796    0.495024    4.797232 v _0805_/X (sky130_fd_sc_hd__or3_2)
                                                         _0075_ (net)
                      0.092796    0.000217    4.797449 v _1438_/B (sky130_fd_sc_hd__or3b_2)
     9    0.031940    0.165494    0.575030    5.372479 v _1438_/X (sky130_fd_sc_hd__or3b_2)
                                                         _0699_ (net)
                      0.165512    0.001739    5.374218 v _1452_/A2 (sky130_fd_sc_hd__o211a_2)
     1    0.002265    0.038771    0.277113    5.651331 v _1452_/X (sky130_fd_sc_hd__o211a_2)
                                                         _0018_ (net)
                      0.038771    0.000048    5.651380 v _1590_/D (sky130_fd_sc_hd__dfxtp_2)
                                              5.651380   data arrival time

                                 20.000000   20.000000   clock clk (rise edge)
                                  0.000000   20.000000   clock source latency
     1    0.020019    0.095798    0.065992   20.065992 ^ clk (in)
                                                         clk (net)
                      0.095807    0.000000   20.065992 ^ clkbuf_0_clk/A (sky130_fd_sc_hd__clkbuf_16)
     8    0.083957    0.100894    0.191799   20.257792 ^ clkbuf_0_clk/X (sky130_fd_sc_hd__clkbuf_16)
                                                         clknet_0_clk (net)
                      0.101101    0.003240   20.261030 ^ clkbuf_3_7__f_clk/A (sky130_fd_sc_hd__clkbuf_16)
     8    0.027547    0.048863    0.152703   20.413734 ^ clkbuf_3_7__f_clk/X (sky130_fd_sc_hd__clkbuf_16)
                                                         clknet_3_7__leaf_clk (net)
                      0.048889    0.001672   20.415405 ^ _1590_/CLK (sky130_fd_sc_hd__dfxtp_2)
                                 -0.250000   20.165405   clock uncertainty
                                  0.000000   20.165405   clock reconvergence pessimism
                                 -0.109258   20.056147   library setup time
                                             20.056147   data required time
---------------------------------------------------------------------------------------------
                                             20.056147   data required time
                                             -5.651380   data arrival time
---------------------------------------------------------------------------------------------
                                             14.404768   slack (MET)


Startpoint: uio_in[1] (input port clocked by clk)
Endpoint: _1574_ (rising edge-triggered flip-flop clocked by clk)
Path Group: clk
Path Type: max

Fanout         Cap        Slew       Delay        Time   Description
---------------------------------------------------------------------------------------------
                                  0.000000    0.000000   clock clk (rise edge)
                                  0.000000    0.000000   clock network delay (propagated)
                                  4.000000    4.000000 ^ input external delay
     1    0.003928    0.024627    0.014277    4.014277 ^ uio_in[1] (in)
                                                         uio_in[1] (net)
                      0.024635    0.000000    4.014277 ^ input11/A (sky130_fd_sc_hd__clkdlybuf4s25_1)
     8    0.027733    0.282874    0.407123    4.421400 ^ input11/X (sky130_fd_sc_hd__clkdlybuf4s25_1)
                                                         net11 (net)
                      0.282876    0.001247    4.422647 ^ _0797_/A (sky130_fd_sc_hd__nor2_2)
     3    0.009106    0.073093    0.095961    4.518608 v _0797_/Y (sky130_fd_sc_hd__nor2_2)
                                                         _0070_ (net)
                      0.073093    0.000153    4.518761 v _0802_/C (sky130_fd_sc_hd__and3_2)
     1    0.008085    0.050210    0.233723    4.752484 v _0802_/X (sky130_fd_sc_hd__and3_2)
                                                         _0073_ (net)
                      0.050210    0.000250    4.752734 v fanout28/A (sky130_fd_sc_hd__clkdlybuf4s25_1)
    10    0.046478    0.342961    0.479573    5.232307 v fanout28/X (sky130_fd_sc_hd__clkdlybuf4s25_1)
                                                         net28 (net)
                      0.342961    0.000752    5.233059 v _0803_/B (sky130_fd_sc_hd__and2_2)
     1    0.001970    0.036427    0.316190    5.549249 v _0803_/X (sky130_fd_sc_hd__and2_2)
                                                         _0002_ (net)
                      0.036427    0.000039    5.549288 v _1574_/D (sky130_fd_sc_hd__dfxtp_2)
                                              5.549288   data arrival time

                                 20.000000   20.000000   clock clk (rise edge)
                                  0.000000   20.000000   clock source latency
     1    0.020019    0.095798    0.065992   20.065992 ^ clk (in)
                                                         clk (net)
                      0.095807    0.000000   20.065992 ^ clkbuf_0_clk/A (sky130_fd_sc_hd__clkbuf_16)
     8    0.083957    0.100894    0.191799   20.257792 ^ clkbuf_0_clk/X (sky130_fd_sc_hd__clkbuf_16)
                                                         clknet_0_clk (net)
                      0.101071    0.002935   20.260725 ^ clkbuf_3_3__f_clk/A (sky130_fd_sc_hd__clkbuf_16)
     8    0.031114    0.051988    0.155614   20.416340 ^ clkbuf_3_3__f_clk/X (sky130_fd_sc_hd__clkbuf_16)
                                                         clknet_3_3__leaf_clk (net)
                      0.051994    0.000972   20.417311 ^ _1574_/CLK (sky130_fd_sc_hd__dfxtp_2)
                                 -0.250000   20.167313   clock uncertainty
                                  0.000000   20.167313   clock reconvergence pessimism
                                 -0.107510   20.059801   library setup time
                                             20.059801   data required time
---------------------------------------------------------------------------------------------
                                             20.059801   data required time
                                             -5.549288   data arrival time
---------------------------------------------------------------------------------------------
                                             14.510514   slack (MET)


Startpoint: _1574_ (rising edge-triggered flip-flop clocked by clk)
Endpoint: uio_out[4] (output port clocked by clk)
Path Group: clk
Path Type: max

Fanout         Cap        Slew       Delay        Time   Description
---------------------------------------------------------------------------------------------
                                  0.000000    0.000000   clock clk (rise edge)
                                  0.000000    0.000000   clock source latency
     1    0.020019    0.095798    0.065992    0.065992 ^ clk (in)
                                                         clk (net)
                      0.095807    0.000000    0.065992 ^ clkbuf_0_clk/A (sky130_fd_sc_hd__clkbuf_16)
     8    0.083957    0.100894    0.191798    0.257790 ^ clkbuf_0_clk/X (sky130_fd_sc_hd__clkbuf_16)
                                                         clknet_0_clk (net)
                      0.101071    0.002934    0.260724 ^ clkbuf_3_3__f_clk/A (sky130_fd_sc_hd__clkbuf_16)
     8    0.031114    0.051988    0.155614    0.416339 ^ clkbuf_3_3__f_clk/X (sky130_fd_sc_hd__clkbuf_16)
                                                         clknet_3_3__leaf_clk (net)
                      0.051994    0.000972    0.417311 ^ _1574_/CLK (sky130_fd_sc_hd__dfxtp_2)
     3    0.013939    0.079329    0.348455    0.765766 ^ _1574_/Q (sky130_fd_sc_hd__dfxtp_2)
                                                         busy (net)
                      0.079329    0.000180    0.765945 ^ _1651_/A (sky130_fd_sc_hd__buf_2)
     1    0.035440    0.175841    0.214544    0.980489 ^ _1651_/X (sky130_fd_sc_hd__buf_2)
                                                         uio_out[4] (net)
                      0.175842    0.000789    0.981278 ^ uio_out[4] (out)
                                              0.981278   data arrival time

                                 20.000000   20.000000   clock clk (rise edge)
                                  0.000000   20.000000   clock network delay (propagated)
                                 -0.250000   19.750002   clock uncertainty
                                  0.000000   19.750002   clock reconvergence pessimism
                                 -4.000000   15.750001   output external delay
                                             15.750001   data required time
---------------------------------------------------------------------------------------------
                                             15.750001   data required time
                                             -0.981278   data arrival time
---------------------------------------------------------------------------------------------
                                             14.768723   slack (MET)


Startpoint: _1575_ (rising edge-triggered flip-flop clocked by clk)
Endpoint: uio_out[5] (output port clocked by clk)
Path Group: clk
Path Type: max

Fanout         Cap        Slew       Delay        Time   Description
---------------------------------------------------------------------------------------------
                                  0.000000    0.000000   clock clk (rise edge)
                                  0.000000    0.000000   clock source latency
     1    0.020019    0.095798    0.065992    0.065992 ^ clk (in)
                                                         clk (net)
                      0.095807    0.000000    0.065992 ^ clkbuf_0_clk/A (sky130_fd_sc_hd__clkbuf_16)
     8    0.083957    0.100894    0.191798    0.257790 ^ clkbuf_0_clk/X (sky130_fd_sc_hd__clkbuf_16)
                                                         clknet_0_clk (net)
                      0.101068    0.002896    0.260686 ^ clkbuf_3_1__f_clk/A (sky130_fd_sc_hd__clkbuf_16)
     8    0.023578    0.045034    0.149294    0.409980 ^ clkbuf_3_1__f_clk/X (sky130_fd_sc_hd__clkbuf_16)
                                                         clknet_3_1__leaf_clk (net)
                      0.045040    0.000508    0.410488 ^ _1575_/CLK (sky130_fd_sc_hd__dfxtp_2)
     2    0.012710    0.073461    0.341711    0.752199 ^ _1575_/Q (sky130_fd_sc_hd__dfxtp_2)
                                                         ovf (net)
                      0.073463    0.000559    0.752759 ^ _1652_/A (sky130_fd_sc_hd__buf_2)
     1    0.034619    0.171991    0.209600    0.962359 ^ _1652_/X (sky130_fd_sc_hd__buf_2)
                                                         uio_out[5] (net)
                      0.171993    0.000862    0.963220 ^ uio_out[5] (out)
                                              0.963220   data arrival time

                                 20.000000   20.000000   clock clk (rise edge)
                                  0.000000   20.000000   clock network delay (propagated)
                                 -0.250000   19.750002   clock uncertainty
                                  0.000000   19.750002   clock reconvergence pessimism
                                 -4.000000   15.750001   output external delay
                                             15.750001   data required time
---------------------------------------------------------------------------------------------
                                             15.750001   data required time
                                             -0.963220   data arrival time
---------------------------------------------------------------------------------------------
                                             14.786781   slack (MET)


Startpoint: uio_in[2] (input port clocked by clk)
Endpoint: _1592_ (rising edge-triggered flip-flop clocked by clk)
Path Group: clk
Path Type: max

Fanout         Cap        Slew       Delay        Time   Description
---------------------------------------------------------------------------------------------
                                  0.000000    0.000000   clock clk (rise edge)
                                  0.000000    0.000000   clock network delay (propagated)
                                  4.000000    4.000000 ^ input external delay
     1    0.003697    0.023621    0.013463    4.013463 ^ uio_in[2] (in)
                                                         uio_in[2] (net)
                      0.023628    0.000000    4.013463 ^ input12/A (sky130_fd_sc_hd__clkdlybuf4s25_1)
     5    0.015441    0.163626    0.323008    4.336472 ^ input12/X (sky130_fd_sc_hd__clkdlybuf4s25_1)
                                                         net12 (net)
                      0.163626    0.000465    4.336937 ^ _0804_/A_N (sky130_fd_sc_hd__and2b_2)
     3    0.009223    0.051225    0.255765    4.592702 v _0804_/X (sky130_fd_sc_hd__and2b_2)
                                                         _0074_ (net)
                      0.051225    0.000185    4.592887 v _1455_/C (sky130_fd_sc_hd__and3_2)
     8    0.020087    0.075880    0.255559    4.848446 v _1455_/X (sky130_fd_sc_hd__and3_2)
                                                         _0708_ (net)
                      0.075880    0.000352    4.848798 v _1457_/B (sky130_fd_sc_hd__or2_2)
     1    0.004024    0.058774    0.285428    5.134226 v _1457_/X (sky130_fd_sc_hd__or2_2)
                                                         _0710_ (net)
                      0.058774    0.000122    5.134347 v _1458_/B1 (sky130_fd_sc_hd__o211a_2)
     1    0.002680    0.039962    0.132862    5.267209 v _1458_/X (sky130_fd_sc_hd__o211a_2)
                                                         _0020_ (net)
                      0.039962    0.000081    5.267290 v _1592_/D (sky130_fd_sc_hd__dfxtp_2)
                                              5.267290   data arrival time

                                 20.000000   20.000000   clock clk (rise edge)
                                  0.000000   20.000000   clock source latency
     1    0.020019    0.095798    0.065992   20.065992 ^ clk (in)
                                                         clk (net)
                      0.095807    0.000000   20.065992 ^ clkbuf_0_clk/A (sky130_fd_sc_hd__clkbuf_16)
     8    0.083957    0.100894    0.191799   20.257792 ^ clkbuf_0_clk/X (sky130_fd_sc_hd__clkbuf_16)
                                                         clknet_0_clk (net)
                      0.101070    0.002924   20.260715 ^ clkbuf_3_5__f_clk/A (sky130_fd_sc_hd__clkbuf_16)
     8    0.029544    0.050696    0.154632   20.415346 ^ clkbuf_3_5__f_clk/X (sky130_fd_sc_hd__clkbuf_16)
                                                         clknet_3_5__leaf_clk (net)
                      0.050696    0.000414   20.415760 ^ _1592_/CLK (sky130_fd_sc_hd__dfxtp_2)
                                 -0.250000   20.165762   clock uncertainty
                                  0.000000   20.165762   clock reconvergence pessimism
                                 -0.109355   20.056406   library setup time
                                             20.056406   data required time
---------------------------------------------------------------------------------------------
                                             20.056406   data required time
                                             -5.267290   data arrival time
---------------------------------------------------------------------------------------------
                                             14.789115   slack (MET)


Startpoint: uio_in[2] (input port clocked by clk)
Endpoint: _1597_ (rising edge-triggered flip-flop clocked by clk)
Path Group: clk
Path Type: max

Fanout         Cap        Slew       Delay        Time   Description
---------------------------------------------------------------------------------------------
                                  0.000000    0.000000   clock clk (rise edge)
                                  0.000000    0.000000   clock network delay (propagated)
                                  4.000000    4.000000 ^ input external delay
     1    0.003697    0.023621    0.013463    4.013463 ^ uio_in[2] (in)
                                                         uio_in[2] (net)
                      0.023628    0.000000    4.013463 ^ input12/A (sky130_fd_sc_hd__clkdlybuf4s25_1)
     5    0.015441    0.163626    0.323008    4.336472 ^ input12/X (sky130_fd_sc_hd__clkdlybuf4s25_1)
                                                         net12 (net)
                      0.163626    0.000465    4.336937 ^ _0804_/A_N (sky130_fd_sc_hd__and2b_2)
     3    0.009223    0.051225    0.255765    4.592702 v _0804_/X (sky130_fd_sc_hd__and2b_2)
                                                         _0074_ (net)
                      0.051225    0.000185    4.592887 v _1455_/C (sky130_fd_sc_hd__and3_2)
     8    0.020087    0.075880    0.255559    4.848446 v _1455_/X (sky130_fd_sc_hd__and3_2)
                                                         _0708_ (net)
                      0.075893    0.000994    4.849441 v _1467_/B (sky130_fd_sc_hd__or2_2)
     1    0.002526    0.052733    0.275899    5.125340 v _1467_/X (sky130_fd_sc_hd__or2_2)
                                                         _0715_ (net)
                      0.052733    0.000050    5.125389 v _1468_/B1 (sky130_fd_sc_hd__o211a_2)
     1    0.003410    0.042190    0.132990    5.258379 v _1468_/X (sky130_fd_sc_hd__o211a_2)
                                                         _0025_ (net)
                      0.042190    0.000112    5.258491 v _1597_/D (sky130_fd_sc_hd__dfxtp_2)
                                              5.258491   data arrival time

                                 20.000000   20.000000   clock clk (rise edge)
                                  0.000000   20.000000   clock source latency
     1    0.020019    0.095798    0.065992   20.065992 ^ clk (in)
                                                         clk (net)
                      0.095807    0.000000   20.065992 ^ clkbuf_0_clk/A (sky130_fd_sc_hd__clkbuf_16)
     8    0.083957    0.100894    0.191799   20.257792 ^ clkbuf_0_clk/X (sky130_fd_sc_hd__clkbuf_16)
                                                         clknet_0_clk (net)
                      0.101100    0.003229   20.261021 ^ clkbuf_3_6__f_clk/A (sky130_fd_sc_hd__clkbuf_16)
     8    0.024440    0.045835    0.149877   20.410896 ^ clkbuf_3_6__f_clk/X (sky130_fd_sc_hd__clkbuf_16)
                                                         clknet_3_6__leaf_clk (net)
                      0.045882    0.001256   20.412153 ^ _1597_/CLK (sky130_fd_sc_hd__dfxtp_2)
                                 -0.250000   20.162153   clock uncertainty
                                  0.000000   20.162153   clock reconvergence pessimism
                                 -0.111452   20.050701   library setup time
                                             20.050701   data required time
---------------------------------------------------------------------------------------------
                                             20.050701   data required time
                                             -5.258491   data arrival time
---------------------------------------------------------------------------------------------
                                             14.792211   slack (MET)


Startpoint: uio_in[2] (input port clocked by clk)
Endpoint: _1598_ (rising edge-triggered flip-flop clocked by clk)
Path Group: clk
Path Type: max

Fanout         Cap        Slew       Delay        Time   Description
---------------------------------------------------------------------------------------------
                                  0.000000    0.000000   clock clk (rise edge)
                                  0.000000    0.000000   clock network delay (propagated)
                                  4.000000    4.000000 ^ input external delay
     1    0.003697    0.023621    0.013463    4.013463 ^ uio_in[2] (in)
                                                         uio_in[2] (net)
                      0.023628    0.000000    4.013463 ^ input12/A (sky130_fd_sc_hd__clkdlybuf4s25_1)
     5    0.015441    0.163626    0.323008    4.336472 ^ input12/X (sky130_fd_sc_hd__clkdlybuf4s25_1)
                                                         net12 (net)
                      0.163626    0.000465    4.336937 ^ _0804_/A_N (sky130_fd_sc_hd__and2b_2)
     3    0.009223    0.051225    0.255765    4.592702 v _0804_/X (sky130_fd_sc_hd__and2b_2)
                                                         _0074_ (net)
                      0.051225    0.000185    4.592887 v _1455_/C (sky130_fd_sc_hd__and3_2)
     8    0.020087    0.075880    0.255559    4.848446 v _1455_/X (sky130_fd_sc_hd__and3_2)
                                                         _0708_ (net)
                      0.075894    0.001012    4.849458 v _1469_/B (sky130_fd_sc_hd__or2_2)
     1    0.002953    0.054219    0.278608    5.128067 v _1469_/X (sky130_fd_sc_hd__or2_2)
                                                         _0716_ (net)
                      0.054219    0.000088    5.128155 v _1470_/B1 (sky130_fd_sc_hd__o211a_2)
     1    0.003438    0.042331    0.133789    5.261943 v _1470_/X (sky130_fd_sc_hd__o211a_2)
                                                         _0026_ (net)
                      0.042331    0.000111    5.262054 v _1598_/D (sky130_fd_sc_hd__dfxtp_2)
                                              5.262054   data arrival time

                                 20.000000   20.000000   clock clk (rise edge)
                                  0.000000   20.000000   clock source latency
     1    0.020019    0.095798    0.065992   20.065992 ^ clk (in)
                                                         clk (net)
                      0.095807    0.000000   20.065992 ^ clkbuf_0_clk/A (sky130_fd_sc_hd__clkbuf_16)
     8    0.083957    0.100894    0.191799   20.257792 ^ clkbuf_0_clk/X (sky130_fd_sc_hd__clkbuf_16)
                                                         clknet_0_clk (net)
                      0.101101    0.003240   20.261030 ^ clkbuf_3_7__f_clk/A (sky130_fd_sc_hd__clkbuf_16)
     8    0.027547    0.048863    0.152703   20.413734 ^ clkbuf_3_7__f_clk/X (sky130_fd_sc_hd__clkbuf_16)
                                                         clknet_3_7__leaf_clk (net)
                      0.048890    0.001689   20.415422 ^ _1598_/CLK (sky130_fd_sc_hd__dfxtp_2)
                                 -0.250000   20.165424   clock uncertainty
                                  0.000000   20.165424   clock reconvergence pessimism
                                 -0.110811   20.054613   library setup time
                                             20.054613   data required time
---------------------------------------------------------------------------------------------
                                             20.054613   data required time
                                             -5.262054   data arrival time
---------------------------------------------------------------------------------------------
                                             14.792559   slack (MET)


Startpoint: uio_in[2] (input port clocked by clk)
Endpoint: _1595_ (rising edge-triggered flip-flop clocked by clk)
Path Group: clk
Path Type: max

Fanout         Cap        Slew       Delay        Time   Description
---------------------------------------------------------------------------------------------
                                  0.000000    0.000000   clock clk (rise edge)
                                  0.000000    0.000000   clock network delay (propagated)
                                  4.000000    4.000000 ^ input external delay
     1    0.003697    0.023621    0.013463    4.013463 ^ uio_in[2] (in)
                                                         uio_in[2] (net)
                      0.023628    0.000000    4.013463 ^ input12/A (sky130_fd_sc_hd__clkdlybuf4s25_1)
     5    0.015441    0.163626    0.323008    4.336472 ^ input12/X (sky130_fd_sc_hd__clkdlybuf4s25_1)
                                                         net12 (net)
                      0.163626    0.000465    4.336937 ^ _0804_/A_N (sky130_fd_sc_hd__and2b_2)
     3    0.009223    0.051225    0.255765    4.592702 v _0804_/X (sky130_fd_sc_hd__and2b_2)
                                                         _0074_ (net)
                      0.051225    0.000185    4.592887 v _1455_/C (sky130_fd_sc_hd__and3_2)
     8    0.020087    0.075880    0.255559    4.848446 v _1455_/X (sky130_fd_sc_hd__and3_2)
                                                         _0708_ (net)
                      0.075887    0.000791    4.849237 v _1463_/B (sky130_fd_sc_hd__or2_2)
     1    0.002645    0.054142    0.276652    5.125889 v _1463_/X (sky130_fd_sc_hd__or2_2)
                                                         _0713_ (net)
                      0.054142    0.000077    5.125967 v _1464_/B1 (sky130_fd_sc_hd__o211a_2)
     1    0.002567    0.039646    0.130269    5.256236 v _1464_/X (sky130_fd_sc_hd__o211a_2)
                                                         _0023_ (net)
                      0.039646    0.000075    5.256311 v _1595_/D (sky130_fd_sc_hd__dfxtp_2)
                                              5.256311   data arrival time

                                 20.000000   20.000000   clock clk (rise edge)
                                  0.000000   20.000000   clock source latency
     1    0.020019    0.095798    0.065992   20.065992 ^ clk (in)
                                                         clk (net)
                      0.095807    0.000000   20.065992 ^ clkbuf_0_clk/A (sky130_fd_sc_hd__clkbuf_16)
     8    0.083957    0.100894    0.191799   20.257792 ^ clkbuf_0_clk/X (sky130_fd_sc_hd__clkbuf_16)
                                                         clknet_0_clk (net)
                      0.101100    0.003229   20.261021 ^ clkbuf_3_6__f_clk/A (sky130_fd_sc_hd__clkbuf_16)
     8    0.024440    0.045835    0.149877   20.410896 ^ clkbuf_3_6__f_clk/X (sky130_fd_sc_hd__clkbuf_16)
                                                         clknet_3_6__leaf_clk (net)
                      0.045854    0.000856   20.411753 ^ _1595_/CLK (sky130_fd_sc_hd__dfxtp_2)
                                 -0.250000   20.161755   clock uncertainty
                                  0.000000   20.161755   clock reconvergence pessimism
                                 -0.110348   20.051405   library setup time
                                             20.051405   data required time
---------------------------------------------------------------------------------------------
                                             20.051405   data required time
                                             -5.256311   data arrival time
---------------------------------------------------------------------------------------------
                                             14.795094   slack (MET)


Startpoint: uio_in[2] (input port clocked by clk)
Endpoint: _1593_ (rising edge-triggered flip-flop clocked by clk)
Path Group: clk
Path Type: max

Fanout         Cap        Slew       Delay        Time   Description
---------------------------------------------------------------------------------------------
                                  0.000000    0.000000   clock clk (rise edge)
                                  0.000000    0.000000   clock network delay (propagated)
                                  4.000000    4.000000 ^ input external delay
     1    0.003697    0.023621    0.013463    4.013463 ^ uio_in[2] (in)
                                                         uio_in[2] (net)
                      0.023628    0.000000    4.013463 ^ input12/A (sky130_fd_sc_hd__clkdlybuf4s25_1)
     5    0.015441    0.163626    0.323008    4.336472 ^ input12/X (sky130_fd_sc_hd__clkdlybuf4s25_1)
                                                         net12 (net)
                      0.163626    0.000465    4.336937 ^ _0804_/A_N (sky130_fd_sc_hd__and2b_2)
     3    0.009223    0.051225    0.255765    4.592702 v _0804_/X (sky130_fd_sc_hd__and2b_2)
                                                         _0074_ (net)
                      0.051225    0.000185    4.592887 v _1455_/C (sky130_fd_sc_hd__and3_2)
     8    0.020087    0.075880    0.255559    4.848446 v _1455_/X (sky130_fd_sc_hd__and3_2)
                                                         _0708_ (net)
                      0.075883    0.000594    4.849041 v _1459_/B (sky130_fd_sc_hd__or2_2)
     1    0.002884    0.054329    0.278171    5.127212 v _1459_/X (sky130_fd_sc_hd__or2_2)
                                                         _0711_ (net)
                      0.054329    0.000085    5.127296 v _1460_/B1 (sky130_fd_sc_hd__o211a_2)
     1    0.002209    0.038628    0.128924    5.256221 v _1460_/X (sky130_fd_sc_hd__o211a_2)
                                                         _0021_ (net)
                      0.038628    0.000064    5.256285 v _1593_/D (sky130_fd_sc_hd__dfxtp_2)
                                              5.256285   data arrival time

                                 20.000000   20.000000   clock clk (rise edge)
                                  0.000000   20.000000   clock source latency
     1    0.020019    0.095798    0.065992   20.065992 ^ clk (in)
                                                         clk (net)
                      0.095807    0.000000   20.065992 ^ clkbuf_0_clk/A (sky130_fd_sc_hd__clkbuf_16)
     8    0.083957    0.100894    0.191799   20.257792 ^ clkbuf_0_clk/X (sky130_fd_sc_hd__clkbuf_16)
                                                         clknet_0_clk (net)
                      0.101100    0.003229   20.261021 ^ clkbuf_3_6__f_clk/A (sky130_fd_sc_hd__clkbuf_16)
     8    0.024440    0.045835    0.149877   20.410896 ^ clkbuf_3_6__f_clk/X (sky130_fd_sc_hd__clkbuf_16)
                                                         clknet_3_6__leaf_clk (net)
                      0.045851    0.000803   20.411699 ^ _1593_/CLK (sky130_fd_sc_hd__dfxtp_2)
                                 -0.250000   20.161701   clock uncertainty
                                  0.000000   20.161701   clock reconvergence pessimism
                                 -0.109905   20.051796   library setup time
                                             20.051796   data required time
---------------------------------------------------------------------------------------------
                                             20.051796   data required time
                                             -5.256285   data arrival time
---------------------------------------------------------------------------------------------
                                             14.795510   slack (MET)


Startpoint: uio_in[2] (input port clocked by clk)
Endpoint: _1599_ (rising edge-triggered flip-flop clocked by clk)
Path Group: clk
Path Type: max

Fanout         Cap        Slew       Delay        Time   Description
---------------------------------------------------------------------------------------------
                                  0.000000    0.000000   clock clk (rise edge)
                                  0.000000    0.000000   clock network delay (propagated)
                                  4.000000    4.000000 ^ input external delay
     1    0.003697    0.023621    0.013463    4.013463 ^ uio_in[2] (in)
                                                         uio_in[2] (net)
                      0.023628    0.000000    4.013463 ^ input12/A (sky130_fd_sc_hd__clkdlybuf4s25_1)
     5    0.015441    0.163626    0.323008    4.336472 ^ input12/X (sky130_fd_sc_hd__clkdlybuf4s25_1)
                                                         net12 (net)
                      0.163626    0.000465    4.336937 ^ _0804_/A_N (sky130_fd_sc_hd__and2b_2)
     3    0.009223    0.051225    0.255765    4.592702 v _0804_/X (sky130_fd_sc_hd__and2b_2)
                                                         _0074_ (net)
                      0.051225    0.000185    4.592887 v _1455_/C (sky130_fd_sc_hd__and3_2)
     8    0.020087    0.075880    0.255559    4.848446 v _1455_/X (sky130_fd_sc_hd__and3_2)
                                                         _0708_ (net)
                      0.075881    0.000475    4.848921 v _1471_/B (sky130_fd_sc_hd__or2_2)
     1    0.002738    0.053610    0.277240    5.126162 v _1471_/X (sky130_fd_sc_hd__or2_2)
                                                         _0717_ (net)
                      0.053610    0.000079    5.126240 v _1472_/B1 (sky130_fd_sc_hd__o211a_2)
     1    0.002404    0.039135    0.129369    5.255610 v _1472_/X (sky130_fd_sc_hd__o211a_2)
                                                         _0027_ (net)
                      0.039135    0.000071    5.255680 v _1599_/D (sky130_fd_sc_hd__dfxtp_2)
                                              5.255680   data arrival time

                                 20.000000   20.000000   clock clk (rise edge)
                                  0.000000   20.000000   clock source latency
     1    0.020019    0.095798    0.065992   20.065992 ^ clk (in)
                                                         clk (net)
                      0.095807    0.000000   20.065992 ^ clkbuf_0_clk/A (sky130_fd_sc_hd__clkbuf_16)
     8    0.083957    0.100894    0.191799   20.257792 ^ clkbuf_0_clk/X (sky130_fd_sc_hd__clkbuf_16)
                                                         clknet_0_clk (net)
                      0.101100    0.003229   20.261021 ^ clkbuf_3_6__f_clk/A (sky130_fd_sc_hd__clkbuf_16)
     8    0.024440    0.045835    0.149877   20.410896 ^ clkbuf_3_6__f_clk/X (sky130_fd_sc_hd__clkbuf_16)
                                                         clknet_3_6__leaf_clk (net)
                      0.045837    0.000432   20.411329 ^ _1599_/CLK (sky130_fd_sc_hd__dfxtp_2)
                                 -0.250000   20.161329   clock uncertainty
                                  0.000000   20.161329   clock reconvergence pessimism
                                 -0.110129   20.051201   library setup time
                                             20.051201   data required time
---------------------------------------------------------------------------------------------
                                             20.051201   data required time
                                             -5.255680   data arrival time
---------------------------------------------------------------------------------------------
                                             14.795520   slack (MET)


Startpoint: uio_in[2] (input port clocked by clk)
Endpoint: _1594_ (rising edge-triggered flip-flop clocked by clk)
Path Group: clk
Path Type: max

Fanout         Cap        Slew       Delay        Time   Description
---------------------------------------------------------------------------------------------
                                  0.000000    0.000000   clock clk (rise edge)
                                  0.000000    0.000000   clock network delay (propagated)
                                  4.000000    4.000000 ^ input external delay
     1    0.003697    0.023621    0.013463    4.013463 ^ uio_in[2] (in)
                                                         uio_in[2] (net)
                      0.023628    0.000000    4.013463 ^ input12/A (sky130_fd_sc_hd__clkdlybuf4s25_1)
     5    0.015441    0.163626    0.323008    4.336472 ^ input12/X (sky130_fd_sc_hd__clkdlybuf4s25_1)
                                                         net12 (net)
                      0.163626    0.000465    4.336937 ^ _0804_/A_N (sky130_fd_sc_hd__and2b_2)
     3    0.009223    0.051225    0.255765    4.592702 v _0804_/X (sky130_fd_sc_hd__and2b_2)
                                                         _0074_ (net)
                      0.051225    0.000185    4.592887 v _1455_/C (sky130_fd_sc_hd__and3_2)
     8    0.020087    0.075880    0.255559    4.848446 v _1455_/X (sky130_fd_sc_hd__and3_2)
                                                         _0708_ (net)
                      0.075891    0.000924    4.849370 v _1461_/B (sky130_fd_sc_hd__or2_2)
     1    0.002875    0.054104    0.278114    5.127484 v _1461_/X (sky130_fd_sc_hd__or2_2)
                                                         _0712_ (net)
                      0.054104    0.000084    5.127568 v _1462_/B1 (sky130_fd_sc_hd__o211a_2)
     1    0.002791    0.040244    0.131146    5.258714 v _1462_/X (sky130_fd_sc_hd__o211a_2)
                                                         _0022_ (net)
                      0.040244    0.000084    5.258798 v _1594_/D (sky130_fd_sc_hd__dfxtp_2)
                                              5.258798   data arrival time

                                 20.000000   20.000000   clock clk (rise edge)
                                  0.000000   20.000000   clock source latency
     1    0.020019    0.095798    0.065992   20.065992 ^ clk (in)
                                                         clk (net)
                      0.095807    0.000000   20.065992 ^ clkbuf_0_clk/A (sky130_fd_sc_hd__clkbuf_16)
     8    0.083957    0.100894    0.191799   20.257792 ^ clkbuf_0_clk/X (sky130_fd_sc_hd__clkbuf_16)
                                                         clknet_0_clk (net)
                      0.101101    0.003240   20.261030 ^ clkbuf_3_7__f_clk/A (sky130_fd_sc_hd__clkbuf_16)
     8    0.027547    0.048863    0.152703   20.413734 ^ clkbuf_3_7__f_clk/X (sky130_fd_sc_hd__clkbuf_16)
                                                         clknet_3_7__leaf_clk (net)
                      0.048883    0.001361   20.415094 ^ _1594_/CLK (sky130_fd_sc_hd__dfxtp_2)
                                 -0.250000   20.165094   clock uncertainty
                                  0.000000   20.165094   clock reconvergence pessimism
                                 -0.109902   20.055193   library setup time
                                             20.055193   data required time
---------------------------------------------------------------------------------------------
                                             20.055193   data required time
                                             -5.258798   data arrival time
---------------------------------------------------------------------------------------------
                                             14.796395   slack (MET)


Startpoint: uio_in[2] (input port clocked by clk)
Endpoint: _1596_ (rising edge-triggered flip-flop clocked by clk)
Path Group: clk
Path Type: max

Fanout         Cap        Slew       Delay        Time   Description
---------------------------------------------------------------------------------------------
                                  0.000000    0.000000   clock clk (rise edge)
                                  0.000000    0.000000   clock network delay (propagated)
                                  4.000000    4.000000 ^ input external delay
     1    0.003697    0.023621    0.013463    4.013463 ^ uio_in[2] (in)
                                                         uio_in[2] (net)
                      0.023628    0.000000    4.013463 ^ input12/A (sky130_fd_sc_hd__clkdlybuf4s25_1)
     5    0.015441    0.163626    0.323008    4.336472 ^ input12/X (sky130_fd_sc_hd__clkdlybuf4s25_1)
                                                         net12 (net)
                      0.163626    0.000465    4.336937 ^ _0804_/A_N (sky130_fd_sc_hd__and2b_2)
     3    0.009223    0.051225    0.255765    4.592702 v _0804_/X (sky130_fd_sc_hd__and2b_2)
                                                         _0074_ (net)
                      0.051225    0.000185    4.592887 v _1455_/C (sky130_fd_sc_hd__and3_2)
     8    0.020087    0.075880    0.255559    4.848446 v _1455_/X (sky130_fd_sc_hd__and3_2)
                                                         _0708_ (net)
                      0.075893    0.000990    4.849437 v _1465_/B (sky130_fd_sc_hd__or2_2)
     1    0.002961    0.054288    0.278664    5.128101 v _1465_/X (sky130_fd_sc_hd__or2_2)
                                                         _0714_ (net)
                      0.054288    0.000088    5.128189 v _1466_/B1 (sky130_fd_sc_hd__o211a_2)
     1    0.002005    0.038051    0.128086    5.256275 v _1466_/X (sky130_fd_sc_hd__o211a_2)
                                                         _0024_ (net)
                      0.038051    0.000058    5.256333 v _1596_/D (sky130_fd_sc_hd__dfxtp_2)
                                              5.256333   data arrival time

                                 20.000000   20.000000   clock clk (rise edge)
                                  0.000000   20.000000   clock source latency
     1    0.020019    0.095798    0.065992   20.065992 ^ clk (in)
                                                         clk (net)
                      0.095807    0.000000   20.065992 ^ clkbuf_0_clk/A (sky130_fd_sc_hd__clkbuf_16)
     8    0.083957    0.100894    0.191799   20.257792 ^ clkbuf_0_clk/X (sky130_fd_sc_hd__clkbuf_16)
                                                         clknet_0_clk (net)
                      0.101101    0.003240   20.261030 ^ clkbuf_3_7__f_clk/A (sky130_fd_sc_hd__clkbuf_16)
     8    0.027547    0.048863    0.152703   20.413734 ^ clkbuf_3_7__f_clk/X (sky130_fd_sc_hd__clkbuf_16)
                                                         clknet_3_7__leaf_clk (net)
                      0.048876    0.000899   20.414633 ^ _1596_/CLK (sky130_fd_sc_hd__dfxtp_2)
                                 -0.250000   20.164633   clock uncertainty
                                  0.000000   20.164633   clock reconvergence pessimism
                                 -0.108947   20.055687   library setup time
                                             20.055687   data required time
---------------------------------------------------------------------------------------------
                                             20.055687   data required time
                                             -5.256333   data arrival time
---------------------------------------------------------------------------------------------
                                             14.799355   slack (MET)


Startpoint: _1580_ (rising edge-triggered flip-flop clocked by clk)
Endpoint: uo_out[4] (output port clocked by clk)
Path Group: clk
Path Type: max

Fanout         Cap        Slew       Delay        Time   Description
---------------------------------------------------------------------------------------------
                                  0.000000    0.000000   clock clk (rise edge)
                                  0.000000    0.000000   clock source latency
     1    0.020019    0.095798    0.065992    0.065992 ^ clk (in)
                                                         clk (net)
                      0.095807    0.000000    0.065992 ^ clkbuf_0_clk/A (sky130_fd_sc_hd__clkbuf_16)
     8    0.083957    0.100894    0.191798    0.257790 ^ clkbuf_0_clk/X (sky130_fd_sc_hd__clkbuf_16)
                                                         clknet_0_clk (net)
                      0.101071    0.002934    0.260724 ^ clkbuf_3_3__f_clk/A (sky130_fd_sc_hd__clkbuf_16)
     8    0.031114    0.051988    0.155614    0.416339 ^ clkbuf_3_3__f_clk/X (sky130_fd_sc_hd__clkbuf_16)
                                                         clknet_3_3__leaf_clk (net)
                      0.051995    0.001067    0.417406 ^ _1580_/CLK (sky130_fd_sc_hd__dfxtp_2)
     1    0.037580    0.192611    0.429615    0.847020 ^ _1580_/Q (sky130_fd_sc_hd__dfxtp_2)
                                                         uo_out[4] (net)
                      0.192619    0.001446    0.848466 ^ uo_out[4] (out)
                                              0.848466   data arrival time

                                 20.000000   20.000000   clock clk (rise edge)
                                  0.000000   20.000000   clock network delay (propagated)
                                 -0.250000   19.750002   clock uncertainty
                                  0.000000   19.750002   clock reconvergence pessimism
                                 -4.000000   15.750001   output external delay
                                             15.750001   data required time
---------------------------------------------------------------------------------------------
                                             15.750001   data required time
                                             -0.848466   data arrival time
---------------------------------------------------------------------------------------------
                                             14.901535   slack (MET)


Startpoint: _1578_ (rising edge-triggered flip-flop clocked by clk)
Endpoint: uo_out[2] (output port clocked by clk)
Path Group: clk
Path Type: max

Fanout         Cap        Slew       Delay        Time   Description
---------------------------------------------------------------------------------------------
                                  0.000000    0.000000   clock clk (rise edge)
                                  0.000000    0.000000   clock source latency
     1    0.020019    0.095798    0.065992    0.065992 ^ clk (in)
                                                         clk (net)
                      0.095807    0.000000    0.065992 ^ clkbuf_0_clk/A (sky130_fd_sc_hd__clkbuf_16)
     8    0.083957    0.100894    0.191798    0.257790 ^ clkbuf_0_clk/X (sky130_fd_sc_hd__clkbuf_16)
                                                         clknet_0_clk (net)
                      0.100946    0.002166    0.259957 ^ clkbuf_3_4__f_clk/A (sky130_fd_sc_hd__clkbuf_16)
     8    0.032154    0.052863    0.156287    0.416243 ^ clkbuf_3_4__f_clk/X (sky130_fd_sc_hd__clkbuf_16)
                                                         clknet_3_4__leaf_clk (net)
                      0.052885    0.001470    0.417713 ^ _1578_/CLK (sky130_fd_sc_hd__dfxtp_2)
     1    0.036045    0.185006    0.425093    0.842806 ^ _1578_/Q (sky130_fd_sc_hd__dfxtp_2)
                                                         uo_out[2] (net)
                      0.185007    0.000824    0.843631 ^ uo_out[2] (out)
                                              0.843631   data arrival time

                                 20.000000   20.000000   clock clk (rise edge)
                                  0.000000   20.000000   clock network delay (propagated)
                                 -0.250000   19.750002   clock uncertainty
                                  0.000000   19.750002   clock reconvergence pessimism
                                 -4.000000   15.750001   output external delay
                                             15.750001   data required time
---------------------------------------------------------------------------------------------
                                             15.750001   data required time
                                             -0.843631   data arrival time
---------------------------------------------------------------------------------------------
                                             14.906370   slack (MET)


Startpoint: _1581_ (rising edge-triggered flip-flop clocked by clk)
Endpoint: uo_out[5] (output port clocked by clk)
Path Group: clk
Path Type: max

Fanout         Cap        Slew       Delay        Time   Description
---------------------------------------------------------------------------------------------
                                  0.000000    0.000000   clock clk (rise edge)
                                  0.000000    0.000000   clock source latency
     1    0.020019    0.095798    0.065992    0.065992 ^ clk (in)
                                                         clk (net)
                      0.095807    0.000000    0.065992 ^ clkbuf_0_clk/A (sky130_fd_sc_hd__clkbuf_16)
     8    0.083957    0.100894    0.191798    0.257790 ^ clkbuf_0_clk/X (sky130_fd_sc_hd__clkbuf_16)
                                                         clknet_0_clk (net)
                      0.100946    0.002166    0.259957 ^ clkbuf_3_4__f_clk/A (sky130_fd_sc_hd__clkbuf_16)
     8    0.032154    0.052863    0.156287    0.416243 ^ clkbuf_3_4__f_clk/X (sky130_fd_sc_hd__clkbuf_16)
                                                         clknet_3_4__leaf_clk (net)
                      0.052882    0.001421    0.417664 ^ _1581_/CLK (sky130_fd_sc_hd__dfxtp_2)
     1    0.035627    0.183070    0.423641    0.841305 ^ _1581_/Q (sky130_fd_sc_hd__dfxtp_2)
                                                         uo_out[5] (net)
                      0.183072    0.000825    0.842130 ^ uo_out[5] (out)
                                              0.842130   data arrival time

                                 20.000000   20.000000   clock clk (rise edge)
                                  0.000000   20.000000   clock network delay (propagated)
                                 -0.250000   19.750002   clock uncertainty
                                  0.000000   19.750002   clock reconvergence pessimism
                                 -4.000000   15.750001   output external delay
                                             15.750001   data required time
---------------------------------------------------------------------------------------------
                                             15.750001   data required time
                                             -0.842130   data arrival time
---------------------------------------------------------------------------------------------
                                             14.907871   slack (MET)


Startpoint: _1577_ (rising edge-triggered flip-flop clocked by clk)
Endpoint: uo_out[1] (output port clocked by clk)
Path Group: clk
Path Type: max

Fanout         Cap        Slew       Delay        Time   Description
---------------------------------------------------------------------------------------------
                                  0.000000    0.000000   clock clk (rise edge)
                                  0.000000    0.000000   clock source latency
     1    0.020019    0.095798    0.065992    0.065992 ^ clk (in)
                                                         clk (net)
                      0.095807    0.000000    0.065992 ^ clkbuf_0_clk/A (sky130_fd_sc_hd__clkbuf_16)
     8    0.083957    0.100894    0.191798    0.257790 ^ clkbuf_0_clk/X (sky130_fd_sc_hd__clkbuf_16)
                                                         clknet_0_clk (net)
                      0.100946    0.002166    0.259957 ^ clkbuf_3_4__f_clk/A (sky130_fd_sc_hd__clkbuf_16)
     8    0.032154    0.052863    0.156287    0.416243 ^ clkbuf_3_4__f_clk/X (sky130_fd_sc_hd__clkbuf_16)
                                                         clknet_3_4__leaf_clk (net)
                      0.052885    0.001469    0.417712 ^ _1577_/CLK (sky130_fd_sc_hd__dfxtp_2)
     1    0.035353    0.181891    0.422623    0.840335 ^ _1577_/Q (sky130_fd_sc_hd__dfxtp_2)
                                                         uo_out[1] (net)
                      0.181893    0.000928    0.841263 ^ uo_out[1] (out)
                                              0.841263   data arrival time

                                 20.000000   20.000000   clock clk (rise edge)
                                  0.000000   20.000000   clock network delay (propagated)
                                 -0.250000   19.750002   clock uncertainty
                                  0.000000   19.750002   clock reconvergence pessimism
                                 -4.000000   15.750001   output external delay
                                             15.750001   data required time
---------------------------------------------------------------------------------------------
                                             15.750001   data required time
                                             -0.841263   data arrival time
---------------------------------------------------------------------------------------------
                                             14.908738   slack (MET)


Startpoint: _1582_ (rising edge-triggered flip-flop clocked by clk)
Endpoint: uo_out[6] (output port clocked by clk)
Path Group: clk
Path Type: max

Fanout         Cap        Slew       Delay        Time   Description
---------------------------------------------------------------------------------------------
                                  0.000000    0.000000   clock clk (rise edge)
                                  0.000000    0.000000   clock source latency
     1    0.020019    0.095798    0.065992    0.065992 ^ clk (in)
                                                         clk (net)
                      0.095807    0.000000    0.065992 ^ clkbuf_0_clk/A (sky130_fd_sc_hd__clkbuf_16)
     8    0.083957    0.100894    0.191798    0.257790 ^ clkbuf_0_clk/X (sky130_fd_sc_hd__clkbuf_16)
                                                         clknet_0_clk (net)
                      0.101071    0.002934    0.260724 ^ clkbuf_3_3__f_clk/A (sky130_fd_sc_hd__clkbuf_16)
     8    0.031114    0.051988    0.155614    0.416339 ^ clkbuf_3_3__f_clk/X (sky130_fd_sc_hd__clkbuf_16)
                                                         clknet_3_3__leaf_clk (net)
                      0.051995    0.001103    0.417441 ^ _1582_/CLK (sky130_fd_sc_hd__dfxtp_2)
     1    0.035473    0.182409    0.422787    0.840228 ^ _1582_/Q (sky130_fd_sc_hd__dfxtp_2)
                                                         uo_out[6] (net)
                      0.182410    0.000832    0.841060 ^ uo_out[6] (out)
                                              0.841060   data arrival time

                                 20.000000   20.000000   clock clk (rise edge)
                                  0.000000   20.000000   clock network delay (propagated)
                                 -0.250000   19.750002   clock uncertainty
                                  0.000000   19.750002   clock reconvergence pessimism
                                 -4.000000   15.750001   output external delay
                                             15.750001   data required time
---------------------------------------------------------------------------------------------
                                             15.750001   data required time
                                             -0.841060   data arrival time
---------------------------------------------------------------------------------------------
                                             14.908940   slack (MET)


Startpoint: _1576_ (rising edge-triggered flip-flop clocked by clk)
Endpoint: uo_out[0] (output port clocked by clk)
Path Group: clk
Path Type: max

Fanout         Cap        Slew       Delay        Time   Description
---------------------------------------------------------------------------------------------
                                  0.000000    0.000000   clock clk (rise edge)
                                  0.000000    0.000000   clock source latency
     1    0.020019    0.095798    0.065992    0.065992 ^ clk (in)
                                                         clk (net)
                      0.095807    0.000000    0.065992 ^ clkbuf_0_clk/A (sky130_fd_sc_hd__clkbuf_16)
     8    0.083957    0.100894    0.191798    0.257790 ^ clkbuf_0_clk/X (sky130_fd_sc_hd__clkbuf_16)
                                                         clknet_0_clk (net)
                      0.101070    0.002924    0.260714 ^ clkbuf_3_5__f_clk/A (sky130_fd_sc_hd__clkbuf_16)
     8    0.029544    0.050696    0.154631    0.415345 ^ clkbuf_3_5__f_clk/X (sky130_fd_sc_hd__clkbuf_16)
                                                         clknet_3_5__leaf_clk (net)
                      0.050698    0.000635    0.415980 ^ _1576_/CLK (sky130_fd_sc_hd__dfxtp_2)
     1    0.035452    0.182339    0.422245    0.838225 ^ _1576_/Q (sky130_fd_sc_hd__dfxtp_2)
                                                         uo_out[0] (net)
                      0.182340    0.000841    0.839066 ^ uo_out[0] (out)
                                              0.839066   data arrival time

                                 20.000000   20.000000   clock clk (rise edge)
                                  0.000000   20.000000   clock network delay (propagated)
                                 -0.250000   19.750002   clock uncertainty
                                  0.000000   19.750002   clock reconvergence pessimism
                                 -4.000000   15.750001   output external delay
                                             15.750001   data required time
---------------------------------------------------------------------------------------------
                                             15.750001   data required time
                                             -0.839066   data arrival time
---------------------------------------------------------------------------------------------
                                             14.910935   slack (MET)


Startpoint: _1583_ (rising edge-triggered flip-flop clocked by clk)
Endpoint: uo_out[7] (output port clocked by clk)
Path Group: clk
Path Type: max

Fanout         Cap        Slew       Delay        Time   Description
---------------------------------------------------------------------------------------------
                                  0.000000    0.000000   clock clk (rise edge)
                                  0.000000    0.000000   clock source latency
     1    0.020019    0.095798    0.065992    0.065992 ^ clk (in)
                                                         clk (net)
                      0.095807    0.000000    0.065992 ^ clkbuf_0_clk/A (sky130_fd_sc_hd__clkbuf_16)
     8    0.083957    0.100894    0.191798    0.257790 ^ clkbuf_0_clk/X (sky130_fd_sc_hd__clkbuf_16)
                                                         clknet_0_clk (net)
                      0.101070    0.002924    0.260714 ^ clkbuf_3_5__f_clk/A (sky130_fd_sc_hd__clkbuf_16)
     8    0.029544    0.050696    0.154631    0.415345 ^ clkbuf_3_5__f_clk/X (sky130_fd_sc_hd__clkbuf_16)
                                                         clknet_3_5__leaf_clk (net)
                      0.050698    0.000627    0.415972 ^ _1583_/CLK (sky130_fd_sc_hd__dfxtp_2)
     1    0.035250    0.181463    0.421513    0.837484 ^ _1583_/Q (sky130_fd_sc_hd__dfxtp_2)
                                                         uo_out[7] (net)
                      0.181464    0.000881    0.838366 ^ uo_out[7] (out)
                                              0.838366   data arrival time

                                 20.000000   20.000000   clock clk (rise edge)
                                  0.000000   20.000000   clock network delay (propagated)
                                 -0.250000   19.750002   clock uncertainty
                                  0.000000   19.750002   clock reconvergence pessimism
                                 -4.000000   15.750001   output external delay
                                             15.750001   data required time
---------------------------------------------------------------------------------------------
                                             15.750001   data required time
                                             -0.838366   data arrival time
---------------------------------------------------------------------------------------------
                                             14.911635   slack (MET)


Startpoint: _1579_ (rising edge-triggered flip-flop clocked by clk)
Endpoint: uo_out[3] (output port clocked by clk)
Path Group: clk
Path Type: max

Fanout         Cap        Slew       Delay        Time   Description
---------------------------------------------------------------------------------------------
                                  0.000000    0.000000   clock clk (rise edge)
                                  0.000000    0.000000   clock source latency
     1    0.020019    0.095798    0.065992    0.065992 ^ clk (in)
                                                         clk (net)
                      0.095807    0.000000    0.065992 ^ clkbuf_0_clk/A (sky130_fd_sc_hd__clkbuf_16)
     8    0.083957    0.100894    0.191798    0.257790 ^ clkbuf_0_clk/X (sky130_fd_sc_hd__clkbuf_16)
                                                         clknet_0_clk (net)
                      0.101070    0.002924    0.260714 ^ clkbuf_3_5__f_clk/A (sky130_fd_sc_hd__clkbuf_16)
     8    0.029544    0.050696    0.154631    0.415345 ^ clkbuf_3_5__f_clk/X (sky130_fd_sc_hd__clkbuf_16)
                                                         clknet_3_5__leaf_clk (net)
                      0.050698    0.000633    0.415978 ^ _1579_/CLK (sky130_fd_sc_hd__dfxtp_2)
     1    0.034667    0.178821    0.419572    0.835550 ^ _1579_/Q (sky130_fd_sc_hd__dfxtp_2)
                                                         uo_out[3] (net)
                      0.178822    0.000765    0.836315 ^ uo_out[3] (out)
                                              0.836315   data arrival time

                                 20.000000   20.000000   clock clk (rise edge)
                                  0.000000   20.000000   clock network delay (propagated)
                                 -0.250000   19.750002   clock uncertainty
                                  0.000000   19.750002   clock reconvergence pessimism
                                 -4.000000   15.750001   output external delay
                                             15.750001   data required time
---------------------------------------------------------------------------------------------
                                             15.750001   data required time
                                             -0.836315   data arrival time
---------------------------------------------------------------------------------------------
                                             14.913687   slack (MET)


Startpoint: uio_in[1] (input port clocked by clk)
Endpoint: _1633_ (rising edge-triggered flip-flop clocked by clk)
Path Group: clk
Path Type: max

Fanout         Cap        Slew       Delay        Time   Description
---------------------------------------------------------------------------------------------
                                  0.000000    0.000000   clock clk (rise edge)
                                  0.000000    0.000000   clock network delay (propagated)
                                  4.000000    4.000000 ^ input external delay
     1    0.003928    0.024627    0.014277    4.014277 ^ uio_in[1] (in)
                                                         uio_in[1] (net)
                      0.024635    0.000000    4.014277 ^ input11/A (sky130_fd_sc_hd__clkdlybuf4s25_1)
     8    0.027733    0.282874    0.407123    4.421400 ^ input11/X (sky130_fd_sc_hd__clkdlybuf4s25_1)
                                                         net11 (net)
                      0.282876    0.001247    4.422647 ^ _0797_/A (sky130_fd_sc_hd__nor2_2)
     3    0.009106    0.073093    0.095961    4.518608 v _0797_/Y (sky130_fd_sc_hd__nor2_2)
                                                         _0070_ (net)
                      0.073093    0.000188    4.518795 v _0800_/A2 (sky130_fd_sc_hd__o211a_2)
     1    0.003132    0.041105    0.243325    4.762121 v _0800_/X (sky130_fd_sc_hd__o211a_2)
                                                         _0072_ (net)
                      0.041251    0.000095    4.762217 v _0801_/B1 (sky130_fd_sc_hd__a41o_2)
     1    0.004233    0.041860    0.226749    4.988966 v _0801_/X (sky130_fd_sc_hd__a41o_2)
                                                         _0000_ (net)
                      0.041860    0.000153    4.989118 v _1633_/D (sky130_fd_sc_hd__dfxtp_2)
                                              4.989118   data arrival time

                                 20.000000   20.000000   clock clk (rise edge)
                                  0.000000   20.000000   clock source latency
     1    0.020019    0.095798    0.065992   20.065992 ^ clk (in)
                                                         clk (net)
                      0.095807    0.000000   20.065992 ^ clkbuf_0_clk/A (sky130_fd_sc_hd__clkbuf_16)
     8    0.083957    0.100894    0.191799   20.257792 ^ clkbuf_0_clk/X (sky130_fd_sc_hd__clkbuf_16)
                                                         clknet_0_clk (net)
                      0.101070    0.002924   20.260715 ^ clkbuf_3_5__f_clk/A (sky130_fd_sc_hd__clkbuf_16)
     8    0.029544    0.050696    0.154632   20.415346 ^ clkbuf_3_5__f_clk/X (sky130_fd_sc_hd__clkbuf_16)
                                                         clknet_3_5__leaf_clk (net)
                      0.050696    0.000290   20.415636 ^ _1633_/CLK (sky130_fd_sc_hd__dfxtp_2)
                                 -0.250000   20.165636   clock uncertainty
                                  0.000000   20.165636   clock reconvergence pessimism
                                 -0.110184   20.055452   library setup time
                                             20.055452   data required time
---------------------------------------------------------------------------------------------
                                             20.055452   data required time
                                             -4.989118   data arrival time
---------------------------------------------------------------------------------------------
                                             15.066335   slack (MET)


Startpoint: uio_in[1] (input port clocked by clk)
Endpoint: _1634_ (rising edge-triggered flip-flop clocked by clk)
Path Group: clk
Path Type: max

Fanout         Cap        Slew       Delay        Time   Description
---------------------------------------------------------------------------------------------
                                  0.000000    0.000000   clock clk (rise edge)
                                  0.000000    0.000000   clock network delay (propagated)
                                  4.000000    4.000000 ^ input external delay
     1    0.003928    0.024627    0.014277    4.014277 ^ uio_in[1] (in)
                                                         uio_in[1] (net)
                      0.024635    0.000000    4.014277 ^ input11/A (sky130_fd_sc_hd__clkdlybuf4s25_1)
     8    0.027733    0.282874    0.407123    4.421400 ^ input11/X (sky130_fd_sc_hd__clkdlybuf4s25_1)
                                                         net11 (net)
                      0.282876    0.001247    4.422647 ^ _0797_/A (sky130_fd_sc_hd__nor2_2)
     3    0.009106    0.073093    0.095961    4.518608 v _0797_/Y (sky130_fd_sc_hd__nor2_2)
                                                         _0070_ (net)
                      0.073093    0.000161    4.518769 v _0798_/A2 (sky130_fd_sc_hd__o211a_2)
     1    0.003443    0.042334    0.245003    4.763772 v _0798_/X (sky130_fd_sc_hd__o211a_2)
                                                         _0071_ (net)
                      0.042334    0.000112    4.763884 v _0799_/B1 (sky130_fd_sc_hd__a41o_2)
     1    0.002385    0.035875    0.217411    4.981295 v _0799_/X (sky130_fd_sc_hd__a41o_2)
                                                         _0001_ (net)
                      0.035875    0.000069    4.981363 v _1634_/D (sky130_fd_sc_hd__dfxtp_2)
                                              4.981363   data arrival time

                                 20.000000   20.000000   clock clk (rise edge)
                                  0.000000   20.000000   clock source latency
     1    0.020019    0.095798    0.065992   20.065992 ^ clk (in)
                                                         clk (net)
                      0.095807    0.000000   20.065992 ^ clkbuf_0_clk/A (sky130_fd_sc_hd__clkbuf_16)
     8    0.083957    0.100894    0.191799   20.257792 ^ clkbuf_0_clk/X (sky130_fd_sc_hd__clkbuf_16)
                                                         clknet_0_clk (net)
                      0.101070    0.002924   20.260715 ^ clkbuf_3_5__f_clk/A (sky130_fd_sc_hd__clkbuf_16)
     8    0.029544    0.050696    0.154632   20.415346 ^ clkbuf_3_5__f_clk/X (sky130_fd_sc_hd__clkbuf_16)
                                                         clknet_3_5__leaf_clk (net)
                      0.050696    0.000309   20.415655 ^ _1634_/CLK (sky130_fd_sc_hd__dfxtp_2)
                                 -0.250000   20.165657   clock uncertainty
                                  0.000000   20.165657   clock reconvergence pessimism
                                 -0.107572   20.058084   library setup time
                                             20.058084   data required time
---------------------------------------------------------------------------------------------
                                             20.058084   data required time
                                             -4.981363   data arrival time
---------------------------------------------------------------------------------------------
                                             15.076721   slack (MET)


Startpoint: uio_in[3] (input port clocked by clk)
Endpoint: _1624_ (rising edge-triggered flip-flop clocked by clk)
Path Group: clk
Path Type: max

Fanout         Cap        Slew       Delay        Time   Description
---------------------------------------------------------------------------------------------
                                  0.000000    0.000000   clock clk (rise edge)
                                  0.000000    0.000000   clock network delay (propagated)
                                  4.000000    4.000000 v input external delay
     1    0.002622    0.008212    0.004139    4.004139 v uio_in[3] (in)
                                                         uio_in[3] (net)
                      0.008212    0.000000    4.004139 v input13/A (sky130_fd_sc_hd__clkdlybuf4s25_1)
     1    0.002237    0.036213    0.221531    4.225670 v input13/X (sky130_fd_sc_hd__clkdlybuf4s25_1)
                                                         net13 (net)
                      0.036213    0.000061    4.225731 v _1562_/B (sky130_fd_sc_hd__and2_2)
     1    0.016565    0.066203    0.219218    4.444949 v _1562_/X (sky130_fd_sc_hd__and2_2)
                                                         _0052_ (net)
                      0.066230    0.001211    4.446159 v _1624_/D (sky130_fd_sc_hd__dfxtp_2)
                                              4.446159   data arrival time

                                 20.000000   20.000000   clock clk (rise edge)
                                  0.000000   20.000000   clock source latency
     1    0.020019    0.095798    0.065992   20.065992 ^ clk (in)
                                                         clk (net)
                      0.095807    0.000000   20.065992 ^ clkbuf_0_clk/A (sky130_fd_sc_hd__clkbuf_16)
     8    0.083957    0.100894    0.191799   20.257792 ^ clkbuf_0_clk/X (sky130_fd_sc_hd__clkbuf_16)
                                                         clknet_0_clk (net)
                      0.101071    0.002935   20.260725 ^ clkbuf_3_3__f_clk/A (sky130_fd_sc_hd__clkbuf_16)
     8    0.031114    0.051988    0.155614   20.416340 ^ clkbuf_3_3__f_clk/X (sky130_fd_sc_hd__clkbuf_16)
                                                         clknet_3_3__leaf_clk (net)
                      0.051996    0.001155   20.417494 ^ _1624_/CLK (sky130_fd_sc_hd__dfxtp_2)
                                 -0.250000   20.167496   clock uncertainty
                                  0.000000   20.167496   clock reconvergence pessimism
                                 -0.120514   20.046982   library setup time
                                             20.046982   data required time
---------------------------------------------------------------------------------------------
                                             20.046982   data required time
                                             -4.446159   data arrival time
---------------------------------------------------------------------------------------------
                                             15.600822   slack (MET)


Startpoint: rst_n (input port clocked by clk)
Endpoint: _1636_ (rising edge-triggered flip-flop clocked by clk)
Path Group: clk
Path Type: max

Fanout         Cap        Slew       Delay        Time   Description
---------------------------------------------------------------------------------------------
                                  0.000000    0.000000   clock clk (rise edge)
                                  0.000000    0.000000   clock network delay (propagated)
                                  4.000000    4.000000 v input external delay
     1    0.005821    0.015402    0.009473    4.009473 v rst_n (in)
                                                         rst_n (net)
                      0.015404    0.000000    4.009473 v input1/A (sky130_fd_sc_hd__clkdlybuf4s25_1)
     1    0.003696    0.045634    0.234838    4.244311 v input1/X (sky130_fd_sc_hd__clkdlybuf4s25_1)
                                                         net1 (net)
                      0.045634    0.000128    4.244439 v _1636_/D (sky130_fd_sc_hd__dfxtp_2)
                                              4.244439   data arrival time

                                 20.000000   20.000000   clock clk (rise edge)
                                  0.000000   20.000000   clock source latency
     1    0.020019    0.095798    0.065992   20.065992 ^ clk (in)
                                                         clk (net)
                      0.095807    0.000000   20.065992 ^ clkbuf_0_clk/A (sky130_fd_sc_hd__clkbuf_16)
     8    0.083957    0.100894    0.191799   20.257792 ^ clkbuf_0_clk/X (sky130_fd_sc_hd__clkbuf_16)
                                                         clknet_0_clk (net)
                      0.101101    0.003240   20.261030 ^ clkbuf_3_7__f_clk/A (sky130_fd_sc_hd__clkbuf_16)
     8    0.027547    0.048863    0.152703   20.413734 ^ clkbuf_3_7__f_clk/X (sky130_fd_sc_hd__clkbuf_16)
                                                         clknet_3_7__leaf_clk (net)
                      0.048888    0.001595   20.415329 ^ _1636_/CLK (sky130_fd_sc_hd__dfxtp_2)
                                 -0.250000   20.165329   clock uncertainty
                                  0.000000   20.165329   clock reconvergence pessimism
                                 -0.112253   20.053076   library setup time
                                             20.053076   data required time
---------------------------------------------------------------------------------------------
                                             20.053076   data required time
                                             -4.244439   data arrival time
---------------------------------------------------------------------------------------------
                                             15.808639   slack (MET)


Startpoint: _1635_ (rising edge-triggered flip-flop clocked by clk)
Endpoint: _1631_ (rising edge-triggered flip-flop clocked by clk)
Path Group: clk
Path Type: max

Fanout         Cap        Slew       Delay        Time   Description
---------------------------------------------------------------------------------------------
                                  0.000000    0.000000   clock clk (rise edge)
                                  0.000000    0.000000   clock source latency
     1    0.020019    0.095798    0.065992    0.065992 ^ clk (in)
                                                         clk (net)
                      0.095807    0.000000    0.065992 ^ clkbuf_0_clk/A (sky130_fd_sc_hd__clkbuf_16)
     8    0.083957    0.100894    0.191798    0.257790 ^ clkbuf_0_clk/X (sky130_fd_sc_hd__clkbuf_16)
                                                         clknet_0_clk (net)
                      0.101100    0.003229    0.261019 ^ clkbuf_3_6__f_clk/A (sky130_fd_sc_hd__clkbuf_16)
     8    0.024440    0.045835    0.149878    0.410897 ^ clkbuf_3_6__f_clk/X (sky130_fd_sc_hd__clkbuf_16)
                                                         clknet_3_6__leaf_clk (net)
                      0.045864    0.001011    0.411908 ^ _1635_/CLK (sky130_fd_sc_hd__dfxtp_2)
     1    0.004091    0.035060    0.309924    0.721832 ^ _1635_/Q (sky130_fd_sc_hd__dfxtp_2)
                                                         u_rst_sync.rst_ff2 (net)
                      0.035060    0.000140    0.721972 ^ fanout42/A (sky130_fd_sc_hd__clkdlybuf4s25_1)
    10    0.054459    0.543722    0.590185    1.312157 ^ fanout42/X (sky130_fd_sc_hd__clkdlybuf4s25_1)
                                                         net42 (net)
                      0.543829    0.006393    1.318550 ^ _0791_/A (sky130_fd_sc_hd__inv_2)
     9    0.044286    0.183926    0.230756    1.549306 v _0791_/Y (sky130_fd_sc_hd__inv_2)
                                                         _0064_ (net)
                      0.183926    0.000524    1.549830 v _1572_/C1 (sky130_fd_sc_hd__a2111oi_2)
     1    0.001922    0.234970    0.296764    1.846593 ^ _1572_/Y (sky130_fd_sc_hd__a2111oi_2)
                                                         _0058_ (net)
                      0.234970    0.000053    1.846647 ^ hold89/A (sky130_fd_sc_hd__dlygate4sd3_1)
     1    0.002653    0.051554    0.579900    2.426547 ^ hold89/X (sky130_fd_sc_hd__dlygate4sd3_1)
                                                         net89 (net)
                      0.051554    0.000079    2.426626 ^ _1631_/D (sky130_fd_sc_hd__dfxtp_2)
                                              2.426626   data arrival time

                                 20.000000   20.000000   clock clk (rise edge)
                                  0.000000   20.000000   clock source latency
     1    0.020019    0.095798    0.065992   20.065992 ^ clk (in)
                                                         clk (net)
                      0.095807    0.000000   20.065992 ^ clkbuf_0_clk/A (sky130_fd_sc_hd__clkbuf_16)
     8    0.083957    0.100894    0.191799   20.257792 ^ clkbuf_0_clk/X (sky130_fd_sc_hd__clkbuf_16)
                                                         clknet_0_clk (net)
                      0.101071    0.002935   20.260725 ^ clkbuf_3_3__f_clk/A (sky130_fd_sc_hd__clkbuf_16)
     8    0.031114    0.051988    0.155614   20.416340 ^ clkbuf_3_3__f_clk/X (sky130_fd_sc_hd__clkbuf_16)
                                                         clknet_3_3__leaf_clk (net)
                      0.051994    0.000950   20.417290 ^ _1631_/CLK (sky130_fd_sc_hd__dfxtp_2)
                                 -0.250000   20.167290   clock uncertainty
                                  0.000000   20.167290   clock reconvergence pessimism
                                 -0.059371   20.107920   library setup time
                                             20.107920   data required time
---------------------------------------------------------------------------------------------
                                             20.107920   data required time
                                             -2.426626   data arrival time
---------------------------------------------------------------------------------------------
                                             17.681293   slack (MET)


Startpoint: _1635_ (rising edge-triggered flip-flop clocked by clk)
Endpoint: _1629_ (rising edge-triggered flip-flop clocked by clk)
Path Group: clk
Path Type: max

Fanout         Cap        Slew       Delay        Time   Description
---------------------------------------------------------------------------------------------
                                  0.000000    0.000000   clock clk (rise edge)
                                  0.000000    0.000000   clock source latency
     1    0.020019    0.095798    0.065992    0.065992 ^ clk (in)
                                                         clk (net)
                      0.095807    0.000000    0.065992 ^ clkbuf_0_clk/A (sky130_fd_sc_hd__clkbuf_16)
     8    0.083957    0.100894    0.191798    0.257790 ^ clkbuf_0_clk/X (sky130_fd_sc_hd__clkbuf_16)
                                                         clknet_0_clk (net)
                      0.101100    0.003229    0.261019 ^ clkbuf_3_6__f_clk/A (sky130_fd_sc_hd__clkbuf_16)
     8    0.024440    0.045835    0.149878    0.410897 ^ clkbuf_3_6__f_clk/X (sky130_fd_sc_hd__clkbuf_16)
                                                         clknet_3_6__leaf_clk (net)
                      0.045864    0.001011    0.411908 ^ _1635_/CLK (sky130_fd_sc_hd__dfxtp_2)
     1    0.003866    0.025079    0.305926    0.717834 v _1635_/Q (sky130_fd_sc_hd__dfxtp_2)
                                                         u_rst_sync.rst_ff2 (net)
                      0.025079    0.000131    0.717965 v fanout42/A (sky130_fd_sc_hd__clkdlybuf4s25_1)
    10    0.053050    0.390473    0.500955    1.218920 v fanout42/X (sky130_fd_sc_hd__clkdlybuf4s25_1)
                                                         net42 (net)
                      0.390622    0.007076    1.225996 v _1567_/B1 (sky130_fd_sc_hd__o21a_2)
     1    0.002119    0.031314    0.244587    1.470583 v _1567_/X (sky130_fd_sc_hd__o21a_2)
                                                         _0056_ (net)
                      0.031314    0.000059    1.470642 v hold86/A (sky130_fd_sc_hd__dlygate4sd3_1)
     1    0.002037    0.049309    0.535923    2.006565 v hold86/X (sky130_fd_sc_hd__dlygate4sd3_1)
                                                         net86 (net)
                      0.049309    0.000057    2.006622 v _1629_/D (sky130_fd_sc_hd__dfxtp_2)
                                              2.006622   data arrival time

                                 20.000000   20.000000   clock clk (rise edge)
                                  0.000000   20.000000   clock source latency
     1    0.020019    0.095798    0.065992   20.065992 ^ clk (in)
                                                         clk (net)
                      0.095807    0.000000   20.065992 ^ clkbuf_0_clk/A (sky130_fd_sc_hd__clkbuf_16)
     8    0.083957    0.100894    0.191799   20.257792 ^ clkbuf_0_clk/X (sky130_fd_sc_hd__clkbuf_16)
                                                         clknet_0_clk (net)
                      0.101064    0.002848   20.260637 ^ clkbuf_3_2__f_clk/A (sky130_fd_sc_hd__clkbuf_16)
     8    0.024839    0.046192    0.150274   20.410913 ^ clkbuf_3_2__f_clk/X (sky130_fd_sc_hd__clkbuf_16)
                                                         clknet_3_2__leaf_clk (net)
                      0.046238    0.001259   20.412172 ^ _1629_/CLK (sky130_fd_sc_hd__dfxtp_2)
                                 -0.250000   20.162172   clock uncertainty
                                  0.000000   20.162172   clock reconvergence pessimism
                                 -0.114476   20.047697   library setup time
                                             20.047697   data required time
---------------------------------------------------------------------------------------------
                                             20.047697   data required time
                                             -2.006622   data arrival time
---------------------------------------------------------------------------------------------
                                             18.041075   slack (MET)


Startpoint: _1631_ (rising edge-triggered flip-flop clocked by clk)
Endpoint: _1630_ (rising edge-triggered flip-flop clocked by clk)
Path Group: clk
Path Type: max

Fanout         Cap        Slew       Delay        Time   Description
---------------------------------------------------------------------------------------------
                                  0.000000    0.000000   clock clk (rise edge)
                                  0.000000    0.000000   clock source latency
     1    0.020019    0.095798    0.065992    0.065992 ^ clk (in)
                                                         clk (net)
                      0.095807    0.000000    0.065992 ^ clkbuf_0_clk/A (sky130_fd_sc_hd__clkbuf_16)
     8    0.083957    0.100894    0.191798    0.257790 ^ clkbuf_0_clk/X (sky130_fd_sc_hd__clkbuf_16)
                                                         clknet_0_clk (net)
                      0.101071    0.002934    0.260724 ^ clkbuf_3_3__f_clk/A (sky130_fd_sc_hd__clkbuf_16)
     8    0.031114    0.051988    0.155614    0.416339 ^ clkbuf_3_3__f_clk/X (sky130_fd_sc_hd__clkbuf_16)
                                                         clknet_3_3__leaf_clk (net)
                      0.051994    0.000952    0.417290 ^ _1631_/CLK (sky130_fd_sc_hd__dfxtp_2)
     2    0.004183    0.035497    0.312649    0.729940 ^ _1631_/Q (sky130_fd_sc_hd__dfxtp_2)
                                                         u_sync.lock_cnt[1] (net)
                      0.035497    0.000068    0.730007 ^ hold88/A (sky130_fd_sc_hd__dlygate4sd3_1)
     1    0.005698    0.078107    0.554987    1.284994 ^ hold88/X (sky130_fd_sc_hd__dlygate4sd3_1)
                                                         net88 (net)
                      0.078107    0.000183    1.285177 ^ _0787_/A (sky130_fd_sc_hd__inv_2)
     2    0.008715    0.031311    0.046393    1.331570 v _0787_/Y (sky130_fd_sc_hd__inv_2)
                                                         _0060_ (net)
                      0.031311    0.000120    1.331689 v _1568_/A1 (sky130_fd_sc_hd__o21a_2)
     2    0.006630    0.042842    0.210473    1.542162 v _1568_/X (sky130_fd_sc_hd__o21a_2)
                                                         _0784_ (net)
                      0.042842    0.000156    1.542319 v _1570_/A2 (sky130_fd_sc_hd__o2111a_2)
     1    0.002708    0.039257    0.236027    1.778345 v _1570_/X (sky130_fd_sc_hd__o2111a_2)
                                                         _0057_ (net)
                      0.039257    0.000081    1.778427 v _1630_/D (sky130_fd_sc_hd__dfxtp_2)
                                              1.778427   data arrival time

                                 20.000000   20.000000   clock clk (rise edge)
                                  0.000000   20.000000   clock source latency
     1    0.020019    0.095798    0.065992   20.065992 ^ clk (in)
                                                         clk (net)
                      0.095807    0.000000   20.065992 ^ clkbuf_0_clk/A (sky130_fd_sc_hd__clkbuf_16)
     8    0.083957    0.100894    0.191799   20.257792 ^ clkbuf_0_clk/X (sky130_fd_sc_hd__clkbuf_16)
                                                         clknet_0_clk (net)
                      0.101064    0.002848   20.260637 ^ clkbuf_3_2__f_clk/A (sky130_fd_sc_hd__clkbuf_16)
     8    0.024839    0.046192    0.150274   20.410913 ^ clkbuf_3_2__f_clk/X (sky130_fd_sc_hd__clkbuf_16)
                                                         clknet_3_2__leaf_clk (net)
                      0.046213    0.000913   20.411825 ^ _1630_/CLK (sky130_fd_sc_hd__dfxtp_2)
                                 -0.250000   20.161827   clock uncertainty
                                  0.000000   20.161827   clock reconvergence pessimism
                                 -0.110095   20.051731   library setup time
                                             20.051731   data required time
---------------------------------------------------------------------------------------------
                                             20.051731   data required time
                                             -1.778427   data arrival time
---------------------------------------------------------------------------------------------
                                             18.273306   slack (MET)


Startpoint: _1631_ (rising edge-triggered flip-flop clocked by clk)
Endpoint: _1632_ (rising edge-triggered flip-flop clocked by clk)
Path Group: clk
Path Type: max

Fanout         Cap        Slew       Delay        Time   Description
---------------------------------------------------------------------------------------------
                                  0.000000    0.000000   clock clk (rise edge)
                                  0.000000    0.000000   clock source latency
     1    0.020019    0.095798    0.065992    0.065992 ^ clk (in)
                                                         clk (net)
                      0.095807    0.000000    0.065992 ^ clkbuf_0_clk/A (sky130_fd_sc_hd__clkbuf_16)
     8    0.083957    0.100894    0.191798    0.257790 ^ clkbuf_0_clk/X (sky130_fd_sc_hd__clkbuf_16)
                                                         clknet_0_clk (net)
                      0.101071    0.002934    0.260724 ^ clkbuf_3_3__f_clk/A (sky130_fd_sc_hd__clkbuf_16)
     8    0.031114    0.051988    0.155614    0.416339 ^ clkbuf_3_3__f_clk/X (sky130_fd_sc_hd__clkbuf_16)
                                                         clknet_3_3__leaf_clk (net)
                      0.051994    0.000952    0.417290 ^ _1631_/CLK (sky130_fd_sc_hd__dfxtp_2)
     2    0.004183    0.035497    0.312649    0.729940 ^ _1631_/Q (sky130_fd_sc_hd__dfxtp_2)
                                                         u_sync.lock_cnt[1] (net)
                      0.035497    0.000068    0.730007 ^ hold88/A (sky130_fd_sc_hd__dlygate4sd3_1)
     1    0.005698    0.078107    0.554987    1.284994 ^ hold88/X (sky130_fd_sc_hd__dlygate4sd3_1)
                                                         net88 (net)
                      0.078107    0.000183    1.285177 ^ _0787_/A (sky130_fd_sc_hd__inv_2)
     2    0.008715    0.031311    0.046393    1.331570 v _0787_/Y (sky130_fd_sc_hd__inv_2)
                                                         _0060_ (net)
                      0.031311    0.000120    1.331689 v _1568_/A1 (sky130_fd_sc_hd__o21a_2)
     2    0.006630    0.042842    0.210473    1.542162 v _1568_/X (sky130_fd_sc_hd__o21a_2)
                                                         _0784_ (net)
                      0.042842    0.000185    1.542347 v _1573_/A2 (sky130_fd_sc_hd__o21a_2)
     1    0.002171    0.031490    0.181862    1.724210 v _1573_/X (sky130_fd_sc_hd__o21a_2)
                                                         _0059_ (net)
                      0.031490    0.000063    1.724272 v _1632_/D (sky130_fd_sc_hd__dfxtp_2)
                                              1.724272   data arrival time

                                 20.000000   20.000000   clock clk (rise edge)
                                  0.000000   20.000000   clock source latency
     1    0.020019    0.095798    0.065992   20.065992 ^ clk (in)
                                                         clk (net)
                      0.095807    0.000000   20.065992 ^ clkbuf_0_clk/A (sky130_fd_sc_hd__clkbuf_16)
     8    0.083957    0.100894    0.191799   20.257792 ^ clkbuf_0_clk/X (sky130_fd_sc_hd__clkbuf_16)
                                                         clknet_0_clk (net)
                      0.101064    0.002848   20.260637 ^ clkbuf_3_2__f_clk/A (sky130_fd_sc_hd__clkbuf_16)
     8    0.024839    0.046192    0.150274   20.410913 ^ clkbuf_3_2__f_clk/X (sky130_fd_sc_hd__clkbuf_16)
                                                         clknet_3_2__leaf_clk (net)
                      0.046221    0.001036   20.411949 ^ _1632_/CLK (sky130_fd_sc_hd__dfxtp_2)
                                 -0.250000   20.161949   clock uncertainty
                                  0.000000   20.161949   clock reconvergence pessimism
                                 -0.106703   20.055246   library setup time
                                             20.055246   data required time
---------------------------------------------------------------------------------------------
                                             20.055246   data required time
                                             -1.724272   data arrival time
---------------------------------------------------------------------------------------------
                                             18.330975   slack (MET)


Startpoint: _1635_ (rising edge-triggered flip-flop clocked by clk)
Endpoint: _1576_ (rising edge-triggered flip-flop clocked by clk)
Path Group: clk
Path Type: max

Fanout         Cap        Slew       Delay        Time   Description
---------------------------------------------------------------------------------------------
                                  0.000000    0.000000   clock clk (rise edge)
                                  0.000000    0.000000   clock source latency
     1    0.020019    0.095798    0.065992    0.065992 ^ clk (in)
                                                         clk (net)
                      0.095807    0.000000    0.065992 ^ clkbuf_0_clk/A (sky130_fd_sc_hd__clkbuf_16)
     8    0.083957    0.100894    0.191798    0.257790 ^ clkbuf_0_clk/X (sky130_fd_sc_hd__clkbuf_16)
                                                         clknet_0_clk (net)
                      0.101100    0.003229    0.261019 ^ clkbuf_3_6__f_clk/A (sky130_fd_sc_hd__clkbuf_16)
     8    0.024440    0.045835    0.149878    0.410897 ^ clkbuf_3_6__f_clk/X (sky130_fd_sc_hd__clkbuf_16)
                                                         clknet_3_6__leaf_clk (net)
                      0.045864    0.001011    0.411908 ^ _1635_/CLK (sky130_fd_sc_hd__dfxtp_2)
     1    0.004091    0.035060    0.309924    0.721832 ^ _1635_/Q (sky130_fd_sc_hd__dfxtp_2)
                                                         u_rst_sync.rst_ff2 (net)
                      0.035060    0.000140    0.721972 ^ fanout42/A (sky130_fd_sc_hd__clkdlybuf4s25_1)
    10    0.054459    0.543722    0.590185    1.312157 ^ fanout42/X (sky130_fd_sc_hd__clkdlybuf4s25_1)
                                                         net42 (net)
                      0.543829    0.006393    1.318550 ^ _0791_/A (sky130_fd_sc_hd__inv_2)
     9    0.044286    0.183926    0.230756    1.549306 v _0791_/Y (sky130_fd_sc_hd__inv_2)
                                                         _0064_ (net)
                      0.183929    0.001144    1.550449 v _1415_/A (sky130_fd_sc_hd__nor2_2)
     1    0.006034    0.098453    0.168412    1.718861 ^ _1415_/Y (sky130_fd_sc_hd__nor2_2)
                                                         _0004_ (net)
                      0.098453    0.000201    1.719062 ^ _1576_/D (sky130_fd_sc_hd__dfxtp_2)
                                              1.719062   data arrival time

                                 20.000000   20.000000   clock clk (rise edge)
                                  0.000000   20.000000   clock source latency
     1    0.020019    0.095798    0.065992   20.065992 ^ clk (in)
                                                         clk (net)
                      0.095807    0.000000   20.065992 ^ clkbuf_0_clk/A (sky130_fd_sc_hd__clkbuf_16)
     8    0.083957    0.100894    0.191799   20.257792 ^ clkbuf_0_clk/X (sky130_fd_sc_hd__clkbuf_16)
                                                         clknet_0_clk (net)
                      0.101070    0.002924   20.260715 ^ clkbuf_3_5__f_clk/A (sky130_fd_sc_hd__clkbuf_16)
     8    0.029544    0.050696    0.154632   20.415346 ^ clkbuf_3_5__f_clk/X (sky130_fd_sc_hd__clkbuf_16)
                                                         clknet_3_5__leaf_clk (net)
                      0.050698    0.000634   20.415981 ^ _1576_/CLK (sky130_fd_sc_hd__dfxtp_2)
                                 -0.250000   20.165981   clock uncertainty
                                  0.000000   20.165981   clock reconvergence pessimism
                                 -0.070603   20.095379   library setup time
                                             20.095379   data required time
---------------------------------------------------------------------------------------------
                                             20.095379   data required time
                                             -1.719062   data arrival time
---------------------------------------------------------------------------------------------
                                             18.376316   slack (MET)


Startpoint: _1635_ (rising edge-triggered flip-flop clocked by clk)
Endpoint: _1579_ (rising edge-triggered flip-flop clocked by clk)
Path Group: clk
Path Type: max

Fanout         Cap        Slew       Delay        Time   Description
---------------------------------------------------------------------------------------------
                                  0.000000    0.000000   clock clk (rise edge)
                                  0.000000    0.000000   clock source latency
     1    0.020019    0.095798    0.065992    0.065992 ^ clk (in)
                                                         clk (net)
                      0.095807    0.000000    0.065992 ^ clkbuf_0_clk/A (sky130_fd_sc_hd__clkbuf_16)
     8    0.083957    0.100894    0.191798    0.257790 ^ clkbuf_0_clk/X (sky130_fd_sc_hd__clkbuf_16)
                                                         clknet_0_clk (net)
                      0.101100    0.003229    0.261019 ^ clkbuf_3_6__f_clk/A (sky130_fd_sc_hd__clkbuf_16)
     8    0.024440    0.045835    0.149878    0.410897 ^ clkbuf_3_6__f_clk/X (sky130_fd_sc_hd__clkbuf_16)
                                                         clknet_3_6__leaf_clk (net)
                      0.045864    0.001011    0.411908 ^ _1635_/CLK (sky130_fd_sc_hd__dfxtp_2)
     1    0.004091    0.035060    0.309924    0.721832 ^ _1635_/Q (sky130_fd_sc_hd__dfxtp_2)
                                                         u_rst_sync.rst_ff2 (net)
                      0.035060    0.000140    0.721972 ^ fanout42/A (sky130_fd_sc_hd__clkdlybuf4s25_1)
    10    0.054459    0.543722    0.590185    1.312157 ^ fanout42/X (sky130_fd_sc_hd__clkdlybuf4s25_1)
                                                         net42 (net)
                      0.543829    0.006393    1.318550 ^ _0791_/A (sky130_fd_sc_hd__inv_2)
     9    0.044286    0.183926    0.230756    1.549306 v _0791_/Y (sky130_fd_sc_hd__inv_2)
                                                         _0064_ (net)
                      0.184003    0.001186    1.550492 v _1424_/A (sky130_fd_sc_hd__nor2_2)
     1    0.004411    0.084368    0.155430    1.705922 ^ _1424_/Y (sky130_fd_sc_hd__nor2_2)
                                                         _0007_ (net)
                      0.084368    0.000166    1.706087 ^ _1579_/D (sky130_fd_sc_hd__dfxtp_2)
                                              1.706087   data arrival time

                                 20.000000   20.000000   clock clk (rise edge)
                                  0.000000   20.000000   clock source latency
     1    0.020019    0.095798    0.065992   20.065992 ^ clk (in)
                                                         clk (net)
                      0.095807    0.000000   20.065992 ^ clkbuf_0_clk/A (sky130_fd_sc_hd__clkbuf_16)
     8    0.083957    0.100894    0.191799   20.257792 ^ clkbuf_0_clk/X (sky130_fd_sc_hd__clkbuf_16)
                                                         clknet_0_clk (net)
                      0.101070    0.002924   20.260715 ^ clkbuf_3_5__f_clk/A (sky130_fd_sc_hd__clkbuf_16)
     8    0.029544    0.050696    0.154632   20.415346 ^ clkbuf_3_5__f_clk/X (sky130_fd_sc_hd__clkbuf_16)
                                                         clknet_3_5__leaf_clk (net)
                      0.050698    0.000632   20.415979 ^ _1579_/CLK (sky130_fd_sc_hd__dfxtp_2)
                                 -0.250000   20.165979   clock uncertainty
                                  0.000000   20.165979   clock reconvergence pessimism
                                 -0.067288   20.098692   library setup time
                                             20.098692   data required time
---------------------------------------------------------------------------------------------
                                             20.098692   data required time
                                             -1.706087   data arrival time
---------------------------------------------------------------------------------------------
                                             18.392603   slack (MET)


Startpoint: _1635_ (rising edge-triggered flip-flop clocked by clk)
Endpoint: _1577_ (rising edge-triggered flip-flop clocked by clk)
Path Group: clk
Path Type: max

Fanout         Cap        Slew       Delay        Time   Description
---------------------------------------------------------------------------------------------
                                  0.000000    0.000000   clock clk (rise edge)
                                  0.000000    0.000000   clock source latency
     1    0.020019    0.095798    0.065992    0.065992 ^ clk (in)
                                                         clk (net)
                      0.095807    0.000000    0.065992 ^ clkbuf_0_clk/A (sky130_fd_sc_hd__clkbuf_16)
     8    0.083957    0.100894    0.191798    0.257790 ^ clkbuf_0_clk/X (sky130_fd_sc_hd__clkbuf_16)
                                                         clknet_0_clk (net)
                      0.101100    0.003229    0.261019 ^ clkbuf_3_6__f_clk/A (sky130_fd_sc_hd__clkbuf_16)
     8    0.024440    0.045835    0.149878    0.410897 ^ clkbuf_3_6__f_clk/X (sky130_fd_sc_hd__clkbuf_16)
                                                         clknet_3_6__leaf_clk (net)
                      0.045864    0.001011    0.411908 ^ _1635_/CLK (sky130_fd_sc_hd__dfxtp_2)
     1    0.004091    0.035060    0.309924    0.721832 ^ _1635_/Q (sky130_fd_sc_hd__dfxtp_2)
                                                         u_rst_sync.rst_ff2 (net)
                      0.035060    0.000140    0.721972 ^ fanout42/A (sky130_fd_sc_hd__clkdlybuf4s25_1)
    10    0.054459    0.543722    0.590185    1.312157 ^ fanout42/X (sky130_fd_sc_hd__clkdlybuf4s25_1)
                                                         net42 (net)
                      0.543829    0.006393    1.318550 ^ _0791_/A (sky130_fd_sc_hd__inv_2)
     9    0.044286    0.183926    0.230756    1.549306 v _0791_/Y (sky130_fd_sc_hd__inv_2)
                                                         _0064_ (net)
                      0.184007    0.001341    1.550647 v _1418_/A (sky130_fd_sc_hd__nor2_2)
     1    0.004152    0.082137    0.153375    1.704023 ^ _1418_/Y (sky130_fd_sc_hd__nor2_2)
                                                         _0005_ (net)
                      0.082137    0.000108    1.704130 ^ _1577_/D (sky130_fd_sc_hd__dfxtp_2)
                                              1.704130   data arrival time

                                 20.000000   20.000000   clock clk (rise edge)
                                  0.000000   20.000000   clock source latency
     1    0.020019    0.095798    0.065992   20.065992 ^ clk (in)
                                                         clk (net)
                      0.095807    0.000000   20.065992 ^ clkbuf_0_clk/A (sky130_fd_sc_hd__clkbuf_16)
     8    0.083957    0.100894    0.191799   20.257792 ^ clkbuf_0_clk/X (sky130_fd_sc_hd__clkbuf_16)
                                                         clknet_0_clk (net)
                      0.100946    0.002167   20.259958 ^ clkbuf_3_4__f_clk/A (sky130_fd_sc_hd__clkbuf_16)
     8    0.032154    0.052863    0.156286   20.416243 ^ clkbuf_3_4__f_clk/X (sky130_fd_sc_hd__clkbuf_16)
                                                         clknet_3_4__leaf_clk (net)
                      0.052885    0.001469   20.417713 ^ _1577_/CLK (sky130_fd_sc_hd__dfxtp_2)
                                 -0.250000   20.167713   clock uncertainty
                                  0.000000   20.167713   clock reconvergence pessimism
                                 -0.066434   20.101280   library setup time
                                             20.101280   data required time
---------------------------------------------------------------------------------------------
                                             20.101280   data required time
                                             -1.704130   data arrival time
---------------------------------------------------------------------------------------------
                                             18.397150   slack (MET)


Startpoint: _1635_ (rising edge-triggered flip-flop clocked by clk)
Endpoint: _1578_ (rising edge-triggered flip-flop clocked by clk)
Path Group: clk
Path Type: max

Fanout         Cap        Slew       Delay        Time   Description
---------------------------------------------------------------------------------------------
                                  0.000000    0.000000   clock clk (rise edge)
                                  0.000000    0.000000   clock source latency
     1    0.020019    0.095798    0.065992    0.065992 ^ clk (in)
                                                         clk (net)
                      0.095807    0.000000    0.065992 ^ clkbuf_0_clk/A (sky130_fd_sc_hd__clkbuf_16)
     8    0.083957    0.100894    0.191798    0.257790 ^ clkbuf_0_clk/X (sky130_fd_sc_hd__clkbuf_16)
                                                         clknet_0_clk (net)
                      0.101100    0.003229    0.261019 ^ clkbuf_3_6__f_clk/A (sky130_fd_sc_hd__clkbuf_16)
     8    0.024440    0.045835    0.149878    0.410897 ^ clkbuf_3_6__f_clk/X (sky130_fd_sc_hd__clkbuf_16)
                                                         clknet_3_6__leaf_clk (net)
                      0.045864    0.001011    0.411908 ^ _1635_/CLK (sky130_fd_sc_hd__dfxtp_2)
     1    0.004091    0.035060    0.309924    0.721832 ^ _1635_/Q (sky130_fd_sc_hd__dfxtp_2)
                                                         u_rst_sync.rst_ff2 (net)
                      0.035060    0.000140    0.721972 ^ fanout42/A (sky130_fd_sc_hd__clkdlybuf4s25_1)
    10    0.054459    0.543722    0.590185    1.312157 ^ fanout42/X (sky130_fd_sc_hd__clkdlybuf4s25_1)
                                                         net42 (net)
                      0.543829    0.006393    1.318550 ^ _0791_/A (sky130_fd_sc_hd__inv_2)
     9    0.044286    0.183926    0.230756    1.549306 v _0791_/Y (sky130_fd_sc_hd__inv_2)
                                                         _0064_ (net)
                      0.184007    0.001328    1.550634 v _1421_/A (sky130_fd_sc_hd__nor2_2)
     1    0.003408    0.075719    0.147412    1.698045 ^ _1421_/Y (sky130_fd_sc_hd__nor2_2)
                                                         _0006_ (net)
                      0.075719    0.000116    1.698162 ^ _1578_/D (sky130_fd_sc_hd__dfxtp_2)
                                              1.698162   data arrival time

                                 20.000000   20.000000   clock clk (rise edge)
                                  0.000000   20.000000   clock source latency
     1    0.020019    0.095798    0.065992   20.065992 ^ clk (in)
                                                         clk (net)
                      0.095807    0.000000   20.065992 ^ clkbuf_0_clk/A (sky130_fd_sc_hd__clkbuf_16)
     8    0.083957    0.100894    0.191799   20.257792 ^ clkbuf_0_clk/X (sky130_fd_sc_hd__clkbuf_16)
                                                         clknet_0_clk (net)
                      0.100946    0.002167   20.259958 ^ clkbuf_3_4__f_clk/A (sky130_fd_sc_hd__clkbuf_16)
     8    0.032154    0.052863    0.156286   20.416243 ^ clkbuf_3_4__f_clk/X (sky130_fd_sc_hd__clkbuf_16)
                                                         clknet_3_4__leaf_clk (net)
                      0.052885    0.001471   20.417715 ^ _1578_/CLK (sky130_fd_sc_hd__dfxtp_2)
                                 -0.250000   20.167715   clock uncertainty
                                  0.000000   20.167715   clock reconvergence pessimism
                                 -0.064924   20.102791   library setup time
                                             20.102791   data required time
---------------------------------------------------------------------------------------------
                                             20.102791   data required time
                                             -1.698162   data arrival time
---------------------------------------------------------------------------------------------
                                             18.404629   slack (MET)


Startpoint: _1635_ (rising edge-triggered flip-flop clocked by clk)
Endpoint: _1581_ (rising edge-triggered flip-flop clocked by clk)
Path Group: clk
Path Type: max

Fanout         Cap        Slew       Delay        Time   Description
---------------------------------------------------------------------------------------------
                                  0.000000    0.000000   clock clk (rise edge)
                                  0.000000    0.000000   clock source latency
     1    0.020019    0.095798    0.065992    0.065992 ^ clk (in)
                                                         clk (net)
                      0.095807    0.000000    0.065992 ^ clkbuf_0_clk/A (sky130_fd_sc_hd__clkbuf_16)
     8    0.083957    0.100894    0.191798    0.257790 ^ clkbuf_0_clk/X (sky130_fd_sc_hd__clkbuf_16)
                                                         clknet_0_clk (net)
                      0.101100    0.003229    0.261019 ^ clkbuf_3_6__f_clk/A (sky130_fd_sc_hd__clkbuf_16)
     8    0.024440    0.045835    0.149878    0.410897 ^ clkbuf_3_6__f_clk/X (sky130_fd_sc_hd__clkbuf_16)
                                                         clknet_3_6__leaf_clk (net)
                      0.045864    0.001011    0.411908 ^ _1635_/CLK (sky130_fd_sc_hd__dfxtp_2)
     1    0.004091    0.035060    0.309924    0.721832 ^ _1635_/Q (sky130_fd_sc_hd__dfxtp_2)
                                                         u_rst_sync.rst_ff2 (net)
                      0.035060    0.000140    0.721972 ^ fanout42/A (sky130_fd_sc_hd__clkdlybuf4s25_1)
    10    0.054459    0.543722    0.590185    1.312157 ^ fanout42/X (sky130_fd_sc_hd__clkdlybuf4s25_1)
                                                         net42 (net)
                      0.543829    0.006393    1.318550 ^ _0791_/A (sky130_fd_sc_hd__inv_2)
     9    0.044286    0.183926    0.230756    1.549306 v _0791_/Y (sky130_fd_sc_hd__inv_2)
                                                         _0064_ (net)
                      0.184008    0.001372    1.550678 v _1430_/A (sky130_fd_sc_hd__nor2_2)
     1    0.002834    0.070603    0.142494    1.693172 ^ _1430_/Y (sky130_fd_sc_hd__nor2_2)
                                                         _0009_ (net)
                      0.070603    0.000086    1.693258 ^ _1581_/D (sky130_fd_sc_hd__dfxtp_2)
                                              1.693258   data arrival time

                                 20.000000   20.000000   clock clk (rise edge)
                                  0.000000   20.000000   clock source latency
     1    0.020019    0.095798    0.065992   20.065992 ^ clk (in)
                                                         clk (net)
                      0.095807    0.000000   20.065992 ^ clkbuf_0_clk/A (sky130_fd_sc_hd__clkbuf_16)
     8    0.083957    0.100894    0.191799   20.257792 ^ clkbuf_0_clk/X (sky130_fd_sc_hd__clkbuf_16)
                                                         clknet_0_clk (net)
                      0.100946    0.002167   20.259958 ^ clkbuf_3_4__f_clk/A (sky130_fd_sc_hd__clkbuf_16)
     8    0.032154    0.052863    0.156286   20.416243 ^ clkbuf_3_4__f_clk/X (sky130_fd_sc_hd__clkbuf_16)
                                                         clknet_3_4__leaf_clk (net)
                      0.052882    0.001421   20.417665 ^ _1581_/CLK (sky130_fd_sc_hd__dfxtp_2)
                                 -0.250000   20.167665   clock uncertainty
                                  0.000000   20.167665   clock reconvergence pessimism
                                 -0.063721   20.103945   library setup time
                                             20.103945   data required time
---------------------------------------------------------------------------------------------
                                             20.103945   data required time
                                             -1.693258   data arrival time
---------------------------------------------------------------------------------------------
                                             18.410685   slack (MET)


Startpoint: _1635_ (rising edge-triggered flip-flop clocked by clk)
Endpoint: _1583_ (rising edge-triggered flip-flop clocked by clk)
Path Group: clk
Path Type: max

Fanout         Cap        Slew       Delay        Time   Description
---------------------------------------------------------------------------------------------
                                  0.000000    0.000000   clock clk (rise edge)
                                  0.000000    0.000000   clock source latency
     1    0.020019    0.095798    0.065992    0.065992 ^ clk (in)
                                                         clk (net)
                      0.095807    0.000000    0.065992 ^ clkbuf_0_clk/A (sky130_fd_sc_hd__clkbuf_16)
     8    0.083957    0.100894    0.191798    0.257790 ^ clkbuf_0_clk/X (sky130_fd_sc_hd__clkbuf_16)
                                                         clknet_0_clk (net)
                      0.101100    0.003229    0.261019 ^ clkbuf_3_6__f_clk/A (sky130_fd_sc_hd__clkbuf_16)
     8    0.024440    0.045835    0.149878    0.410897 ^ clkbuf_3_6__f_clk/X (sky130_fd_sc_hd__clkbuf_16)
                                                         clknet_3_6__leaf_clk (net)
                      0.045864    0.001011    0.411908 ^ _1635_/CLK (sky130_fd_sc_hd__dfxtp_2)
     1    0.004091    0.035060    0.309924    0.721832 ^ _1635_/Q (sky130_fd_sc_hd__dfxtp_2)
                                                         u_rst_sync.rst_ff2 (net)
                      0.035060    0.000140    0.721972 ^ fanout42/A (sky130_fd_sc_hd__clkdlybuf4s25_1)
    10    0.054459    0.543722    0.590185    1.312157 ^ fanout42/X (sky130_fd_sc_hd__clkdlybuf4s25_1)
                                                         net42 (net)
                      0.543829    0.006393    1.318550 ^ _0791_/A (sky130_fd_sc_hd__inv_2)
     9    0.044286    0.183926    0.230756    1.549306 v _0791_/Y (sky130_fd_sc_hd__inv_2)
                                                         _0064_ (net)
                      0.184008    0.001377    1.550683 v _1436_/A (sky130_fd_sc_hd__nor2_2)
     1    0.002622    0.068715    0.140648    1.691330 ^ _1436_/Y (sky130_fd_sc_hd__nor2_2)
                                                         _0011_ (net)
                      0.068715    0.000079    1.691409 ^ _1583_/D (sky130_fd_sc_hd__dfxtp_2)
                                              1.691409   data arrival time

                                 20.000000   20.000000   clock clk (rise edge)
                                  0.000000   20.000000   clock source latency
     1    0.020019    0.095798    0.065992   20.065992 ^ clk (in)
                                                         clk (net)
                      0.095807    0.000000   20.065992 ^ clkbuf_0_clk/A (sky130_fd_sc_hd__clkbuf_16)
     8    0.083957    0.100894    0.191799   20.257792 ^ clkbuf_0_clk/X (sky130_fd_sc_hd__clkbuf_16)
                                                         clknet_0_clk (net)
                      0.101070    0.002924   20.260715 ^ clkbuf_3_5__f_clk/A (sky130_fd_sc_hd__clkbuf_16)
     8    0.029544    0.050696    0.154632   20.415346 ^ clkbuf_3_5__f_clk/X (sky130_fd_sc_hd__clkbuf_16)
                                                         clknet_3_5__leaf_clk (net)
                      0.050698    0.000625   20.415972 ^ _1583_/CLK (sky130_fd_sc_hd__dfxtp_2)
                                 -0.250000   20.165972   clock uncertainty
                                  0.000000   20.165972   clock reconvergence pessimism
                                 -0.063603   20.102369   library setup time
                                             20.102369   data required time
---------------------------------------------------------------------------------------------
                                             20.102369   data required time
                                             -1.691409   data arrival time
---------------------------------------------------------------------------------------------
                                             18.410961   slack (MET)


Startpoint: _1635_ (rising edge-triggered flip-flop clocked by clk)
Endpoint: _1580_ (rising edge-triggered flip-flop clocked by clk)
Path Group: clk
Path Type: max

Fanout         Cap        Slew       Delay        Time   Description
---------------------------------------------------------------------------------------------
                                  0.000000    0.000000   clock clk (rise edge)
                                  0.000000    0.000000   clock source latency
     1    0.020019    0.095798    0.065992    0.065992 ^ clk (in)
                                                         clk (net)
                      0.095807    0.000000    0.065992 ^ clkbuf_0_clk/A (sky130_fd_sc_hd__clkbuf_16)
     8    0.083957    0.100894    0.191798    0.257790 ^ clkbuf_0_clk/X (sky130_fd_sc_hd__clkbuf_16)
                                                         clknet_0_clk (net)
                      0.101100    0.003229    0.261019 ^ clkbuf_3_6__f_clk/A (sky130_fd_sc_hd__clkbuf_16)
     8    0.024440    0.045835    0.149878    0.410897 ^ clkbuf_3_6__f_clk/X (sky130_fd_sc_hd__clkbuf_16)
                                                         clknet_3_6__leaf_clk (net)
                      0.045864    0.001011    0.411908 ^ _1635_/CLK (sky130_fd_sc_hd__dfxtp_2)
     1    0.004091    0.035060    0.309924    0.721832 ^ _1635_/Q (sky130_fd_sc_hd__dfxtp_2)
                                                         u_rst_sync.rst_ff2 (net)
                      0.035060    0.000140    0.721972 ^ fanout42/A (sky130_fd_sc_hd__clkdlybuf4s25_1)
    10    0.054459    0.543722    0.590185    1.312157 ^ fanout42/X (sky130_fd_sc_hd__clkdlybuf4s25_1)
                                                         net42 (net)
                      0.543829    0.006393    1.318550 ^ _0791_/A (sky130_fd_sc_hd__inv_2)
     9    0.044286    0.183926    0.230756    1.549306 v _0791_/Y (sky130_fd_sc_hd__inv_2)
                                                         _0064_ (net)
                      0.183928    0.001013    1.550318 v _1427_/A (sky130_fd_sc_hd__nor2_2)
     1    0.002784    0.070147    0.142033    1.692351 ^ _1427_/Y (sky130_fd_sc_hd__nor2_2)
                                                         _0008_ (net)
                      0.070147    0.000083    1.692434 ^ _1580_/D (sky130_fd_sc_hd__dfxtp_2)
                                              1.692434   data arrival time

                                 20.000000   20.000000   clock clk (rise edge)
                                  0.000000   20.000000   clock source latency
     1    0.020019    0.095798    0.065992   20.065992 ^ clk (in)
                                                         clk (net)
                      0.095807    0.000000   20.065992 ^ clkbuf_0_clk/A (sky130_fd_sc_hd__clkbuf_16)
     8    0.083957    0.100894    0.191799   20.257792 ^ clkbuf_0_clk/X (sky130_fd_sc_hd__clkbuf_16)
                                                         clknet_0_clk (net)
                      0.101071    0.002935   20.260725 ^ clkbuf_3_3__f_clk/A (sky130_fd_sc_hd__clkbuf_16)
     8    0.031114    0.051988    0.155614   20.416340 ^ clkbuf_3_3__f_clk/X (sky130_fd_sc_hd__clkbuf_16)
                                                         clknet_3_3__leaf_clk (net)
                      0.051995    0.001066   20.417406 ^ _1580_/CLK (sky130_fd_sc_hd__dfxtp_2)
                                 -0.250000   20.167406   clock uncertainty
                                  0.000000   20.167406   clock reconvergence pessimism
                                 -0.063746   20.103661   library setup time
                                             20.103661   data required time
---------------------------------------------------------------------------------------------
                                             20.103661   data required time
                                             -1.692434   data arrival time
---------------------------------------------------------------------------------------------
                                             18.411224   slack (MET)


Startpoint: _1635_ (rising edge-triggered flip-flop clocked by clk)
Endpoint: _1582_ (rising edge-triggered flip-flop clocked by clk)
Path Group: clk
Path Type: max

Fanout         Cap        Slew       Delay        Time   Description
---------------------------------------------------------------------------------------------
                                  0.000000    0.000000   clock clk (rise edge)
                                  0.000000    0.000000   clock source latency
     1    0.020019    0.095798    0.065992    0.065992 ^ clk (in)
                                                         clk (net)
                      0.095807    0.000000    0.065992 ^ clkbuf_0_clk/A (sky130_fd_sc_hd__clkbuf_16)
     8    0.083957    0.100894    0.191798    0.257790 ^ clkbuf_0_clk/X (sky130_fd_sc_hd__clkbuf_16)
                                                         clknet_0_clk (net)
                      0.101100    0.003229    0.261019 ^ clkbuf_3_6__f_clk/A (sky130_fd_sc_hd__clkbuf_16)
     8    0.024440    0.045835    0.149878    0.410897 ^ clkbuf_3_6__f_clk/X (sky130_fd_sc_hd__clkbuf_16)
                                                         clknet_3_6__leaf_clk (net)
                      0.045864    0.001011    0.411908 ^ _1635_/CLK (sky130_fd_sc_hd__dfxtp_2)
     1    0.004091    0.035060    0.309924    0.721832 ^ _1635_/Q (sky130_fd_sc_hd__dfxtp_2)
                                                         u_rst_sync.rst_ff2 (net)
                      0.035060    0.000140    0.721972 ^ fanout42/A (sky130_fd_sc_hd__clkdlybuf4s25_1)
    10    0.054459    0.543722    0.590185    1.312157 ^ fanout42/X (sky130_fd_sc_hd__clkdlybuf4s25_1)
                                                         net42 (net)
                      0.543829    0.006393    1.318550 ^ _0791_/A (sky130_fd_sc_hd__inv_2)
     9    0.044286    0.183926    0.230756    1.549306 v _0791_/Y (sky130_fd_sc_hd__inv_2)
                                                         _0064_ (net)
                      0.184005    0.001249    1.550555 v _1433_/A (sky130_fd_sc_hd__nor2_2)
     1    0.002409    0.066817    0.138787    1.689342 ^ _1433_/Y (sky130_fd_sc_hd__nor2_2)
                                                         _0010_ (net)
                      0.066817    0.000072    1.689413 ^ _1582_/D (sky130_fd_sc_hd__dfxtp_2)
                                              1.689413   data arrival time

                                 20.000000   20.000000   clock clk (rise edge)
                                  0.000000   20.000000   clock source latency
     1    0.020019    0.095798    0.065992   20.065992 ^ clk (in)
                                                         clk (net)
                      0.095807    0.000000   20.065992 ^ clkbuf_0_clk/A (sky130_fd_sc_hd__clkbuf_16)
     8    0.083957    0.100894    0.191799   20.257792 ^ clkbuf_0_clk/X (sky130_fd_sc_hd__clkbuf_16)
                                                         clknet_0_clk (net)
                      0.101071    0.002935   20.260725 ^ clkbuf_3_3__f_clk/A (sky130_fd_sc_hd__clkbuf_16)
     8    0.031114    0.051988    0.155614   20.416340 ^ clkbuf_3_3__f_clk/X (sky130_fd_sc_hd__clkbuf_16)
                                                         clknet_3_3__leaf_clk (net)
                      0.051995    0.001101   20.417440 ^ _1582_/CLK (sky130_fd_sc_hd__dfxtp_2)
                                 -0.250000   20.167442   clock uncertainty
                                  0.000000   20.167442   clock reconvergence pessimism
                                 -0.062962   20.104479   library setup time
                                             20.104479   data required time
---------------------------------------------------------------------------------------------
                                             20.104479   data required time
                                             -1.689413   data arrival time
---------------------------------------------------------------------------------------------
                                             18.415066   slack (MET)


Startpoint: _1635_ (rising edge-triggered flip-flop clocked by clk)
Endpoint: _1626_ (rising edge-triggered flip-flop clocked by clk)
Path Group: clk
Path Type: max

Fanout         Cap        Slew       Delay        Time   Description
---------------------------------------------------------------------------------------------
                                  0.000000    0.000000   clock clk (rise edge)
                                  0.000000    0.000000   clock source latency
     1    0.020019    0.095798    0.065992    0.065992 ^ clk (in)
                                                         clk (net)
                      0.095807    0.000000    0.065992 ^ clkbuf_0_clk/A (sky130_fd_sc_hd__clkbuf_16)
     8    0.083957    0.100894    0.191798    0.257790 ^ clkbuf_0_clk/X (sky130_fd_sc_hd__clkbuf_16)
                                                         clknet_0_clk (net)
                      0.101100    0.003229    0.261019 ^ clkbuf_3_6__f_clk/A (sky130_fd_sc_hd__clkbuf_16)
     8    0.024440    0.045835    0.149878    0.410897 ^ clkbuf_3_6__f_clk/X (sky130_fd_sc_hd__clkbuf_16)
                                                         clknet_3_6__leaf_clk (net)
                      0.045864    0.001011    0.411908 ^ _1635_/CLK (sky130_fd_sc_hd__dfxtp_2)
     1    0.003866    0.025079    0.305926    0.717834 v _1635_/Q (sky130_fd_sc_hd__dfxtp_2)
                                                         u_rst_sync.rst_ff2 (net)
                      0.025079    0.000131    0.717965 v fanout42/A (sky130_fd_sc_hd__clkdlybuf4s25_1)
    10    0.053050    0.390473    0.500955    1.218920 v fanout42/X (sky130_fd_sc_hd__clkdlybuf4s25_1)
                                                         net42 (net)
                      0.390611    0.006847    1.225767 v _1564_/B (sky130_fd_sc_hd__and2_2)
     1    0.002520    0.038721    0.339280    1.565047 v _1564_/X (sky130_fd_sc_hd__and2_2)
                                                         _0054_ (net)
                      0.038721    0.000077    1.565124 v _1626_/D (sky130_fd_sc_hd__dfxtp_2)
                                              1.565124   data arrival time

                                 20.000000   20.000000   clock clk (rise edge)
                                  0.000000   20.000000   clock source latency
     1    0.020019    0.095798    0.065992   20.065992 ^ clk (in)
                                                         clk (net)
                      0.095807    0.000000   20.065992 ^ clkbuf_0_clk/A (sky130_fd_sc_hd__clkbuf_16)
     8    0.083957    0.100894    0.191799   20.257792 ^ clkbuf_0_clk/X (sky130_fd_sc_hd__clkbuf_16)
                                                         clknet_0_clk (net)
                      0.101064    0.002848   20.260637 ^ clkbuf_3_2__f_clk/A (sky130_fd_sc_hd__clkbuf_16)
     8    0.024839    0.046192    0.150274   20.410913 ^ clkbuf_3_2__f_clk/X (sky130_fd_sc_hd__clkbuf_16)
                                                         clknet_3_2__leaf_clk (net)
                      0.046232    0.001194   20.412106 ^ _1626_/CLK (sky130_fd_sc_hd__dfxtp_2)
                                 -0.250000   20.162107   clock uncertainty
                                  0.000000   20.162107   clock reconvergence pessimism
                                 -0.109856   20.052250   library setup time
                                             20.052250   data required time
---------------------------------------------------------------------------------------------
                                             20.052250   data required time
                                             -1.565124   data arrival time
---------------------------------------------------------------------------------------------
                                             18.487127   slack (MET)


Startpoint: _1635_ (rising edge-triggered flip-flop clocked by clk)
Endpoint: _1628_ (rising edge-triggered flip-flop clocked by clk)
Path Group: clk
Path Type: max

Fanout         Cap        Slew       Delay        Time   Description
---------------------------------------------------------------------------------------------
                                  0.000000    0.000000   clock clk (rise edge)
                                  0.000000    0.000000   clock source latency
     1    0.020019    0.095798    0.065992    0.065992 ^ clk (in)
                                                         clk (net)
                      0.095807    0.000000    0.065992 ^ clkbuf_0_clk/A (sky130_fd_sc_hd__clkbuf_16)
     8    0.083957    0.100894    0.191798    0.257790 ^ clkbuf_0_clk/X (sky130_fd_sc_hd__clkbuf_16)
                                                         clknet_0_clk (net)
                      0.101100    0.003229    0.261019 ^ clkbuf_3_6__f_clk/A (sky130_fd_sc_hd__clkbuf_16)
     8    0.024440    0.045835    0.149878    0.410897 ^ clkbuf_3_6__f_clk/X (sky130_fd_sc_hd__clkbuf_16)
                                                         clknet_3_6__leaf_clk (net)
                      0.045864    0.001011    0.411908 ^ _1635_/CLK (sky130_fd_sc_hd__dfxtp_2)
     1    0.003866    0.025079    0.305926    0.717834 v _1635_/Q (sky130_fd_sc_hd__dfxtp_2)
                                                         u_rst_sync.rst_ff2 (net)
                      0.025079    0.000131    0.717965 v fanout42/A (sky130_fd_sc_hd__clkdlybuf4s25_1)
    10    0.053050    0.390473    0.500955    1.218920 v fanout42/X (sky130_fd_sc_hd__clkdlybuf4s25_1)
                                                         net42 (net)
                      0.390615    0.006936    1.225856 v _1565_/A (sky130_fd_sc_hd__and2_2)
     1    0.002568    0.038016    0.311828    1.537684 v _1565_/X (sky130_fd_sc_hd__and2_2)
                                                         _0055_ (net)
                      0.038016    0.000074    1.537758 v _1628_/D (sky130_fd_sc_hd__dfxtp_2)
                                              1.537758   data arrival time

                                 20.000000   20.000000   clock clk (rise edge)
                                  0.000000   20.000000   clock source latency
     1    0.020019    0.095798    0.065992   20.065992 ^ clk (in)
                                                         clk (net)
                      0.095807    0.000000   20.065992 ^ clkbuf_0_clk/A (sky130_fd_sc_hd__clkbuf_16)
     8    0.083957    0.100894    0.191799   20.257792 ^ clkbuf_0_clk/X (sky130_fd_sc_hd__clkbuf_16)
                                                         clknet_0_clk (net)
                      0.101064    0.002848   20.260637 ^ clkbuf_3_2__f_clk/A (sky130_fd_sc_hd__clkbuf_16)
     8    0.024839    0.046192    0.150274   20.410913 ^ clkbuf_3_2__f_clk/X (sky130_fd_sc_hd__clkbuf_16)
                                                         clknet_3_2__leaf_clk (net)
                      0.046235    0.001229   20.412142 ^ _1628_/CLK (sky130_fd_sc_hd__dfxtp_2)
                                 -0.250000   20.162142   clock uncertainty
                                  0.000000   20.162142   clock reconvergence pessimism
                                 -0.109548   20.052595   library setup time
                                             20.052595   data required time
---------------------------------------------------------------------------------------------
                                             20.052595   data required time
                                             -1.537758   data arrival time
---------------------------------------------------------------------------------------------
                                             18.514837   slack (MET)


Startpoint: _1635_ (rising edge-triggered flip-flop clocked by clk)
Endpoint: _1625_ (rising edge-triggered flip-flop clocked by clk)
Path Group: clk
Path Type: max

Fanout         Cap        Slew       Delay        Time   Description
---------------------------------------------------------------------------------------------
                                  0.000000    0.000000   clock clk (rise edge)
                                  0.000000    0.000000   clock source latency
     1    0.020019    0.095798    0.065992    0.065992 ^ clk (in)
                                                         clk (net)
                      0.095807    0.000000    0.065992 ^ clkbuf_0_clk/A (sky130_fd_sc_hd__clkbuf_16)
     8    0.083957    0.100894    0.191798    0.257790 ^ clkbuf_0_clk/X (sky130_fd_sc_hd__clkbuf_16)
                                                         clknet_0_clk (net)
                      0.101100    0.003229    0.261019 ^ clkbuf_3_6__f_clk/A (sky130_fd_sc_hd__clkbuf_16)
     8    0.024440    0.045835    0.149878    0.410897 ^ clkbuf_3_6__f_clk/X (sky130_fd_sc_hd__clkbuf_16)
                                                         clknet_3_6__leaf_clk (net)
                      0.045864    0.001011    0.411908 ^ _1635_/CLK (sky130_fd_sc_hd__dfxtp_2)
     1    0.003866    0.025079    0.305926    0.717834 v _1635_/Q (sky130_fd_sc_hd__dfxtp_2)
                                                         u_rst_sync.rst_ff2 (net)
                      0.025079    0.000131    0.717965 v fanout42/A (sky130_fd_sc_hd__clkdlybuf4s25_1)
    10    0.053050    0.390473    0.500955    1.218920 v fanout42/X (sky130_fd_sc_hd__clkdlybuf4s25_1)
                                                         net42 (net)
                      0.390620    0.007043    1.225963 v _1563_/A (sky130_fd_sc_hd__and2_2)
     1    0.003033    0.039232    0.313986    1.539949 v _1563_/X (sky130_fd_sc_hd__and2_2)
                                                         _0053_ (net)
                      0.039232    0.000099    1.540048 v _1625_/D (sky130_fd_sc_hd__dfxtp_2)
                                              1.540048   data arrival time

                                 20.000000   20.000000   clock clk (rise edge)
                                  0.000000   20.000000   clock source latency
     1    0.020019    0.095798    0.065992   20.065992 ^ clk (in)
                                                         clk (net)
                      0.095807    0.000000   20.065992 ^ clkbuf_0_clk/A (sky130_fd_sc_hd__clkbuf_16)
     8    0.083957    0.100894    0.191799   20.257792 ^ clkbuf_0_clk/X (sky130_fd_sc_hd__clkbuf_16)
                                                         clknet_0_clk (net)
                      0.101071    0.002935   20.260725 ^ clkbuf_3_3__f_clk/A (sky130_fd_sc_hd__clkbuf_16)
     8    0.031114    0.051988    0.155614   20.416340 ^ clkbuf_3_3__f_clk/X (sky130_fd_sc_hd__clkbuf_16)
                                                         clknet_3_3__leaf_clk (net)
                      0.051997    0.001194   20.417534 ^ _1625_/CLK (sky130_fd_sc_hd__dfxtp_2)
                                 -0.250000   20.167534   clock uncertainty
                                  0.000000   20.167534   clock reconvergence pessimism
                                 -0.108733   20.058802   library setup time
                                             20.058802   data required time
---------------------------------------------------------------------------------------------
                                             20.058802   data required time
                                             -1.540048   data arrival time
---------------------------------------------------------------------------------------------
                                             18.518753   slack (MET)


Startpoint: _1635_ (rising edge-triggered flip-flop clocked by clk)
Endpoint: _1627_ (rising edge-triggered flip-flop clocked by clk)
Path Group: clk
Path Type: max

Fanout         Cap        Slew       Delay        Time   Description
---------------------------------------------------------------------------------------------
                                  0.000000    0.000000   clock clk (rise edge)
                                  0.000000    0.000000   clock source latency
     1    0.020019    0.095798    0.065992    0.065992 ^ clk (in)
                                                         clk (net)
                      0.095807    0.000000    0.065992 ^ clkbuf_0_clk/A (sky130_fd_sc_hd__clkbuf_16)
     8    0.083957    0.100894    0.191798    0.257790 ^ clkbuf_0_clk/X (sky130_fd_sc_hd__clkbuf_16)
                                                         clknet_0_clk (net)
                      0.101100    0.003229    0.261019 ^ clkbuf_3_6__f_clk/A (sky130_fd_sc_hd__clkbuf_16)
     8    0.024440    0.045835    0.149878    0.410897 ^ clkbuf_3_6__f_clk/X (sky130_fd_sc_hd__clkbuf_16)
                                                         clknet_3_6__leaf_clk (net)
                      0.045864    0.001011    0.411908 ^ _1635_/CLK (sky130_fd_sc_hd__dfxtp_2)
     1    0.003866    0.025079    0.305926    0.717834 v _1635_/Q (sky130_fd_sc_hd__dfxtp_2)
                                                         u_rst_sync.rst_ff2 (net)
                      0.025079    0.000131    0.717965 v fanout42/A (sky130_fd_sc_hd__clkdlybuf4s25_1)
    10    0.053050    0.390473    0.500955    1.218920 v fanout42/X (sky130_fd_sc_hd__clkdlybuf4s25_1)
                                                         net42 (net)
                      0.390619    0.007011    1.225930 v _1627_/D (sky130_fd_sc_hd__dfxtp_2)
                                              1.225930   data arrival time

                                 20.000000   20.000000   clock clk (rise edge)
                                  0.000000   20.000000   clock source latency
     1    0.020019    0.095798    0.065992   20.065992 ^ clk (in)
                                                         clk (net)
                      0.095807    0.000000   20.065992 ^ clkbuf_0_clk/A (sky130_fd_sc_hd__clkbuf_16)
     8    0.083957    0.100894    0.191799   20.257792 ^ clkbuf_0_clk/X (sky130_fd_sc_hd__clkbuf_16)
                                                         clknet_0_clk (net)
                      0.101064    0.002848   20.260637 ^ clkbuf_3_2__f_clk/A (sky130_fd_sc_hd__clkbuf_16)
     8    0.024839    0.046192    0.150274   20.410913 ^ clkbuf_3_2__f_clk/X (sky130_fd_sc_hd__clkbuf_16)
                                                         clknet_3_2__leaf_clk (net)
                      0.046238    0.001259   20.412172 ^ _1627_/CLK (sky130_fd_sc_hd__dfxtp_2)
                                 -0.250000   20.162172   clock uncertainty
                                  0.000000   20.162172   clock reconvergence pessimism
                                 -0.263443   19.898731   library setup time
                                             19.898731   data required time
---------------------------------------------------------------------------------------------
                                             19.898731   data required time
                                             -1.225930   data arrival time
---------------------------------------------------------------------------------------------
                                             18.672800   slack (MET)


Startpoint: _1636_ (rising edge-triggered flip-flop clocked by clk)
Endpoint: _1635_ (rising edge-triggered flip-flop clocked by clk)
Path Group: clk
Path Type: max

Fanout         Cap        Slew       Delay        Time   Description
---------------------------------------------------------------------------------------------
                                  0.000000    0.000000   clock clk (rise edge)
                                  0.000000    0.000000   clock source latency
     1    0.020019    0.095798    0.065992    0.065992 ^ clk (in)
                                                         clk (net)
                      0.095807    0.000000    0.065992 ^ clkbuf_0_clk/A (sky130_fd_sc_hd__clkbuf_16)
     8    0.083957    0.100894    0.191798    0.257790 ^ clkbuf_0_clk/X (sky130_fd_sc_hd__clkbuf_16)
                                                         clknet_0_clk (net)
                      0.101101    0.003241    0.261031 ^ clkbuf_3_7__f_clk/A (sky130_fd_sc_hd__clkbuf_16)
     8    0.027547    0.048863    0.152702    0.413733 ^ clkbuf_3_7__f_clk/X (sky130_fd_sc_hd__clkbuf_16)
                                                         clknet_3_7__leaf_clk (net)
                      0.048888    0.001596    0.415328 ^ _1636_/CLK (sky130_fd_sc_hd__dfxtp_2)
     1    0.001786    0.020546    0.299514    0.714842 v _1636_/Q (sky130_fd_sc_hd__dfxtp_2)
                                                         u_rst_sync.rst_ff1 (net)
                      0.020546    0.000049    0.714892 v hold82/A (sky130_fd_sc_hd__dlygate4sd3_1)
     1    0.002530    0.051576    0.536298    1.251190 v hold82/X (sky130_fd_sc_hd__dlygate4sd3_1)
                                                         net82 (net)
                      0.051576    0.000073    1.251263 v _1635_/D (sky130_fd_sc_hd__dfxtp_2)
                                              1.251263   data arrival time

                                 20.000000   20.000000   clock clk (rise edge)
                                  0.000000   20.000000   clock source latency
     1    0.020019    0.095798    0.065992   20.065992 ^ clk (in)
                                                         clk (net)
                      0.095807    0.000000   20.065992 ^ clkbuf_0_clk/A (sky130_fd_sc_hd__clkbuf_16)
     8    0.083957    0.100894    0.191799   20.257792 ^ clkbuf_0_clk/X (sky130_fd_sc_hd__clkbuf_16)
                                                         clknet_0_clk (net)
                      0.101100    0.003229   20.261021 ^ clkbuf_3_6__f_clk/A (sky130_fd_sc_hd__clkbuf_16)
     8    0.024440    0.045835    0.149877   20.410896 ^ clkbuf_3_6__f_clk/X (sky130_fd_sc_hd__clkbuf_16)
                                                         clknet_3_6__leaf_clk (net)
                      0.045864    0.001013   20.411909 ^ _1635_/CLK (sky130_fd_sc_hd__dfxtp_2)
                                 -0.250000   20.161909   clock uncertainty
                                  0.000000   20.161909   clock reconvergence pessimism
                                 -0.115553   20.046356   library setup time
                                             20.046356   data required time
---------------------------------------------------------------------------------------------
                                             20.046356   data required time
                                             -1.251263   data arrival time
---------------------------------------------------------------------------------------------
                                             18.795092   slack (MET)



