
===========================================================================
report_checks -path_delay min (Hold)
============================================================================
======================= nom_tt_025C_1v80 Corner ===================================

Startpoint: _1601_ (rising edge-triggered flip-flop clocked by clk)
Endpoint: _1601_ (rising edge-triggered flip-flop clocked by clk)
Path Group: clk
Path Type: min

Fanout         Cap        Slew       Delay        Time   Description
---------------------------------------------------------------------------------------------
                                  0.000000    0.000000   clock clk (rise edge)
                                  0.000000    0.000000   clock source latency
     1    0.020019    0.095798    0.065992    0.065992 ^ clk (in)
                                                         clk (net)
                      0.095807    0.000000    0.065992 ^ clkbuf_0_clk/A (sky130_fd_sc_hd__clkbuf_16)
     8    0.083957    0.100894    0.191798    0.257790 ^ clkbuf_0_clk/X (sky130_fd_sc_hd__clkbuf_16)
                                                         clknet_0_clk (net)
                      0.101071    0.002927    0.260717 ^ clkbuf_3_0__f_clk/A (sky130_fd_sc_hd__clkbuf_16)
     8    0.024064    0.045479    0.149651    0.410369 ^ clkbuf_3_0__f_clk/X (sky130_fd_sc_hd__clkbuf_16)
                                                         clknet_3_0__leaf_clk (net)
                      0.045482    0.000428    0.410796 ^ _1601_/CLK (sky130_fd_sc_hd__dfxtp_2)
     4    0.022062    0.118245    0.374142    0.784938 ^ _1601_/Q (sky130_fd_sc_hd__dfxtp_2)
                                                         u_dp.acc_q[1] (net)
                      0.118245    0.000296    0.785234 ^ _1480_/A1 (sky130_fd_sc_hd__o211a_2)
     1    0.002930    0.041797    0.183733    0.968966 ^ _1480_/X (sky130_fd_sc_hd__o211a_2)
                                                         _0029_ (net)
                      0.041797    0.000066    0.969032 ^ _1601_/D (sky130_fd_sc_hd__dfxtp_2)
                                              0.969032   data arrival time

                                  0.000000    0.000000   clock clk (rise edge)
                                  0.000000    0.000000   clock source latency
     1    0.020019    0.095798    0.065992    0.065992 ^ clk (in)
                                                         clk (net)
                      0.095807    0.000000    0.065992 ^ clkbuf_0_clk/A (sky130_fd_sc_hd__clkbuf_16)
     8    0.083957    0.100894    0.191798    0.257790 ^ clkbuf_0_clk/X (sky130_fd_sc_hd__clkbuf_16)
                                                         clknet_0_clk (net)
                      0.101071    0.002927    0.260717 ^ clkbuf_3_0__f_clk/A (sky130_fd_sc_hd__clkbuf_16)
     8    0.024064    0.045479    0.149651    0.410369 ^ clkbuf_3_0__f_clk/X (sky130_fd_sc_hd__clkbuf_16)
                                                         clknet_3_0__leaf_clk (net)
                      0.045482    0.000428    0.410796 ^ _1601_/CLK (sky130_fd_sc_hd__dfxtp_2)
                                  0.250000    0.660796   clock uncertainty
                                  0.000000    0.660796   clock reconvergence pessimism
                                 -0.030463    0.630334   library hold time
                                              0.630334   data required time
---------------------------------------------------------------------------------------------
                                              0.630334   data required time
                                             -0.969032   data arrival time
---------------------------------------------------------------------------------------------
                                              0.338698   slack (MET)


Startpoint: _1609_ (rising edge-triggered flip-flop clocked by clk)
Endpoint: _1609_ (rising edge-triggered flip-flop clocked by clk)
Path Group: clk
Path Type: min

Fanout         Cap        Slew       Delay        Time   Description
---------------------------------------------------------------------------------------------
                                  0.000000    0.000000   clock clk (rise edge)
                                  0.000000    0.000000   clock source latency
     1    0.020019    0.095798    0.065992    0.065992 ^ clk (in)
                                                         clk (net)
                      0.095807    0.000000    0.065992 ^ clkbuf_0_clk/A (sky130_fd_sc_hd__clkbuf_16)
     8    0.083957    0.100894    0.191798    0.257790 ^ clkbuf_0_clk/X (sky130_fd_sc_hd__clkbuf_16)
                                                         clknet_0_clk (net)
                      0.101068    0.002896    0.260686 ^ clkbuf_3_1__f_clk/A (sky130_fd_sc_hd__clkbuf_16)
     8    0.023578    0.045034    0.149294    0.409980 ^ clkbuf_3_1__f_clk/X (sky130_fd_sc_hd__clkbuf_16)
                                                         clknet_3_1__leaf_clk (net)
                      0.045037    0.000417    0.410397 ^ _1609_/CLK (sky130_fd_sc_hd__dfxtp_2)
     4    0.024073    0.127914    0.380943    0.791340 ^ _1609_/Q (sky130_fd_sc_hd__dfxtp_2)
                                                         u_dp.acc_q[9] (net)
                      0.127914    0.000371    0.791712 ^ _1507_/A1 (sky130_fd_sc_hd__o211a_2)
     1    0.002211    0.038208    0.181360    0.973072 ^ _1507_/X (sky130_fd_sc_hd__o211a_2)
                                                         _0037_ (net)
                      0.038208    0.000064    0.973136 ^ _1609_/D (sky130_fd_sc_hd__dfxtp_2)
                                              0.973136   data arrival time

                                  0.000000    0.000000   clock clk (rise edge)
                                  0.000000    0.000000   clock source latency
     1    0.020019    0.095798    0.065992    0.065992 ^ clk (in)
                                                         clk (net)
                      0.095807    0.000000    0.065992 ^ clkbuf_0_clk/A (sky130_fd_sc_hd__clkbuf_16)
     8    0.083957    0.100894    0.191798    0.257790 ^ clkbuf_0_clk/X (sky130_fd_sc_hd__clkbuf_16)
                                                         clknet_0_clk (net)
                      0.101068    0.002896    0.260686 ^ clkbuf_3_1__f_clk/A (sky130_fd_sc_hd__clkbuf_16)
     8    0.023578    0.045034    0.149294    0.409980 ^ clkbuf_3_1__f_clk/X (sky130_fd_sc_hd__clkbuf_16)
                                                         clknet_3_1__leaf_clk (net)
                      0.045037    0.000417    0.410397 ^ _1609_/CLK (sky130_fd_sc_hd__dfxtp_2)
                                  0.250000    0.660397   clock uncertainty
                                  0.000000    0.660397   clock reconvergence pessimism
                                 -0.029778    0.630619   library hold time
                                              0.630619   data required time
---------------------------------------------------------------------------------------------
                                              0.630619   data required time
                                             -0.973136   data arrival time
---------------------------------------------------------------------------------------------
                                              0.342517   slack (MET)


Startpoint: _1606_ (rising edge-triggered flip-flop clocked by clk)
Endpoint: _1606_ (rising edge-triggered flip-flop clocked by clk)
Path Group: clk
Path Type: min

Fanout         Cap        Slew       Delay        Time   Description
---------------------------------------------------------------------------------------------
                                  0.000000    0.000000   clock clk (rise edge)
                                  0.000000    0.000000   clock source latency
     1    0.020019    0.095798    0.065992    0.065992 ^ clk (in)
                                                         clk (net)
                      0.095807    0.000000    0.065992 ^ clkbuf_0_clk/A (sky130_fd_sc_hd__clkbuf_16)
     8    0.083957    0.100894    0.191798    0.257790 ^ clkbuf_0_clk/X (sky130_fd_sc_hd__clkbuf_16)
                                                         clknet_0_clk (net)
                      0.100946    0.002166    0.259957 ^ clkbuf_3_4__f_clk/A (sky130_fd_sc_hd__clkbuf_16)
     8    0.032154    0.052863    0.156287    0.416243 ^ clkbuf_3_4__f_clk/X (sky130_fd_sc_hd__clkbuf_16)
                                                         clknet_3_4__leaf_clk (net)
                      0.052871    0.001139    0.417383 ^ _1606_/CLK (sky130_fd_sc_hd__dfxtp_2)
     4    0.024403    0.129458    0.384812    0.802194 ^ _1606_/Q (sky130_fd_sc_hd__dfxtp_2)
                                                         u_dp.acc_q[6] (net)
                      0.129458    0.000294    0.802489 ^ _1496_/A1 (sky130_fd_sc_hd__o211a_2)
     1    0.002091    0.037612    0.180933    0.983422 ^ _1496_/X (sky130_fd_sc_hd__o211a_2)
                                                         _0034_ (net)
                      0.037612    0.000041    0.983463 ^ _1606_/D (sky130_fd_sc_hd__dfxtp_2)
                                              0.983463   data arrival time

                                  0.000000    0.000000   clock clk (rise edge)
                                  0.000000    0.000000   clock source latency
     1    0.020019    0.095798    0.065992    0.065992 ^ clk (in)
                                                         clk (net)
                      0.095807    0.000000    0.065992 ^ clkbuf_0_clk/A (sky130_fd_sc_hd__clkbuf_16)
     8    0.083957    0.100894    0.191798    0.257790 ^ clkbuf_0_clk/X (sky130_fd_sc_hd__clkbuf_16)
                                                         clknet_0_clk (net)
                      0.100946    0.002166    0.259957 ^ clkbuf_3_4__f_clk/A (sky130_fd_sc_hd__clkbuf_16)
     8    0.032154    0.052863    0.156287    0.416243 ^ clkbuf_3_4__f_clk/X (sky130_fd_sc_hd__clkbuf_16)
                                                         clknet_3_4__leaf_clk (net)
                      0.052871    0.001139    0.417383 ^ _1606_/CLK (sky130_fd_sc_hd__dfxtp_2)
                                  0.250000    0.667382   clock uncertainty
                                  0.000000    0.667382   clock reconvergence pessimism
                                 -0.028625    0.638758   library hold time
                                              0.638758   data required time
---------------------------------------------------------------------------------------------
                                              0.638758   data required time
                                             -0.983463   data arrival time
---------------------------------------------------------------------------------------------
                                              0.344705   slack (MET)


Startpoint: _1603_ (rising edge-triggered flip-flop clocked by clk)
Endpoint: _1603_ (rising edge-triggered flip-flop clocked by clk)
Path Group: clk
Path Type: min

Fanout         Cap        Slew       Delay        Time   Description
---------------------------------------------------------------------------------------------
                                  0.000000    0.000000   clock clk (rise edge)
                                  0.000000    0.000000   clock source latency
     1    0.020019    0.095798    0.065992    0.065992 ^ clk (in)
                                                         clk (net)
                      0.095807    0.000000    0.065992 ^ clkbuf_0_clk/A (sky130_fd_sc_hd__clkbuf_16)
     8    0.083957    0.100894    0.191798    0.257790 ^ clkbuf_0_clk/X (sky130_fd_sc_hd__clkbuf_16)
                                                         clknet_0_clk (net)
                      0.101064    0.002847    0.260637 ^ clkbuf_3_2__f_clk/A (sky130_fd_sc_hd__clkbuf_16)
     8    0.024839    0.046192    0.150275    0.410912 ^ clkbuf_3_2__f_clk/X (sky130_fd_sc_hd__clkbuf_16)
                                                         clknet_3_2__leaf_clk (net)
                      0.046192    0.000314    0.411227 ^ _1603_/CLK (sky130_fd_sc_hd__dfxtp_2)
     5    0.024189    0.128511    0.381556    0.792783 ^ _1603_/Q (sky130_fd_sc_hd__dfxtp_2)
                                                         u_dp.acc_q[3] (net)
                      0.128512    0.000647    0.793430 ^ _1486_/A1 (sky130_fd_sc_hd__o211a_2)
     1    0.002490    0.039623    0.183184    0.976614 ^ _1486_/X (sky130_fd_sc_hd__o211a_2)
                                                         _0031_ (net)
                      0.039623    0.000074    0.976688 ^ _1603_/D (sky130_fd_sc_hd__dfxtp_2)
                                              0.976688   data arrival time

                                  0.000000    0.000000   clock clk (rise edge)
                                  0.000000    0.000000   clock source latency
     1    0.020019    0.095798    0.065992    0.065992 ^ clk (in)
                                                         clk (net)
                      0.095807    0.000000    0.065992 ^ clkbuf_0_clk/A (sky130_fd_sc_hd__clkbuf_16)
     8    0.083957    0.100894    0.191798    0.257790 ^ clkbuf_0_clk/X (sky130_fd_sc_hd__clkbuf_16)
                                                         clknet_0_clk (net)
                      0.101064    0.002847    0.260637 ^ clkbuf_3_2__f_clk/A (sky130_fd_sc_hd__clkbuf_16)
     8    0.024839    0.046192    0.150275    0.410912 ^ clkbuf_3_2__f_clk/X (sky130_fd_sc_hd__clkbuf_16)
                                                         clknet_3_2__leaf_clk (net)
                      0.046192    0.000314    0.411227 ^ _1603_/CLK (sky130_fd_sc_hd__dfxtp_2)
                                  0.250000    0.661227   clock uncertainty
                                  0.000000    0.661227   clock reconvergence pessimism
                                 -0.029919    0.631307   library hold time
                                              0.631307   data required time
---------------------------------------------------------------------------------------------
                                              0.631307   data required time
                                             -0.976688   data arrival time
---------------------------------------------------------------------------------------------
                                              0.345381   slack (MET)


Startpoint: _1602_ (rising edge-triggered flip-flop clocked by clk)
Endpoint: _1602_ (rising edge-triggered flip-flop clocked by clk)
Path Group: clk
Path Type: min

Fanout         Cap        Slew       Delay        Time   Description
---------------------------------------------------------------------------------------------
                                  0.000000    0.000000   clock clk (rise edge)
                                  0.000000    0.000000   clock source latency
     1    0.020019    0.095798    0.065992    0.065992 ^ clk (in)
                                                         clk (net)
                      0.095807    0.000000    0.065992 ^ clkbuf_0_clk/A (sky130_fd_sc_hd__clkbuf_16)
     8    0.083957    0.100894    0.191798    0.257790 ^ clkbuf_0_clk/X (sky130_fd_sc_hd__clkbuf_16)
                                                         clknet_0_clk (net)
                      0.101071    0.002934    0.260724 ^ clkbuf_3_3__f_clk/A (sky130_fd_sc_hd__clkbuf_16)
     8    0.031114    0.051988    0.155614    0.416339 ^ clkbuf_3_3__f_clk/X (sky130_fd_sc_hd__clkbuf_16)
                                                         clknet_3_3__leaf_clk (net)
                      0.051991    0.000714    0.417052 ^ _1602_/CLK (sky130_fd_sc_hd__dfxtp_2)
     5    0.024378    0.129382    0.384261    0.801313 ^ _1602_/Q (sky130_fd_sc_hd__dfxtp_2)
                                                         u_dp.acc_q[2] (net)
                      0.129384    0.000728    0.802041 ^ _1483_/A1 (sky130_fd_sc_hd__o211a_2)
     1    0.002249    0.038413    0.181887    0.983928 ^ _1483_/X (sky130_fd_sc_hd__o211a_2)
                                                         _0030_ (net)
                      0.038413    0.000047    0.983975 ^ _1602_/D (sky130_fd_sc_hd__dfxtp_2)
                                              0.983975   data arrival time

                                  0.000000    0.000000   clock clk (rise edge)
                                  0.000000    0.000000   clock source latency
     1    0.020019    0.095798    0.065992    0.065992 ^ clk (in)
                                                         clk (net)
                      0.095807    0.000000    0.065992 ^ clkbuf_0_clk/A (sky130_fd_sc_hd__clkbuf_16)
     8    0.083957    0.100894    0.191798    0.257790 ^ clkbuf_0_clk/X (sky130_fd_sc_hd__clkbuf_16)
                                                         clknet_0_clk (net)
                      0.101071    0.002934    0.260724 ^ clkbuf_3_3__f_clk/A (sky130_fd_sc_hd__clkbuf_16)
     8    0.031114    0.051988    0.155614    0.416339 ^ clkbuf_3_3__f_clk/X (sky130_fd_sc_hd__clkbuf_16)
                                                         clknet_3_3__leaf_clk (net)
                      0.051991    0.000714    0.417052 ^ _1602_/CLK (sky130_fd_sc_hd__dfxtp_2)
                                  0.250000    0.667052   clock uncertainty
                                  0.000000    0.667052   clock reconvergence pessimism
                                 -0.028906    0.638146   library hold time
                                              0.638146   data required time
---------------------------------------------------------------------------------------------
                                              0.638146   data required time
                                             -0.983975   data arrival time
---------------------------------------------------------------------------------------------
                                              0.345829   slack (MET)


Startpoint: _1630_ (rising edge-triggered flip-flop clocked by clk)
Endpoint: _1630_ (rising edge-triggered flip-flop clocked by clk)
Path Group: clk
Path Type: min

Fanout         Cap        Slew       Delay        Time   Description
---------------------------------------------------------------------------------------------
                                  0.000000    0.000000   clock clk (rise edge)
                                  0.000000    0.000000   clock source latency
     1    0.020019    0.095798    0.065992    0.065992 ^ clk (in)
                                                         clk (net)
                      0.095807    0.000000    0.065992 ^ clkbuf_0_clk/A (sky130_fd_sc_hd__clkbuf_16)
     8    0.083957    0.100894    0.191798    0.257790 ^ clkbuf_0_clk/X (sky130_fd_sc_hd__clkbuf_16)
                                                         clknet_0_clk (net)
                      0.101064    0.002847    0.260637 ^ clkbuf_3_2__f_clk/A (sky130_fd_sc_hd__clkbuf_16)
     8    0.024839    0.046192    0.150275    0.410912 ^ clkbuf_3_2__f_clk/X (sky130_fd_sc_hd__clkbuf_16)
                                                         clknet_3_2__leaf_clk (net)
                      0.046213    0.000912    0.411824 ^ _1630_/CLK (sky130_fd_sc_hd__dfxtp_2)
     4    0.013300    0.076249    0.344307    0.756131 ^ _1630_/Q (sky130_fd_sc_hd__dfxtp_2)
                                                         u_sync.lock_cnt[0] (net)
                      0.076249    0.000202    0.756333 ^ _1569_/A (sky130_fd_sc_hd__nand2_2)
     2    0.009067    0.048661    0.064419    0.820752 v _1569_/Y (sky130_fd_sc_hd__nand2_2)
                                                         _0785_ (net)
                      0.048661    0.000210    0.820962 v _1570_/B1 (sky130_fd_sc_hd__o2111a_2)
     1    0.002708    0.025892    0.149101    0.970063 v _1570_/X (sky130_fd_sc_hd__o2111a_2)
                                                         _0057_ (net)
                      0.025892    0.000081    0.970144 v _1630_/D (sky130_fd_sc_hd__dfxtp_2)
                                              0.970144   data arrival time

                                  0.000000    0.000000   clock clk (rise edge)
                                  0.000000    0.000000   clock source latency
     1    0.020019    0.095798    0.065992    0.065992 ^ clk (in)
                                                         clk (net)
                      0.095807    0.000000    0.065992 ^ clkbuf_0_clk/A (sky130_fd_sc_hd__clkbuf_16)
     8    0.083957    0.100894    0.191798    0.257790 ^ clkbuf_0_clk/X (sky130_fd_sc_hd__clkbuf_16)
                                                         clknet_0_clk (net)
                      0.101064    0.002847    0.260637 ^ clkbuf_3_2__f_clk/A (sky130_fd_sc_hd__clkbuf_16)
     8    0.024839    0.046192    0.150275    0.410912 ^ clkbuf_3_2__f_clk/X (sky130_fd_sc_hd__clkbuf_16)
                                                         clknet_3_2__leaf_clk (net)
                      0.046213    0.000912    0.411824 ^ _1630_/CLK (sky130_fd_sc_hd__dfxtp_2)
                                  0.250000    0.661824   clock uncertainty
                                  0.000000    0.661824   clock reconvergence pessimism
                                 -0.037946    0.623879   library hold time
                                              0.623879   data required time
---------------------------------------------------------------------------------------------
                                              0.623879   data required time
                                             -0.970144   data arrival time
---------------------------------------------------------------------------------------------
                                              0.346266   slack (MET)


Startpoint: _1615_ (rising edge-triggered flip-flop clocked by clk)
Endpoint: _1615_ (rising edge-triggered flip-flop clocked by clk)
Path Group: clk
Path Type: min

Fanout         Cap        Slew       Delay        Time   Description
---------------------------------------------------------------------------------------------
                                  0.000000    0.000000   clock clk (rise edge)
                                  0.000000    0.000000   clock source latency
     1    0.020019    0.095798    0.065992    0.065992 ^ clk (in)
                                                         clk (net)
                      0.095807    0.000000    0.065992 ^ clkbuf_0_clk/A (sky130_fd_sc_hd__clkbuf_16)
     8    0.083957    0.100894    0.191798    0.257790 ^ clkbuf_0_clk/X (sky130_fd_sc_hd__clkbuf_16)
                                                         clknet_0_clk (net)
                      0.101068    0.002896    0.260686 ^ clkbuf_3_1__f_clk/A (sky130_fd_sc_hd__clkbuf_16)
     8    0.023578    0.045034    0.149294    0.409980 ^ clkbuf_3_1__f_clk/X (sky130_fd_sc_hd__clkbuf_16)
                                                         clknet_3_1__leaf_clk (net)
                      0.045040    0.000499    0.410479 ^ _1615_/CLK (sky130_fd_sc_hd__dfxtp_2)
     4    0.025539    0.135016    0.385802    0.796281 ^ _1615_/Q (sky130_fd_sc_hd__dfxtp_2)
                                                         u_dp.acc_q[15] (net)
                      0.135017    0.000613    0.796894 ^ _1533_/A1 (sky130_fd_sc_hd__o211a_2)
     1    0.002149    0.037935    0.182377    0.979271 ^ _1533_/X (sky130_fd_sc_hd__o211a_2)
                                                         _0043_ (net)
                      0.037935    0.000062    0.979333 ^ _1615_/D (sky130_fd_sc_hd__dfxtp_2)
                                              0.979333   data arrival time

                                  0.000000    0.000000   clock clk (rise edge)
                                  0.000000    0.000000   clock source latency
     1    0.020019    0.095798    0.065992    0.065992 ^ clk (in)
                                                         clk (net)
                      0.095807    0.000000    0.065992 ^ clkbuf_0_clk/A (sky130_fd_sc_hd__clkbuf_16)
     8    0.083957    0.100894    0.191798    0.257790 ^ clkbuf_0_clk/X (sky130_fd_sc_hd__clkbuf_16)
                                                         clknet_0_clk (net)
                      0.101068    0.002896    0.260686 ^ clkbuf_3_1__f_clk/A (sky130_fd_sc_hd__clkbuf_16)
     8    0.023578    0.045034    0.149294    0.409980 ^ clkbuf_3_1__f_clk/X (sky130_fd_sc_hd__clkbuf_16)
                                                         clknet_3_1__leaf_clk (net)
                      0.045040    0.000499    0.410479 ^ _1615_/CLK (sky130_fd_sc_hd__dfxtp_2)
                                  0.250000    0.660479   clock uncertainty
                                  0.000000    0.660479   clock reconvergence pessimism
                                 -0.029721    0.630758   library hold time
                                              0.630758   data required time
---------------------------------------------------------------------------------------------
                                              0.630758   data required time
                                             -0.979333   data arrival time
---------------------------------------------------------------------------------------------
                                              0.348574   slack (MET)


Startpoint: _1622_ (rising edge-triggered flip-flop clocked by clk)
Endpoint: _1622_ (rising edge-triggered flip-flop clocked by clk)
Path Group: clk
Path Type: min

Fanout         Cap        Slew       Delay        Time   Description
---------------------------------------------------------------------------------------------
                                  0.000000    0.000000   clock clk (rise edge)
                                  0.000000    0.000000   clock source latency
     1    0.020019    0.095798    0.065992    0.065992 ^ clk (in)
                                                         clk (net)
                      0.095807    0.000000    0.065992 ^ clkbuf_0_clk/A (sky130_fd_sc_hd__clkbuf_16)
     8    0.083957    0.100894    0.191798    0.257790 ^ clkbuf_0_clk/X (sky130_fd_sc_hd__clkbuf_16)
                                                         clknet_0_clk (net)
                      0.101071    0.002927    0.260717 ^ clkbuf_3_0__f_clk/A (sky130_fd_sc_hd__clkbuf_16)
     8    0.024064    0.045479    0.149651    0.410369 ^ clkbuf_3_0__f_clk/X (sky130_fd_sc_hd__clkbuf_16)
                                                         clknet_3_0__leaf_clk (net)
                      0.045484    0.000510    0.410879 ^ _1622_/CLK (sky130_fd_sc_hd__dfxtp_2)
     4    0.026282    0.138582    0.388545    0.799423 ^ _1622_/Q (sky130_fd_sc_hd__dfxtp_2)
                                                         u_dp.acc_q[22] (net)
                      0.138583    0.000677    0.800100 ^ _1559_/A1 (sky130_fd_sc_hd__o211a_2)
     1    0.002031    0.037356    0.182362    0.982462 ^ _1559_/X (sky130_fd_sc_hd__o211a_2)
                                                         _0050_ (net)
                      0.037356    0.000041    0.982503 ^ _1622_/D (sky130_fd_sc_hd__dfxtp_2)
                                              0.982503   data arrival time

                                  0.000000    0.000000   clock clk (rise edge)
                                  0.000000    0.000000   clock source latency
     1    0.020019    0.095798    0.065992    0.065992 ^ clk (in)
                                                         clk (net)
                      0.095807    0.000000    0.065992 ^ clkbuf_0_clk/A (sky130_fd_sc_hd__clkbuf_16)
     8    0.083957    0.100894    0.191798    0.257790 ^ clkbuf_0_clk/X (sky130_fd_sc_hd__clkbuf_16)
                                                         clknet_0_clk (net)
                      0.101071    0.002927    0.260717 ^ clkbuf_3_0__f_clk/A (sky130_fd_sc_hd__clkbuf_16)
     8    0.024064    0.045479    0.149651    0.410369 ^ clkbuf_3_0__f_clk/X (sky130_fd_sc_hd__clkbuf_16)
                                                         clknet_3_0__leaf_clk (net)
                      0.045484    0.000510    0.410879 ^ _1622_/CLK (sky130_fd_sc_hd__dfxtp_2)
                                  0.250000    0.660879   clock uncertainty
                                  0.000000    0.660879   clock reconvergence pessimism
                                 -0.029543    0.631336   library hold time
                                              0.631336   data required time
---------------------------------------------------------------------------------------------
                                              0.631336   data required time
                                             -0.982503   data arrival time
---------------------------------------------------------------------------------------------
                                              0.351167   slack (MET)


Startpoint: _1584_ (rising edge-triggered flip-flop clocked by clk)
Endpoint: _1584_ (rising edge-triggered flip-flop clocked by clk)
Path Group: clk
Path Type: min

Fanout         Cap        Slew       Delay        Time   Description
---------------------------------------------------------------------------------------------
                                  0.000000    0.000000   clock clk (rise edge)
                                  0.000000    0.000000   clock source latency
     1    0.020019    0.095798    0.065992    0.065992 ^ clk (in)
                                                         clk (net)
                      0.095807    0.000000    0.065992 ^ clkbuf_0_clk/A (sky130_fd_sc_hd__clkbuf_16)
     8    0.083957    0.100894    0.191798    0.257790 ^ clkbuf_0_clk/X (sky130_fd_sc_hd__clkbuf_16)
                                                         clknet_0_clk (net)
                      0.101070    0.002924    0.260714 ^ clkbuf_3_5__f_clk/A (sky130_fd_sc_hd__clkbuf_16)
     8    0.029544    0.050696    0.154631    0.415345 ^ clkbuf_3_5__f_clk/X (sky130_fd_sc_hd__clkbuf_16)
                                                         clknet_3_5__leaf_clk (net)
                      0.050697    0.000458    0.415804 ^ _1584_/CLK (sky130_fd_sc_hd__dfxtp_2)
     5    0.026566    0.139859    0.391559    0.807363 ^ _1584_/Q (sky130_fd_sc_hd__dfxtp_2)
                                                         u_dp.a_q[0] (net)
                      0.139859    0.000600    0.807962 ^ _1440_/A1 (sky130_fd_sc_hd__o211a_2)
     1    0.002138    0.037787    0.183265    0.991227 ^ _1440_/X (sky130_fd_sc_hd__o211a_2)
                                                         _0012_ (net)
                      0.037787    0.000061    0.991288 ^ _1584_/D (sky130_fd_sc_hd__dfxtp_2)
                                              0.991288   data arrival time

                                  0.000000    0.000000   clock clk (rise edge)
                                  0.000000    0.000000   clock source latency
     1    0.020019    0.095798    0.065992    0.065992 ^ clk (in)
                                                         clk (net)
                      0.095807    0.000000    0.065992 ^ clkbuf_0_clk/A (sky130_fd_sc_hd__clkbuf_16)
     8    0.083957    0.100894    0.191798    0.257790 ^ clkbuf_0_clk/X (sky130_fd_sc_hd__clkbuf_16)
                                                         clknet_0_clk (net)
                      0.101070    0.002924    0.260714 ^ clkbuf_3_5__f_clk/A (sky130_fd_sc_hd__clkbuf_16)
     8    0.029544    0.050696    0.154631    0.415345 ^ clkbuf_3_5__f_clk/X (sky130_fd_sc_hd__clkbuf_16)
                                                         clknet_3_5__leaf_clk (net)
                      0.050697    0.000458    0.415804 ^ _1584_/CLK (sky130_fd_sc_hd__dfxtp_2)
                                  0.250000    0.665804   clock uncertainty
                                  0.000000    0.665804   clock reconvergence pessimism
                                 -0.028947    0.636857   library hold time
                                              0.636857   data required time
---------------------------------------------------------------------------------------------
                                              0.636857   data required time
                                             -0.991288   data arrival time
---------------------------------------------------------------------------------------------
                                              0.354431   slack (MET)


Startpoint: _1630_ (rising edge-triggered flip-flop clocked by clk)
Endpoint: _1632_ (rising edge-triggered flip-flop clocked by clk)
Path Group: clk
Path Type: min

Fanout         Cap        Slew       Delay        Time   Description
---------------------------------------------------------------------------------------------
                                  0.000000    0.000000   clock clk (rise edge)
                                  0.000000    0.000000   clock source latency
     1    0.020019    0.095798    0.065992    0.065992 ^ clk (in)
                                                         clk (net)
                      0.095807    0.000000    0.065992 ^ clkbuf_0_clk/A (sky130_fd_sc_hd__clkbuf_16)
     8    0.083957    0.100894    0.191798    0.257790 ^ clkbuf_0_clk/X (sky130_fd_sc_hd__clkbuf_16)
                                                         clknet_0_clk (net)
                      0.101064    0.002847    0.260637 ^ clkbuf_3_2__f_clk/A (sky130_fd_sc_hd__clkbuf_16)
     8    0.024839    0.046192    0.150275    0.410912 ^ clkbuf_3_2__f_clk/X (sky130_fd_sc_hd__clkbuf_16)
                                                         clknet_3_2__leaf_clk (net)
                      0.046213    0.000912    0.411824 ^ _1630_/CLK (sky130_fd_sc_hd__dfxtp_2)
     4    0.013300    0.076249    0.344307    0.756131 ^ _1630_/Q (sky130_fd_sc_hd__dfxtp_2)
                                                         u_sync.lock_cnt[0] (net)
                      0.076249    0.000156    0.756288 ^ _1568_/A2 (sky130_fd_sc_hd__o21a_2)
     2    0.007270    0.050138    0.131394    0.887682 ^ _1568_/X (sky130_fd_sc_hd__o21a_2)
                                                         _0784_ (net)
                      0.050138    0.000204    0.887885 ^ _1573_/A2 (sky130_fd_sc_hd__o21a_2)
     1    0.002164    0.026686    0.101860    0.989745 ^ _1573_/X (sky130_fd_sc_hd__o21a_2)
                                                         _0059_ (net)
                      0.026686    0.000062    0.989808 ^ _1632_/D (sky130_fd_sc_hd__dfxtp_2)
                                              0.989808   data arrival time

                                  0.000000    0.000000   clock clk (rise edge)
                                  0.000000    0.000000   clock source latency
     1    0.020019    0.095798    0.065992    0.065992 ^ clk (in)
                                                         clk (net)
                      0.095807    0.000000    0.065992 ^ clkbuf_0_clk/A (sky130_fd_sc_hd__clkbuf_16)
     8    0.083957    0.100894    0.191798    0.257790 ^ clkbuf_0_clk/X (sky130_fd_sc_hd__clkbuf_16)
                                                         clknet_0_clk (net)
                      0.101064    0.002847    0.260637 ^ clkbuf_3_2__f_clk/A (sky130_fd_sc_hd__clkbuf_16)
     8    0.024839    0.046192    0.150275    0.410912 ^ clkbuf_3_2__f_clk/X (sky130_fd_sc_hd__clkbuf_16)
                                                         clknet_3_2__leaf_clk (net)
                      0.046221    0.001036    0.411948 ^ _1632_/CLK (sky130_fd_sc_hd__dfxtp_2)
                                  0.250000    0.661948   clock uncertainty
                                  0.000000    0.661948   clock reconvergence pessimism
                                 -0.027236    0.634711   library hold time
                                              0.634711   data required time
---------------------------------------------------------------------------------------------
                                              0.634711   data required time
                                             -0.989808   data arrival time
---------------------------------------------------------------------------------------------
                                              0.355096   slack (MET)


Startpoint: _1607_ (rising edge-triggered flip-flop clocked by clk)
Endpoint: _1607_ (rising edge-triggered flip-flop clocked by clk)
Path Group: clk
Path Type: min

Fanout         Cap        Slew       Delay        Time   Description
---------------------------------------------------------------------------------------------
                                  0.000000    0.000000   clock clk (rise edge)
                                  0.000000    0.000000   clock source latency
     1    0.020019    0.095798    0.065992    0.065992 ^ clk (in)
                                                         clk (net)
                      0.095807    0.000000    0.065992 ^ clkbuf_0_clk/A (sky130_fd_sc_hd__clkbuf_16)
     8    0.083957    0.100894    0.191798    0.257790 ^ clkbuf_0_clk/X (sky130_fd_sc_hd__clkbuf_16)
                                                         clknet_0_clk (net)
                      0.100946    0.002166    0.259957 ^ clkbuf_3_4__f_clk/A (sky130_fd_sc_hd__clkbuf_16)
     8    0.032154    0.052863    0.156287    0.416243 ^ clkbuf_3_4__f_clk/X (sky130_fd_sc_hd__clkbuf_16)
                                                         clknet_3_4__leaf_clk (net)
                      0.052867    0.000806    0.417049 ^ _1607_/CLK (sky130_fd_sc_hd__dfxtp_2)
     4    0.026590    0.139999    0.392210    0.809258 ^ _1607_/Q (sky130_fd_sc_hd__dfxtp_2)
                                                         u_dp.acc_q[7] (net)
                      0.139999    0.000458    0.809717 ^ _1499_/A1 (sky130_fd_sc_hd__o211a_2)
     1    0.002501    0.039713    0.185513    0.995230 ^ _1499_/X (sky130_fd_sc_hd__o211a_2)
                                                         _0035_ (net)
                      0.039713    0.000076    0.995306 ^ _1607_/D (sky130_fd_sc_hd__dfxtp_2)
                                              0.995306   data arrival time

                                  0.000000    0.000000   clock clk (rise edge)
                                  0.000000    0.000000   clock source latency
     1    0.020019    0.095798    0.065992    0.065992 ^ clk (in)
                                                         clk (net)
                      0.095807    0.000000    0.065992 ^ clkbuf_0_clk/A (sky130_fd_sc_hd__clkbuf_16)
     8    0.083957    0.100894    0.191798    0.257790 ^ clkbuf_0_clk/X (sky130_fd_sc_hd__clkbuf_16)
                                                         clknet_0_clk (net)
                      0.100946    0.002166    0.259957 ^ clkbuf_3_4__f_clk/A (sky130_fd_sc_hd__clkbuf_16)
     8    0.032154    0.052863    0.156287    0.416243 ^ clkbuf_3_4__f_clk/X (sky130_fd_sc_hd__clkbuf_16)
                                                         clknet_3_4__leaf_clk (net)
                      0.052867    0.000806    0.417049 ^ _1607_/CLK (sky130_fd_sc_hd__dfxtp_2)
                                  0.250000    0.667049   clock uncertainty
                                  0.000000    0.667049   clock reconvergence pessimism
                                 -0.029060    0.637989   library hold time
                                              0.637989   data required time
---------------------------------------------------------------------------------------------
                                              0.637989   data required time
                                             -0.995306   data arrival time
---------------------------------------------------------------------------------------------
                                              0.357317   slack (MET)


Startpoint: _1621_ (rising edge-triggered flip-flop clocked by clk)
Endpoint: _1621_ (rising edge-triggered flip-flop clocked by clk)
Path Group: clk
Path Type: min

Fanout         Cap        Slew       Delay        Time   Description
---------------------------------------------------------------------------------------------
                                  0.000000    0.000000   clock clk (rise edge)
                                  0.000000    0.000000   clock source latency
     1    0.020019    0.095798    0.065992    0.065992 ^ clk (in)
                                                         clk (net)
                      0.095807    0.000000    0.065992 ^ clkbuf_0_clk/A (sky130_fd_sc_hd__clkbuf_16)
     8    0.083957    0.100894    0.191798    0.257790 ^ clkbuf_0_clk/X (sky130_fd_sc_hd__clkbuf_16)
                                                         clknet_0_clk (net)
                      0.101071    0.002927    0.260717 ^ clkbuf_3_0__f_clk/A (sky130_fd_sc_hd__clkbuf_16)
     8    0.024064    0.045479    0.149651    0.410369 ^ clkbuf_3_0__f_clk/X (sky130_fd_sc_hd__clkbuf_16)
                                                         clknet_3_0__leaf_clk (net)
                      0.045500    0.000857    0.411225 ^ _1621_/CLK (sky130_fd_sc_hd__dfxtp_2)
     4    0.026391    0.139074    0.389046    0.800272 ^ _1621_/Q (sky130_fd_sc_hd__dfxtp_2)
                                                         u_dp.acc_q[21] (net)
                      0.139074    0.000543    0.800815 ^ _1556_/A1 (sky130_fd_sc_hd__o211a_2)
     1    0.002990    0.042187    0.188330    0.989145 ^ _1556_/X (sky130_fd_sc_hd__o211a_2)
                                                         _0049_ (net)
                      0.042187    0.000088    0.989233 ^ _1621_/D (sky130_fd_sc_hd__dfxtp_2)
                                              0.989233   data arrival time

                                  0.000000    0.000000   clock clk (rise edge)
                                  0.000000    0.000000   clock source latency
     1    0.020019    0.095798    0.065992    0.065992 ^ clk (in)
                                                         clk (net)
                      0.095807    0.000000    0.065992 ^ clkbuf_0_clk/A (sky130_fd_sc_hd__clkbuf_16)
     8    0.083957    0.100894    0.191798    0.257790 ^ clkbuf_0_clk/X (sky130_fd_sc_hd__clkbuf_16)
                                                         clknet_0_clk (net)
                      0.101071    0.002927    0.260717 ^ clkbuf_3_0__f_clk/A (sky130_fd_sc_hd__clkbuf_16)
     8    0.024064    0.045479    0.149651    0.410369 ^ clkbuf_3_0__f_clk/X (sky130_fd_sc_hd__clkbuf_16)
                                                         clknet_3_0__leaf_clk (net)
                      0.045500    0.000857    0.411225 ^ _1621_/CLK (sky130_fd_sc_hd__dfxtp_2)
                                  0.250000    0.661225   clock uncertainty
                                  0.000000    0.661225   clock reconvergence pessimism
                                 -0.030541    0.630684   library hold time
                                              0.630684   data required time
---------------------------------------------------------------------------------------------
                                              0.630684   data required time
                                             -0.989233   data arrival time
---------------------------------------------------------------------------------------------
                                              0.358548   slack (MET)


Startpoint: _1616_ (rising edge-triggered flip-flop clocked by clk)
Endpoint: _1616_ (rising edge-triggered flip-flop clocked by clk)
Path Group: clk
Path Type: min

Fanout         Cap        Slew       Delay        Time   Description
---------------------------------------------------------------------------------------------
                                  0.000000    0.000000   clock clk (rise edge)
                                  0.000000    0.000000   clock source latency
     1    0.020019    0.095798    0.065992    0.065992 ^ clk (in)
                                                         clk (net)
                      0.095807    0.000000    0.065992 ^ clkbuf_0_clk/A (sky130_fd_sc_hd__clkbuf_16)
     8    0.083957    0.100894    0.191798    0.257790 ^ clkbuf_0_clk/X (sky130_fd_sc_hd__clkbuf_16)
                                                         clknet_0_clk (net)
                      0.101068    0.002896    0.260686 ^ clkbuf_3_1__f_clk/A (sky130_fd_sc_hd__clkbuf_16)
     8    0.023578    0.045034    0.149294    0.409980 ^ clkbuf_3_1__f_clk/X (sky130_fd_sc_hd__clkbuf_16)
                                                         clknet_3_1__leaf_clk (net)
                      0.045040    0.000506    0.410486 ^ _1616_/CLK (sky130_fd_sc_hd__dfxtp_2)
     4    0.027018    0.142093    0.391062    0.801549 ^ _1616_/Q (sky130_fd_sc_hd__dfxtp_2)
                                                         u_dp.acc_q[16] (net)
                      0.142093    0.000361    0.801910 ^ _1536_/A1 (sky130_fd_sc_hd__o211a_2)
     1    0.002712    0.040757    0.187219    0.989129 ^ _1536_/X (sky130_fd_sc_hd__o211a_2)
                                                         _0044_ (net)
                      0.040757    0.000079    0.989208 ^ _1616_/D (sky130_fd_sc_hd__dfxtp_2)
                                              0.989208   data arrival time

                                  0.000000    0.000000   clock clk (rise edge)
                                  0.000000    0.000000   clock source latency
     1    0.020019    0.095798    0.065992    0.065992 ^ clk (in)
                                                         clk (net)
                      0.095807    0.000000    0.065992 ^ clkbuf_0_clk/A (sky130_fd_sc_hd__clkbuf_16)
     8    0.083957    0.100894    0.191798    0.257790 ^ clkbuf_0_clk/X (sky130_fd_sc_hd__clkbuf_16)
                                                         clknet_0_clk (net)
                      0.101068    0.002896    0.260686 ^ clkbuf_3_1__f_clk/A (sky130_fd_sc_hd__clkbuf_16)
     8    0.023578    0.045034    0.149294    0.409980 ^ clkbuf_3_1__f_clk/X (sky130_fd_sc_hd__clkbuf_16)
                                                         clknet_3_1__leaf_clk (net)
                      0.045040    0.000506    0.410486 ^ _1616_/CLK (sky130_fd_sc_hd__dfxtp_2)
                                  0.250000    0.660486   clock uncertainty
                                  0.000000    0.660486   clock reconvergence pessimism
                                 -0.030305    0.630181   library hold time
                                              0.630181   data required time
---------------------------------------------------------------------------------------------
                                              0.630181   data required time
                                             -0.989208   data arrival time
---------------------------------------------------------------------------------------------
                                              0.359027   slack (MET)


Startpoint: _1613_ (rising edge-triggered flip-flop clocked by clk)
Endpoint: _1613_ (rising edge-triggered flip-flop clocked by clk)
Path Group: clk
Path Type: min

Fanout         Cap        Slew       Delay        Time   Description
---------------------------------------------------------------------------------------------
                                  0.000000    0.000000   clock clk (rise edge)
                                  0.000000    0.000000   clock source latency
     1    0.020019    0.095798    0.065992    0.065992 ^ clk (in)
                                                         clk (net)
                      0.095807    0.000000    0.065992 ^ clkbuf_0_clk/A (sky130_fd_sc_hd__clkbuf_16)
     8    0.083957    0.100894    0.191798    0.257790 ^ clkbuf_0_clk/X (sky130_fd_sc_hd__clkbuf_16)
                                                         clknet_0_clk (net)
                      0.100946    0.002166    0.259957 ^ clkbuf_3_4__f_clk/A (sky130_fd_sc_hd__clkbuf_16)
     8    0.032154    0.052863    0.156287    0.416243 ^ clkbuf_3_4__f_clk/X (sky130_fd_sc_hd__clkbuf_16)
                                                         clknet_3_4__leaf_clk (net)
                      0.052868    0.000865    0.417108 ^ _1613_/CLK (sky130_fd_sc_hd__dfxtp_2)
     4    0.028057    0.147042    0.397328    0.814436 ^ _1613_/Q (sky130_fd_sc_hd__dfxtp_2)
                                                         u_dp.acc_q[13] (net)
                      0.147042    0.000551    0.814987 ^ _1525_/A1 (sky130_fd_sc_hd__o211a_2)
     1    0.001991    0.037140    0.183781    0.998767 ^ _1525_/X (sky130_fd_sc_hd__o211a_2)
                                                         _0041_ (net)
                      0.037140    0.000039    0.998806 ^ _1613_/D (sky130_fd_sc_hd__dfxtp_2)
                                              0.998806   data arrival time

                                  0.000000    0.000000   clock clk (rise edge)
                                  0.000000    0.000000   clock source latency
     1    0.020019    0.095798    0.065992    0.065992 ^ clk (in)
                                                         clk (net)
                      0.095807    0.000000    0.065992 ^ clkbuf_0_clk/A (sky130_fd_sc_hd__clkbuf_16)
     8    0.083957    0.100894    0.191798    0.257790 ^ clkbuf_0_clk/X (sky130_fd_sc_hd__clkbuf_16)
                                                         clknet_0_clk (net)
                      0.100946    0.002166    0.259957 ^ clkbuf_3_4__f_clk/A (sky130_fd_sc_hd__clkbuf_16)
     8    0.032154    0.052863    0.156287    0.416243 ^ clkbuf_3_4__f_clk/X (sky130_fd_sc_hd__clkbuf_16)
                                                         clknet_3_4__leaf_clk (net)
                      0.052868    0.000865    0.417108 ^ _1613_/CLK (sky130_fd_sc_hd__dfxtp_2)
                                  0.250000    0.667108   clock uncertainty
                                  0.000000    0.667108   clock reconvergence pessimism
                                 -0.028527    0.638581   library hold time
                                              0.638581   data required time
---------------------------------------------------------------------------------------------
                                              0.638581   data required time
                                             -0.998806   data arrival time
---------------------------------------------------------------------------------------------
                                              0.360225   slack (MET)


Startpoint: _1619_ (rising edge-triggered flip-flop clocked by clk)
Endpoint: _1619_ (rising edge-triggered flip-flop clocked by clk)
Path Group: clk
Path Type: min

Fanout         Cap        Slew       Delay        Time   Description
---------------------------------------------------------------------------------------------
                                  0.000000    0.000000   clock clk (rise edge)
                                  0.000000    0.000000   clock source latency
     1    0.020019    0.095798    0.065992    0.065992 ^ clk (in)
                                                         clk (net)
                      0.095807    0.000000    0.065992 ^ clkbuf_0_clk/A (sky130_fd_sc_hd__clkbuf_16)
     8    0.083957    0.100894    0.191798    0.257790 ^ clkbuf_0_clk/X (sky130_fd_sc_hd__clkbuf_16)
                                                         clknet_0_clk (net)
                      0.101071    0.002927    0.260717 ^ clkbuf_3_0__f_clk/A (sky130_fd_sc_hd__clkbuf_16)
     8    0.024064    0.045479    0.149651    0.410369 ^ clkbuf_3_0__f_clk/X (sky130_fd_sc_hd__clkbuf_16)
                                                         clknet_3_0__leaf_clk (net)
                      0.045501    0.000869    0.411237 ^ _1619_/CLK (sky130_fd_sc_hd__dfxtp_2)
     4    0.028342    0.148571    0.395349    0.806586 ^ _1619_/Q (sky130_fd_sc_hd__dfxtp_2)
                                                         u_dp.acc_q[19] (net)
                      0.148572    0.000756    0.807342 ^ _1549_/A1 (sky130_fd_sc_hd__o211a_2)
     1    0.002094    0.037662    0.184706    0.992047 ^ _1549_/X (sky130_fd_sc_hd__o211a_2)
                                                         _0047_ (net)
                      0.037662    0.000060    0.992108 ^ _1619_/D (sky130_fd_sc_hd__dfxtp_2)
                                              0.992108   data arrival time

                                  0.000000    0.000000   clock clk (rise edge)
                                  0.000000    0.000000   clock source latency
     1    0.020019    0.095798    0.065992    0.065992 ^ clk (in)
                                                         clk (net)
                      0.095807    0.000000    0.065992 ^ clkbuf_0_clk/A (sky130_fd_sc_hd__clkbuf_16)
     8    0.083957    0.100894    0.191798    0.257790 ^ clkbuf_0_clk/X (sky130_fd_sc_hd__clkbuf_16)
                                                         clknet_0_clk (net)
                      0.101071    0.002927    0.260717 ^ clkbuf_3_0__f_clk/A (sky130_fd_sc_hd__clkbuf_16)
     8    0.024064    0.045479    0.149651    0.410369 ^ clkbuf_3_0__f_clk/X (sky130_fd_sc_hd__clkbuf_16)
                                                         clknet_3_0__leaf_clk (net)
                      0.045501    0.000869    0.411237 ^ _1619_/CLK (sky130_fd_sc_hd__dfxtp_2)
                                  0.250000    0.661237   clock uncertainty
                                  0.000000    0.661237   clock reconvergence pessimism
                                 -0.029604    0.631633   library hold time
                                              0.631633   data required time
---------------------------------------------------------------------------------------------
                                              0.631633   data required time
                                             -0.992108   data arrival time
---------------------------------------------------------------------------------------------
                                              0.360474   slack (MET)


Startpoint: _1614_ (rising edge-triggered flip-flop clocked by clk)
Endpoint: _1614_ (rising edge-triggered flip-flop clocked by clk)
Path Group: clk
Path Type: min

Fanout         Cap        Slew       Delay        Time   Description
---------------------------------------------------------------------------------------------
                                  0.000000    0.000000   clock clk (rise edge)
                                  0.000000    0.000000   clock source latency
     1    0.020019    0.095798    0.065992    0.065992 ^ clk (in)
                                                         clk (net)
                      0.095807    0.000000    0.065992 ^ clkbuf_0_clk/A (sky130_fd_sc_hd__clkbuf_16)
     8    0.083957    0.100894    0.191798    0.257790 ^ clkbuf_0_clk/X (sky130_fd_sc_hd__clkbuf_16)
                                                         clknet_0_clk (net)
                      0.100946    0.002166    0.259957 ^ clkbuf_3_4__f_clk/A (sky130_fd_sc_hd__clkbuf_16)
     8    0.032154    0.052863    0.156287    0.416243 ^ clkbuf_3_4__f_clk/X (sky130_fd_sc_hd__clkbuf_16)
                                                         clknet_3_4__leaf_clk (net)
                      0.052868    0.000897    0.417140 ^ _1614_/CLK (sky130_fd_sc_hd__dfxtp_2)
     4    0.027760    0.145634    0.396211    0.813351 ^ _1614_/Q (sky130_fd_sc_hd__dfxtp_2)
                                                         u_dp.acc_q[14] (net)
                      0.145635    0.000732    0.814083 ^ _1529_/A1 (sky130_fd_sc_hd__o211a_2)
     1    0.002214    0.038263    0.184864    0.998947 ^ _1529_/X (sky130_fd_sc_hd__o211a_2)
                                                         _0042_ (net)
                      0.038263    0.000064    0.999011 ^ _1614_/D (sky130_fd_sc_hd__dfxtp_2)
                                              0.999011   data arrival time

                                  0.000000    0.000000   clock clk (rise edge)
                                  0.000000    0.000000   clock source latency
     1    0.020019    0.095798    0.065992    0.065992 ^ clk (in)
                                                         clk (net)
                      0.095807    0.000000    0.065992 ^ clkbuf_0_clk/A (sky130_fd_sc_hd__clkbuf_16)
     8    0.083957    0.100894    0.191798    0.257790 ^ clkbuf_0_clk/X (sky130_fd_sc_hd__clkbuf_16)
                                                         clknet_0_clk (net)
                      0.100946    0.002166    0.259957 ^ clkbuf_3_4__f_clk/A (sky130_fd_sc_hd__clkbuf_16)
     8    0.032154    0.052863    0.156287    0.416243 ^ clkbuf_3_4__f_clk/X (sky130_fd_sc_hd__clkbuf_16)
                                                         clknet_3_4__leaf_clk (net)
                      0.052868    0.000897    0.417140 ^ _1614_/CLK (sky130_fd_sc_hd__dfxtp_2)
                                  0.250000    0.667140   clock uncertainty
                                  0.000000    0.667140   clock reconvergence pessimism
                                 -0.028760    0.638381   library hold time
                                              0.638381   data required time
---------------------------------------------------------------------------------------------
                                              0.638381   data required time
                                             -0.999011   data arrival time
---------------------------------------------------------------------------------------------
                                              0.360630   slack (MET)


Startpoint: _1620_ (rising edge-triggered flip-flop clocked by clk)
Endpoint: _1620_ (rising edge-triggered flip-flop clocked by clk)
Path Group: clk
Path Type: min

Fanout         Cap        Slew       Delay        Time   Description
---------------------------------------------------------------------------------------------
                                  0.000000    0.000000   clock clk (rise edge)
                                  0.000000    0.000000   clock source latency
     1    0.020019    0.095798    0.065992    0.065992 ^ clk (in)
                                                         clk (net)
                      0.095807    0.000000    0.065992 ^ clkbuf_0_clk/A (sky130_fd_sc_hd__clkbuf_16)
     8    0.083957    0.100894    0.191798    0.257790 ^ clkbuf_0_clk/X (sky130_fd_sc_hd__clkbuf_16)
                                                         clknet_0_clk (net)
                      0.101071    0.002927    0.260717 ^ clkbuf_3_0__f_clk/A (sky130_fd_sc_hd__clkbuf_16)
     8    0.024064    0.045479    0.149651    0.410369 ^ clkbuf_3_0__f_clk/X (sky130_fd_sc_hd__clkbuf_16)
                                                         clknet_3_0__leaf_clk (net)
                      0.045502    0.000888    0.411256 ^ _1620_/CLK (sky130_fd_sc_hd__dfxtp_2)
     4    0.027455    0.144227    0.392598    0.803855 ^ _1620_/Q (sky130_fd_sc_hd__dfxtp_2)
                                                         u_dp.acc_q[20] (net)
                      0.144229    0.000720    0.804575 ^ _1552_/A1 (sky130_fd_sc_hd__o211a_2)
     1    0.002798    0.041197    0.188167    0.992741 ^ _1552_/X (sky130_fd_sc_hd__o211a_2)
                                                         _0048_ (net)
                      0.041197    0.000084    0.992825 ^ _1620_/D (sky130_fd_sc_hd__dfxtp_2)
                                              0.992825   data arrival time

                                  0.000000    0.000000   clock clk (rise edge)
                                  0.000000    0.000000   clock source latency
     1    0.020019    0.095798    0.065992    0.065992 ^ clk (in)
                                                         clk (net)
                      0.095807    0.000000    0.065992 ^ clkbuf_0_clk/A (sky130_fd_sc_hd__clkbuf_16)
     8    0.083957    0.100894    0.191798    0.257790 ^ clkbuf_0_clk/X (sky130_fd_sc_hd__clkbuf_16)
                                                         clknet_0_clk (net)
                      0.101071    0.002927    0.260717 ^ clkbuf_3_0__f_clk/A (sky130_fd_sc_hd__clkbuf_16)
     8    0.024064    0.045479    0.149651    0.410369 ^ clkbuf_3_0__f_clk/X (sky130_fd_sc_hd__clkbuf_16)
                                                         clknet_3_0__leaf_clk (net)
                      0.045502    0.000888    0.411256 ^ _1620_/CLK (sky130_fd_sc_hd__dfxtp_2)
                                  0.250000    0.661256   clock uncertainty
                                  0.000000    0.661256   clock reconvergence pessimism
                                 -0.030336    0.630921   library hold time
                                              0.630921   data required time
---------------------------------------------------------------------------------------------
                                              0.630921   data required time
                                             -0.992825   data arrival time
---------------------------------------------------------------------------------------------
                                              0.361905   slack (MET)


Startpoint: _1612_ (rising edge-triggered flip-flop clocked by clk)
Endpoint: _1612_ (rising edge-triggered flip-flop clocked by clk)
Path Group: clk
Path Type: min

Fanout         Cap        Slew       Delay        Time   Description
---------------------------------------------------------------------------------------------
                                  0.000000    0.000000   clock clk (rise edge)
                                  0.000000    0.000000   clock source latency
     1    0.020019    0.095798    0.065992    0.065992 ^ clk (in)
                                                         clk (net)
                      0.095807    0.000000    0.065992 ^ clkbuf_0_clk/A (sky130_fd_sc_hd__clkbuf_16)
     8    0.083957    0.100894    0.191798    0.257790 ^ clkbuf_0_clk/X (sky130_fd_sc_hd__clkbuf_16)
                                                         clknet_0_clk (net)
                      0.101068    0.002896    0.260686 ^ clkbuf_3_1__f_clk/A (sky130_fd_sc_hd__clkbuf_16)
     8    0.023578    0.045034    0.149294    0.409980 ^ clkbuf_3_1__f_clk/X (sky130_fd_sc_hd__clkbuf_16)
                                                         clknet_3_1__leaf_clk (net)
                      0.045038    0.000437    0.410417 ^ _1612_/CLK (sky130_fd_sc_hd__dfxtp_2)
     4    0.029056    0.151947    0.397940    0.808357 ^ _1612_/Q (sky130_fd_sc_hd__dfxtp_2)
                                                         u_dp.acc_q[12] (net)
                      0.151947    0.000376    0.808733 ^ _1521_/A1 (sky130_fd_sc_hd__o211a_2)
     1    0.002394    0.039173    0.187211    0.995945 ^ _1521_/X (sky130_fd_sc_hd__o211a_2)
                                                         _0040_ (net)
                      0.039173    0.000070    0.996015 ^ _1612_/D (sky130_fd_sc_hd__dfxtp_2)
                                              0.996015   data arrival time

                                  0.000000    0.000000   clock clk (rise edge)
                                  0.000000    0.000000   clock source latency
     1    0.020019    0.095798    0.065992    0.065992 ^ clk (in)
                                                         clk (net)
                      0.095807    0.000000    0.065992 ^ clkbuf_0_clk/A (sky130_fd_sc_hd__clkbuf_16)
     8    0.083957    0.100894    0.191798    0.257790 ^ clkbuf_0_clk/X (sky130_fd_sc_hd__clkbuf_16)
                                                         clknet_0_clk (net)
                      0.101068    0.002896    0.260686 ^ clkbuf_3_1__f_clk/A (sky130_fd_sc_hd__clkbuf_16)
     8    0.023578    0.045034    0.149294    0.409980 ^ clkbuf_3_1__f_clk/X (sky130_fd_sc_hd__clkbuf_16)
                                                         clknet_3_1__leaf_clk (net)
                      0.045038    0.000437    0.410417 ^ _1612_/CLK (sky130_fd_sc_hd__dfxtp_2)
                                  0.250000    0.660417   clock uncertainty
                                  0.000000    0.660417   clock reconvergence pessimism
                                 -0.029978    0.630439   library hold time
                                              0.630439   data required time
---------------------------------------------------------------------------------------------
                                              0.630439   data required time
                                             -0.996015   data arrival time
---------------------------------------------------------------------------------------------
                                              0.365576   slack (MET)


Startpoint: _1611_ (rising edge-triggered flip-flop clocked by clk)
Endpoint: _1611_ (rising edge-triggered flip-flop clocked by clk)
Path Group: clk
Path Type: min

Fanout         Cap        Slew       Delay        Time   Description
---------------------------------------------------------------------------------------------
                                  0.000000    0.000000   clock clk (rise edge)
                                  0.000000    0.000000   clock source latency
     1    0.020019    0.095798    0.065992    0.065992 ^ clk (in)
                                                         clk (net)
                      0.095807    0.000000    0.065992 ^ clkbuf_0_clk/A (sky130_fd_sc_hd__clkbuf_16)
     8    0.083957    0.100894    0.191798    0.257790 ^ clkbuf_0_clk/X (sky130_fd_sc_hd__clkbuf_16)
                                                         clknet_0_clk (net)
                      0.100946    0.002166    0.259957 ^ clkbuf_3_4__f_clk/A (sky130_fd_sc_hd__clkbuf_16)
     8    0.032154    0.052863    0.156287    0.416243 ^ clkbuf_3_4__f_clk/X (sky130_fd_sc_hd__clkbuf_16)
                                                         clknet_3_4__leaf_clk (net)
                      0.052867    0.000830    0.417073 ^ _1611_/CLK (sky130_fd_sc_hd__dfxtp_2)
     4    0.029062    0.151861    0.400827    0.817900 ^ _1611_/Q (sky130_fd_sc_hd__dfxtp_2)
                                                         u_dp.acc_q[11] (net)
                      0.151861    0.000532    0.818432 ^ _1516_/A1 (sky130_fd_sc_hd__o211a_2)
     1    0.002424    0.039323    0.187382    1.005814 ^ _1516_/X (sky130_fd_sc_hd__o211a_2)
                                                         _0039_ (net)
                      0.039323    0.000070    1.005884 ^ _1611_/D (sky130_fd_sc_hd__dfxtp_2)
                                              1.005884   data arrival time

                                  0.000000    0.000000   clock clk (rise edge)
                                  0.000000    0.000000   clock source latency
     1    0.020019    0.095798    0.065992    0.065992 ^ clk (in)
                                                         clk (net)
                      0.095807    0.000000    0.065992 ^ clkbuf_0_clk/A (sky130_fd_sc_hd__clkbuf_16)
     8    0.083957    0.100894    0.191798    0.257790 ^ clkbuf_0_clk/X (sky130_fd_sc_hd__clkbuf_16)
                                                         clknet_0_clk (net)
                      0.100946    0.002166    0.259957 ^ clkbuf_3_4__f_clk/A (sky130_fd_sc_hd__clkbuf_16)
     8    0.032154    0.052863    0.156287    0.416243 ^ clkbuf_3_4__f_clk/X (sky130_fd_sc_hd__clkbuf_16)
                                                         clknet_3_4__leaf_clk (net)
                      0.052867    0.000830    0.417073 ^ _1611_/CLK (sky130_fd_sc_hd__dfxtp_2)
                                  0.250000    0.667073   clock uncertainty
                                  0.000000    0.667073   clock reconvergence pessimism
                                 -0.028979    0.638094   library hold time
                                              0.638094   data required time
---------------------------------------------------------------------------------------------
                                              0.638094   data required time
                                             -1.005884   data arrival time
---------------------------------------------------------------------------------------------
                                              0.367791   slack (MET)


Startpoint: _1617_ (rising edge-triggered flip-flop clocked by clk)
Endpoint: _1617_ (rising edge-triggered flip-flop clocked by clk)
Path Group: clk
Path Type: min

Fanout         Cap        Slew       Delay        Time   Description
---------------------------------------------------------------------------------------------
                                  0.000000    0.000000   clock clk (rise edge)
                                  0.000000    0.000000   clock source latency
     1    0.020019    0.095798    0.065992    0.065992 ^ clk (in)
                                                         clk (net)
                      0.095807    0.000000    0.065992 ^ clkbuf_0_clk/A (sky130_fd_sc_hd__clkbuf_16)
     8    0.083957    0.100894    0.191798    0.257790 ^ clkbuf_0_clk/X (sky130_fd_sc_hd__clkbuf_16)
                                                         clknet_0_clk (net)
                      0.101068    0.002896    0.260686 ^ clkbuf_3_1__f_clk/A (sky130_fd_sc_hd__clkbuf_16)
     8    0.023578    0.045034    0.149294    0.409980 ^ clkbuf_3_1__f_clk/X (sky130_fd_sc_hd__clkbuf_16)
                                                         clknet_3_1__leaf_clk (net)
                      0.045040    0.000498    0.410478 ^ _1617_/CLK (sky130_fd_sc_hd__dfxtp_2)
     4    0.029382    0.153554    0.398906    0.809384 ^ _1617_/Q (sky130_fd_sc_hd__dfxtp_2)
                                                         u_dp.acc_q[17] (net)
                      0.153554    0.000609    0.809992 ^ _1540_/A1 (sky130_fd_sc_hd__o211a_2)
     1    0.002699    0.040701    0.189398    0.999390 ^ _1540_/X (sky130_fd_sc_hd__o211a_2)
                                                         _0045_ (net)
                      0.040701    0.000084    0.999474 ^ _1617_/D (sky130_fd_sc_hd__dfxtp_2)
                                              0.999474   data arrival time

                                  0.000000    0.000000   clock clk (rise edge)
                                  0.000000    0.000000   clock source latency
     1    0.020019    0.095798    0.065992    0.065992 ^ clk (in)
                                                         clk (net)
                      0.095807    0.000000    0.065992 ^ clkbuf_0_clk/A (sky130_fd_sc_hd__clkbuf_16)
     8    0.083957    0.100894    0.191798    0.257790 ^ clkbuf_0_clk/X (sky130_fd_sc_hd__clkbuf_16)
                                                         clknet_0_clk (net)
                      0.101068    0.002896    0.260686 ^ clkbuf_3_1__f_clk/A (sky130_fd_sc_hd__clkbuf_16)
     8    0.023578    0.045034    0.149294    0.409980 ^ clkbuf_3_1__f_clk/X (sky130_fd_sc_hd__clkbuf_16)
                                                         clknet_3_1__leaf_clk (net)
                      0.045040    0.000498    0.410478 ^ _1617_/CLK (sky130_fd_sc_hd__dfxtp_2)
                                  0.250000    0.660478   clock uncertainty
                                  0.000000    0.660478   clock reconvergence pessimism
                                 -0.030294    0.630184   library hold time
                                              0.630184   data required time
---------------------------------------------------------------------------------------------
                                              0.630184   data required time
                                             -0.999474   data arrival time
---------------------------------------------------------------------------------------------
                                              0.369290   slack (MET)


Startpoint: _1623_ (rising edge-triggered flip-flop clocked by clk)
Endpoint: _1623_ (rising edge-triggered flip-flop clocked by clk)
Path Group: clk
Path Type: min

Fanout         Cap        Slew       Delay        Time   Description
---------------------------------------------------------------------------------------------
                                  0.000000    0.000000   clock clk (rise edge)
                                  0.000000    0.000000   clock source latency
     1    0.020019    0.095798    0.065992    0.065992 ^ clk (in)
                                                         clk (net)
                      0.095807    0.000000    0.065992 ^ clkbuf_0_clk/A (sky130_fd_sc_hd__clkbuf_16)
     8    0.083957    0.100894    0.191798    0.257790 ^ clkbuf_0_clk/X (sky130_fd_sc_hd__clkbuf_16)
                                                         clknet_0_clk (net)
                      0.101071    0.002927    0.260717 ^ clkbuf_3_0__f_clk/A (sky130_fd_sc_hd__clkbuf_16)
     8    0.024064    0.045479    0.149651    0.410369 ^ clkbuf_3_0__f_clk/X (sky130_fd_sc_hd__clkbuf_16)
                                                         clknet_3_0__leaf_clk (net)
                      0.045491    0.000678    0.411047 ^ _1623_/CLK (sky130_fd_sc_hd__dfxtp_2)
     4    0.027882    0.146338    0.393833    0.804880 ^ _1623_/Q (sky130_fd_sc_hd__dfxtp_2)
                                                         u_dp.acc_q[23] (net)
                      0.146342    0.001015    0.805895 ^ _1561_/A1 (sky130_fd_sc_hd__o211a_2)
     1    0.003550    0.045211    0.193193    0.999087 ^ _1561_/X (sky130_fd_sc_hd__o211a_2)
                                                         _0051_ (net)
                      0.045223    0.000120    0.999207 ^ _1623_/D (sky130_fd_sc_hd__dfxtp_2)
                                              0.999207   data arrival time

                                  0.000000    0.000000   clock clk (rise edge)
                                  0.000000    0.000000   clock source latency
     1    0.020019    0.095798    0.065992    0.065992 ^ clk (in)
                                                         clk (net)
                      0.095807    0.000000    0.065992 ^ clkbuf_0_clk/A (sky130_fd_sc_hd__clkbuf_16)
     8    0.083957    0.100894    0.191798    0.257790 ^ clkbuf_0_clk/X (sky130_fd_sc_hd__clkbuf_16)
                                                         clknet_0_clk (net)
                      0.101071    0.002927    0.260717 ^ clkbuf_3_0__f_clk/A (sky130_fd_sc_hd__clkbuf_16)
     8    0.024064    0.045479    0.149651    0.410369 ^ clkbuf_3_0__f_clk/X (sky130_fd_sc_hd__clkbuf_16)
                                                         clknet_3_0__leaf_clk (net)
                      0.045491    0.000678    0.411047 ^ _1623_/CLK (sky130_fd_sc_hd__dfxtp_2)
                                  0.250000    0.661047   clock uncertainty
                                  0.000000    0.661047   clock reconvergence pessimism
                                 -0.031171    0.629876   library hold time
                                              0.629876   data required time
---------------------------------------------------------------------------------------------
                                              0.629876   data required time
                                             -0.999207   data arrival time
---------------------------------------------------------------------------------------------
                                              0.369331   slack (MET)


Startpoint: _1618_ (rising edge-triggered flip-flop clocked by clk)
Endpoint: _1618_ (rising edge-triggered flip-flop clocked by clk)
Path Group: clk
Path Type: min

Fanout         Cap        Slew       Delay        Time   Description
---------------------------------------------------------------------------------------------
                                  0.000000    0.000000   clock clk (rise edge)
                                  0.000000    0.000000   clock source latency
     1    0.020019    0.095798    0.065992    0.065992 ^ clk (in)
                                                         clk (net)
                      0.095807    0.000000    0.065992 ^ clkbuf_0_clk/A (sky130_fd_sc_hd__clkbuf_16)
     8    0.083957    0.100894    0.191798    0.257790 ^ clkbuf_0_clk/X (sky130_fd_sc_hd__clkbuf_16)
                                                         clknet_0_clk (net)
                      0.101071    0.002927    0.260717 ^ clkbuf_3_0__f_clk/A (sky130_fd_sc_hd__clkbuf_16)
     8    0.024064    0.045479    0.149651    0.410369 ^ clkbuf_3_0__f_clk/X (sky130_fd_sc_hd__clkbuf_16)
                                                         clknet_3_0__leaf_clk (net)
                      0.045501    0.000875    0.411244 ^ _1618_/CLK (sky130_fd_sc_hd__dfxtp_2)
     4    0.030592    0.159398    0.403149    0.814393 ^ _1618_/Q (sky130_fd_sc_hd__dfxtp_2)
                                                         u_dp.acc_q[18] (net)
                      0.159398    0.000683    0.815076 ^ _1545_/A1 (sky130_fd_sc_hd__o211a_2)
     1    0.002309    0.038744    0.188156    1.003232 ^ _1545_/X (sky130_fd_sc_hd__o211a_2)
                                                         _0046_ (net)
                      0.038744    0.000066    1.003298 ^ _1618_/D (sky130_fd_sc_hd__dfxtp_2)
                                              1.003298   data arrival time

                                  0.000000    0.000000   clock clk (rise edge)
                                  0.000000    0.000000   clock source latency
     1    0.020019    0.095798    0.065992    0.065992 ^ clk (in)
                                                         clk (net)
                      0.095807    0.000000    0.065992 ^ clkbuf_0_clk/A (sky130_fd_sc_hd__clkbuf_16)
     8    0.083957    0.100894    0.191798    0.257790 ^ clkbuf_0_clk/X (sky130_fd_sc_hd__clkbuf_16)
                                                         clknet_0_clk (net)
                      0.101071    0.002927    0.260717 ^ clkbuf_3_0__f_clk/A (sky130_fd_sc_hd__clkbuf_16)
     8    0.024064    0.045479    0.149651    0.410369 ^ clkbuf_3_0__f_clk/X (sky130_fd_sc_hd__clkbuf_16)
                                                         clknet_3_0__leaf_clk (net)
                      0.045501    0.000875    0.411244 ^ _1618_/CLK (sky130_fd_sc_hd__dfxtp_2)
                                  0.250000    0.661244   clock uncertainty
                                  0.000000    0.661244   clock reconvergence pessimism
                                 -0.029828    0.631416   library hold time
                                              0.631416   data required time
---------------------------------------------------------------------------------------------
                                              0.631416   data required time
                                             -1.003298   data arrival time
---------------------------------------------------------------------------------------------
                                              0.371882   slack (MET)


Startpoint: _1608_ (rising edge-triggered flip-flop clocked by clk)
Endpoint: _1608_ (rising edge-triggered flip-flop clocked by clk)
Path Group: clk
Path Type: min

Fanout         Cap        Slew       Delay        Time   Description
---------------------------------------------------------------------------------------------
                                  0.000000    0.000000   clock clk (rise edge)
                                  0.000000    0.000000   clock source latency
     1    0.020019    0.095798    0.065992    0.065992 ^ clk (in)
                                                         clk (net)
                      0.095807    0.000000    0.065992 ^ clkbuf_0_clk/A (sky130_fd_sc_hd__clkbuf_16)
     8    0.083957    0.100894    0.191798    0.257790 ^ clkbuf_0_clk/X (sky130_fd_sc_hd__clkbuf_16)
                                                         clknet_0_clk (net)
                      0.101068    0.002896    0.260686 ^ clkbuf_3_1__f_clk/A (sky130_fd_sc_hd__clkbuf_16)
     8    0.023578    0.045034    0.149294    0.409980 ^ clkbuf_3_1__f_clk/X (sky130_fd_sc_hd__clkbuf_16)
                                                         clknet_3_1__leaf_clk (net)
                      0.045040    0.000517    0.410498 ^ _1608_/CLK (sky130_fd_sc_hd__dfxtp_2)
     4    0.029302    0.153179    0.398597    0.809095 ^ _1608_/Q (sky130_fd_sc_hd__dfxtp_2)
                                                         u_dp.acc_q[8] (net)
                      0.153179    0.000639    0.809733 ^ _1503_/A1 (sky130_fd_sc_hd__o211a_2)
     1    0.003180    0.043219    0.192279    1.002012 ^ _1503_/X (sky130_fd_sc_hd__o211a_2)
                                                         _0036_ (net)
                      0.043219    0.000094    1.002107 ^ _1608_/D (sky130_fd_sc_hd__dfxtp_2)
                                              1.002107   data arrival time

                                  0.000000    0.000000   clock clk (rise edge)
                                  0.000000    0.000000   clock source latency
     1    0.020019    0.095798    0.065992    0.065992 ^ clk (in)
                                                         clk (net)
                      0.095807    0.000000    0.065992 ^ clkbuf_0_clk/A (sky130_fd_sc_hd__clkbuf_16)
     8    0.083957    0.100894    0.191798    0.257790 ^ clkbuf_0_clk/X (sky130_fd_sc_hd__clkbuf_16)
                                                         clknet_0_clk (net)
                      0.101068    0.002896    0.260686 ^ clkbuf_3_1__f_clk/A (sky130_fd_sc_hd__clkbuf_16)
     8    0.023578    0.045034    0.149294    0.409980 ^ clkbuf_3_1__f_clk/X (sky130_fd_sc_hd__clkbuf_16)
                                                         clknet_3_1__leaf_clk (net)
                      0.045040    0.000517    0.410498 ^ _1608_/CLK (sky130_fd_sc_hd__dfxtp_2)
                                  0.250000    0.660498   clock uncertainty
                                  0.000000    0.660498   clock reconvergence pessimism
                                 -0.030815    0.629682   library hold time
                                              0.629682   data required time
---------------------------------------------------------------------------------------------
                                              0.629682   data required time
                                             -1.002107   data arrival time
---------------------------------------------------------------------------------------------
                                              0.372424   slack (MET)


Startpoint: _1592_ (rising edge-triggered flip-flop clocked by clk)
Endpoint: _1592_ (rising edge-triggered flip-flop clocked by clk)
Path Group: clk
Path Type: min

Fanout         Cap        Slew       Delay        Time   Description
---------------------------------------------------------------------------------------------
                                  0.000000    0.000000   clock clk (rise edge)
                                  0.000000    0.000000   clock source latency
     1    0.020019    0.095798    0.065992    0.065992 ^ clk (in)
                                                         clk (net)
                      0.095807    0.000000    0.065992 ^ clkbuf_0_clk/A (sky130_fd_sc_hd__clkbuf_16)
     8    0.083957    0.100894    0.191798    0.257790 ^ clkbuf_0_clk/X (sky130_fd_sc_hd__clkbuf_16)
                                                         clknet_0_clk (net)
                      0.101070    0.002924    0.260714 ^ clkbuf_3_5__f_clk/A (sky130_fd_sc_hd__clkbuf_16)
     8    0.029544    0.050696    0.154631    0.415345 ^ clkbuf_3_5__f_clk/X (sky130_fd_sc_hd__clkbuf_16)
                                                         clknet_3_5__leaf_clk (net)
                      0.050696    0.000414    0.415760 ^ _1592_/CLK (sky130_fd_sc_hd__dfxtp_2)
     2    0.009449    0.059021    0.331780    0.747539 ^ _1592_/Q (sky130_fd_sc_hd__dfxtp_2)
                                                         u_dp.b_q[0] (net)
                      0.059021    0.000211    0.747750 ^ _1457_/A (sky130_fd_sc_hd__or2_2)
     1    0.004187    0.035109    0.106697    0.854447 ^ _1457_/X (sky130_fd_sc_hd__or2_2)
                                                         _0710_ (net)
                      0.035110    0.000128    0.854575 ^ _1458_/B1 (sky130_fd_sc_hd__o211a_2)
     1    0.002673    0.040547    0.156326    1.010900 ^ _1458_/X (sky130_fd_sc_hd__o211a_2)
                                                         _0020_ (net)
                      0.040547    0.000081    1.010981 ^ _1592_/D (sky130_fd_sc_hd__dfxtp_2)
                                              1.010981   data arrival time

                                  0.000000    0.000000   clock clk (rise edge)
                                  0.000000    0.000000   clock source latency
     1    0.020019    0.095798    0.065992    0.065992 ^ clk (in)
                                                         clk (net)
                      0.095807    0.000000    0.065992 ^ clkbuf_0_clk/A (sky130_fd_sc_hd__clkbuf_16)
     8    0.083957    0.100894    0.191798    0.257790 ^ clkbuf_0_clk/X (sky130_fd_sc_hd__clkbuf_16)
                                                         clknet_0_clk (net)
                      0.101070    0.002924    0.260714 ^ clkbuf_3_5__f_clk/A (sky130_fd_sc_hd__clkbuf_16)
     8    0.029544    0.050696    0.154631    0.415345 ^ clkbuf_3_5__f_clk/X (sky130_fd_sc_hd__clkbuf_16)
                                                         clknet_3_5__leaf_clk (net)
                      0.050696    0.000414    0.415760 ^ _1592_/CLK (sky130_fd_sc_hd__dfxtp_2)
                                  0.250000    0.665760   clock uncertainty
                                  0.000000    0.665760   clock reconvergence pessimism
                                 -0.029518    0.636242   library hold time
                                              0.636242   data required time
---------------------------------------------------------------------------------------------
                                              0.636242   data required time
                                             -1.010981   data arrival time
---------------------------------------------------------------------------------------------
                                              0.374739   slack (MET)


Startpoint: _1599_ (rising edge-triggered flip-flop clocked by clk)
Endpoint: _1599_ (rising edge-triggered flip-flop clocked by clk)
Path Group: clk
Path Type: min

Fanout         Cap        Slew       Delay        Time   Description
---------------------------------------------------------------------------------------------
                                  0.000000    0.000000   clock clk (rise edge)
                                  0.000000    0.000000   clock source latency
     1    0.020019    0.095798    0.065992    0.065992 ^ clk (in)
                                                         clk (net)
                      0.095807    0.000000    0.065992 ^ clkbuf_0_clk/A (sky130_fd_sc_hd__clkbuf_16)
     8    0.083957    0.100894    0.191798    0.257790 ^ clkbuf_0_clk/X (sky130_fd_sc_hd__clkbuf_16)
                                                         clknet_0_clk (net)
                      0.101100    0.003229    0.261019 ^ clkbuf_3_6__f_clk/A (sky130_fd_sc_hd__clkbuf_16)
     8    0.024440    0.045835    0.149878    0.410897 ^ clkbuf_3_6__f_clk/X (sky130_fd_sc_hd__clkbuf_16)
                                                         clknet_3_6__leaf_clk (net)
                      0.045837    0.000431    0.411328 ^ _1599_/CLK (sky130_fd_sc_hd__dfxtp_2)
     2    0.012285    0.071458    0.340580    0.751908 ^ _1599_/Q (sky130_fd_sc_hd__dfxtp_2)
                                                         u_dp.b_q[7] (net)
                      0.071458    0.000145    0.752053 ^ _1471_/A (sky130_fd_sc_hd__or2_2)
     1    0.002901    0.029423    0.105673    0.857726 ^ _1471_/X (sky130_fd_sc_hd__or2_2)
                                                         _0717_ (net)
                      0.029431    0.000084    0.857810 ^ _1472_/B1 (sky130_fd_sc_hd__o211a_2)
     1    0.002397    0.039144    0.152884    1.010693 ^ _1472_/X (sky130_fd_sc_hd__o211a_2)
                                                         _0027_ (net)
                      0.039144    0.000070    1.010764 ^ _1599_/D (sky130_fd_sc_hd__dfxtp_2)
                                              1.010764   data arrival time

                                  0.000000    0.000000   clock clk (rise edge)
                                  0.000000    0.000000   clock source latency
     1    0.020019    0.095798    0.065992    0.065992 ^ clk (in)
                                                         clk (net)
                      0.095807    0.000000    0.065992 ^ clkbuf_0_clk/A (sky130_fd_sc_hd__clkbuf_16)
     8    0.083957    0.100894    0.191798    0.257790 ^ clkbuf_0_clk/X (sky130_fd_sc_hd__clkbuf_16)
                                                         clknet_0_clk (net)
                      0.101100    0.003229    0.261019 ^ clkbuf_3_6__f_clk/A (sky130_fd_sc_hd__clkbuf_16)
     8    0.024440    0.045835    0.149878    0.410897 ^ clkbuf_3_6__f_clk/X (sky130_fd_sc_hd__clkbuf_16)
                                                         clknet_3_6__leaf_clk (net)
                      0.045837    0.000431    0.411328 ^ _1599_/CLK (sky130_fd_sc_hd__dfxtp_2)
                                  0.250000    0.661328   clock uncertainty
                                  0.000000    0.661328   clock reconvergence pessimism
                                 -0.029867    0.631462   library hold time
                                              0.631462   data required time
---------------------------------------------------------------------------------------------
                                              0.631462   data required time
                                             -1.010764   data arrival time
---------------------------------------------------------------------------------------------
                                              0.379302   slack (MET)


Startpoint: _1589_ (rising edge-triggered flip-flop clocked by clk)
Endpoint: _1589_ (rising edge-triggered flip-flop clocked by clk)
Path Group: clk
Path Type: min

Fanout         Cap        Slew       Delay        Time   Description
---------------------------------------------------------------------------------------------
                                  0.000000    0.000000   clock clk (rise edge)
                                  0.000000    0.000000   clock source latency
     1    0.020019    0.095798    0.065992    0.065992 ^ clk (in)
                                                         clk (net)
                      0.095807    0.000000    0.065992 ^ clkbuf_0_clk/A (sky130_fd_sc_hd__clkbuf_16)
     8    0.083957    0.100894    0.191798    0.257790 ^ clkbuf_0_clk/X (sky130_fd_sc_hd__clkbuf_16)
                                                         clknet_0_clk (net)
                      0.101100    0.003229    0.261019 ^ clkbuf_3_6__f_clk/A (sky130_fd_sc_hd__clkbuf_16)
     8    0.024440    0.045835    0.149878    0.410897 ^ clkbuf_3_6__f_clk/X (sky130_fd_sc_hd__clkbuf_16)
                                                         clknet_3_6__leaf_clk (net)
                      0.045882    0.001251    0.412148 ^ _1589_/CLK (sky130_fd_sc_hd__dfxtp_2)
     5    0.033233    0.172147    0.412316    0.824464 ^ _1589_/Q (sky130_fd_sc_hd__dfxtp_2)
                                                         u_dp.a_q[5] (net)
                      0.172150    0.000994    0.825457 ^ _1450_/A1 (sky130_fd_sc_hd__o211a_2)
     1    0.002651    0.040346    0.192772    1.018230 ^ _1450_/X (sky130_fd_sc_hd__o211a_2)
                                                         _0017_ (net)
                      0.040346    0.000077    1.018306 ^ _1589_/D (sky130_fd_sc_hd__dfxtp_2)
                                              1.018306   data arrival time

                                  0.000000    0.000000   clock clk (rise edge)
                                  0.000000    0.000000   clock source latency
     1    0.020019    0.095798    0.065992    0.065992 ^ clk (in)
                                                         clk (net)
                      0.095807    0.000000    0.065992 ^ clkbuf_0_clk/A (sky130_fd_sc_hd__clkbuf_16)
     8    0.083957    0.100894    0.191798    0.257790 ^ clkbuf_0_clk/X (sky130_fd_sc_hd__clkbuf_16)
                                                         clknet_0_clk (net)
                      0.101100    0.003229    0.261019 ^ clkbuf_3_6__f_clk/A (sky130_fd_sc_hd__clkbuf_16)
     8    0.024440    0.045835    0.149878    0.410897 ^ clkbuf_3_6__f_clk/X (sky130_fd_sc_hd__clkbuf_16)
                                                         clknet_3_6__leaf_clk (net)
                      0.045882    0.001251    0.412148 ^ _1589_/CLK (sky130_fd_sc_hd__dfxtp_2)
                                  0.250000    0.662148   clock uncertainty
                                  0.000000    0.662148   clock reconvergence pessimism
                                 -0.030110    0.632038   library hold time
                                              0.632038   data required time
---------------------------------------------------------------------------------------------
                                              0.632038   data required time
                                             -1.018306   data arrival time
---------------------------------------------------------------------------------------------
                                              0.386268   slack (MET)


Startpoint: _1585_ (rising edge-triggered flip-flop clocked by clk)
Endpoint: _1585_ (rising edge-triggered flip-flop clocked by clk)
Path Group: clk
Path Type: min

Fanout         Cap        Slew       Delay        Time   Description
---------------------------------------------------------------------------------------------
                                  0.000000    0.000000   clock clk (rise edge)
                                  0.000000    0.000000   clock source latency
     1    0.020019    0.095798    0.065992    0.065992 ^ clk (in)
                                                         clk (net)
                      0.095807    0.000000    0.065992 ^ clkbuf_0_clk/A (sky130_fd_sc_hd__clkbuf_16)
     8    0.083957    0.100894    0.191798    0.257790 ^ clkbuf_0_clk/X (sky130_fd_sc_hd__clkbuf_16)
                                                         clknet_0_clk (net)
                      0.101101    0.003241    0.261031 ^ clkbuf_3_7__f_clk/A (sky130_fd_sc_hd__clkbuf_16)
     8    0.027547    0.048863    0.152702    0.413733 ^ clkbuf_3_7__f_clk/X (sky130_fd_sc_hd__clkbuf_16)
                                                         clknet_3_7__leaf_clk (net)
                      0.048886    0.001493    0.415226 ^ _1585_/CLK (sky130_fd_sc_hd__dfxtp_2)
     5    0.034795    0.179505    0.419236    0.834462 ^ _1585_/Q (sky130_fd_sc_hd__dfxtp_2)
                                                         u_dp.a_q[1] (net)
                      0.179506    0.000763    0.835226 ^ _1442_/A1 (sky130_fd_sc_hd__o211a_2)
     1    0.002091    0.037551    0.190777    1.026003 ^ _1442_/X (sky130_fd_sc_hd__o211a_2)
                                                         _0013_ (net)
                      0.037551    0.000042    1.026044 ^ _1585_/D (sky130_fd_sc_hd__dfxtp_2)
                                              1.026044   data arrival time

                                  0.000000    0.000000   clock clk (rise edge)
                                  0.000000    0.000000   clock source latency
     1    0.020019    0.095798    0.065992    0.065992 ^ clk (in)
                                                         clk (net)
                      0.095807    0.000000    0.065992 ^ clkbuf_0_clk/A (sky130_fd_sc_hd__clkbuf_16)
     8    0.083957    0.100894    0.191798    0.257790 ^ clkbuf_0_clk/X (sky130_fd_sc_hd__clkbuf_16)
                                                         clknet_0_clk (net)
                      0.101101    0.003241    0.261031 ^ clkbuf_3_7__f_clk/A (sky130_fd_sc_hd__clkbuf_16)
     8    0.027547    0.048863    0.152702    0.413733 ^ clkbuf_3_7__f_clk/X (sky130_fd_sc_hd__clkbuf_16)
                                                         clknet_3_7__leaf_clk (net)
                      0.048886    0.001493    0.415226 ^ _1585_/CLK (sky130_fd_sc_hd__dfxtp_2)
                                  0.250000    0.665226   clock uncertainty
                                  0.000000    0.665226   clock reconvergence pessimism
                                 -0.029136    0.636090   library hold time
                                              0.636090   data required time
---------------------------------------------------------------------------------------------
                                              0.636090   data required time
                                             -1.026044   data arrival time
---------------------------------------------------------------------------------------------
                                              0.389954   slack (MET)


Startpoint: _1610_ (rising edge-triggered flip-flop clocked by clk)
Endpoint: _1578_ (rising edge-triggered flip-flop clocked by clk)
Path Group: clk
Path Type: min

Fanout         Cap        Slew       Delay        Time   Description
---------------------------------------------------------------------------------------------
                                  0.000000    0.000000   clock clk (rise edge)
                                  0.000000    0.000000   clock source latency
     1    0.020019    0.095798    0.065992    0.065992 ^ clk (in)
                                                         clk (net)
                      0.095807    0.000000    0.065992 ^ clkbuf_0_clk/A (sky130_fd_sc_hd__clkbuf_16)
     8    0.083957    0.100894    0.191798    0.257790 ^ clkbuf_0_clk/X (sky130_fd_sc_hd__clkbuf_16)
                                                         clknet_0_clk (net)
                      0.101068    0.002896    0.260686 ^ clkbuf_3_1__f_clk/A (sky130_fd_sc_hd__clkbuf_16)
     8    0.023578    0.045034    0.149294    0.409980 ^ clkbuf_3_1__f_clk/X (sky130_fd_sc_hd__clkbuf_16)
                                                         clknet_3_1__leaf_clk (net)
                      0.045037    0.000410    0.410390 ^ _1610_/CLK (sky130_fd_sc_hd__dfxtp_2)
     5    0.021425    0.115213    0.371698    0.782088 ^ _1610_/Q (sky130_fd_sc_hd__dfxtp_2)
                                                         u_dp.acc_q[10] (net)
                      0.115214    0.000631    0.782719 ^ _1419_/A1 (sky130_fd_sc_hd__a22o_2)
     1    0.008692    0.060242    0.175381    0.958100 ^ _1419_/X (sky130_fd_sc_hd__a22o_2)
                                                         _0686_ (net)
                      0.060243    0.000363    0.958463 ^ _1420_/B1 (sky130_fd_sc_hd__a21oi_2)
     1    0.010529    0.035226    0.047718    1.006181 v _1420_/Y (sky130_fd_sc_hd__a21oi_2)
                                                         _0687_ (net)
                      0.035252    0.000509    1.006690 v _1421_/B (sky130_fd_sc_hd__nor2_2)
     1    0.003408    0.066279    0.070351    1.077041 ^ _1421_/Y (sky130_fd_sc_hd__nor2_2)
                                                         _0006_ (net)
                      0.066279    0.000116    1.077157 ^ _1578_/D (sky130_fd_sc_hd__dfxtp_2)
                                              1.077157   data arrival time

                                  0.000000    0.000000   clock clk (rise edge)
                                  0.000000    0.000000   clock source latency
     1    0.020019    0.095798    0.065992    0.065992 ^ clk (in)
                                                         clk (net)
                      0.095807    0.000000    0.065992 ^ clkbuf_0_clk/A (sky130_fd_sc_hd__clkbuf_16)
     8    0.083957    0.100894    0.191798    0.257790 ^ clkbuf_0_clk/X (sky130_fd_sc_hd__clkbuf_16)
                                                         clknet_0_clk (net)
                      0.100946    0.002166    0.259957 ^ clkbuf_3_4__f_clk/A (sky130_fd_sc_hd__clkbuf_16)
     8    0.032154    0.052863    0.156287    0.416243 ^ clkbuf_3_4__f_clk/X (sky130_fd_sc_hd__clkbuf_16)
                                                         clknet_3_4__leaf_clk (net)
                      0.052885    0.001470    0.417713 ^ _1578_/CLK (sky130_fd_sc_hd__dfxtp_2)
                                  0.250000    0.667713   clock uncertainty
                                  0.000000    0.667713   clock reconvergence pessimism
                                 -0.034554    0.633159   library hold time
                                              0.633159   data required time
---------------------------------------------------------------------------------------------
                                              0.633159   data required time
                                             -1.077157   data arrival time
---------------------------------------------------------------------------------------------
                                              0.443998   slack (MET)


Startpoint: _1609_ (rising edge-triggered flip-flop clocked by clk)
Endpoint: _1577_ (rising edge-triggered flip-flop clocked by clk)
Path Group: clk
Path Type: min

Fanout         Cap        Slew       Delay        Time   Description
---------------------------------------------------------------------------------------------
                                  0.000000    0.000000   clock clk (rise edge)
                                  0.000000    0.000000   clock source latency
     1    0.020019    0.095798    0.065992    0.065992 ^ clk (in)
                                                         clk (net)
                      0.095807    0.000000    0.065992 ^ clkbuf_0_clk/A (sky130_fd_sc_hd__clkbuf_16)
     8    0.083957    0.100894    0.191798    0.257790 ^ clkbuf_0_clk/X (sky130_fd_sc_hd__clkbuf_16)
                                                         clknet_0_clk (net)
                      0.101068    0.002896    0.260686 ^ clkbuf_3_1__f_clk/A (sky130_fd_sc_hd__clkbuf_16)
     8    0.023578    0.045034    0.149294    0.409980 ^ clkbuf_3_1__f_clk/X (sky130_fd_sc_hd__clkbuf_16)
                                                         clknet_3_1__leaf_clk (net)
                      0.045037    0.000417    0.410397 ^ _1609_/CLK (sky130_fd_sc_hd__dfxtp_2)
     4    0.024073    0.127914    0.380943    0.791340 ^ _1609_/Q (sky130_fd_sc_hd__dfxtp_2)
                                                         u_dp.acc_q[9] (net)
                      0.127914    0.000438    0.791779 ^ _1416_/A1 (sky130_fd_sc_hd__a22o_2)
     1    0.005670    0.046790    0.167183    0.958962 ^ _1416_/X (sky130_fd_sc_hd__a22o_2)
                                                         _0684_ (net)
                      0.046791    0.000180    0.959142 ^ _1417_/B1 (sky130_fd_sc_hd__a21oi_2)
     1    0.012664    0.036878    0.046990    1.006131 v _1417_/Y (sky130_fd_sc_hd__a21oi_2)
                                                         _0685_ (net)
                      0.036888    0.000485    1.006616 v _1418_/B (sky130_fd_sc_hd__nor2_2)
     1    0.004152    0.073347    0.076645    1.083262 ^ _1418_/Y (sky130_fd_sc_hd__nor2_2)
                                                         _0005_ (net)
                      0.073347    0.000108    1.083369 ^ _1577_/D (sky130_fd_sc_hd__dfxtp_2)
                                              1.083369   data arrival time

                                  0.000000    0.000000   clock clk (rise edge)
                                  0.000000    0.000000   clock source latency
     1    0.020019    0.095798    0.065992    0.065992 ^ clk (in)
                                                         clk (net)
                      0.095807    0.000000    0.065992 ^ clkbuf_0_clk/A (sky130_fd_sc_hd__clkbuf_16)
     8    0.083957    0.100894    0.191798    0.257790 ^ clkbuf_0_clk/X (sky130_fd_sc_hd__clkbuf_16)
                                                         clknet_0_clk (net)
                      0.100946    0.002166    0.259957 ^ clkbuf_3_4__f_clk/A (sky130_fd_sc_hd__clkbuf_16)
     8    0.032154    0.052863    0.156287    0.416243 ^ clkbuf_3_4__f_clk/X (sky130_fd_sc_hd__clkbuf_16)
                                                         clknet_3_4__leaf_clk (net)
                      0.052885    0.001469    0.417712 ^ _1577_/CLK (sky130_fd_sc_hd__dfxtp_2)
                                  0.250000    0.667712   clock uncertainty
                                  0.000000    0.667712   clock reconvergence pessimism
                                 -0.036017    0.631696   library hold time
                                              0.631696   data required time
---------------------------------------------------------------------------------------------
                                              0.631696   data required time
                                             -1.083369   data arrival time
---------------------------------------------------------------------------------------------
                                              0.451674   slack (MET)


Startpoint: _1622_ (rising edge-triggered flip-flop clocked by clk)
Endpoint: _1582_ (rising edge-triggered flip-flop clocked by clk)
Path Group: clk
Path Type: min

Fanout         Cap        Slew       Delay        Time   Description
---------------------------------------------------------------------------------------------
                                  0.000000    0.000000   clock clk (rise edge)
                                  0.000000    0.000000   clock source latency
     1    0.020019    0.095798    0.065992    0.065992 ^ clk (in)
                                                         clk (net)
                      0.095807    0.000000    0.065992 ^ clkbuf_0_clk/A (sky130_fd_sc_hd__clkbuf_16)
     8    0.083957    0.100894    0.191798    0.257790 ^ clkbuf_0_clk/X (sky130_fd_sc_hd__clkbuf_16)
                                                         clknet_0_clk (net)
                      0.101071    0.002927    0.260717 ^ clkbuf_3_0__f_clk/A (sky130_fd_sc_hd__clkbuf_16)
     8    0.024064    0.045479    0.149651    0.410369 ^ clkbuf_3_0__f_clk/X (sky130_fd_sc_hd__clkbuf_16)
                                                         clknet_3_0__leaf_clk (net)
                      0.045484    0.000510    0.410879 ^ _1622_/CLK (sky130_fd_sc_hd__dfxtp_2)
     4    0.026282    0.138582    0.388545    0.799423 ^ _1622_/Q (sky130_fd_sc_hd__dfxtp_2)
                                                         u_dp.acc_q[22] (net)
                      0.138582    0.000321    0.799744 ^ _1431_/B2 (sky130_fd_sc_hd__a22o_2)
     1    0.012620    0.077434    0.188182    0.987927 ^ _1431_/X (sky130_fd_sc_hd__a22o_2)
                                                         _0694_ (net)
                      0.077435    0.000479    0.988406 ^ _1432_/B1 (sky130_fd_sc_hd__a21oi_2)
     1    0.006379    0.032461    0.043472    1.031878 v _1432_/Y (sky130_fd_sc_hd__a21oi_2)
                                                         _0695_ (net)
                      0.032462    0.000229    1.032107 v _1433_/B (sky130_fd_sc_hd__nor2_2)
     1    0.002409    0.056628    0.061498    1.093605 ^ _1433_/Y (sky130_fd_sc_hd__nor2_2)
                                                         _0010_ (net)
                      0.056628    0.000072    1.093676 ^ _1582_/D (sky130_fd_sc_hd__dfxtp_2)
                                              1.093676   data arrival time

                                  0.000000    0.000000   clock clk (rise edge)
                                  0.000000    0.000000   clock source latency
     1    0.020019    0.095798    0.065992    0.065992 ^ clk (in)
                                                         clk (net)
                      0.095807    0.000000    0.065992 ^ clkbuf_0_clk/A (sky130_fd_sc_hd__clkbuf_16)
     8    0.083957    0.100894    0.191798    0.257790 ^ clkbuf_0_clk/X (sky130_fd_sc_hd__clkbuf_16)
                                                         clknet_0_clk (net)
                      0.101071    0.002934    0.260724 ^ clkbuf_3_3__f_clk/A (sky130_fd_sc_hd__clkbuf_16)
     8    0.031114    0.051988    0.155614    0.416339 ^ clkbuf_3_3__f_clk/X (sky130_fd_sc_hd__clkbuf_16)
                                                         clknet_3_3__leaf_clk (net)
                      0.051995    0.001103    0.417441 ^ _1582_/CLK (sky130_fd_sc_hd__dfxtp_2)
                                  0.250000    0.667441   clock uncertainty
                                  0.000000    0.667441   clock reconvergence pessimism
                                 -0.032675    0.634766   library hold time
                                              0.634766   data required time
---------------------------------------------------------------------------------------------
                                              0.634766   data required time
                                             -1.093676   data arrival time
---------------------------------------------------------------------------------------------
                                              0.458910   slack (MET)


Startpoint: _1620_ (rising edge-triggered flip-flop clocked by clk)
Endpoint: _1580_ (rising edge-triggered flip-flop clocked by clk)
Path Group: clk
Path Type: min

Fanout         Cap        Slew       Delay        Time   Description
---------------------------------------------------------------------------------------------
                                  0.000000    0.000000   clock clk (rise edge)
                                  0.000000    0.000000   clock source latency
     1    0.020019    0.095798    0.065992    0.065992 ^ clk (in)
                                                         clk (net)
                      0.095807    0.000000    0.065992 ^ clkbuf_0_clk/A (sky130_fd_sc_hd__clkbuf_16)
     8    0.083957    0.100894    0.191798    0.257790 ^ clkbuf_0_clk/X (sky130_fd_sc_hd__clkbuf_16)
                                                         clknet_0_clk (net)
                      0.101071    0.002927    0.260717 ^ clkbuf_3_0__f_clk/A (sky130_fd_sc_hd__clkbuf_16)
     8    0.024064    0.045479    0.149651    0.410369 ^ clkbuf_3_0__f_clk/X (sky130_fd_sc_hd__clkbuf_16)
                                                         clknet_3_0__leaf_clk (net)
                      0.045502    0.000888    0.411256 ^ _1620_/CLK (sky130_fd_sc_hd__dfxtp_2)
     4    0.027455    0.144227    0.392598    0.803855 ^ _1620_/Q (sky130_fd_sc_hd__dfxtp_2)
                                                         u_dp.acc_q[20] (net)
                      0.144228    0.000633    0.804488 ^ _1425_/B2 (sky130_fd_sc_hd__a22o_2)
     1    0.011359    0.072522    0.184450    0.988938 ^ _1425_/X (sky130_fd_sc_hd__a22o_2)
                                                         _0690_ (net)
                      0.072526    0.000658    0.989595 ^ _1426_/B1 (sky130_fd_sc_hd__a21oi_2)
     1    0.006913    0.032147    0.043768    1.033364 v _1426_/Y (sky130_fd_sc_hd__a21oi_2)
                                                         _0691_ (net)
                      0.032148    0.000267    1.033631 v _1427_/B (sky130_fd_sc_hd__nor2_2)
     1    0.002784    0.060272    0.064341    1.097972 ^ _1427_/Y (sky130_fd_sc_hd__nor2_2)
                                                         _0008_ (net)
                      0.060272    0.000083    1.098055 ^ _1580_/D (sky130_fd_sc_hd__dfxtp_2)
                                              1.098055   data arrival time

                                  0.000000    0.000000   clock clk (rise edge)
                                  0.000000    0.000000   clock source latency
     1    0.020019    0.095798    0.065992    0.065992 ^ clk (in)
                                                         clk (net)
                      0.095807    0.000000    0.065992 ^ clkbuf_0_clk/A (sky130_fd_sc_hd__clkbuf_16)
     8    0.083957    0.100894    0.191798    0.257790 ^ clkbuf_0_clk/X (sky130_fd_sc_hd__clkbuf_16)
                                                         clknet_0_clk (net)
                      0.101071    0.002934    0.260724 ^ clkbuf_3_3__f_clk/A (sky130_fd_sc_hd__clkbuf_16)
     8    0.031114    0.051988    0.155614    0.416339 ^ clkbuf_3_3__f_clk/X (sky130_fd_sc_hd__clkbuf_16)
                                                         clknet_3_3__leaf_clk (net)
                      0.051995    0.001067    0.417406 ^ _1580_/CLK (sky130_fd_sc_hd__dfxtp_2)
                                  0.250000    0.667406   clock uncertainty
                                  0.000000    0.667406   clock reconvergence pessimism
                                 -0.033429    0.633977   library hold time
                                              0.633977   data required time
---------------------------------------------------------------------------------------------
                                              0.633977   data required time
                                             -1.098055   data arrival time
---------------------------------------------------------------------------------------------
                                              0.464078   slack (MET)


Startpoint: _1615_ (rising edge-triggered flip-flop clocked by clk)
Endpoint: _1583_ (rising edge-triggered flip-flop clocked by clk)
Path Group: clk
Path Type: min

Fanout         Cap        Slew       Delay        Time   Description
---------------------------------------------------------------------------------------------
                                  0.000000    0.000000   clock clk (rise edge)
                                  0.000000    0.000000   clock source latency
     1    0.020019    0.095798    0.065992    0.065992 ^ clk (in)
                                                         clk (net)
                      0.095807    0.000000    0.065992 ^ clkbuf_0_clk/A (sky130_fd_sc_hd__clkbuf_16)
     8    0.083957    0.100894    0.191798    0.257790 ^ clkbuf_0_clk/X (sky130_fd_sc_hd__clkbuf_16)
                                                         clknet_0_clk (net)
                      0.101068    0.002896    0.260686 ^ clkbuf_3_1__f_clk/A (sky130_fd_sc_hd__clkbuf_16)
     8    0.023578    0.045034    0.149294    0.409980 ^ clkbuf_3_1__f_clk/X (sky130_fd_sc_hd__clkbuf_16)
                                                         clknet_3_1__leaf_clk (net)
                      0.045040    0.000499    0.410479 ^ _1615_/CLK (sky130_fd_sc_hd__dfxtp_2)
     4    0.025539    0.135016    0.385802    0.796281 ^ _1615_/Q (sky130_fd_sc_hd__dfxtp_2)
                                                         u_dp.acc_q[15] (net)
                      0.135017    0.000616    0.796897 ^ _1434_/A1 (sky130_fd_sc_hd__a22o_2)
     1    0.011758    0.073911    0.194360    0.991257 ^ _1434_/X (sky130_fd_sc_hd__a22o_2)
                                                         _0696_ (net)
                      0.073913    0.000502    0.991760 ^ _1435_/B1 (sky130_fd_sc_hd__a21oi_2)
     1    0.007499    0.033380    0.045474    1.037234 v _1435_/Y (sky130_fd_sc_hd__a21oi_2)
                                                         _0697_ (net)
                      0.033384    0.000309    1.037543 v _1436_/B (sky130_fd_sc_hd__nor2_2)
     1    0.002622    0.058690    0.063516    1.101058 ^ _1436_/Y (sky130_fd_sc_hd__nor2_2)
                                                         _0011_ (net)
                      0.058690    0.000079    1.101137 ^ _1583_/D (sky130_fd_sc_hd__dfxtp_2)
                                              1.101137   data arrival time

                                  0.000000    0.000000   clock clk (rise edge)
                                  0.000000    0.000000   clock source latency
     1    0.020019    0.095798    0.065992    0.065992 ^ clk (in)
                                                         clk (net)
                      0.095807    0.000000    0.065992 ^ clkbuf_0_clk/A (sky130_fd_sc_hd__clkbuf_16)
     8    0.083957    0.100894    0.191798    0.257790 ^ clkbuf_0_clk/X (sky130_fd_sc_hd__clkbuf_16)
                                                         clknet_0_clk (net)
                      0.101070    0.002924    0.260714 ^ clkbuf_3_5__f_clk/A (sky130_fd_sc_hd__clkbuf_16)
     8    0.029544    0.050696    0.154631    0.415345 ^ clkbuf_3_5__f_clk/X (sky130_fd_sc_hd__clkbuf_16)
                                                         clknet_3_5__leaf_clk (net)
                      0.050698    0.000627    0.415972 ^ _1583_/CLK (sky130_fd_sc_hd__dfxtp_2)
                                  0.250000    0.665972   clock uncertainty
                                  0.000000    0.665972   clock reconvergence pessimism
                                 -0.033273    0.632699   library hold time
                                              0.632699   data required time
---------------------------------------------------------------------------------------------
                                              0.632699   data required time
                                             -1.101137   data arrival time
---------------------------------------------------------------------------------------------
                                              0.468438   slack (MET)


Startpoint: _1621_ (rising edge-triggered flip-flop clocked by clk)
Endpoint: _1581_ (rising edge-triggered flip-flop clocked by clk)
Path Group: clk
Path Type: min

Fanout         Cap        Slew       Delay        Time   Description
---------------------------------------------------------------------------------------------
                                  0.000000    0.000000   clock clk (rise edge)
                                  0.000000    0.000000   clock source latency
     1    0.020019    0.095798    0.065992    0.065992 ^ clk (in)
                                                         clk (net)
                      0.095807    0.000000    0.065992 ^ clkbuf_0_clk/A (sky130_fd_sc_hd__clkbuf_16)
     8    0.083957    0.100894    0.191798    0.257790 ^ clkbuf_0_clk/X (sky130_fd_sc_hd__clkbuf_16)
                                                         clknet_0_clk (net)
                      0.101071    0.002927    0.260717 ^ clkbuf_3_0__f_clk/A (sky130_fd_sc_hd__clkbuf_16)
     8    0.024064    0.045479    0.149651    0.410369 ^ clkbuf_3_0__f_clk/X (sky130_fd_sc_hd__clkbuf_16)
                                                         clknet_3_0__leaf_clk (net)
                      0.045500    0.000857    0.411225 ^ _1621_/CLK (sky130_fd_sc_hd__dfxtp_2)
     4    0.026391    0.139074    0.389046    0.800272 ^ _1621_/Q (sky130_fd_sc_hd__dfxtp_2)
                                                         u_dp.acc_q[21] (net)
                      0.139074    0.000369    0.800641 ^ _1428_/B2 (sky130_fd_sc_hd__a22o_2)
     1    0.014775    0.087442    0.195728    0.996369 ^ _1428_/X (sky130_fd_sc_hd__a22o_2)
                                                         _0692_ (net)
                      0.087451    0.000969    0.997338 ^ _1429_/B1 (sky130_fd_sc_hd__a21oi_2)
     1    0.004601    0.032328    0.040724    1.038062 v _1429_/Y (sky130_fd_sc_hd__a21oi_2)
                                                         _0693_ (net)
                      0.032328    0.000134    1.038196 v _1430_/B (sky130_fd_sc_hd__nor2_2)
     1    0.002834    0.060756    0.064801    1.102997 ^ _1430_/Y (sky130_fd_sc_hd__nor2_2)
                                                         _0009_ (net)
                      0.060756    0.000086    1.103082 ^ _1581_/D (sky130_fd_sc_hd__dfxtp_2)
                                              1.103082   data arrival time

                                  0.000000    0.000000   clock clk (rise edge)
                                  0.000000    0.000000   clock source latency
     1    0.020019    0.095798    0.065992    0.065992 ^ clk (in)
                                                         clk (net)
                      0.095807    0.000000    0.065992 ^ clkbuf_0_clk/A (sky130_fd_sc_hd__clkbuf_16)
     8    0.083957    0.100894    0.191798    0.257790 ^ clkbuf_0_clk/X (sky130_fd_sc_hd__clkbuf_16)
                                                         clknet_0_clk (net)
                      0.100946    0.002166    0.259957 ^ clkbuf_3_4__f_clk/A (sky130_fd_sc_hd__clkbuf_16)
     8    0.032154    0.052863    0.156287    0.416243 ^ clkbuf_3_4__f_clk/X (sky130_fd_sc_hd__clkbuf_16)
                                                         clknet_3_4__leaf_clk (net)
                      0.052882    0.001421    0.417664 ^ _1581_/CLK (sky130_fd_sc_hd__dfxtp_2)
                                  0.250000    0.667664   clock uncertainty
                                  0.000000    0.667664   clock reconvergence pessimism
                                 -0.033412    0.634252   library hold time
                                              0.634252   data required time
---------------------------------------------------------------------------------------------
                                              0.634252   data required time
                                             -1.103082   data arrival time
---------------------------------------------------------------------------------------------
                                              0.468830   slack (MET)


Startpoint: _1600_ (rising edge-triggered flip-flop clocked by clk)
Endpoint: _1600_ (rising edge-triggered flip-flop clocked by clk)
Path Group: clk
Path Type: min

Fanout         Cap        Slew       Delay        Time   Description
---------------------------------------------------------------------------------------------
                                  0.000000    0.000000   clock clk (rise edge)
                                  0.000000    0.000000   clock source latency
     1    0.020019    0.095798    0.065992    0.065992 ^ clk (in)
                                                         clk (net)
                      0.095807    0.000000    0.065992 ^ clkbuf_0_clk/A (sky130_fd_sc_hd__clkbuf_16)
     8    0.083957    0.100894    0.191798    0.257790 ^ clkbuf_0_clk/X (sky130_fd_sc_hd__clkbuf_16)
                                                         clknet_0_clk (net)
                      0.101071    0.002927    0.260717 ^ clkbuf_3_0__f_clk/A (sky130_fd_sc_hd__clkbuf_16)
     8    0.024064    0.045479    0.149651    0.410369 ^ clkbuf_3_0__f_clk/X (sky130_fd_sc_hd__clkbuf_16)
                                                         clknet_3_0__leaf_clk (net)
                      0.045482    0.000425    0.410793 ^ _1600_/CLK (sky130_fd_sc_hd__dfxtp_2)
     3    0.010745    0.040687    0.323677    0.734471 v _1600_/Q (sky130_fd_sc_hd__dfxtp_2)
                                                         u_dp.acc_q[0] (net)
                      0.040687    0.000306    0.734777 v _1348_/A (sky130_fd_sc_hd__nand3_2)
     3    0.010971    0.068559    0.077008    0.811785 ^ _1348_/Y (sky130_fd_sc_hd__nand3_2)
                                                         _0618_ (net)
                      0.068582    0.000158    0.811943 ^ _1475_/A1 (sky130_fd_sc_hd__a31o_2)
     1    0.003679    0.041788    0.143638    0.955581 ^ _1475_/X (sky130_fd_sc_hd__a31o_2)
                                                         _0720_ (net)
                      0.041788    0.000118    0.955699 ^ _1476_/C1 (sky130_fd_sc_hd__o211a_2)
     1    0.002024    0.037212    0.146187    1.101887 ^ _1476_/X (sky130_fd_sc_hd__o211a_2)
                                                         _0028_ (net)
                      0.037212    0.000058    1.101944 ^ _1600_/D (sky130_fd_sc_hd__dfxtp_2)
                                              1.101944   data arrival time

                                  0.000000    0.000000   clock clk (rise edge)
                                  0.000000    0.000000   clock source latency
     1    0.020019    0.095798    0.065992    0.065992 ^ clk (in)
                                                         clk (net)
                      0.095807    0.000000    0.065992 ^ clkbuf_0_clk/A (sky130_fd_sc_hd__clkbuf_16)
     8    0.083957    0.100894    0.191798    0.257790 ^ clkbuf_0_clk/X (sky130_fd_sc_hd__clkbuf_16)
                                                         clknet_0_clk (net)
                      0.101071    0.002927    0.260717 ^ clkbuf_3_0__f_clk/A (sky130_fd_sc_hd__clkbuf_16)
     8    0.024064    0.045479    0.149651    0.410369 ^ clkbuf_3_0__f_clk/X (sky130_fd_sc_hd__clkbuf_16)
                                                         clknet_3_0__leaf_clk (net)
                      0.045482    0.000425    0.410793 ^ _1600_/CLK (sky130_fd_sc_hd__dfxtp_2)
                                  0.250000    0.660793   clock uncertainty
                                  0.000000    0.660793   clock reconvergence pessimism
                                 -0.029513    0.631280   library hold time
                                              0.631280   data required time
---------------------------------------------------------------------------------------------
                                              0.631280   data required time
                                             -1.101944   data arrival time
---------------------------------------------------------------------------------------------
                                              0.470664   slack (MET)


Startpoint: _1594_ (rising edge-triggered flip-flop clocked by clk)
Endpoint: _1594_ (rising edge-triggered flip-flop clocked by clk)
Path Group: clk
Path Type: min

Fanout         Cap        Slew       Delay        Time   Description
---------------------------------------------------------------------------------------------
                                  0.000000    0.000000   clock clk (rise edge)
                                  0.000000    0.000000   clock source latency
     1    0.020019    0.095798    0.065992    0.065992 ^ clk (in)
                                                         clk (net)
                      0.095807    0.000000    0.065992 ^ clkbuf_0_clk/A (sky130_fd_sc_hd__clkbuf_16)
     8    0.083957    0.100894    0.191798    0.257790 ^ clkbuf_0_clk/X (sky130_fd_sc_hd__clkbuf_16)
                                                         clknet_0_clk (net)
                      0.101101    0.003241    0.261031 ^ clkbuf_3_7__f_clk/A (sky130_fd_sc_hd__clkbuf_16)
     8    0.027547    0.048863    0.152702    0.413733 ^ clkbuf_3_7__f_clk/X (sky130_fd_sc_hd__clkbuf_16)
                                                         clknet_3_7__leaf_clk (net)
                      0.048883    0.001361    0.415093 ^ _1594_/CLK (sky130_fd_sc_hd__dfxtp_2)
     4    0.029819    0.155550    0.402038    0.817131 ^ _1594_/Q (sky130_fd_sc_hd__dfxtp_2)
                                                         u_dp.b_q[2] (net)
                      0.155550    0.000348    0.817479 ^ _1461_/A (sky130_fd_sc_hd__or2_2)
     1    0.003038    0.030448    0.134157    0.951636 ^ _1461_/X (sky130_fd_sc_hd__or2_2)
                                                         _0712_ (net)
                      0.030448    0.000089    0.951725 ^ _1462_/B1 (sky130_fd_sc_hd__o211a_2)
     1    0.002784    0.041059    0.155567    1.107291 ^ _1462_/X (sky130_fd_sc_hd__o211a_2)
                                                         _0022_ (net)
                      0.041059    0.000084    1.107375 ^ _1594_/D (sky130_fd_sc_hd__dfxtp_2)
                                              1.107375   data arrival time

                                  0.000000    0.000000   clock clk (rise edge)
                                  0.000000    0.000000   clock source latency
     1    0.020019    0.095798    0.065992    0.065992 ^ clk (in)
                                                         clk (net)
                      0.095807    0.000000    0.065992 ^ clkbuf_0_clk/A (sky130_fd_sc_hd__clkbuf_16)
     8    0.083957    0.100894    0.191798    0.257790 ^ clkbuf_0_clk/X (sky130_fd_sc_hd__clkbuf_16)
                                                         clknet_0_clk (net)
                      0.101101    0.003241    0.261031 ^ clkbuf_3_7__f_clk/A (sky130_fd_sc_hd__clkbuf_16)
     8    0.027547    0.048863    0.152702    0.413733 ^ clkbuf_3_7__f_clk/X (sky130_fd_sc_hd__clkbuf_16)
                                                         clknet_3_7__leaf_clk (net)
                      0.048883    0.001361    0.415093 ^ _1594_/CLK (sky130_fd_sc_hd__dfxtp_2)
                                  0.250000    0.665093   clock uncertainty
                                  0.000000    0.665093   clock reconvergence pessimism
                                 -0.029862    0.635231   library hold time
                                              0.635231   data required time
---------------------------------------------------------------------------------------------
                                              0.635231   data required time
                                             -1.107375   data arrival time
---------------------------------------------------------------------------------------------
                                              0.472144   slack (MET)


Startpoint: _1619_ (rising edge-triggered flip-flop clocked by clk)
Endpoint: _1579_ (rising edge-triggered flip-flop clocked by clk)
Path Group: clk
Path Type: min

Fanout         Cap        Slew       Delay        Time   Description
---------------------------------------------------------------------------------------------
                                  0.000000    0.000000   clock clk (rise edge)
                                  0.000000    0.000000   clock source latency
     1    0.020019    0.095798    0.065992    0.065992 ^ clk (in)
                                                         clk (net)
                      0.095807    0.000000    0.065992 ^ clkbuf_0_clk/A (sky130_fd_sc_hd__clkbuf_16)
     8    0.083957    0.100894    0.191798    0.257790 ^ clkbuf_0_clk/X (sky130_fd_sc_hd__clkbuf_16)
                                                         clknet_0_clk (net)
                      0.101071    0.002927    0.260717 ^ clkbuf_3_0__f_clk/A (sky130_fd_sc_hd__clkbuf_16)
     8    0.024064    0.045479    0.149651    0.410369 ^ clkbuf_3_0__f_clk/X (sky130_fd_sc_hd__clkbuf_16)
                                                         clknet_3_0__leaf_clk (net)
                      0.045501    0.000869    0.411237 ^ _1619_/CLK (sky130_fd_sc_hd__dfxtp_2)
     4    0.028342    0.148571    0.395349    0.806586 ^ _1619_/Q (sky130_fd_sc_hd__dfxtp_2)
                                                         u_dp.acc_q[19] (net)
                      0.148571    0.000490    0.807076 ^ _1422_/B2 (sky130_fd_sc_hd__a22o_2)
     1    0.008225    0.058122    0.172636    0.979712 ^ _1422_/X (sky130_fd_sc_hd__a22o_2)
                                                         _0688_ (net)
                      0.058124    0.000368    0.980079 ^ _1423_/B1 (sky130_fd_sc_hd__a21oi_2)
     1    0.011244    0.035979    0.048385    1.028465 v _1423_/Y (sky130_fd_sc_hd__a21oi_2)
                                                         _0689_ (net)
                      0.036002    0.000425    1.028889 v _1424_/B (sky130_fd_sc_hd__nor2_2)
     1    0.004411    0.075818    0.078300    1.107190 ^ _1424_/Y (sky130_fd_sc_hd__nor2_2)
                                                         _0007_ (net)
                      0.075818    0.000166    1.107355 ^ _1579_/D (sky130_fd_sc_hd__dfxtp_2)
                                              1.107355   data arrival time

                                  0.000000    0.000000   clock clk (rise edge)
                                  0.000000    0.000000   clock source latency
     1    0.020019    0.095798    0.065992    0.065992 ^ clk (in)
                                                         clk (net)
                      0.095807    0.000000    0.065992 ^ clkbuf_0_clk/A (sky130_fd_sc_hd__clkbuf_16)
     8    0.083957    0.100894    0.191798    0.257790 ^ clkbuf_0_clk/X (sky130_fd_sc_hd__clkbuf_16)
                                                         clknet_0_clk (net)
                      0.101070    0.002924    0.260714 ^ clkbuf_3_5__f_clk/A (sky130_fd_sc_hd__clkbuf_16)
     8    0.029544    0.050696    0.154631    0.415345 ^ clkbuf_3_5__f_clk/X (sky130_fd_sc_hd__clkbuf_16)
                                                         clknet_3_5__leaf_clk (net)
                      0.050698    0.000633    0.415978 ^ _1579_/CLK (sky130_fd_sc_hd__dfxtp_2)
                                  0.250000    0.665978   clock uncertainty
                                  0.000000    0.665978   clock reconvergence pessimism
                                 -0.036818    0.629161   library hold time
                                              0.629161   data required time
---------------------------------------------------------------------------------------------
                                              0.629161   data required time
                                             -1.107355   data arrival time
---------------------------------------------------------------------------------------------
                                              0.478195   slack (MET)


Startpoint: _1616_ (rising edge-triggered flip-flop clocked by clk)
Endpoint: _1576_ (rising edge-triggered flip-flop clocked by clk)
Path Group: clk
Path Type: min

Fanout         Cap        Slew       Delay        Time   Description
---------------------------------------------------------------------------------------------
                                  0.000000    0.000000   clock clk (rise edge)
                                  0.000000    0.000000   clock source latency
     1    0.020019    0.095798    0.065992    0.065992 ^ clk (in)
                                                         clk (net)
                      0.095807    0.000000    0.065992 ^ clkbuf_0_clk/A (sky130_fd_sc_hd__clkbuf_16)
     8    0.083957    0.100894    0.191798    0.257790 ^ clkbuf_0_clk/X (sky130_fd_sc_hd__clkbuf_16)
                                                         clknet_0_clk (net)
                      0.101068    0.002896    0.260686 ^ clkbuf_3_1__f_clk/A (sky130_fd_sc_hd__clkbuf_16)
     8    0.023578    0.045034    0.149294    0.409980 ^ clkbuf_3_1__f_clk/X (sky130_fd_sc_hd__clkbuf_16)
                                                         clknet_3_1__leaf_clk (net)
                      0.045040    0.000506    0.410486 ^ _1616_/CLK (sky130_fd_sc_hd__dfxtp_2)
     4    0.027018    0.142093    0.391062    0.801549 ^ _1616_/Q (sky130_fd_sc_hd__dfxtp_2)
                                                         u_dp.acc_q[16] (net)
                      0.142093    0.000524    0.802073 ^ _1413_/B2 (sky130_fd_sc_hd__a22o_2)
     1    0.006734    0.051402    0.164856    0.966929 ^ _1413_/X (sky130_fd_sc_hd__a22o_2)
                                                         _0682_ (net)
                      0.051402    0.000243    0.967172 ^ _1414_/B1 (sky130_fd_sc_hd__a21oi_2)
     1    0.011273    0.034788    0.046399    1.013571 v _1414_/Y (sky130_fd_sc_hd__a21oi_2)
                                                         _0683_ (net)
                      0.034811    0.000688    1.014259 v _1415_/B (sky130_fd_sc_hd__nor2_2)
     1    0.006034    0.091472    0.090364    1.104623 ^ _1415_/Y (sky130_fd_sc_hd__nor2_2)
                                                         _0004_ (net)
                      0.091472    0.000201    1.104824 ^ _1576_/D (sky130_fd_sc_hd__dfxtp_2)
                                              1.104824   data arrival time

                                  0.000000    0.000000   clock clk (rise edge)
                                  0.000000    0.000000   clock source latency
     1    0.020019    0.095798    0.065992    0.065992 ^ clk (in)
                                                         clk (net)
                      0.095807    0.000000    0.065992 ^ clkbuf_0_clk/A (sky130_fd_sc_hd__clkbuf_16)
     8    0.083957    0.100894    0.191798    0.257790 ^ clkbuf_0_clk/X (sky130_fd_sc_hd__clkbuf_16)
                                                         clknet_0_clk (net)
                      0.101070    0.002924    0.260714 ^ clkbuf_3_5__f_clk/A (sky130_fd_sc_hd__clkbuf_16)
     8    0.029544    0.050696    0.154631    0.415345 ^ clkbuf_3_5__f_clk/X (sky130_fd_sc_hd__clkbuf_16)
                                                         clknet_3_5__leaf_clk (net)
                      0.050698    0.000635    0.415980 ^ _1576_/CLK (sky130_fd_sc_hd__dfxtp_2)
                                  0.250000    0.665980   clock uncertainty
                                  0.000000    0.665980   clock reconvergence pessimism
                                 -0.040057    0.625923   library hold time
                                              0.625923   data required time
---------------------------------------------------------------------------------------------
                                              0.625923   data required time
                                             -1.104824   data arrival time
---------------------------------------------------------------------------------------------
                                              0.478901   slack (MET)


Startpoint: _1574_ (rising edge-triggered flip-flop clocked by clk)
Endpoint: _1634_ (rising edge-triggered flip-flop clocked by clk)
Path Group: clk
Path Type: min

Fanout         Cap        Slew       Delay        Time   Description
---------------------------------------------------------------------------------------------
                                  0.000000    0.000000   clock clk (rise edge)
                                  0.000000    0.000000   clock source latency
     1    0.020019    0.095798    0.065992    0.065992 ^ clk (in)
                                                         clk (net)
                      0.095807    0.000000    0.065992 ^ clkbuf_0_clk/A (sky130_fd_sc_hd__clkbuf_16)
     8    0.083957    0.100894    0.191798    0.257790 ^ clkbuf_0_clk/X (sky130_fd_sc_hd__clkbuf_16)
                                                         clknet_0_clk (net)
                      0.101071    0.002934    0.260724 ^ clkbuf_3_3__f_clk/A (sky130_fd_sc_hd__clkbuf_16)
     8    0.031114    0.051988    0.155614    0.416339 ^ clkbuf_3_3__f_clk/X (sky130_fd_sc_hd__clkbuf_16)
                                                         clknet_3_3__leaf_clk (net)
                      0.051994    0.000972    0.417311 ^ _1574_/CLK (sky130_fd_sc_hd__dfxtp_2)
     3    0.013939    0.079329    0.348455    0.765766 ^ _1574_/Q (sky130_fd_sc_hd__dfxtp_2)
                                                         busy (net)
                      0.079332    0.000596    0.766362 ^ _0794_/A (sky130_fd_sc_hd__nor2_2)
     4    0.011823    0.041547    0.061494    0.827856 v _0794_/Y (sky130_fd_sc_hd__nor2_2)
                                                         _0067_ (net)
                      0.041547    0.000194    0.828051 v _0796_/B (sky130_fd_sc_hd__nand2_2)
     2    0.006742    0.053679    0.069071    0.897121 ^ _0796_/Y (sky130_fd_sc_hd__nand2_2)
                                                         _0069_ (net)
                      0.053679    0.000175    0.897296 ^ _0798_/A1 (sky130_fd_sc_hd__o211a_2)
     1    0.003799    0.046287    0.174354    1.071650 ^ _0798_/X (sky130_fd_sc_hd__o211a_2)
                                                         _0071_ (net)
                      0.046287    0.000124    1.071774 ^ _0799_/B1 (sky130_fd_sc_hd__a41o_2)
     1    0.002378    0.026741    0.082497    1.154272 ^ _0799_/X (sky130_fd_sc_hd__a41o_2)
                                                         _0001_ (net)
                      0.026741    0.000069    1.154340 ^ _1634_/D (sky130_fd_sc_hd__dfxtp_2)
                                              1.154340   data arrival time

                                  0.000000    0.000000   clock clk (rise edge)
                                  0.000000    0.000000   clock source latency
     1    0.020019    0.095798    0.065992    0.065992 ^ clk (in)
                                                         clk (net)
                      0.095807    0.000000    0.065992 ^ clkbuf_0_clk/A (sky130_fd_sc_hd__clkbuf_16)
     8    0.083957    0.100894    0.191798    0.257790 ^ clkbuf_0_clk/X (sky130_fd_sc_hd__clkbuf_16)
                                                         clknet_0_clk (net)
                      0.101070    0.002924    0.260714 ^ clkbuf_3_5__f_clk/A (sky130_fd_sc_hd__clkbuf_16)
     8    0.029544    0.050696    0.154631    0.415345 ^ clkbuf_3_5__f_clk/X (sky130_fd_sc_hd__clkbuf_16)
                                                         clknet_3_5__leaf_clk (net)
                      0.050696    0.000310    0.415656 ^ _1634_/CLK (sky130_fd_sc_hd__dfxtp_2)
                                  0.250000    0.665656   clock uncertainty
                                  0.000000    0.665656   clock reconvergence pessimism
                                 -0.026660    0.638995   library hold time
                                              0.638995   data required time
---------------------------------------------------------------------------------------------
                                              0.638995   data required time
                                             -1.154340   data arrival time
---------------------------------------------------------------------------------------------
                                              0.515345   slack (MET)


Startpoint: _1574_ (rising edge-triggered flip-flop clocked by clk)
Endpoint: _1633_ (rising edge-triggered flip-flop clocked by clk)
Path Group: clk
Path Type: min

Fanout         Cap        Slew       Delay        Time   Description
---------------------------------------------------------------------------------------------
                                  0.000000    0.000000   clock clk (rise edge)
                                  0.000000    0.000000   clock source latency
     1    0.020019    0.095798    0.065992    0.065992 ^ clk (in)
                                                         clk (net)
                      0.095807    0.000000    0.065992 ^ clkbuf_0_clk/A (sky130_fd_sc_hd__clkbuf_16)
     8    0.083957    0.100894    0.191798    0.257790 ^ clkbuf_0_clk/X (sky130_fd_sc_hd__clkbuf_16)
                                                         clknet_0_clk (net)
                      0.101071    0.002934    0.260724 ^ clkbuf_3_3__f_clk/A (sky130_fd_sc_hd__clkbuf_16)
     8    0.031114    0.051988    0.155614    0.416339 ^ clkbuf_3_3__f_clk/X (sky130_fd_sc_hd__clkbuf_16)
                                                         clknet_3_3__leaf_clk (net)
                      0.051994    0.000972    0.417311 ^ _1574_/CLK (sky130_fd_sc_hd__dfxtp_2)
     3    0.013939    0.079329    0.348455    0.765766 ^ _1574_/Q (sky130_fd_sc_hd__dfxtp_2)
                                                         busy (net)
                      0.079332    0.000596    0.766362 ^ _0794_/A (sky130_fd_sc_hd__nor2_2)
     4    0.011823    0.041547    0.061494    0.827856 v _0794_/Y (sky130_fd_sc_hd__nor2_2)
                                                         _0067_ (net)
                      0.041547    0.000194    0.828051 v _0796_/B (sky130_fd_sc_hd__nand2_2)
     2    0.006742    0.053679    0.069071    0.897121 ^ _0796_/Y (sky130_fd_sc_hd__nand2_2)
                                                         _0069_ (net)
                      0.053679    0.000099    0.897220 ^ _0800_/A1 (sky130_fd_sc_hd__o211a_2)
     1    0.003488    0.044521    0.172457    1.069677 ^ _0800_/X (sky130_fd_sc_hd__o211a_2)
                                                         _0072_ (net)
                      0.044521    0.000107    1.069784 ^ _0801_/B1 (sky130_fd_sc_hd__a41o_2)
     1    0.004226    0.035630    0.090909    1.160693 ^ _0801_/X (sky130_fd_sc_hd__a41o_2)
                                                         _0000_ (net)
                      0.035635    0.000153    1.160846 ^ _1633_/D (sky130_fd_sc_hd__dfxtp_2)
                                              1.160846   data arrival time

                                  0.000000    0.000000   clock clk (rise edge)
                                  0.000000    0.000000   clock source latency
     1    0.020019    0.095798    0.065992    0.065992 ^ clk (in)
                                                         clk (net)
                      0.095807    0.000000    0.065992 ^ clkbuf_0_clk/A (sky130_fd_sc_hd__clkbuf_16)
     8    0.083957    0.100894    0.191798    0.257790 ^ clkbuf_0_clk/X (sky130_fd_sc_hd__clkbuf_16)
                                                         clknet_0_clk (net)
                      0.101070    0.002924    0.260714 ^ clkbuf_3_5__f_clk/A (sky130_fd_sc_hd__clkbuf_16)
     8    0.029544    0.050696    0.154631    0.415345 ^ clkbuf_3_5__f_clk/X (sky130_fd_sc_hd__clkbuf_16)
                                                         clknet_3_5__leaf_clk (net)
                      0.050696    0.000291    0.415636 ^ _1633_/CLK (sky130_fd_sc_hd__dfxtp_2)
                                  0.250000    0.665636   clock uncertainty
                                  0.000000    0.665636   clock reconvergence pessimism
                                 -0.028501    0.637135   library hold time
                                              0.637135   data required time
---------------------------------------------------------------------------------------------
                                              0.637135   data required time
                                             -1.160846   data arrival time
---------------------------------------------------------------------------------------------
                                              0.523711   slack (MET)


Startpoint: _1636_ (rising edge-triggered flip-flop clocked by clk)
Endpoint: _1635_ (rising edge-triggered flip-flop clocked by clk)
Path Group: clk
Path Type: min

Fanout         Cap        Slew       Delay        Time   Description
---------------------------------------------------------------------------------------------
                                  0.000000    0.000000   clock clk (rise edge)
                                  0.000000    0.000000   clock source latency
     1    0.020019    0.095798    0.065992    0.065992 ^ clk (in)
                                                         clk (net)
                      0.095807    0.000000    0.065992 ^ clkbuf_0_clk/A (sky130_fd_sc_hd__clkbuf_16)
     8    0.083957    0.100894    0.191798    0.257790 ^ clkbuf_0_clk/X (sky130_fd_sc_hd__clkbuf_16)
                                                         clknet_0_clk (net)
                      0.101101    0.003241    0.261031 ^ clkbuf_3_7__f_clk/A (sky130_fd_sc_hd__clkbuf_16)
     8    0.027547    0.048863    0.152702    0.413733 ^ clkbuf_3_7__f_clk/X (sky130_fd_sc_hd__clkbuf_16)
                                                         clknet_3_7__leaf_clk (net)
                      0.048888    0.001596    0.415328 ^ _1636_/CLK (sky130_fd_sc_hd__dfxtp_2)
     1    0.001951    0.026701    0.301200    0.716528 ^ _1636_/Q (sky130_fd_sc_hd__dfxtp_2)
                                                         u_rst_sync.rst_ff1 (net)
                      0.026701    0.000054    0.716582 ^ hold82/A (sky130_fd_sc_hd__dlygate4sd3_1)
     1    0.002523    0.050535    0.526266    1.242848 ^ hold82/X (sky130_fd_sc_hd__dlygate4sd3_1)
                                                         net82 (net)
                      0.050535    0.000073    1.242921 ^ _1635_/D (sky130_fd_sc_hd__dfxtp_2)
                                              1.242921   data arrival time

                                  0.000000    0.000000   clock clk (rise edge)
                                  0.000000    0.000000   clock source latency
     1    0.020019    0.095798    0.065992    0.065992 ^ clk (in)
                                                         clk (net)
                      0.095807    0.000000    0.065992 ^ clkbuf_0_clk/A (sky130_fd_sc_hd__clkbuf_16)
     8    0.083957    0.100894    0.191798    0.257790 ^ clkbuf_0_clk/X (sky130_fd_sc_hd__clkbuf_16)
                                                         clknet_0_clk (net)
                      0.101100    0.003229    0.261019 ^ clkbuf_3_6__f_clk/A (sky130_fd_sc_hd__clkbuf_16)
     8    0.024440    0.045835    0.149878    0.410897 ^ clkbuf_3_6__f_clk/X (sky130_fd_sc_hd__clkbuf_16)
                                                         clknet_3_6__leaf_clk (net)
                      0.045864    0.001011    0.411908 ^ _1635_/CLK (sky130_fd_sc_hd__dfxtp_2)
                                  0.250000    0.661908   clock uncertainty
                                  0.000000    0.661908   clock reconvergence pessimism
                                 -0.032222    0.629686   library hold time
                                              0.629686   data required time
---------------------------------------------------------------------------------------------
                                              0.629686   data required time
                                             -1.242921   data arrival time
---------------------------------------------------------------------------------------------
                                              0.613235   slack (MET)


Startpoint: _1574_ (rising edge-triggered flip-flop clocked by clk)
Endpoint: _1590_ (rising edge-triggered flip-flop clocked by clk)
Path Group: clk
Path Type: min

Fanout         Cap        Slew       Delay        Time   Description
---------------------------------------------------------------------------------------------
                                  0.000000    0.000000   clock clk (rise edge)
                                  0.000000    0.000000   clock source latency
     1    0.020019    0.095798    0.065992    0.065992 ^ clk (in)
                                                         clk (net)
                      0.095807    0.000000    0.065992 ^ clkbuf_0_clk/A (sky130_fd_sc_hd__clkbuf_16)
     8    0.083957    0.100894    0.191798    0.257790 ^ clkbuf_0_clk/X (sky130_fd_sc_hd__clkbuf_16)
                                                         clknet_0_clk (net)
                      0.101071    0.002934    0.260724 ^ clkbuf_3_3__f_clk/A (sky130_fd_sc_hd__clkbuf_16)
     8    0.031114    0.051988    0.155614    0.416339 ^ clkbuf_3_3__f_clk/X (sky130_fd_sc_hd__clkbuf_16)
                                                         clknet_3_3__leaf_clk (net)
                      0.051994    0.000972    0.417311 ^ _1574_/CLK (sky130_fd_sc_hd__dfxtp_2)
     3    0.013939    0.079329    0.348455    0.765766 ^ _1574_/Q (sky130_fd_sc_hd__dfxtp_2)
                                                         busy (net)
                      0.079332    0.000579    0.766344 ^ _0805_/A (sky130_fd_sc_hd__or3_2)
     2    0.008256    0.052585    0.134621    0.900966 ^ _0805_/X (sky130_fd_sc_hd__or3_2)
                                                         _0075_ (net)
                      0.052585    0.000232    0.901198 ^ _1438_/B (sky130_fd_sc_hd__or3b_2)
     9    0.033897    0.196249    0.223745    1.124943 ^ _1438_/X (sky130_fd_sc_hd__or3b_2)
                                                         _0699_ (net)
                      0.196275    0.001856    1.126799 ^ _1452_/A2 (sky130_fd_sc_hd__o211a_2)
     1    0.002258    0.038414    0.185332    1.312131 ^ _1452_/X (sky130_fd_sc_hd__o211a_2)
                                                         _0018_ (net)
                      0.038414    0.000048    1.312180 ^ _1590_/D (sky130_fd_sc_hd__dfxtp_2)
                                              1.312180   data arrival time

                                  0.000000    0.000000   clock clk (rise edge)
                                  0.000000    0.000000   clock source latency
     1    0.020019    0.095798    0.065992    0.065992 ^ clk (in)
                                                         clk (net)
                      0.095807    0.000000    0.065992 ^ clkbuf_0_clk/A (sky130_fd_sc_hd__clkbuf_16)
     8    0.083957    0.100894    0.191798    0.257790 ^ clkbuf_0_clk/X (sky130_fd_sc_hd__clkbuf_16)
                                                         clknet_0_clk (net)
                      0.101101    0.003241    0.261031 ^ clkbuf_3_7__f_clk/A (sky130_fd_sc_hd__clkbuf_16)
     8    0.027547    0.048863    0.152702    0.413733 ^ clkbuf_3_7__f_clk/X (sky130_fd_sc_hd__clkbuf_16)
                                                         clknet_3_7__leaf_clk (net)
                      0.048889    0.001672    0.415405 ^ _1590_/CLK (sky130_fd_sc_hd__dfxtp_2)
                                  0.250000    0.665405   clock uncertainty
                                  0.000000    0.665405   clock reconvergence pessimism
                                 -0.029314    0.636091   library hold time
                                              0.636091   data required time
---------------------------------------------------------------------------------------------
                                              0.636091   data required time
                                             -1.312180   data arrival time
---------------------------------------------------------------------------------------------
                                              0.676089   slack (MET)


Startpoint: _1591_ (rising edge-triggered flip-flop clocked by clk)
Endpoint: _1591_ (rising edge-triggered flip-flop clocked by clk)
Path Group: clk
Path Type: min

Fanout         Cap        Slew       Delay        Time   Description
---------------------------------------------------------------------------------------------
                                  0.000000    0.000000   clock clk (rise edge)
                                  0.000000    0.000000   clock source latency
     1    0.020019    0.095798    0.065992    0.065992 ^ clk (in)
                                                         clk (net)
                      0.095807    0.000000    0.065992 ^ clkbuf_0_clk/A (sky130_fd_sc_hd__clkbuf_16)
     8    0.083957    0.100894    0.191798    0.257790 ^ clkbuf_0_clk/X (sky130_fd_sc_hd__clkbuf_16)
                                                         clknet_0_clk (net)
                      0.101070    0.002924    0.260714 ^ clkbuf_3_5__f_clk/A (sky130_fd_sc_hd__clkbuf_16)
     8    0.029544    0.050696    0.154631    0.415345 ^ clkbuf_3_5__f_clk/X (sky130_fd_sc_hd__clkbuf_16)
                                                         clknet_3_5__leaf_clk (net)
                      0.050697    0.000529    0.415874 ^ _1591_/CLK (sky130_fd_sc_hd__dfxtp_2)
     2    0.011615    0.068800    0.339769    0.755643 ^ _1591_/Q (sky130_fd_sc_hd__dfxtp_2)
                                                         u_dp.a_q[7] (net)
                      0.068800    0.000233    0.755876 ^ fanout58/A (sky130_fd_sc_hd__clkdlybuf4s25_1)
     5    0.022140    0.228175    0.384497    1.140373 ^ fanout58/X (sky130_fd_sc_hd__clkdlybuf4s25_1)
                                                         net58 (net)
                      0.228175    0.000265    1.140638 ^ _1454_/A1 (sky130_fd_sc_hd__o211a_2)
     1    0.002296    0.038573    0.201611    1.342250 ^ _1454_/X (sky130_fd_sc_hd__o211a_2)
                                                         _0019_ (net)
                      0.038573    0.000067    1.342317 ^ _1591_/D (sky130_fd_sc_hd__dfxtp_2)
                                              1.342317   data arrival time

                                  0.000000    0.000000   clock clk (rise edge)
                                  0.000000    0.000000   clock source latency
     1    0.020019    0.095798    0.065992    0.065992 ^ clk (in)
                                                         clk (net)
                      0.095807    0.000000    0.065992 ^ clkbuf_0_clk/A (sky130_fd_sc_hd__clkbuf_16)
     8    0.083957    0.100894    0.191798    0.257790 ^ clkbuf_0_clk/X (sky130_fd_sc_hd__clkbuf_16)
                                                         clknet_0_clk (net)
                      0.101070    0.002924    0.260714 ^ clkbuf_3_5__f_clk/A (sky130_fd_sc_hd__clkbuf_16)
     8    0.029544    0.050696    0.154631    0.415345 ^ clkbuf_3_5__f_clk/X (sky130_fd_sc_hd__clkbuf_16)
                                                         clknet_3_5__leaf_clk (net)
                      0.050697    0.000529    0.415874 ^ _1591_/CLK (sky130_fd_sc_hd__dfxtp_2)
                                  0.250000    0.665874   clock uncertainty
                                  0.000000    0.665874   clock reconvergence pessimism
                                 -0.029109    0.636764   library hold time
                                              0.636764   data required time
---------------------------------------------------------------------------------------------
                                              0.636764   data required time
                                             -1.342317   data arrival time
---------------------------------------------------------------------------------------------
                                              0.705552   slack (MET)


Startpoint: _1627_ (rising edge-triggered flip-flop clocked by clk)
Endpoint: _1628_ (rising edge-triggered flip-flop clocked by clk)
Path Group: clk
Path Type: min

Fanout         Cap        Slew       Delay        Time   Description
---------------------------------------------------------------------------------------------
                                  0.000000    0.000000   clock clk (rise edge)
                                  0.000000    0.000000   clock source latency
     1    0.020019    0.095798    0.065992    0.065992 ^ clk (in)
                                                         clk (net)
                      0.095807    0.000000    0.065992 ^ clkbuf_0_clk/A (sky130_fd_sc_hd__clkbuf_16)
     8    0.083957    0.100894    0.191798    0.257790 ^ clkbuf_0_clk/X (sky130_fd_sc_hd__clkbuf_16)
                                                         clknet_0_clk (net)
                      0.101064    0.002847    0.260637 ^ clkbuf_3_2__f_clk/A (sky130_fd_sc_hd__clkbuf_16)
     8    0.024839    0.046192    0.150275    0.410912 ^ clkbuf_3_2__f_clk/X (sky130_fd_sc_hd__clkbuf_16)
                                                         clknet_3_2__leaf_clk (net)
                      0.046238    0.001259    0.412171 ^ _1627_/CLK (sky130_fd_sc_hd__dfxtp_2)
     1    0.002767    0.029664    0.303979    0.716150 ^ _1627_/Q (sky130_fd_sc_hd__dfxtp_2)
                                                         u_sync.seen_reset[0] (net)
                      0.029664    0.000080    0.716230 ^ hold83/A (sky130_fd_sc_hd__dlygate4sd3_1)
     1    0.001739    0.044684    0.519892    1.236122 ^ hold83/X (sky130_fd_sc_hd__dlygate4sd3_1)
                                                         net83 (net)
                      0.044684    0.000033    1.236155 ^ _1565_/B (sky130_fd_sc_hd__and2_2)
     1    0.002561    0.035764    0.126251    1.362406 ^ _1565_/X (sky130_fd_sc_hd__and2_2)
                                                         _0055_ (net)
                      0.035764    0.000074    1.362480 ^ _1628_/D (sky130_fd_sc_hd__dfxtp_2)
                                              1.362480   data arrival time

                                  0.000000    0.000000   clock clk (rise edge)
                                  0.000000    0.000000   clock source latency
     1    0.020019    0.095798    0.065992    0.065992 ^ clk (in)
                                                         clk (net)
                      0.095807    0.000000    0.065992 ^ clkbuf_0_clk/A (sky130_fd_sc_hd__clkbuf_16)
     8    0.083957    0.100894    0.191798    0.257790 ^ clkbuf_0_clk/X (sky130_fd_sc_hd__clkbuf_16)
                                                         clknet_0_clk (net)
                      0.101064    0.002847    0.260637 ^ clkbuf_3_2__f_clk/A (sky130_fd_sc_hd__clkbuf_16)
     8    0.024839    0.046192    0.150275    0.410912 ^ clkbuf_3_2__f_clk/X (sky130_fd_sc_hd__clkbuf_16)
                                                         clknet_3_2__leaf_clk (net)
                      0.046235    0.001229    0.412141 ^ _1628_/CLK (sky130_fd_sc_hd__dfxtp_2)
                                  0.250000    0.662141   clock uncertainty
                                  0.000000    0.662141   clock reconvergence pessimism
                                 -0.029114    0.633027   library hold time
                                              0.633027   data required time
---------------------------------------------------------------------------------------------
                                              0.633027   data required time
                                             -1.362480   data arrival time
---------------------------------------------------------------------------------------------
                                              0.729454   slack (MET)


Startpoint: _1574_ (rising edge-triggered flip-flop clocked by clk)
Endpoint: _1596_ (rising edge-triggered flip-flop clocked by clk)
Path Group: clk
Path Type: min

Fanout         Cap        Slew       Delay        Time   Description
---------------------------------------------------------------------------------------------
                                  0.000000    0.000000   clock clk (rise edge)
                                  0.000000    0.000000   clock source latency
     1    0.020019    0.095798    0.065992    0.065992 ^ clk (in)
                                                         clk (net)
                      0.095807    0.000000    0.065992 ^ clkbuf_0_clk/A (sky130_fd_sc_hd__clkbuf_16)
     8    0.083957    0.100894    0.191798    0.257790 ^ clkbuf_0_clk/X (sky130_fd_sc_hd__clkbuf_16)
                                                         clknet_0_clk (net)
                      0.101071    0.002934    0.260724 ^ clkbuf_3_3__f_clk/A (sky130_fd_sc_hd__clkbuf_16)
     8    0.031114    0.051988    0.155614    0.416339 ^ clkbuf_3_3__f_clk/X (sky130_fd_sc_hd__clkbuf_16)
                                                         clknet_3_3__leaf_clk (net)
                      0.051994    0.000972    0.417311 ^ _1574_/CLK (sky130_fd_sc_hd__dfxtp_2)
     3    0.013939    0.079329    0.348455    0.765766 ^ _1574_/Q (sky130_fd_sc_hd__dfxtp_2)
                                                         busy (net)
                      0.079332    0.000596    0.766362 ^ _0794_/A (sky130_fd_sc_hd__nor2_2)
     4    0.011823    0.041547    0.061494    0.827856 v _0794_/Y (sky130_fd_sc_hd__nor2_2)
                                                         _0067_ (net)
                      0.041547    0.000193    0.828049 v _0804_/B (sky130_fd_sc_hd__and2b_2)
     3    0.009223    0.050709    0.206189    1.034238 v _0804_/X (sky130_fd_sc_hd__and2b_2)
                                                         _0074_ (net)
                      0.050709    0.000164    1.034401 v _1456_/C (sky130_fd_sc_hd__nand3_2)
     8    0.031854    0.173961    0.161445    1.195846 ^ _1456_/Y (sky130_fd_sc_hd__nand3_2)
                                                         _0709_ (net)
                      0.173969    0.000957    1.196803 ^ _1466_/A2 (sky130_fd_sc_hd__o211a_2)
     1    0.001998    0.037088    0.179191    1.375995 ^ _1466_/X (sky130_fd_sc_hd__o211a_2)
                                                         _0024_ (net)
                      0.037088    0.000058    1.376052 ^ _1596_/D (sky130_fd_sc_hd__dfxtp_2)
                                              1.376052   data arrival time

                                  0.000000    0.000000   clock clk (rise edge)
                                  0.000000    0.000000   clock source latency
     1    0.020019    0.095798    0.065992    0.065992 ^ clk (in)
                                                         clk (net)
                      0.095807    0.000000    0.065992 ^ clkbuf_0_clk/A (sky130_fd_sc_hd__clkbuf_16)
     8    0.083957    0.100894    0.191798    0.257790 ^ clkbuf_0_clk/X (sky130_fd_sc_hd__clkbuf_16)
                                                         clknet_0_clk (net)
                      0.101101    0.003241    0.261031 ^ clkbuf_3_7__f_clk/A (sky130_fd_sc_hd__clkbuf_16)
     8    0.027547    0.048863    0.152702    0.413733 ^ clkbuf_3_7__f_clk/X (sky130_fd_sc_hd__clkbuf_16)
                                                         clknet_3_7__leaf_clk (net)
                      0.048876    0.000899    0.414632 ^ _1596_/CLK (sky130_fd_sc_hd__dfxtp_2)
                                  0.250000    0.664632   clock uncertainty
                                  0.000000    0.664632   clock reconvergence pessimism
                                 -0.029041    0.635591   library hold time
                                              0.635591   data required time
---------------------------------------------------------------------------------------------
                                              0.635591   data required time
                                             -1.376052   data arrival time
---------------------------------------------------------------------------------------------
                                              0.740461   slack (MET)


Startpoint: _1624_ (rising edge-triggered flip-flop clocked by clk)
Endpoint: _1625_ (rising edge-triggered flip-flop clocked by clk)
Path Group: clk
Path Type: min

Fanout         Cap        Slew       Delay        Time   Description
---------------------------------------------------------------------------------------------
                                  0.000000    0.000000   clock clk (rise edge)
                                  0.000000    0.000000   clock source latency
     1    0.020019    0.095798    0.065992    0.065992 ^ clk (in)
                                                         clk (net)
                      0.095807    0.000000    0.065992 ^ clkbuf_0_clk/A (sky130_fd_sc_hd__clkbuf_16)
     8    0.083957    0.100894    0.191798    0.257790 ^ clkbuf_0_clk/X (sky130_fd_sc_hd__clkbuf_16)
                                                         clknet_0_clk (net)
                      0.101071    0.002934    0.260724 ^ clkbuf_3_3__f_clk/A (sky130_fd_sc_hd__clkbuf_16)
     8    0.031114    0.051988    0.155614    0.416339 ^ clkbuf_3_3__f_clk/X (sky130_fd_sc_hd__clkbuf_16)
                                                         clknet_3_3__leaf_clk (net)
                      0.051996    0.001154    0.417493 ^ _1624_/CLK (sky130_fd_sc_hd__dfxtp_2)
     1    0.003234    0.031314    0.308262    0.725755 ^ _1624_/Q (sky130_fd_sc_hd__dfxtp_2)
                                                         u_sync.ff1 (net)
                      0.031314    0.000098    0.725853 ^ hold84/A (sky130_fd_sc_hd__dlygate4sd3_1)
     1    0.002129    0.047544    0.524080    1.249933 ^ hold84/X (sky130_fd_sc_hd__dlygate4sd3_1)
                                                         net84 (net)
                      0.047544    0.000058    1.249991 ^ _1563_/B (sky130_fd_sc_hd__and2_2)
     1    0.003026    0.037749    0.129501    1.379493 ^ _1563_/X (sky130_fd_sc_hd__and2_2)
                                                         _0053_ (net)
                      0.037749    0.000099    1.379591 ^ _1625_/D (sky130_fd_sc_hd__dfxtp_2)
                                              1.379591   data arrival time

                                  0.000000    0.000000   clock clk (rise edge)
                                  0.000000    0.000000   clock source latency
     1    0.020019    0.095798    0.065992    0.065992 ^ clk (in)
                                                         clk (net)
                      0.095807    0.000000    0.065992 ^ clkbuf_0_clk/A (sky130_fd_sc_hd__clkbuf_16)
     8    0.083957    0.100894    0.191798    0.257790 ^ clkbuf_0_clk/X (sky130_fd_sc_hd__clkbuf_16)
                                                         clknet_0_clk (net)
                      0.101071    0.002934    0.260724 ^ clkbuf_3_3__f_clk/A (sky130_fd_sc_hd__clkbuf_16)
     8    0.031114    0.051988    0.155614    0.416339 ^ clkbuf_3_3__f_clk/X (sky130_fd_sc_hd__clkbuf_16)
                                                         clknet_3_3__leaf_clk (net)
                      0.051997    0.001193    0.417532 ^ _1625_/CLK (sky130_fd_sc_hd__dfxtp_2)
                                  0.250000    0.667532   clock uncertainty
                                  0.000000    0.667532   clock reconvergence pessimism
                                 -0.028768    0.638764   library hold time
                                              0.638764   data required time
---------------------------------------------------------------------------------------------
                                              0.638764   data required time
                                             -1.379591   data arrival time
---------------------------------------------------------------------------------------------
                                              0.740827   slack (MET)


Startpoint: _1574_ (rising edge-triggered flip-flop clocked by clk)
Endpoint: _1593_ (rising edge-triggered flip-flop clocked by clk)
Path Group: clk
Path Type: min

Fanout         Cap        Slew       Delay        Time   Description
---------------------------------------------------------------------------------------------
                                  0.000000    0.000000   clock clk (rise edge)
                                  0.000000    0.000000   clock source latency
     1    0.020019    0.095798    0.065992    0.065992 ^ clk (in)
                                                         clk (net)
                      0.095807    0.000000    0.065992 ^ clkbuf_0_clk/A (sky130_fd_sc_hd__clkbuf_16)
     8    0.083957    0.100894    0.191798    0.257790 ^ clkbuf_0_clk/X (sky130_fd_sc_hd__clkbuf_16)
                                                         clknet_0_clk (net)
                      0.101071    0.002934    0.260724 ^ clkbuf_3_3__f_clk/A (sky130_fd_sc_hd__clkbuf_16)
     8    0.031114    0.051988    0.155614    0.416339 ^ clkbuf_3_3__f_clk/X (sky130_fd_sc_hd__clkbuf_16)
                                                         clknet_3_3__leaf_clk (net)
                      0.051994    0.000972    0.417311 ^ _1574_/CLK (sky130_fd_sc_hd__dfxtp_2)
     3    0.013939    0.079329    0.348455    0.765766 ^ _1574_/Q (sky130_fd_sc_hd__dfxtp_2)
                                                         busy (net)
                      0.079332    0.000596    0.766362 ^ _0794_/A (sky130_fd_sc_hd__nor2_2)
     4    0.011823    0.041547    0.061494    0.827856 v _0794_/Y (sky130_fd_sc_hd__nor2_2)
                                                         _0067_ (net)
                      0.041547    0.000193    0.828049 v _0804_/B (sky130_fd_sc_hd__and2b_2)
     3    0.009223    0.050709    0.206189    1.034238 v _0804_/X (sky130_fd_sc_hd__and2b_2)
                                                         _0074_ (net)
                      0.050709    0.000164    1.034401 v _1456_/C (sky130_fd_sc_hd__nand3_2)
     8    0.031854    0.173961    0.161445    1.195846 ^ _1456_/Y (sky130_fd_sc_hd__nand3_2)
                                                         _0709_ (net)
                      0.173964    0.000604    1.196450 ^ _1460_/A2 (sky130_fd_sc_hd__o211a_2)
     1    0.002202    0.038126    0.180468    1.376917 ^ _1460_/X (sky130_fd_sc_hd__o211a_2)
                                                         _0021_ (net)
                      0.038126    0.000064    1.376982 ^ _1593_/D (sky130_fd_sc_hd__dfxtp_2)
                                              1.376982   data arrival time

                                  0.000000    0.000000   clock clk (rise edge)
                                  0.000000    0.000000   clock source latency
     1    0.020019    0.095798    0.065992    0.065992 ^ clk (in)
                                                         clk (net)
                      0.095807    0.000000    0.065992 ^ clkbuf_0_clk/A (sky130_fd_sc_hd__clkbuf_16)
     8    0.083957    0.100894    0.191798    0.257790 ^ clkbuf_0_clk/X (sky130_fd_sc_hd__clkbuf_16)
                                                         clknet_0_clk (net)
                      0.101100    0.003229    0.261019 ^ clkbuf_3_6__f_clk/A (sky130_fd_sc_hd__clkbuf_16)
     8    0.024440    0.045835    0.149878    0.410897 ^ clkbuf_3_6__f_clk/X (sky130_fd_sc_hd__clkbuf_16)
                                                         clknet_3_6__leaf_clk (net)
                      0.045851    0.000802    0.411699 ^ _1593_/CLK (sky130_fd_sc_hd__dfxtp_2)
                                  0.250000    0.661699   clock uncertainty
                                  0.000000    0.661699   clock reconvergence pessimism
                                 -0.029654    0.632045   library hold time
                                              0.632045   data required time
---------------------------------------------------------------------------------------------
                                              0.632045   data required time
                                             -1.376982   data arrival time
---------------------------------------------------------------------------------------------
                                              0.744937   slack (MET)


Startpoint: _1574_ (rising edge-triggered flip-flop clocked by clk)
Endpoint: _1595_ (rising edge-triggered flip-flop clocked by clk)
Path Group: clk
Path Type: min

Fanout         Cap        Slew       Delay        Time   Description
---------------------------------------------------------------------------------------------
                                  0.000000    0.000000   clock clk (rise edge)
                                  0.000000    0.000000   clock source latency
     1    0.020019    0.095798    0.065992    0.065992 ^ clk (in)
                                                         clk (net)
                      0.095807    0.000000    0.065992 ^ clkbuf_0_clk/A (sky130_fd_sc_hd__clkbuf_16)
     8    0.083957    0.100894    0.191798    0.257790 ^ clkbuf_0_clk/X (sky130_fd_sc_hd__clkbuf_16)
                                                         clknet_0_clk (net)
                      0.101071    0.002934    0.260724 ^ clkbuf_3_3__f_clk/A (sky130_fd_sc_hd__clkbuf_16)
     8    0.031114    0.051988    0.155614    0.416339 ^ clkbuf_3_3__f_clk/X (sky130_fd_sc_hd__clkbuf_16)
                                                         clknet_3_3__leaf_clk (net)
                      0.051994    0.000972    0.417311 ^ _1574_/CLK (sky130_fd_sc_hd__dfxtp_2)
     3    0.013939    0.079329    0.348455    0.765766 ^ _1574_/Q (sky130_fd_sc_hd__dfxtp_2)
                                                         busy (net)
                      0.079332    0.000596    0.766362 ^ _0794_/A (sky130_fd_sc_hd__nor2_2)
     4    0.011823    0.041547    0.061494    0.827856 v _0794_/Y (sky130_fd_sc_hd__nor2_2)
                                                         _0067_ (net)
                      0.041547    0.000193    0.828049 v _0804_/B (sky130_fd_sc_hd__and2b_2)
     3    0.009223    0.050709    0.206189    1.034238 v _0804_/X (sky130_fd_sc_hd__and2b_2)
                                                         _0074_ (net)
                      0.050709    0.000164    1.034401 v _1456_/C (sky130_fd_sc_hd__nand3_2)
     8    0.031854    0.173961    0.161445    1.195846 ^ _1456_/Y (sky130_fd_sc_hd__nand3_2)
                                                         _0709_ (net)
                      0.173964    0.000626    1.196472 ^ _1464_/A2 (sky130_fd_sc_hd__o211a_2)
     1    0.002560    0.039975    0.182700    1.379172 ^ _1464_/X (sky130_fd_sc_hd__o211a_2)
                                                         _0023_ (net)
                      0.039975    0.000075    1.379248 ^ _1595_/D (sky130_fd_sc_hd__dfxtp_2)
                                              1.379248   data arrival time

                                  0.000000    0.000000   clock clk (rise edge)
                                  0.000000    0.000000   clock source latency
     1    0.020019    0.095798    0.065992    0.065992 ^ clk (in)
                                                         clk (net)
                      0.095807    0.000000    0.065992 ^ clkbuf_0_clk/A (sky130_fd_sc_hd__clkbuf_16)
     8    0.083957    0.100894    0.191798    0.257790 ^ clkbuf_0_clk/X (sky130_fd_sc_hd__clkbuf_16)
                                                         clknet_0_clk (net)
                      0.101100    0.003229    0.261019 ^ clkbuf_3_6__f_clk/A (sky130_fd_sc_hd__clkbuf_16)
     8    0.024440    0.045835    0.149878    0.410897 ^ clkbuf_3_6__f_clk/X (sky130_fd_sc_hd__clkbuf_16)
                                                         clknet_3_6__leaf_clk (net)
                      0.045854    0.000855    0.411752 ^ _1595_/CLK (sky130_fd_sc_hd__dfxtp_2)
                                  0.250000    0.661752   clock uncertainty
                                  0.000000    0.661752   clock reconvergence pessimism
                                 -0.030036    0.631715   library hold time
                                              0.631715   data required time
---------------------------------------------------------------------------------------------
                                              0.631715   data required time
                                             -1.379248   data arrival time
---------------------------------------------------------------------------------------------
                                              0.747532   slack (MET)


Startpoint: _1574_ (rising edge-triggered flip-flop clocked by clk)
Endpoint: _1598_ (rising edge-triggered flip-flop clocked by clk)
Path Group: clk
Path Type: min

Fanout         Cap        Slew       Delay        Time   Description
---------------------------------------------------------------------------------------------
                                  0.000000    0.000000   clock clk (rise edge)
                                  0.000000    0.000000   clock source latency
     1    0.020019    0.095798    0.065992    0.065992 ^ clk (in)
                                                         clk (net)
                      0.095807    0.000000    0.065992 ^ clkbuf_0_clk/A (sky130_fd_sc_hd__clkbuf_16)
     8    0.083957    0.100894    0.191798    0.257790 ^ clkbuf_0_clk/X (sky130_fd_sc_hd__clkbuf_16)
                                                         clknet_0_clk (net)
                      0.101071    0.002934    0.260724 ^ clkbuf_3_3__f_clk/A (sky130_fd_sc_hd__clkbuf_16)
     8    0.031114    0.051988    0.155614    0.416339 ^ clkbuf_3_3__f_clk/X (sky130_fd_sc_hd__clkbuf_16)
                                                         clknet_3_3__leaf_clk (net)
                      0.051994    0.000972    0.417311 ^ _1574_/CLK (sky130_fd_sc_hd__dfxtp_2)
     3    0.013939    0.079329    0.348455    0.765766 ^ _1574_/Q (sky130_fd_sc_hd__dfxtp_2)
                                                         busy (net)
                      0.079332    0.000596    0.766362 ^ _0794_/A (sky130_fd_sc_hd__nor2_2)
     4    0.011823    0.041547    0.061494    0.827856 v _0794_/Y (sky130_fd_sc_hd__nor2_2)
                                                         _0067_ (net)
                      0.041547    0.000193    0.828049 v _0804_/B (sky130_fd_sc_hd__and2b_2)
     3    0.009223    0.050709    0.206189    1.034238 v _0804_/X (sky130_fd_sc_hd__and2b_2)
                                                         _0074_ (net)
                      0.050709    0.000164    1.034401 v _1456_/C (sky130_fd_sc_hd__nand3_2)
     8    0.031854    0.173961    0.161445    1.195846 ^ _1456_/Y (sky130_fd_sc_hd__nand3_2)
                                                         _0709_ (net)
                      0.173970    0.001026    1.196872 ^ _1470_/A2 (sky130_fd_sc_hd__o211a_2)
     1    0.003431    0.044523    0.188137    1.385008 ^ _1470_/X (sky130_fd_sc_hd__o211a_2)
                                                         _0026_ (net)
                      0.044523    0.000110    1.385118 ^ _1598_/D (sky130_fd_sc_hd__dfxtp_2)
                                              1.385118   data arrival time

                                  0.000000    0.000000   clock clk (rise edge)
                                  0.000000    0.000000   clock source latency
     1    0.020019    0.095798    0.065992    0.065992 ^ clk (in)
                                                         clk (net)
                      0.095807    0.000000    0.065992 ^ clkbuf_0_clk/A (sky130_fd_sc_hd__clkbuf_16)
     8    0.083957    0.100894    0.191798    0.257790 ^ clkbuf_0_clk/X (sky130_fd_sc_hd__clkbuf_16)
                                                         clknet_0_clk (net)
                      0.101101    0.003241    0.261031 ^ clkbuf_3_7__f_clk/A (sky130_fd_sc_hd__clkbuf_16)
     8    0.027547    0.048863    0.152702    0.413733 ^ clkbuf_3_7__f_clk/X (sky130_fd_sc_hd__clkbuf_16)
                                                         clknet_3_7__leaf_clk (net)
                      0.048890    0.001690    0.415423 ^ _1598_/CLK (sky130_fd_sc_hd__dfxtp_2)
                                  0.250000    0.665423   clock uncertainty
                                  0.000000    0.665423   clock reconvergence pessimism
                                 -0.030579    0.634844   library hold time
                                              0.634844   data required time
---------------------------------------------------------------------------------------------
                                              0.634844   data required time
                                             -1.385118   data arrival time
---------------------------------------------------------------------------------------------
                                              0.750274   slack (MET)


Startpoint: _1635_ (rising edge-triggered flip-flop clocked by clk)
Endpoint: _1627_ (rising edge-triggered flip-flop clocked by clk)
Path Group: clk
Path Type: min

Fanout         Cap        Slew       Delay        Time   Description
---------------------------------------------------------------------------------------------
                                  0.000000    0.000000   clock clk (rise edge)
                                  0.000000    0.000000   clock source latency
     1    0.020019    0.095798    0.065992    0.065992 ^ clk (in)
                                                         clk (net)
                      0.095807    0.000000    0.065992 ^ clkbuf_0_clk/A (sky130_fd_sc_hd__clkbuf_16)
     8    0.083957    0.100894    0.191798    0.257790 ^ clkbuf_0_clk/X (sky130_fd_sc_hd__clkbuf_16)
                                                         clknet_0_clk (net)
                      0.101100    0.003229    0.261019 ^ clkbuf_3_6__f_clk/A (sky130_fd_sc_hd__clkbuf_16)
     8    0.024440    0.045835    0.149878    0.410897 ^ clkbuf_3_6__f_clk/X (sky130_fd_sc_hd__clkbuf_16)
                                                         clknet_3_6__leaf_clk (net)
                      0.045864    0.001011    0.411908 ^ _1635_/CLK (sky130_fd_sc_hd__dfxtp_2)
     1    0.003866    0.025079    0.305926    0.717834 v _1635_/Q (sky130_fd_sc_hd__dfxtp_2)
                                                         u_rst_sync.rst_ff2 (net)
                      0.025079    0.000131    0.717965 v fanout42/A (sky130_fd_sc_hd__clkdlybuf4s25_1)
    10    0.053050    0.390473    0.500955    1.218920 v fanout42/X (sky130_fd_sc_hd__clkdlybuf4s25_1)
                                                         net42 (net)
                      0.390619    0.007011    1.225930 v _1627_/D (sky130_fd_sc_hd__dfxtp_2)
                                              1.225930   data arrival time

                                  0.000000    0.000000   clock clk (rise edge)
                                  0.000000    0.000000   clock source latency
     1    0.020019    0.095798    0.065992    0.065992 ^ clk (in)
                                                         clk (net)
                      0.095807    0.000000    0.065992 ^ clkbuf_0_clk/A (sky130_fd_sc_hd__clkbuf_16)
     8    0.083957    0.100894    0.191798    0.257790 ^ clkbuf_0_clk/X (sky130_fd_sc_hd__clkbuf_16)
                                                         clknet_0_clk (net)
                      0.101064    0.002847    0.260637 ^ clkbuf_3_2__f_clk/A (sky130_fd_sc_hd__clkbuf_16)
     8    0.024839    0.046192    0.150275    0.410912 ^ clkbuf_3_2__f_clk/X (sky130_fd_sc_hd__clkbuf_16)
                                                         clknet_3_2__leaf_clk (net)
                      0.046238    0.001259    0.412171 ^ _1627_/CLK (sky130_fd_sc_hd__dfxtp_2)
                                  0.250000    0.662171   clock uncertainty
                                  0.000000    0.662171   clock reconvergence pessimism
                                 -0.187469    0.474702   library hold time
                                              0.474702   data required time
---------------------------------------------------------------------------------------------
                                              0.474702   data required time
                                             -1.225930   data arrival time
---------------------------------------------------------------------------------------------
                                              0.751228   slack (MET)


Startpoint: _1574_ (rising edge-triggered flip-flop clocked by clk)
Endpoint: _1597_ (rising edge-triggered flip-flop clocked by clk)
Path Group: clk
Path Type: min

Fanout         Cap        Slew       Delay        Time   Description
---------------------------------------------------------------------------------------------
                                  0.000000    0.000000   clock clk (rise edge)
                                  0.000000    0.000000   clock source latency
     1    0.020019    0.095798    0.065992    0.065992 ^ clk (in)
                                                         clk (net)
                      0.095807    0.000000    0.065992 ^ clkbuf_0_clk/A (sky130_fd_sc_hd__clkbuf_16)
     8    0.083957    0.100894    0.191798    0.257790 ^ clkbuf_0_clk/X (sky130_fd_sc_hd__clkbuf_16)
                                                         clknet_0_clk (net)
                      0.101071    0.002934    0.260724 ^ clkbuf_3_3__f_clk/A (sky130_fd_sc_hd__clkbuf_16)
     8    0.031114    0.051988    0.155614    0.416339 ^ clkbuf_3_3__f_clk/X (sky130_fd_sc_hd__clkbuf_16)
                                                         clknet_3_3__leaf_clk (net)
                      0.051994    0.000972    0.417311 ^ _1574_/CLK (sky130_fd_sc_hd__dfxtp_2)
     3    0.013939    0.079329    0.348455    0.765766 ^ _1574_/Q (sky130_fd_sc_hd__dfxtp_2)
                                                         busy (net)
                      0.079332    0.000596    0.766362 ^ _0794_/A (sky130_fd_sc_hd__nor2_2)
     4    0.011823    0.041547    0.061494    0.827856 v _0794_/Y (sky130_fd_sc_hd__nor2_2)
                                                         _0067_ (net)
                      0.041547    0.000193    0.828049 v _0804_/B (sky130_fd_sc_hd__and2b_2)
     3    0.009223    0.050709    0.206189    1.034238 v _0804_/X (sky130_fd_sc_hd__and2b_2)
                                                         _0074_ (net)
                      0.050709    0.000164    1.034401 v _1456_/C (sky130_fd_sc_hd__nand3_2)
     8    0.031854    0.173961    0.161445    1.195846 ^ _1456_/Y (sky130_fd_sc_hd__nand3_2)
                                                         _0709_ (net)
                      0.173970    0.001024    1.196870 ^ _1468_/A2 (sky130_fd_sc_hd__o211a_2)
     1    0.003403    0.044348    0.187952    1.384822 ^ _1468_/X (sky130_fd_sc_hd__o211a_2)
                                                         _0025_ (net)
                      0.044348    0.000112    1.384934 ^ _1597_/D (sky130_fd_sc_hd__dfxtp_2)
                                              1.384934   data arrival time

                                  0.000000    0.000000   clock clk (rise edge)
                                  0.000000    0.000000   clock source latency
     1    0.020019    0.095798    0.065992    0.065992 ^ clk (in)
                                                         clk (net)
                      0.095807    0.000000    0.065992 ^ clkbuf_0_clk/A (sky130_fd_sc_hd__clkbuf_16)
     8    0.083957    0.100894    0.191798    0.257790 ^ clkbuf_0_clk/X (sky130_fd_sc_hd__clkbuf_16)
                                                         clknet_0_clk (net)
                      0.101100    0.003229    0.261019 ^ clkbuf_3_6__f_clk/A (sky130_fd_sc_hd__clkbuf_16)
     8    0.024440    0.045835    0.149878    0.410897 ^ clkbuf_3_6__f_clk/X (sky130_fd_sc_hd__clkbuf_16)
                                                         clknet_3_6__leaf_clk (net)
                      0.045882    0.001255    0.412152 ^ _1597_/CLK (sky130_fd_sc_hd__dfxtp_2)
                                  0.250000    0.662152   clock uncertainty
                                  0.000000    0.662152   clock reconvergence pessimism
                                 -0.030938    0.631213   library hold time
                                              0.631213   data required time
---------------------------------------------------------------------------------------------
                                              0.631213   data required time
                                             -1.384934   data arrival time
---------------------------------------------------------------------------------------------
                                              0.753721   slack (MET)


Startpoint: _1625_ (rising edge-triggered flip-flop clocked by clk)
Endpoint: _1626_ (rising edge-triggered flip-flop clocked by clk)
Path Group: clk
Path Type: min

Fanout         Cap        Slew       Delay        Time   Description
---------------------------------------------------------------------------------------------
                                  0.000000    0.000000   clock clk (rise edge)
                                  0.000000    0.000000   clock source latency
     1    0.020019    0.095798    0.065992    0.065992 ^ clk (in)
                                                         clk (net)
                      0.095807    0.000000    0.065992 ^ clkbuf_0_clk/A (sky130_fd_sc_hd__clkbuf_16)
     8    0.083957    0.100894    0.191798    0.257790 ^ clkbuf_0_clk/X (sky130_fd_sc_hd__clkbuf_16)
                                                         clknet_0_clk (net)
                      0.101071    0.002934    0.260724 ^ clkbuf_3_3__f_clk/A (sky130_fd_sc_hd__clkbuf_16)
     8    0.031114    0.051988    0.155614    0.416339 ^ clkbuf_3_3__f_clk/X (sky130_fd_sc_hd__clkbuf_16)
                                                         clknet_3_3__leaf_clk (net)
                      0.051997    0.001193    0.417532 ^ _1625_/CLK (sky130_fd_sc_hd__dfxtp_2)
     3    0.007635    0.050772    0.325515    0.743047 ^ _1625_/Q (sky130_fd_sc_hd__dfxtp_2)
                                                         u_sync.ff2 (net)
                      0.050772    0.000219    0.743266 ^ hold87/A (sky130_fd_sc_hd__dlygate4sd3_1)
     1    0.001956    0.046382    0.528758    1.272024 ^ hold87/X (sky130_fd_sc_hd__dlygate4sd3_1)
                                                         net87 (net)
                      0.046382    0.000054    1.272077 ^ _1564_/A (sky130_fd_sc_hd__and2_2)
     1    0.002513    0.035606    0.121996    1.394073 ^ _1564_/X (sky130_fd_sc_hd__and2_2)
                                                         _0054_ (net)
                      0.035606    0.000076    1.394150 ^ _1626_/D (sky130_fd_sc_hd__dfxtp_2)
                                              1.394150   data arrival time

                                  0.000000    0.000000   clock clk (rise edge)
                                  0.000000    0.000000   clock source latency
     1    0.020019    0.095798    0.065992    0.065992 ^ clk (in)
                                                         clk (net)
                      0.095807    0.000000    0.065992 ^ clkbuf_0_clk/A (sky130_fd_sc_hd__clkbuf_16)
     8    0.083957    0.100894    0.191798    0.257790 ^ clkbuf_0_clk/X (sky130_fd_sc_hd__clkbuf_16)
                                                         clknet_0_clk (net)
                      0.101064    0.002847    0.260637 ^ clkbuf_3_2__f_clk/A (sky130_fd_sc_hd__clkbuf_16)
     8    0.024839    0.046192    0.150275    0.410912 ^ clkbuf_3_2__f_clk/X (sky130_fd_sc_hd__clkbuf_16)
                                                         clknet_3_2__leaf_clk (net)
                      0.046232    0.001194    0.412106 ^ _1626_/CLK (sky130_fd_sc_hd__dfxtp_2)
                                  0.250000    0.662106   clock uncertainty
                                  0.000000    0.662106   clock reconvergence pessimism
                                 -0.029082    0.633024   library hold time
                                              0.633024   data required time
---------------------------------------------------------------------------------------------
                                              0.633024   data required time
                                             -1.394150   data arrival time
---------------------------------------------------------------------------------------------
                                              0.761125   slack (MET)


Startpoint: _1630_ (rising edge-triggered flip-flop clocked by clk)
Endpoint: _1631_ (rising edge-triggered flip-flop clocked by clk)
Path Group: clk
Path Type: min

Fanout         Cap        Slew       Delay        Time   Description
---------------------------------------------------------------------------------------------
                                  0.000000    0.000000   clock clk (rise edge)
                                  0.000000    0.000000   clock source latency
     1    0.020019    0.095798    0.065992    0.065992 ^ clk (in)
                                                         clk (net)
                      0.095807    0.000000    0.065992 ^ clkbuf_0_clk/A (sky130_fd_sc_hd__clkbuf_16)
     8    0.083957    0.100894    0.191798    0.257790 ^ clkbuf_0_clk/X (sky130_fd_sc_hd__clkbuf_16)
                                                         clknet_0_clk (net)
                      0.101064    0.002847    0.260637 ^ clkbuf_3_2__f_clk/A (sky130_fd_sc_hd__clkbuf_16)
     8    0.024839    0.046192    0.150275    0.410912 ^ clkbuf_3_2__f_clk/X (sky130_fd_sc_hd__clkbuf_16)
                                                         clknet_3_2__leaf_clk (net)
                      0.046213    0.000912    0.411824 ^ _1630_/CLK (sky130_fd_sc_hd__dfxtp_2)
     4    0.012501    0.043222    0.328463    0.740287 v _1630_/Q (sky130_fd_sc_hd__dfxtp_2)
                                                         u_sync.lock_cnt[0] (net)
                      0.043222    0.000193    0.740480 v _1569_/A (sky130_fd_sc_hd__nand2_2)
     2    0.009694    0.060060    0.071062    0.811542 ^ _1569_/Y (sky130_fd_sc_hd__nand2_2)
                                                         _0785_ (net)
                      0.060082    0.000275    0.811818 ^ _1572_/A2 (sky130_fd_sc_hd__a2111oi_2)
     1    0.001757    0.030246    0.057629    0.869446 v _1572_/Y (sky130_fd_sc_hd__a2111oi_2)
                                                         _0058_ (net)
                      0.030246    0.000048    0.869495 v hold89/A (sky130_fd_sc_hd__dlygate4sd3_1)
     1    0.002660    0.052291    0.541157    1.410651 v hold89/X (sky130_fd_sc_hd__dlygate4sd3_1)
                                                         net89 (net)
                      0.052291    0.000079    1.410730 v _1631_/D (sky130_fd_sc_hd__dfxtp_2)
                                              1.410730   data arrival time

                                  0.000000    0.000000   clock clk (rise edge)
                                  0.000000    0.000000   clock source latency
     1    0.020019    0.095798    0.065992    0.065992 ^ clk (in)
                                                         clk (net)
                      0.095807    0.000000    0.065992 ^ clkbuf_0_clk/A (sky130_fd_sc_hd__clkbuf_16)
     8    0.083957    0.100894    0.191798    0.257790 ^ clkbuf_0_clk/X (sky130_fd_sc_hd__clkbuf_16)
                                                         clknet_0_clk (net)
                      0.101071    0.002934    0.260724 ^ clkbuf_3_3__f_clk/A (sky130_fd_sc_hd__clkbuf_16)
     8    0.031114    0.051988    0.155614    0.416339 ^ clkbuf_3_3__f_clk/X (sky130_fd_sc_hd__clkbuf_16)
                                                         clknet_3_3__leaf_clk (net)
                      0.051994    0.000952    0.417290 ^ _1631_/CLK (sky130_fd_sc_hd__dfxtp_2)
                                  0.250000    0.667290   clock uncertainty
                                  0.000000    0.667290   clock reconvergence pessimism
                                 -0.047481    0.619809   library hold time
                                              0.619809   data required time
---------------------------------------------------------------------------------------------
                                              0.619809   data required time
                                             -1.410730   data arrival time
---------------------------------------------------------------------------------------------
                                              0.790922   slack (MET)


Startpoint: _1574_ (rising edge-triggered flip-flop clocked by clk)
Endpoint: _1588_ (rising edge-triggered flip-flop clocked by clk)
Path Group: clk
Path Type: min

Fanout         Cap        Slew       Delay        Time   Description
---------------------------------------------------------------------------------------------
                                  0.000000    0.000000   clock clk (rise edge)
                                  0.000000    0.000000   clock source latency
     1    0.020019    0.095798    0.065992    0.065992 ^ clk (in)
                                                         clk (net)
                      0.095807    0.000000    0.065992 ^ clkbuf_0_clk/A (sky130_fd_sc_hd__clkbuf_16)
     8    0.083957    0.100894    0.191798    0.257790 ^ clkbuf_0_clk/X (sky130_fd_sc_hd__clkbuf_16)
                                                         clknet_0_clk (net)
                      0.101071    0.002934    0.260724 ^ clkbuf_3_3__f_clk/A (sky130_fd_sc_hd__clkbuf_16)
     8    0.031114    0.051988    0.155614    0.416339 ^ clkbuf_3_3__f_clk/X (sky130_fd_sc_hd__clkbuf_16)
                                                         clknet_3_3__leaf_clk (net)
                      0.051994    0.000972    0.417311 ^ _1574_/CLK (sky130_fd_sc_hd__dfxtp_2)
     3    0.013939    0.079329    0.348455    0.765766 ^ _1574_/Q (sky130_fd_sc_hd__dfxtp_2)
                                                         busy (net)
                      0.079332    0.000579    0.766344 ^ _0805_/A (sky130_fd_sc_hd__or3_2)
     2    0.008256    0.052585    0.134621    0.900966 ^ _0805_/X (sky130_fd_sc_hd__or3_2)
                                                         _0075_ (net)
                      0.052585    0.000232    0.901198 ^ _1438_/B (sky130_fd_sc_hd__or3b_2)
     9    0.033897    0.196249    0.223745    1.124943 ^ _1438_/X (sky130_fd_sc_hd__or3b_2)
                                                         _0699_ (net)
                      0.196276    0.001887    1.126830 ^ _1447_/B (sky130_fd_sc_hd__or2_2)
     1    0.003736    0.033424    0.145798    1.272628 ^ _1447_/X (sky130_fd_sc_hd__or2_2)
                                                         _0704_ (net)
                      0.033424    0.000121    1.272749 ^ _1448_/B1 (sky130_fd_sc_hd__o211a_2)
     1    0.002747    0.040824    0.156254    1.429003 ^ _1448_/X (sky130_fd_sc_hd__o211a_2)
                                                         _0016_ (net)
                      0.040824    0.000084    1.429087 ^ _1588_/D (sky130_fd_sc_hd__dfxtp_2)
                                              1.429087   data arrival time

                                  0.000000    0.000000   clock clk (rise edge)
                                  0.000000    0.000000   clock source latency
     1    0.020019    0.095798    0.065992    0.065992 ^ clk (in)
                                                         clk (net)
                      0.095807    0.000000    0.065992 ^ clkbuf_0_clk/A (sky130_fd_sc_hd__clkbuf_16)
     8    0.083957    0.100894    0.191798    0.257790 ^ clkbuf_0_clk/X (sky130_fd_sc_hd__clkbuf_16)
                                                         clknet_0_clk (net)
                      0.101101    0.003241    0.261031 ^ clkbuf_3_7__f_clk/A (sky130_fd_sc_hd__clkbuf_16)
     8    0.027547    0.048863    0.152702    0.413733 ^ clkbuf_3_7__f_clk/X (sky130_fd_sc_hd__clkbuf_16)
                                                         clknet_3_7__leaf_clk (net)
                      0.048888    0.001608    0.415341 ^ _1588_/CLK (sky130_fd_sc_hd__dfxtp_2)
                                  0.250000    0.665341   clock uncertainty
                                  0.000000    0.665341   clock reconvergence pessimism
                                 -0.029813    0.635528   library hold time
                                              0.635528   data required time
---------------------------------------------------------------------------------------------
                                              0.635528   data required time
                                             -1.429087   data arrival time
---------------------------------------------------------------------------------------------
                                              0.793559   slack (MET)


Startpoint: _1574_ (rising edge-triggered flip-flop clocked by clk)
Endpoint: _1586_ (rising edge-triggered flip-flop clocked by clk)
Path Group: clk
Path Type: min

Fanout         Cap        Slew       Delay        Time   Description
---------------------------------------------------------------------------------------------
                                  0.000000    0.000000   clock clk (rise edge)
                                  0.000000    0.000000   clock source latency
     1    0.020019    0.095798    0.065992    0.065992 ^ clk (in)
                                                         clk (net)
                      0.095807    0.000000    0.065992 ^ clkbuf_0_clk/A (sky130_fd_sc_hd__clkbuf_16)
     8    0.083957    0.100894    0.191798    0.257790 ^ clkbuf_0_clk/X (sky130_fd_sc_hd__clkbuf_16)
                                                         clknet_0_clk (net)
                      0.101071    0.002934    0.260724 ^ clkbuf_3_3__f_clk/A (sky130_fd_sc_hd__clkbuf_16)
     8    0.031114    0.051988    0.155614    0.416339 ^ clkbuf_3_3__f_clk/X (sky130_fd_sc_hd__clkbuf_16)
                                                         clknet_3_3__leaf_clk (net)
                      0.051994    0.000972    0.417311 ^ _1574_/CLK (sky130_fd_sc_hd__dfxtp_2)
     3    0.013939    0.079329    0.348455    0.765766 ^ _1574_/Q (sky130_fd_sc_hd__dfxtp_2)
                                                         busy (net)
                      0.079332    0.000579    0.766344 ^ _0805_/A (sky130_fd_sc_hd__or3_2)
     2    0.008256    0.052585    0.134621    0.900966 ^ _0805_/X (sky130_fd_sc_hd__or3_2)
                                                         _0075_ (net)
                      0.052585    0.000232    0.901198 ^ _1438_/B (sky130_fd_sc_hd__or3b_2)
     9    0.033897    0.196249    0.223745    1.124943 ^ _1438_/X (sky130_fd_sc_hd__or3b_2)
                                                         _0699_ (net)
                      0.196267    0.001533    1.126476 ^ _1443_/B (sky130_fd_sc_hd__or2_2)
     1    0.005810    0.042541    0.154065    1.280541 ^ _1443_/X (sky130_fd_sc_hd__or2_2)
                                                         _0702_ (net)
                      0.042542    0.000238    1.280779 ^ _1444_/B1 (sky130_fd_sc_hd__o211a_2)
     1    0.002064    0.037413    0.154902    1.435681 ^ _1444_/X (sky130_fd_sc_hd__o211a_2)
                                                         _0014_ (net)
                      0.037413    0.000041    1.435723 ^ _1586_/D (sky130_fd_sc_hd__dfxtp_2)
                                              1.435723   data arrival time

                                  0.000000    0.000000   clock clk (rise edge)
                                  0.000000    0.000000   clock source latency
     1    0.020019    0.095798    0.065992    0.065992 ^ clk (in)
                                                         clk (net)
                      0.095807    0.000000    0.065992 ^ clkbuf_0_clk/A (sky130_fd_sc_hd__clkbuf_16)
     8    0.083957    0.100894    0.191798    0.257790 ^ clkbuf_0_clk/X (sky130_fd_sc_hd__clkbuf_16)
                                                         clknet_0_clk (net)
                      0.101100    0.003229    0.261019 ^ clkbuf_3_6__f_clk/A (sky130_fd_sc_hd__clkbuf_16)
     8    0.024440    0.045835    0.149878    0.410897 ^ clkbuf_3_6__f_clk/X (sky130_fd_sc_hd__clkbuf_16)
                                                         clknet_3_6__leaf_clk (net)
                      0.045879    0.001222    0.412119 ^ _1586_/CLK (sky130_fd_sc_hd__dfxtp_2)
                                  0.250000    0.662119   clock uncertainty
                                  0.000000    0.662119   clock reconvergence pessimism
                                 -0.029503    0.632616   library hold time
                                              0.632616   data required time
---------------------------------------------------------------------------------------------
                                              0.632616   data required time
                                             -1.435723   data arrival time
---------------------------------------------------------------------------------------------
                                              0.803107   slack (MET)


Startpoint: _1574_ (rising edge-triggered flip-flop clocked by clk)
Endpoint: _1587_ (rising edge-triggered flip-flop clocked by clk)
Path Group: clk
Path Type: min

Fanout         Cap        Slew       Delay        Time   Description
---------------------------------------------------------------------------------------------
                                  0.000000    0.000000   clock clk (rise edge)
                                  0.000000    0.000000   clock source latency
     1    0.020019    0.095798    0.065992    0.065992 ^ clk (in)
                                                         clk (net)
                      0.095807    0.000000    0.065992 ^ clkbuf_0_clk/A (sky130_fd_sc_hd__clkbuf_16)
     8    0.083957    0.100894    0.191798    0.257790 ^ clkbuf_0_clk/X (sky130_fd_sc_hd__clkbuf_16)
                                                         clknet_0_clk (net)
                      0.101071    0.002934    0.260724 ^ clkbuf_3_3__f_clk/A (sky130_fd_sc_hd__clkbuf_16)
     8    0.031114    0.051988    0.155614    0.416339 ^ clkbuf_3_3__f_clk/X (sky130_fd_sc_hd__clkbuf_16)
                                                         clknet_3_3__leaf_clk (net)
                      0.051994    0.000972    0.417311 ^ _1574_/CLK (sky130_fd_sc_hd__dfxtp_2)
     3    0.013939    0.079329    0.348455    0.765766 ^ _1574_/Q (sky130_fd_sc_hd__dfxtp_2)
                                                         busy (net)
                      0.079332    0.000579    0.766344 ^ _0805_/A (sky130_fd_sc_hd__or3_2)
     2    0.008256    0.052585    0.134621    0.900966 ^ _0805_/X (sky130_fd_sc_hd__or3_2)
                                                         _0075_ (net)
                      0.052585    0.000232    0.901198 ^ _1438_/B (sky130_fd_sc_hd__or3b_2)
     9    0.033897    0.196249    0.223745    1.124943 ^ _1438_/X (sky130_fd_sc_hd__or3b_2)
                                                         _0699_ (net)
                      0.196284    0.002144    1.127087 ^ _1445_/B (sky130_fd_sc_hd__or2_2)
     1    0.005773    0.042654    0.153948    1.281035 ^ _1445_/X (sky130_fd_sc_hd__or2_2)
                                                         _0703_ (net)
                      0.042655    0.000212    1.281247 ^ _1446_/B1 (sky130_fd_sc_hd__o211a_2)
     1    0.003606    0.045454    0.164343    1.445591 ^ _1446_/X (sky130_fd_sc_hd__o211a_2)
                                                         _0015_ (net)
                      0.045454    0.000114    1.445704 ^ _1587_/D (sky130_fd_sc_hd__dfxtp_2)
                                              1.445704   data arrival time

                                  0.000000    0.000000   clock clk (rise edge)
                                  0.000000    0.000000   clock source latency
     1    0.020019    0.095798    0.065992    0.065992 ^ clk (in)
                                                         clk (net)
                      0.095807    0.000000    0.065992 ^ clkbuf_0_clk/A (sky130_fd_sc_hd__clkbuf_16)
     8    0.083957    0.100894    0.191798    0.257790 ^ clkbuf_0_clk/X (sky130_fd_sc_hd__clkbuf_16)
                                                         clknet_0_clk (net)
                      0.101100    0.003229    0.261019 ^ clkbuf_3_6__f_clk/A (sky130_fd_sc_hd__clkbuf_16)
     8    0.024440    0.045835    0.149878    0.410897 ^ clkbuf_3_6__f_clk/X (sky130_fd_sc_hd__clkbuf_16)
                                                         clknet_3_6__leaf_clk (net)
                      0.045876    0.001183    0.412079 ^ _1587_/CLK (sky130_fd_sc_hd__dfxtp_2)
                                  0.250000    0.662079   clock uncertainty
                                  0.000000    0.662079   clock reconvergence pessimism
                                 -0.031168    0.630911   library hold time
                                              0.630911   data required time
---------------------------------------------------------------------------------------------
                                              0.630911   data required time
                                             -1.445704   data arrival time
---------------------------------------------------------------------------------------------
                                              0.814793   slack (MET)


Startpoint: _1628_ (rising edge-triggered flip-flop clocked by clk)
Endpoint: _1629_ (rising edge-triggered flip-flop clocked by clk)
Path Group: clk
Path Type: min

Fanout         Cap        Slew       Delay        Time   Description
---------------------------------------------------------------------------------------------
                                  0.000000    0.000000   clock clk (rise edge)
                                  0.000000    0.000000   clock source latency
     1    0.020019    0.095798    0.065992    0.065992 ^ clk (in)
                                                         clk (net)
                      0.095807    0.000000    0.065992 ^ clkbuf_0_clk/A (sky130_fd_sc_hd__clkbuf_16)
     8    0.083957    0.100894    0.191798    0.257790 ^ clkbuf_0_clk/X (sky130_fd_sc_hd__clkbuf_16)
                                                         clknet_0_clk (net)
                      0.101064    0.002847    0.260637 ^ clkbuf_3_2__f_clk/A (sky130_fd_sc_hd__clkbuf_16)
     8    0.024839    0.046192    0.150275    0.410912 ^ clkbuf_3_2__f_clk/X (sky130_fd_sc_hd__clkbuf_16)
                                                         clknet_3_2__leaf_clk (net)
                      0.046235    0.001229    0.412141 ^ _1628_/CLK (sky130_fd_sc_hd__dfxtp_2)
     1    0.002702    0.029439    0.303676    0.715817 ^ _1628_/Q (sky130_fd_sc_hd__dfxtp_2)
                                                         u_sync.seen_reset[1] (net)
                      0.029439    0.000080    0.715898 ^ _1566_/B (sky130_fd_sc_hd__and2b_2)
     1    0.004732    0.043101    0.133530    0.849428 ^ _1566_/X (sky130_fd_sc_hd__and2b_2)
                                                         _0783_ (net)
                      0.043102    0.000168    0.849596 ^ _1567_/A2 (sky130_fd_sc_hd__o21a_2)
     1    0.002284    0.027184    0.100199    0.949794 ^ _1567_/X (sky130_fd_sc_hd__o21a_2)
                                                         _0056_ (net)
                      0.027184    0.000064    0.949858 ^ hold86/A (sky130_fd_sc_hd__dlygate4sd3_1)
     1    0.002030    0.046853    0.521815    1.471674 ^ hold86/X (sky130_fd_sc_hd__dlygate4sd3_1)
                                                         net86 (net)
                      0.046853    0.000057    1.471731 ^ _1629_/D (sky130_fd_sc_hd__dfxtp_2)
                                              1.471731   data arrival time

                                  0.000000    0.000000   clock clk (rise edge)
                                  0.000000    0.000000   clock source latency
     1    0.020019    0.095798    0.065992    0.065992 ^ clk (in)
                                                         clk (net)
                      0.095807    0.000000    0.065992 ^ clkbuf_0_clk/A (sky130_fd_sc_hd__clkbuf_16)
     8    0.083957    0.100894    0.191798    0.257790 ^ clkbuf_0_clk/X (sky130_fd_sc_hd__clkbuf_16)
                                                         clknet_0_clk (net)
                      0.101064    0.002847    0.260637 ^ clkbuf_3_2__f_clk/A (sky130_fd_sc_hd__clkbuf_16)
     8    0.024839    0.046192    0.150275    0.410912 ^ clkbuf_3_2__f_clk/X (sky130_fd_sc_hd__clkbuf_16)
                                                         clknet_3_2__leaf_clk (net)
                      0.046238    0.001259    0.412171 ^ _1629_/CLK (sky130_fd_sc_hd__dfxtp_2)
                                  0.250000    0.662171   clock uncertainty
                                  0.000000    0.662171   clock reconvergence pessimism
                                 -0.031410    0.630761   library hold time
                                              0.630761   data required time
---------------------------------------------------------------------------------------------
                                              0.630761   data required time
                                             -1.471731   data arrival time
---------------------------------------------------------------------------------------------
                                              0.840970   slack (MET)


Startpoint: _1600_ (rising edge-triggered flip-flop clocked by clk)
Endpoint: _1604_ (rising edge-triggered flip-flop clocked by clk)
Path Group: clk
Path Type: min

Fanout         Cap        Slew       Delay        Time   Description
---------------------------------------------------------------------------------------------
                                  0.000000    0.000000   clock clk (rise edge)
                                  0.000000    0.000000   clock source latency
     1    0.020019    0.095798    0.065992    0.065992 ^ clk (in)
                                                         clk (net)
                      0.095807    0.000000    0.065992 ^ clkbuf_0_clk/A (sky130_fd_sc_hd__clkbuf_16)
     8    0.083957    0.100894    0.191798    0.257790 ^ clkbuf_0_clk/X (sky130_fd_sc_hd__clkbuf_16)
                                                         clknet_0_clk (net)
                      0.101071    0.002927    0.260717 ^ clkbuf_3_0__f_clk/A (sky130_fd_sc_hd__clkbuf_16)
     8    0.024064    0.045479    0.149651    0.410369 ^ clkbuf_3_0__f_clk/X (sky130_fd_sc_hd__clkbuf_16)
                                                         clknet_3_0__leaf_clk (net)
                      0.045482    0.000425    0.410793 ^ _1600_/CLK (sky130_fd_sc_hd__dfxtp_2)
     3    0.010745    0.040687    0.323677    0.734471 v _1600_/Q (sky130_fd_sc_hd__dfxtp_2)
                                                         u_dp.acc_q[0] (net)
                      0.040687    0.000306    0.734777 v _1348_/A (sky130_fd_sc_hd__nand3_2)
     3    0.010971    0.068559    0.077008    0.811785 ^ _1348_/Y (sky130_fd_sc_hd__nand3_2)
                                                         _0618_ (net)
                      0.068583    0.000257    0.812042 ^ _1350_/A (sky130_fd_sc_hd__nor2_2)
     3    0.011620    0.039206    0.057725    0.869767 v _1350_/Y (sky130_fd_sc_hd__nor2_2)
                                                         _0620_ (net)
                      0.039206    0.000087    0.869854 v _1353_/A (sky130_fd_sc_hd__nand2_2)
     3    0.010357    0.063250    0.071730    0.941584 ^ _1353_/Y (sky130_fd_sc_hd__nand2_2)
                                                         _0623_ (net)
                      0.063251    0.000187    0.941771 ^ _1355_/B (sky130_fd_sc_hd__or3_2)
     3    0.010998    0.064323    0.136459    1.078230 ^ _1355_/X (sky130_fd_sc_hd__or3_2)
                                                         _0625_ (net)
                      0.064323    0.000276    1.078506 ^ _1487_/C (sky130_fd_sc_hd__nand3_2)
     1    0.003247    0.042042    0.068451    1.146957 v _1487_/Y (sky130_fd_sc_hd__nand3_2)
                                                         _0728_ (net)
                      0.042042    0.000100    1.147057 v _1488_/A3 (sky130_fd_sc_hd__a31o_2)
     1    0.003910    0.035875    0.239980    1.387038 v _1488_/X (sky130_fd_sc_hd__a31o_2)
                                                         _0729_ (net)
                      0.035936    0.000136    1.387174 v _1489_/C1 (sky130_fd_sc_hd__o211a_2)
     1    0.002124    0.022201    0.104425    1.491599 v _1489_/X (sky130_fd_sc_hd__o211a_2)
                                                         _0032_ (net)
                      0.022201    0.000043    1.491642 v _1604_/D (sky130_fd_sc_hd__dfxtp_2)
                                              1.491642   data arrival time

                                  0.000000    0.000000   clock clk (rise edge)
                                  0.000000    0.000000   clock source latency
     1    0.020019    0.095798    0.065992    0.065992 ^ clk (in)
                                                         clk (net)
                      0.095807    0.000000    0.065992 ^ clkbuf_0_clk/A (sky130_fd_sc_hd__clkbuf_16)
     8    0.083957    0.100894    0.191798    0.257790 ^ clkbuf_0_clk/X (sky130_fd_sc_hd__clkbuf_16)
                                                         clknet_0_clk (net)
                      0.101064    0.002847    0.260637 ^ clkbuf_3_2__f_clk/A (sky130_fd_sc_hd__clkbuf_16)
     8    0.024839    0.046192    0.150275    0.410912 ^ clkbuf_3_2__f_clk/X (sky130_fd_sc_hd__clkbuf_16)
                                                         clknet_3_2__leaf_clk (net)
                      0.046193    0.000434    0.411346 ^ _1604_/CLK (sky130_fd_sc_hd__dfxtp_2)
                                  0.250000    0.661346   clock uncertainty
                                  0.000000    0.661346   clock reconvergence pessimism
                                 -0.036437    0.624909   library hold time
                                              0.624909   data required time
---------------------------------------------------------------------------------------------
                                              0.624909   data required time
                                             -1.491642   data arrival time
---------------------------------------------------------------------------------------------
                                              0.866733   slack (MET)


Startpoint: _1575_ (rising edge-triggered flip-flop clocked by clk)
Endpoint: _1575_ (rising edge-triggered flip-flop clocked by clk)
Path Group: clk
Path Type: min

Fanout         Cap        Slew       Delay        Time   Description
---------------------------------------------------------------------------------------------
                                  0.000000    0.000000   clock clk (rise edge)
                                  0.000000    0.000000   clock source latency
     1    0.020019    0.095798    0.065992    0.065992 ^ clk (in)
                                                         clk (net)
                      0.095807    0.000000    0.065992 ^ clkbuf_0_clk/A (sky130_fd_sc_hd__clkbuf_16)
     8    0.083957    0.100894    0.191798    0.257790 ^ clkbuf_0_clk/X (sky130_fd_sc_hd__clkbuf_16)
                                                         clknet_0_clk (net)
                      0.101068    0.002896    0.260686 ^ clkbuf_3_1__f_clk/A (sky130_fd_sc_hd__clkbuf_16)
     8    0.023578    0.045034    0.149294    0.409980 ^ clkbuf_3_1__f_clk/X (sky130_fd_sc_hd__clkbuf_16)
                                                         clknet_3_1__leaf_clk (net)
                      0.045040    0.000508    0.410488 ^ _1575_/CLK (sky130_fd_sc_hd__dfxtp_2)
     2    0.012710    0.073461    0.341711    0.752199 ^ _1575_/Q (sky130_fd_sc_hd__dfxtp_2)
                                                         ovf (net)
                      0.073461    0.000052    0.752251 ^ hold95/A (sky130_fd_sc_hd__dlygate4sd3_1)
     1    0.003112    0.055645    0.546283    1.298534 ^ hold95/X (sky130_fd_sc_hd__dlygate4sd3_1)
                                                         net95 (net)
                      0.055645    0.000091    1.298626 ^ _1410_/B1 (sky130_fd_sc_hd__a21o_2)
     1    0.003322    0.028149    0.084902    1.383528 ^ _1410_/X (sky130_fd_sc_hd__a21o_2)
                                                         _0680_ (net)
                      0.028149    0.000109    1.383637 ^ _1411_/B (sky130_fd_sc_hd__and2_2)
     1    0.002042    0.033563    0.118586    1.502223 ^ _1411_/X (sky130_fd_sc_hd__and2_2)
                                                         _0003_ (net)
                      0.033563    0.000040    1.502262 ^ _1575_/D (sky130_fd_sc_hd__dfxtp_2)
                                              1.502262   data arrival time

                                  0.000000    0.000000   clock clk (rise edge)
                                  0.000000    0.000000   clock source latency
     1    0.020019    0.095798    0.065992    0.065992 ^ clk (in)
                                                         clk (net)
                      0.095807    0.000000    0.065992 ^ clkbuf_0_clk/A (sky130_fd_sc_hd__clkbuf_16)
     8    0.083957    0.100894    0.191798    0.257790 ^ clkbuf_0_clk/X (sky130_fd_sc_hd__clkbuf_16)
                                                         clknet_0_clk (net)
                      0.101068    0.002896    0.260686 ^ clkbuf_3_1__f_clk/A (sky130_fd_sc_hd__clkbuf_16)
     8    0.023578    0.045034    0.149294    0.409980 ^ clkbuf_3_1__f_clk/X (sky130_fd_sc_hd__clkbuf_16)
                                                         clknet_3_1__leaf_clk (net)
                      0.045040    0.000508    0.410488 ^ _1575_/CLK (sky130_fd_sc_hd__dfxtp_2)
                                  0.250000    0.660488   clock uncertainty
                                  0.000000    0.660488   clock reconvergence pessimism
                                 -0.028815    0.631673   library hold time
                                              0.631673   data required time
---------------------------------------------------------------------------------------------
                                              0.631673   data required time
                                             -1.502262   data arrival time
---------------------------------------------------------------------------------------------
                                              0.870590   slack (MET)


Startpoint: _1610_ (rising edge-triggered flip-flop clocked by clk)
Endpoint: _1610_ (rising edge-triggered flip-flop clocked by clk)
Path Group: clk
Path Type: min

Fanout         Cap        Slew       Delay        Time   Description
---------------------------------------------------------------------------------------------
                                  0.000000    0.000000   clock clk (rise edge)
                                  0.000000    0.000000   clock source latency
     1    0.020019    0.095798    0.065992    0.065992 ^ clk (in)
                                                         clk (net)
                      0.095807    0.000000    0.065992 ^ clkbuf_0_clk/A (sky130_fd_sc_hd__clkbuf_16)
     8    0.083957    0.100894    0.191798    0.257790 ^ clkbuf_0_clk/X (sky130_fd_sc_hd__clkbuf_16)
                                                         clknet_0_clk (net)
                      0.101068    0.002896    0.260686 ^ clkbuf_3_1__f_clk/A (sky130_fd_sc_hd__clkbuf_16)
     8    0.023578    0.045034    0.149294    0.409980 ^ clkbuf_3_1__f_clk/X (sky130_fd_sc_hd__clkbuf_16)
                                                         clknet_3_1__leaf_clk (net)
                      0.045037    0.000410    0.410390 ^ _1610_/CLK (sky130_fd_sc_hd__dfxtp_2)
     5    0.021425    0.115213    0.371698    0.782088 ^ _1610_/Q (sky130_fd_sc_hd__dfxtp_2)
                                                         u_dp.acc_q[10] (net)
                      0.115213    0.000474    0.782562 ^ hold100/A (sky130_fd_sc_hd__dlygate4sd3_1)
     1    0.003762    0.060995    0.563730    1.346292 ^ hold100/X (sky130_fd_sc_hd__dlygate4sd3_1)
                                                         net100 (net)
                      0.060995    0.000122    1.346414 ^ _1511_/A1 (sky130_fd_sc_hd__o211a_2)
     1    0.002234    0.038343    0.166446    1.512860 ^ _1511_/X (sky130_fd_sc_hd__o211a_2)
                                                         _0038_ (net)
                      0.038343    0.000064    1.512924 ^ _1610_/D (sky130_fd_sc_hd__dfxtp_2)
                                              1.512924   data arrival time

                                  0.000000    0.000000   clock clk (rise edge)
                                  0.000000    0.000000   clock source latency
     1    0.020019    0.095798    0.065992    0.065992 ^ clk (in)
                                                         clk (net)
                      0.095807    0.000000    0.065992 ^ clkbuf_0_clk/A (sky130_fd_sc_hd__clkbuf_16)
     8    0.083957    0.100894    0.191798    0.257790 ^ clkbuf_0_clk/X (sky130_fd_sc_hd__clkbuf_16)
                                                         clknet_0_clk (net)
                      0.101068    0.002896    0.260686 ^ clkbuf_3_1__f_clk/A (sky130_fd_sc_hd__clkbuf_16)
     8    0.023578    0.045034    0.149294    0.409980 ^ clkbuf_3_1__f_clk/X (sky130_fd_sc_hd__clkbuf_16)
                                                         clknet_3_1__leaf_clk (net)
                      0.045037    0.000410    0.410390 ^ _1610_/CLK (sky130_fd_sc_hd__dfxtp_2)
                                  0.250000    0.660390   clock uncertainty
                                  0.000000    0.660390   clock reconvergence pessimism
                                 -0.029806    0.630584   library hold time
                                              0.630584   data required time
---------------------------------------------------------------------------------------------
                                              0.630584   data required time
                                             -1.512924   data arrival time
---------------------------------------------------------------------------------------------
                                              0.882339   slack (MET)


Startpoint: _1635_ (rising edge-triggered flip-flop clocked by clk)
Endpoint: _1574_ (rising edge-triggered flip-flop clocked by clk)
Path Group: clk
Path Type: min

Fanout         Cap        Slew       Delay        Time   Description
---------------------------------------------------------------------------------------------
                                  0.000000    0.000000   clock clk (rise edge)
                                  0.000000    0.000000   clock source latency
     1    0.020019    0.095798    0.065992    0.065992 ^ clk (in)
                                                         clk (net)
                      0.095807    0.000000    0.065992 ^ clkbuf_0_clk/A (sky130_fd_sc_hd__clkbuf_16)
     8    0.083957    0.100894    0.191798    0.257790 ^ clkbuf_0_clk/X (sky130_fd_sc_hd__clkbuf_16)
                                                         clknet_0_clk (net)
                      0.101100    0.003229    0.261019 ^ clkbuf_3_6__f_clk/A (sky130_fd_sc_hd__clkbuf_16)
     8    0.024440    0.045835    0.149878    0.410897 ^ clkbuf_3_6__f_clk/X (sky130_fd_sc_hd__clkbuf_16)
                                                         clknet_3_6__leaf_clk (net)
                      0.045864    0.001011    0.411908 ^ _1635_/CLK (sky130_fd_sc_hd__dfxtp_2)
     1    0.003866    0.025079    0.305926    0.717834 v _1635_/Q (sky130_fd_sc_hd__dfxtp_2)
                                                         u_rst_sync.rst_ff2 (net)
                      0.025079    0.000131    0.717965 v fanout42/A (sky130_fd_sc_hd__clkdlybuf4s25_1)
    10    0.053050    0.390473    0.500955    1.218920 v fanout42/X (sky130_fd_sc_hd__clkdlybuf4s25_1)
                                                         net42 (net)
                      0.390573    0.005934    1.224854 v _0803_/A (sky130_fd_sc_hd__and2_2)
     1    0.001970    0.036048    0.309031    1.533885 v _0803_/X (sky130_fd_sc_hd__and2_2)
                                                         _0002_ (net)
                      0.036048    0.000039    1.533924 v _1574_/D (sky130_fd_sc_hd__dfxtp_2)
                                              1.533924   data arrival time

                                  0.000000    0.000000   clock clk (rise edge)
                                  0.000000    0.000000   clock source latency
     1    0.020019    0.095798    0.065992    0.065992 ^ clk (in)
                                                         clk (net)
                      0.095807    0.000000    0.065992 ^ clkbuf_0_clk/A (sky130_fd_sc_hd__clkbuf_16)
     8    0.083957    0.100894    0.191798    0.257790 ^ clkbuf_0_clk/X (sky130_fd_sc_hd__clkbuf_16)
                                                         clknet_0_clk (net)
                      0.101071    0.002934    0.260724 ^ clkbuf_3_3__f_clk/A (sky130_fd_sc_hd__clkbuf_16)
     8    0.031114    0.051988    0.155614    0.416339 ^ clkbuf_3_3__f_clk/X (sky130_fd_sc_hd__clkbuf_16)
                                                         clknet_3_3__leaf_clk (net)
                      0.051994    0.000972    0.417311 ^ _1574_/CLK (sky130_fd_sc_hd__dfxtp_2)
                                  0.250000    0.667311   clock uncertainty
                                  0.000000    0.667311   clock reconvergence pessimism
                                 -0.040821    0.626490   library hold time
                                              0.626490   data required time
---------------------------------------------------------------------------------------------
                                              0.626490   data required time
                                             -1.533924   data arrival time
---------------------------------------------------------------------------------------------
                                              0.907434   slack (MET)


Startpoint: _1605_ (rising edge-triggered flip-flop clocked by clk)
Endpoint: _1605_ (rising edge-triggered flip-flop clocked by clk)
Path Group: clk
Path Type: min

Fanout         Cap        Slew       Delay        Time   Description
---------------------------------------------------------------------------------------------
                                  0.000000    0.000000   clock clk (rise edge)
                                  0.000000    0.000000   clock source latency
     1    0.020019    0.095798    0.065992    0.065992 ^ clk (in)
                                                         clk (net)
                      0.095807    0.000000    0.065992 ^ clkbuf_0_clk/A (sky130_fd_sc_hd__clkbuf_16)
     8    0.083957    0.100894    0.191798    0.257790 ^ clkbuf_0_clk/X (sky130_fd_sc_hd__clkbuf_16)
                                                         clknet_0_clk (net)
                      0.101071    0.002934    0.260724 ^ clkbuf_3_3__f_clk/A (sky130_fd_sc_hd__clkbuf_16)
     8    0.031114    0.051988    0.155614    0.416339 ^ clkbuf_3_3__f_clk/X (sky130_fd_sc_hd__clkbuf_16)
                                                         clknet_3_3__leaf_clk (net)
                      0.051991    0.000651    0.416990 ^ _1605_/CLK (sky130_fd_sc_hd__dfxtp_2)
     4    0.014271    0.080890    0.349711    0.766700 ^ _1605_/Q (sky130_fd_sc_hd__dfxtp_2)
                                                         u_dp.acc_q[5] (net)
                      0.080890    0.000300    0.767000 ^ hold91/A (sky130_fd_sc_hd__dlygate4sd3_1)
     2    0.010597    0.121308    0.604885    1.371885 ^ hold91/X (sky130_fd_sc_hd__dlygate4sd3_1)
                                                         net91 (net)
                      0.121308    0.000376    1.372260 ^ _1493_/A1 (sky130_fd_sc_hd__o211a_2)
     1    0.002364    0.038937    0.180963    1.553224 ^ _1493_/X (sky130_fd_sc_hd__o211a_2)
                                                         _0033_ (net)
                      0.038937    0.000069    1.553293 ^ _1605_/D (sky130_fd_sc_hd__dfxtp_2)
                                              1.553293   data arrival time

                                  0.000000    0.000000   clock clk (rise edge)
                                  0.000000    0.000000   clock source latency
     1    0.020019    0.095798    0.065992    0.065992 ^ clk (in)
                                                         clk (net)
                      0.095807    0.000000    0.065992 ^ clkbuf_0_clk/A (sky130_fd_sc_hd__clkbuf_16)
     8    0.083957    0.100894    0.191798    0.257790 ^ clkbuf_0_clk/X (sky130_fd_sc_hd__clkbuf_16)
                                                         clknet_0_clk (net)
                      0.101071    0.002934    0.260724 ^ clkbuf_3_3__f_clk/A (sky130_fd_sc_hd__clkbuf_16)
     8    0.031114    0.051988    0.155614    0.416339 ^ clkbuf_3_3__f_clk/X (sky130_fd_sc_hd__clkbuf_16)
                                                         clknet_3_3__leaf_clk (net)
                      0.051991    0.000651    0.416990 ^ _1605_/CLK (sky130_fd_sc_hd__dfxtp_2)
                                  0.250000    0.666990   clock uncertainty
                                  0.000000    0.666990   clock reconvergence pessimism
                                 -0.029014    0.637975   library hold time
                                              0.637975   data required time
---------------------------------------------------------------------------------------------
                                              0.637975   data required time
                                             -1.553293   data arrival time
---------------------------------------------------------------------------------------------
                                              0.915318   slack (MET)


Startpoint: _1635_ (rising edge-triggered flip-flop clocked by clk)
Endpoint: _1624_ (rising edge-triggered flip-flop clocked by clk)
Path Group: clk
Path Type: min

Fanout         Cap        Slew       Delay        Time   Description
---------------------------------------------------------------------------------------------
                                  0.000000    0.000000   clock clk (rise edge)
                                  0.000000    0.000000   clock source latency
     1    0.020019    0.095798    0.065992    0.065992 ^ clk (in)
                                                         clk (net)
                      0.095807    0.000000    0.065992 ^ clkbuf_0_clk/A (sky130_fd_sc_hd__clkbuf_16)
     8    0.083957    0.100894    0.191798    0.257790 ^ clkbuf_0_clk/X (sky130_fd_sc_hd__clkbuf_16)
                                                         clknet_0_clk (net)
                      0.101100    0.003229    0.261019 ^ clkbuf_3_6__f_clk/A (sky130_fd_sc_hd__clkbuf_16)
     8    0.024440    0.045835    0.149878    0.410897 ^ clkbuf_3_6__f_clk/X (sky130_fd_sc_hd__clkbuf_16)
                                                         clknet_3_6__leaf_clk (net)
                      0.045864    0.001011    0.411908 ^ _1635_/CLK (sky130_fd_sc_hd__dfxtp_2)
     1    0.003866    0.025079    0.305926    0.717834 v _1635_/Q (sky130_fd_sc_hd__dfxtp_2)
                                                         u_rst_sync.rst_ff2 (net)
                      0.025079    0.000131    0.717965 v fanout42/A (sky130_fd_sc_hd__clkdlybuf4s25_1)
    10    0.053050    0.390473    0.500955    1.218920 v fanout42/X (sky130_fd_sc_hd__clkdlybuf4s25_1)
                                                         net42 (net)
                      0.390480    0.002156    1.221076 v fanout41/A (sky130_fd_sc_hd__clkdlybuf4s25_1)
     9    0.033460    0.249529    0.522265    1.743341 v fanout41/X (sky130_fd_sc_hd__clkdlybuf4s25_1)
                                                         net41 (net)
                      0.249535    0.001436    1.744776 v _1562_/A (sky130_fd_sc_hd__and2_2)
     1    0.016565    0.064205    0.295385    2.040161 v _1562_/X (sky130_fd_sc_hd__and2_2)
                                                         _0052_ (net)
                      0.064232    0.001211    2.041372 v _1624_/D (sky130_fd_sc_hd__dfxtp_2)
                                              2.041372   data arrival time

                                  0.000000    0.000000   clock clk (rise edge)
                                  0.000000    0.000000   clock source latency
     1    0.020019    0.095798    0.065992    0.065992 ^ clk (in)
                                                         clk (net)
                      0.095807    0.000000    0.065992 ^ clkbuf_0_clk/A (sky130_fd_sc_hd__clkbuf_16)
     8    0.083957    0.100894    0.191798    0.257790 ^ clkbuf_0_clk/X (sky130_fd_sc_hd__clkbuf_16)
                                                         clknet_0_clk (net)
                      0.101071    0.002934    0.260724 ^ clkbuf_3_3__f_clk/A (sky130_fd_sc_hd__clkbuf_16)
     8    0.031114    0.051988    0.155614    0.416339 ^ clkbuf_3_3__f_clk/X (sky130_fd_sc_hd__clkbuf_16)
                                                         clknet_3_3__leaf_clk (net)
                      0.051996    0.001154    0.417493 ^ _1624_/CLK (sky130_fd_sc_hd__dfxtp_2)
                                  0.250000    0.667493   clock uncertainty
                                  0.000000    0.667493   clock reconvergence pessimism
                                 -0.052376    0.615117   library hold time
                                              0.615117   data required time
---------------------------------------------------------------------------------------------
                                              0.615117   data required time
                                             -2.041372   data arrival time
---------------------------------------------------------------------------------------------
                                              1.426255   slack (MET)


Startpoint: rst_n (input port clocked by clk)
Endpoint: _1636_ (rising edge-triggered flip-flop clocked by clk)
Path Group: clk
Path Type: min

Fanout         Cap        Slew       Delay        Time   Description
---------------------------------------------------------------------------------------------
                                  0.000000    0.000000   clock clk (rise edge)
                                  0.000000    0.000000   clock network delay (propagated)
                                  4.000000    4.000000 v input external delay
     1    0.005821    0.015402    0.009473    4.009473 v rst_n (in)
                                                         rst_n (net)
                      0.015404    0.000000    4.009473 v input1/A (sky130_fd_sc_hd__clkdlybuf4s25_1)
     1    0.003696    0.045634    0.234838    4.244311 v input1/X (sky130_fd_sc_hd__clkdlybuf4s25_1)
                                                         net1 (net)
                      0.045634    0.000128    4.244439 v _1636_/D (sky130_fd_sc_hd__dfxtp_2)
                                              4.244439   data arrival time

                                  0.000000    0.000000   clock clk (rise edge)
                                  0.000000    0.000000   clock source latency
     1    0.020019    0.095798    0.065992    0.065992 ^ clk (in)
                                                         clk (net)
                      0.095807    0.000000    0.065992 ^ clkbuf_0_clk/A (sky130_fd_sc_hd__clkbuf_16)
     8    0.083957    0.100894    0.191798    0.257790 ^ clkbuf_0_clk/X (sky130_fd_sc_hd__clkbuf_16)
                                                         clknet_0_clk (net)
                      0.101101    0.003241    0.261031 ^ clkbuf_3_7__f_clk/A (sky130_fd_sc_hd__clkbuf_16)
     8    0.027547    0.048863    0.152702    0.413733 ^ clkbuf_3_7__f_clk/X (sky130_fd_sc_hd__clkbuf_16)
                                                         clknet_3_7__leaf_clk (net)
                      0.048888    0.001596    0.415328 ^ _1636_/CLK (sky130_fd_sc_hd__dfxtp_2)
                                  0.250000    0.665328   clock uncertainty
                                  0.000000    0.665328   clock reconvergence pessimism
                                 -0.045443    0.619885   library hold time
                                              0.619885   data required time
---------------------------------------------------------------------------------------------
                                              0.619885   data required time
                                             -4.244439   data arrival time
---------------------------------------------------------------------------------------------
                                              3.624554   slack (MET)


Startpoint: _1579_ (rising edge-triggered flip-flop clocked by clk)
Endpoint: uo_out[3] (output port clocked by clk)
Path Group: clk
Path Type: min

Fanout         Cap        Slew       Delay        Time   Description
---------------------------------------------------------------------------------------------
                                  0.000000    0.000000   clock clk (rise edge)
                                  0.000000    0.000000   clock source latency
     1    0.020019    0.095798    0.065992    0.065992 ^ clk (in)
                                                         clk (net)
                      0.095807    0.000000    0.065992 ^ clkbuf_0_clk/A (sky130_fd_sc_hd__clkbuf_16)
     8    0.083957    0.100894    0.191798    0.257790 ^ clkbuf_0_clk/X (sky130_fd_sc_hd__clkbuf_16)
                                                         clknet_0_clk (net)
                      0.101070    0.002924    0.260714 ^ clkbuf_3_5__f_clk/A (sky130_fd_sc_hd__clkbuf_16)
     8    0.029544    0.050696    0.154631    0.415345 ^ clkbuf_3_5__f_clk/X (sky130_fd_sc_hd__clkbuf_16)
                                                         clknet_3_5__leaf_clk (net)
                      0.050698    0.000633    0.415978 ^ _1579_/CLK (sky130_fd_sc_hd__dfxtp_2)
     1    0.034667    0.090416    0.371535    0.787513 v _1579_/Q (sky130_fd_sc_hd__dfxtp_2)
                                                         uo_out[3] (net)
                      0.090422    0.000764    0.788278 v uo_out[3] (out)
                                              0.788278   data arrival time

                                  0.000000    0.000000   clock clk (rise edge)
                                  0.000000    0.000000   clock network delay (propagated)
                                  0.250000    0.250000   clock uncertainty
                                  0.000000    0.250000   clock reconvergence pessimism
                                 -4.000000   -3.750000   output external delay
                                             -3.750000   data required time
---------------------------------------------------------------------------------------------
                                             -3.750000   data required time
                                             -0.788278   data arrival time
---------------------------------------------------------------------------------------------
                                              4.538278   slack (MET)


Startpoint: _1583_ (rising edge-triggered flip-flop clocked by clk)
Endpoint: uo_out[7] (output port clocked by clk)
Path Group: clk
Path Type: min

Fanout         Cap        Slew       Delay        Time   Description
---------------------------------------------------------------------------------------------
                                  0.000000    0.000000   clock clk (rise edge)
                                  0.000000    0.000000   clock source latency
     1    0.020019    0.095798    0.065992    0.065992 ^ clk (in)
                                                         clk (net)
                      0.095807    0.000000    0.065992 ^ clkbuf_0_clk/A (sky130_fd_sc_hd__clkbuf_16)
     8    0.083957    0.100894    0.191798    0.257790 ^ clkbuf_0_clk/X (sky130_fd_sc_hd__clkbuf_16)
                                                         clknet_0_clk (net)
                      0.101070    0.002924    0.260714 ^ clkbuf_3_5__f_clk/A (sky130_fd_sc_hd__clkbuf_16)
     8    0.029544    0.050696    0.154631    0.415345 ^ clkbuf_3_5__f_clk/X (sky130_fd_sc_hd__clkbuf_16)
                                                         clknet_3_5__leaf_clk (net)
                      0.050698    0.000627    0.415972 ^ _1583_/CLK (sky130_fd_sc_hd__dfxtp_2)
     1    0.035250    0.090432    0.372562    0.788534 v _1583_/Q (sky130_fd_sc_hd__dfxtp_2)
                                                         uo_out[7] (net)
                      0.090440    0.000881    0.789415 v uo_out[7] (out)
                                              0.789415   data arrival time

                                  0.000000    0.000000   clock clk (rise edge)
                                  0.000000    0.000000   clock network delay (propagated)
                                  0.250000    0.250000   clock uncertainty
                                  0.000000    0.250000   clock reconvergence pessimism
                                 -4.000000   -3.750000   output external delay
                                             -3.750000   data required time
---------------------------------------------------------------------------------------------
                                             -3.750000   data required time
                                             -0.789415   data arrival time
---------------------------------------------------------------------------------------------
                                              4.539415   slack (MET)


Startpoint: _1576_ (rising edge-triggered flip-flop clocked by clk)
Endpoint: uo_out[0] (output port clocked by clk)
Path Group: clk
Path Type: min

Fanout         Cap        Slew       Delay        Time   Description
---------------------------------------------------------------------------------------------
                                  0.000000    0.000000   clock clk (rise edge)
                                  0.000000    0.000000   clock source latency
     1    0.020019    0.095798    0.065992    0.065992 ^ clk (in)
                                                         clk (net)
                      0.095807    0.000000    0.065992 ^ clkbuf_0_clk/A (sky130_fd_sc_hd__clkbuf_16)
     8    0.083957    0.100894    0.191798    0.257790 ^ clkbuf_0_clk/X (sky130_fd_sc_hd__clkbuf_16)
                                                         clknet_0_clk (net)
                      0.101070    0.002924    0.260714 ^ clkbuf_3_5__f_clk/A (sky130_fd_sc_hd__clkbuf_16)
     8    0.029544    0.050696    0.154631    0.415345 ^ clkbuf_3_5__f_clk/X (sky130_fd_sc_hd__clkbuf_16)
                                                         clknet_3_5__leaf_clk (net)
                      0.050698    0.000635    0.415980 ^ _1576_/CLK (sky130_fd_sc_hd__dfxtp_2)
     1    0.035452    0.090306    0.372988    0.788968 v _1576_/Q (sky130_fd_sc_hd__dfxtp_2)
                                                         uo_out[0] (net)
                      0.090313    0.000840    0.789809 v uo_out[0] (out)
                                              0.789809   data arrival time

                                  0.000000    0.000000   clock clk (rise edge)
                                  0.000000    0.000000   clock network delay (propagated)
                                  0.250000    0.250000   clock uncertainty
                                  0.000000    0.250000   clock reconvergence pessimism
                                 -4.000000   -3.750000   output external delay
                                             -3.750000   data required time
---------------------------------------------------------------------------------------------
                                             -3.750000   data required time
                                             -0.789809   data arrival time
---------------------------------------------------------------------------------------------
                                              4.539809   slack (MET)


Startpoint: _1582_ (rising edge-triggered flip-flop clocked by clk)
Endpoint: uo_out[6] (output port clocked by clk)
Path Group: clk
Path Type: min

Fanout         Cap        Slew       Delay        Time   Description
---------------------------------------------------------------------------------------------
                                  0.000000    0.000000   clock clk (rise edge)
                                  0.000000    0.000000   clock source latency
     1    0.020019    0.095798    0.065992    0.065992 ^ clk (in)
                                                         clk (net)
                      0.095807    0.000000    0.065992 ^ clkbuf_0_clk/A (sky130_fd_sc_hd__clkbuf_16)
     8    0.083957    0.100894    0.191798    0.257790 ^ clkbuf_0_clk/X (sky130_fd_sc_hd__clkbuf_16)
                                                         clknet_0_clk (net)
                      0.101071    0.002934    0.260724 ^ clkbuf_3_3__f_clk/A (sky130_fd_sc_hd__clkbuf_16)
     8    0.031114    0.051988    0.155614    0.416339 ^ clkbuf_3_3__f_clk/X (sky130_fd_sc_hd__clkbuf_16)
                                                         clknet_3_3__leaf_clk (net)
                      0.051995    0.001103    0.417441 ^ _1582_/CLK (sky130_fd_sc_hd__dfxtp_2)
     1    0.035473    0.090294    0.373511    0.790952 v _1582_/Q (sky130_fd_sc_hd__dfxtp_2)
                                                         uo_out[6] (net)
                      0.090301    0.000832    0.791783 v uo_out[6] (out)
                                              0.791783   data arrival time

                                  0.000000    0.000000   clock clk (rise edge)
                                  0.000000    0.000000   clock network delay (propagated)
                                  0.250000    0.250000   clock uncertainty
                                  0.000000    0.250000   clock reconvergence pessimism
                                 -4.000000   -3.750000   output external delay
                                             -3.750000   data required time
---------------------------------------------------------------------------------------------
                                             -3.750000   data required time
                                             -0.791783   data arrival time
---------------------------------------------------------------------------------------------
                                              4.541783   slack (MET)


Startpoint: _1577_ (rising edge-triggered flip-flop clocked by clk)
Endpoint: uo_out[1] (output port clocked by clk)
Path Group: clk
Path Type: min

Fanout         Cap        Slew       Delay        Time   Description
---------------------------------------------------------------------------------------------
                                  0.000000    0.000000   clock clk (rise edge)
                                  0.000000    0.000000   clock source latency
     1    0.020019    0.095798    0.065992    0.065992 ^ clk (in)
                                                         clk (net)
                      0.095807    0.000000    0.065992 ^ clkbuf_0_clk/A (sky130_fd_sc_hd__clkbuf_16)
     8    0.083957    0.100894    0.191798    0.257790 ^ clkbuf_0_clk/X (sky130_fd_sc_hd__clkbuf_16)
                                                         clknet_0_clk (net)
                      0.100946    0.002166    0.259957 ^ clkbuf_3_4__f_clk/A (sky130_fd_sc_hd__clkbuf_16)
     8    0.032154    0.052863    0.156287    0.416243 ^ clkbuf_3_4__f_clk/X (sky130_fd_sc_hd__clkbuf_16)
                                                         clknet_3_4__leaf_clk (net)
                      0.052885    0.001469    0.417712 ^ _1577_/CLK (sky130_fd_sc_hd__dfxtp_2)
     1    0.035353    0.090386    0.373530    0.791242 v _1577_/Q (sky130_fd_sc_hd__dfxtp_2)
                                                         uo_out[1] (net)
                      0.090395    0.000928    0.792170 v uo_out[1] (out)
                                              0.792170   data arrival time

                                  0.000000    0.000000   clock clk (rise edge)
                                  0.000000    0.000000   clock network delay (propagated)
                                  0.250000    0.250000   clock uncertainty
                                  0.000000    0.250000   clock reconvergence pessimism
                                 -4.000000   -3.750000   output external delay
                                             -3.750000   data required time
---------------------------------------------------------------------------------------------
                                             -3.750000   data required time
                                             -0.792170   data arrival time
---------------------------------------------------------------------------------------------
                                              4.542170   slack (MET)


Startpoint: _1581_ (rising edge-triggered flip-flop clocked by clk)
Endpoint: uo_out[5] (output port clocked by clk)
Path Group: clk
Path Type: min

Fanout         Cap        Slew       Delay        Time   Description
---------------------------------------------------------------------------------------------
                                  0.000000    0.000000   clock clk (rise edge)
                                  0.000000    0.000000   clock source latency
     1    0.020019    0.095798    0.065992    0.065992 ^ clk (in)
                                                         clk (net)
                      0.095807    0.000000    0.065992 ^ clkbuf_0_clk/A (sky130_fd_sc_hd__clkbuf_16)
     8    0.083957    0.100894    0.191798    0.257790 ^ clkbuf_0_clk/X (sky130_fd_sc_hd__clkbuf_16)
                                                         clknet_0_clk (net)
                      0.100946    0.002166    0.259957 ^ clkbuf_3_4__f_clk/A (sky130_fd_sc_hd__clkbuf_16)
     8    0.032154    0.052863    0.156287    0.416243 ^ clkbuf_3_4__f_clk/X (sky130_fd_sc_hd__clkbuf_16)
                                                         clknet_3_4__leaf_clk (net)
                      0.052882    0.001421    0.417664 ^ _1581_/CLK (sky130_fd_sc_hd__dfxtp_2)
     1    0.035627    0.090234    0.374137    0.791801 v _1581_/Q (sky130_fd_sc_hd__dfxtp_2)
                                                         uo_out[5] (net)
                      0.090240    0.000824    0.792625 v uo_out[5] (out)
                                              0.792625   data arrival time

                                  0.000000    0.000000   clock clk (rise edge)
                                  0.000000    0.000000   clock network delay (propagated)
                                  0.250000    0.250000   clock uncertainty
                                  0.000000    0.250000   clock reconvergence pessimism
                                 -4.000000   -3.750000   output external delay
                                             -3.750000   data required time
---------------------------------------------------------------------------------------------
                                             -3.750000   data required time
                                             -0.792625   data arrival time
---------------------------------------------------------------------------------------------
                                              4.542625   slack (MET)


Startpoint: _1578_ (rising edge-triggered flip-flop clocked by clk)
Endpoint: uo_out[2] (output port clocked by clk)
Path Group: clk
Path Type: min

Fanout         Cap        Slew       Delay        Time   Description
---------------------------------------------------------------------------------------------
                                  0.000000    0.000000   clock clk (rise edge)
                                  0.000000    0.000000   clock source latency
     1    0.020019    0.095798    0.065992    0.065992 ^ clk (in)
                                                         clk (net)
                      0.095807    0.000000    0.065992 ^ clkbuf_0_clk/A (sky130_fd_sc_hd__clkbuf_16)
     8    0.083957    0.100894    0.191798    0.257790 ^ clkbuf_0_clk/X (sky130_fd_sc_hd__clkbuf_16)
                                                         clknet_0_clk (net)
                      0.100946    0.002166    0.259957 ^ clkbuf_3_4__f_clk/A (sky130_fd_sc_hd__clkbuf_16)
     8    0.032154    0.052863    0.156287    0.416243 ^ clkbuf_3_4__f_clk/X (sky130_fd_sc_hd__clkbuf_16)
                                                         clknet_3_4__leaf_clk (net)
                      0.052885    0.001470    0.417713 ^ _1578_/CLK (sky130_fd_sc_hd__dfxtp_2)
     1    0.036045    0.090672    0.374939    0.792653 v _1578_/Q (sky130_fd_sc_hd__dfxtp_2)
                                                         uo_out[2] (net)
                      0.090679    0.000824    0.793477 v uo_out[2] (out)
                                              0.793477   data arrival time

                                  0.000000    0.000000   clock clk (rise edge)
                                  0.000000    0.000000   clock network delay (propagated)
                                  0.250000    0.250000   clock uncertainty
                                  0.000000    0.250000   clock reconvergence pessimism
                                 -4.000000   -3.750000   output external delay
                                             -3.750000   data required time
---------------------------------------------------------------------------------------------
                                             -3.750000   data required time
                                             -0.793477   data arrival time
---------------------------------------------------------------------------------------------
                                              4.543477   slack (MET)


Startpoint: _1580_ (rising edge-triggered flip-flop clocked by clk)
Endpoint: uo_out[4] (output port clocked by clk)
Path Group: clk
Path Type: min

Fanout         Cap        Slew       Delay        Time   Description
---------------------------------------------------------------------------------------------
                                  0.000000    0.000000   clock clk (rise edge)
                                  0.000000    0.000000   clock source latency
     1    0.020019    0.095798    0.065992    0.065992 ^ clk (in)
                                                         clk (net)
                      0.095807    0.000000    0.065992 ^ clkbuf_0_clk/A (sky130_fd_sc_hd__clkbuf_16)
     8    0.083957    0.100894    0.191798    0.257790 ^ clkbuf_0_clk/X (sky130_fd_sc_hd__clkbuf_16)
                                                         clknet_0_clk (net)
                      0.101071    0.002934    0.260724 ^ clkbuf_3_3__f_clk/A (sky130_fd_sc_hd__clkbuf_16)
     8    0.031114    0.051988    0.155614    0.416339 ^ clkbuf_3_3__f_clk/X (sky130_fd_sc_hd__clkbuf_16)
                                                         clknet_3_3__leaf_clk (net)
                      0.051995    0.001067    0.417406 ^ _1580_/CLK (sky130_fd_sc_hd__dfxtp_2)
     1    0.037580    0.093733    0.376818    0.794224 v _1580_/Q (sky130_fd_sc_hd__dfxtp_2)
                                                         uo_out[4] (net)
                      0.093756    0.001445    0.795668 v uo_out[4] (out)
                                              0.795668   data arrival time

                                  0.000000    0.000000   clock clk (rise edge)
                                  0.000000    0.000000   clock network delay (propagated)
                                  0.250000    0.250000   clock uncertainty
                                  0.000000    0.250000   clock reconvergence pessimism
                                 -4.000000   -3.750000   output external delay
                                             -3.750000   data required time
---------------------------------------------------------------------------------------------
                                             -3.750000   data required time
                                             -0.795668   data arrival time
---------------------------------------------------------------------------------------------
                                              4.545668   slack (MET)


Startpoint: _1575_ (rising edge-triggered flip-flop clocked by clk)
Endpoint: uio_out[5] (output port clocked by clk)
Path Group: clk
Path Type: min

Fanout         Cap        Slew       Delay        Time   Description
---------------------------------------------------------------------------------------------
                                  0.000000    0.000000   clock clk (rise edge)
                                  0.000000    0.000000   clock source latency
     1    0.020019    0.095798    0.065992    0.065992 ^ clk (in)
                                                         clk (net)
                      0.095807    0.000000    0.065992 ^ clkbuf_0_clk/A (sky130_fd_sc_hd__clkbuf_16)
     8    0.083957    0.100894    0.191798    0.257790 ^ clkbuf_0_clk/X (sky130_fd_sc_hd__clkbuf_16)
                                                         clknet_0_clk (net)
                      0.101068    0.002896    0.260686 ^ clkbuf_3_1__f_clk/A (sky130_fd_sc_hd__clkbuf_16)
     8    0.023578    0.045034    0.149294    0.409980 ^ clkbuf_3_1__f_clk/X (sky130_fd_sc_hd__clkbuf_16)
                                                         clknet_3_1__leaf_clk (net)
                      0.045040    0.000508    0.410488 ^ _1575_/CLK (sky130_fd_sc_hd__dfxtp_2)
     2    0.012385    0.042975    0.327694    0.738182 v _1575_/Q (sky130_fd_sc_hd__dfxtp_2)
                                                         ovf (net)
                      0.042975    0.000546    0.738728 v _1652_/A (sky130_fd_sc_hd__buf_2)
     1    0.034619    0.090372    0.179722    0.918451 v _1652_/X (sky130_fd_sc_hd__buf_2)
                                                         uio_out[5] (net)
                      0.090380    0.000861    0.919312 v uio_out[5] (out)
                                              0.919312   data arrival time

                                  0.000000    0.000000   clock clk (rise edge)
                                  0.000000    0.000000   clock network delay (propagated)
                                  0.250000    0.250000   clock uncertainty
                                  0.000000    0.250000   clock reconvergence pessimism
                                 -4.000000   -3.750000   output external delay
                                             -3.750000   data required time
---------------------------------------------------------------------------------------------
                                             -3.750000   data required time
                                             -0.919312   data arrival time
---------------------------------------------------------------------------------------------
                                              4.669312   slack (MET)


Startpoint: _1574_ (rising edge-triggered flip-flop clocked by clk)
Endpoint: uio_out[4] (output port clocked by clk)
Path Group: clk
Path Type: min

Fanout         Cap        Slew       Delay        Time   Description
---------------------------------------------------------------------------------------------
                                  0.000000    0.000000   clock clk (rise edge)
                                  0.000000    0.000000   clock source latency
     1    0.020019    0.095798    0.065992    0.065992 ^ clk (in)
                                                         clk (net)
                      0.095807    0.000000    0.065992 ^ clkbuf_0_clk/A (sky130_fd_sc_hd__clkbuf_16)
     8    0.083957    0.100894    0.191798    0.257790 ^ clkbuf_0_clk/X (sky130_fd_sc_hd__clkbuf_16)
                                                         clknet_0_clk (net)
                      0.101071    0.002934    0.260724 ^ clkbuf_3_3__f_clk/A (sky130_fd_sc_hd__clkbuf_16)
     8    0.031114    0.051988    0.155614    0.416339 ^ clkbuf_3_3__f_clk/X (sky130_fd_sc_hd__clkbuf_16)
                                                         clknet_3_3__leaf_clk (net)
                      0.051994    0.000972    0.417311 ^ _1574_/CLK (sky130_fd_sc_hd__dfxtp_2)
     3    0.013168    0.044544    0.331725    0.749036 v _1574_/Q (sky130_fd_sc_hd__dfxtp_2)
                                                         busy (net)
                      0.044544    0.000169    0.749205 v _1651_/A (sky130_fd_sc_hd__buf_2)
     1    0.035440    0.092091    0.181993    0.931198 v _1651_/X (sky130_fd_sc_hd__buf_2)
                                                         uio_out[4] (net)
                      0.092097    0.000789    0.931987 v uio_out[4] (out)
                                              0.931987   data arrival time

                                  0.000000    0.000000   clock clk (rise edge)
                                  0.000000    0.000000   clock network delay (propagated)
                                  0.250000    0.250000   clock uncertainty
                                  0.000000    0.250000   clock reconvergence pessimism
                                 -4.000000   -3.750000   output external delay
                                             -3.750000   data required time
---------------------------------------------------------------------------------------------
                                             -3.750000   data required time
                                             -0.931987   data arrival time
---------------------------------------------------------------------------------------------
                                              4.681986   slack (MET)



