
===========================================================================
report_checks -path_delay max (Setup)
============================================================================
======================= min_ss_100C_1v60 Corner ===================================

Startpoint: _1595_ (rising edge-triggered flip-flop clocked by clk)
Endpoint: _1622_ (rising edge-triggered flip-flop clocked by clk)
Path Group: clk
Path Type: max

Fanout         Cap        Slew       Delay        Time   Description
---------------------------------------------------------------------------------------------
                                  0.000000    0.000000   clock clk (rise edge)
                                  0.000000    0.000000   clock source latency
     1    0.018955    0.142613    0.097036    0.097036 ^ clk (in)
                                                         clk (net)
                      0.142616    0.000000    0.097036 ^ clkbuf_0_clk/A (sky130_fd_sc_hd__clkbuf_16)
     8    0.082146    0.151088    0.329123    0.426159 ^ clkbuf_0_clk/X (sky130_fd_sc_hd__clkbuf_16)
                                                         clknet_0_clk (net)
                      0.151110    0.001851    0.428010 ^ clkbuf_3_6__f_clk/A (sky130_fd_sc_hd__clkbuf_16)
     8    0.022215    0.070185    0.261835    0.689845 ^ clkbuf_3_6__f_clk/X (sky130_fd_sc_hd__clkbuf_16)
                                                         clknet_3_6__leaf_clk (net)
                      0.070207    0.000432    0.690277 ^ _1595_/CLK (sky130_fd_sc_hd__dfxtp_2)
     1    0.002468    0.038396    0.591986    1.282263 v _1595_/Q (sky130_fd_sc_hd__dfxtp_2)
                                                         u_dp.b_q[3] (net)
                      0.038396    0.000022    1.282285 v fanout51/A (sky130_fd_sc_hd__clkdlybuf4s25_1)
     7    0.046566    0.621874    0.869333    2.151618 v fanout51/X (sky130_fd_sc_hd__clkdlybuf4s25_1)
                                                         net51 (net)
                      0.621874    0.000951    2.152568 v fanout50/A (sky130_fd_sc_hd__clkdlybuf4s25_1)
    10    0.042431    0.569580    1.052374    3.204942 v fanout50/X (sky130_fd_sc_hd__clkdlybuf4s25_1)
                                                         net50 (net)
                      0.569580    0.001241    3.206183 v _0808_/B (sky130_fd_sc_hd__and3_2)
     3    0.008960    0.098713    0.693947    3.900131 v _0808_/X (sky130_fd_sc_hd__and3_2)
                                                         _0078_ (net)
                      0.098713    0.000099    3.900229 v _0811_/A (sky130_fd_sc_hd__or3_2)
     2    0.003822    0.172106    1.115273    5.015502 v _0811_/X (sky130_fd_sc_hd__or3_2)
                                                         _0081_ (net)
                      0.172106    0.000030    5.015532 v _0812_/B (sky130_fd_sc_hd__and2b_2)
     1    0.003697    0.073198    0.454194    5.469726 v _0812_/X (sky130_fd_sc_hd__and2b_2)
                                                         _0082_ (net)
                      0.073198    0.000059    5.469785 v fanout22/A (sky130_fd_sc_hd__clkdlybuf4s25_1)
     9    0.062517    0.827951    1.036400    6.506185 v fanout22/X (sky130_fd_sc_hd__clkdlybuf4s25_1)
                                                         net22 (net)
                      0.827952    0.002473    6.508658 v fanout21/A (sky130_fd_sc_hd__clkdlybuf4s25_1)
     7    0.052954    0.705369    1.193431    7.702089 v fanout21/X (sky130_fd_sc_hd__clkdlybuf4s25_1)
                                                         net21 (net)
                      0.705370    0.002430    7.704519 v fanout20/A (sky130_fd_sc_hd__clkdlybuf4s25_1)
    10    0.068900    0.911362    1.321392    9.025911 v fanout20/X (sky130_fd_sc_hd__clkdlybuf4s25_1)
                                                         net20 (net)
                      0.911362    0.001532    9.027443 v _0890_/A (sky130_fd_sc_hd__xor2_2)
     2    0.006891    0.208396    0.604389    9.631832 v _0890_/X (sky130_fd_sc_hd__xor2_2)
                                                         _0160_ (net)
                      0.208396    0.000042    9.631874 v _0893_/B (sky130_fd_sc_hd__or2_2)
     1    0.001766    0.104300    0.655067   10.286942 v _0893_/X (sky130_fd_sc_hd__or2_2)
                                                         _0163_ (net)
                      0.104300    0.000016   10.286958 v _0894_/B (sky130_fd_sc_hd__and2_2)
     3    0.020393    0.140511    0.502708   10.789665 v _0894_/X (sky130_fd_sc_hd__and2_2)
                                                         _0164_ (net)
                      0.140511    0.000125   10.789791 v _0895_/B (sky130_fd_sc_hd__nor2_2)
     2    0.015504    0.312643    0.305687   11.095478 ^ _0895_/Y (sky130_fd_sc_hd__nor2_2)
                                                         _0165_ (net)
                      0.312643    0.000034   11.095511 ^ _0896_/B (sky130_fd_sc_hd__xor2_2)
     2    0.013905    0.321251    0.426434   11.521946 ^ _0896_/X (sky130_fd_sc_hd__xor2_2)
                                                         _0166_ (net)
                      0.321251    0.000136   11.522081 ^ _0901_/B (sky130_fd_sc_hd__xnor2_2)
     2    0.006423    0.125226    0.209739   11.731820 v _0901_/Y (sky130_fd_sc_hd__xnor2_2)
                                                         _0171_ (net)
                      0.125226    0.000036   11.731856 v _0983_/A (sky130_fd_sc_hd__and2_2)
     1    0.004893    0.079825    0.388047   12.119904 v _0983_/X (sky130_fd_sc_hd__and2_2)
                                                         _0253_ (net)
                      0.079825    0.000052   12.119955 v _0984_/B (sky130_fd_sc_hd__nor2_2)
     2    0.015553    0.305563    0.281611   12.401567 ^ _0984_/Y (sky130_fd_sc_hd__nor2_2)
                                                         _0254_ (net)
                      0.305563    0.000219   12.401786 ^ _0985_/B (sky130_fd_sc_hd__xor2_2)
     2    0.014987    0.351375    0.438475   12.840261 ^ _0985_/X (sky130_fd_sc_hd__xor2_2)
                                                         _0255_ (net)
                      0.351375    0.000115   12.840376 ^ _0992_/A (sky130_fd_sc_hd__nand2_2)
     2    0.004708    0.102744    0.176893   13.017269 v _0992_/Y (sky130_fd_sc_hd__nand2_2)
                                                         _0262_ (net)
                      0.102744    0.000039   13.017308 v _0994_/A_N (sky130_fd_sc_hd__nand2b_2)
     1    0.002730    0.077441    0.354086   13.371394 v _0994_/Y (sky130_fd_sc_hd__nand2b_2)
                                                         _0264_ (net)
                      0.077441    0.000026   13.371420 v _1388_/A1 (sky130_fd_sc_hd__o221a_2)
     4    0.017018    0.155669    0.625390   13.996809 v _1388_/X (sky130_fd_sc_hd__o221a_2)
                                                         _0658_ (net)
                      0.155669    0.000479   13.997288 v _1393_/A2 (sky130_fd_sc_hd__o31ai_2)
     3    0.010843    0.462212    0.535232   14.532520 ^ _1393_/Y (sky130_fd_sc_hd__o31ai_2)
                                                         _0663_ (net)
                      0.462212    0.000207   14.532727 ^ _1394_/B (sky130_fd_sc_hd__nand2_2)
     2    0.008072    0.120655    0.245961   14.778689 v _1394_/Y (sky130_fd_sc_hd__nand2_2)
                                                         _0664_ (net)
                      0.120655    0.000091   14.778780 v _1405_/A2 (sky130_fd_sc_hd__o211ai_2)
     5    0.029415    0.606800    0.562321   15.341102 ^ _1405_/Y (sky130_fd_sc_hd__o211ai_2)
                                                         _0675_ (net)
                      0.606800    0.000385   15.341487 ^ _1473_/A1 (sky130_fd_sc_hd__a21bo_2)
     1    0.004054    0.071154    0.453255   15.794742 ^ _1473_/X (sky130_fd_sc_hd__a21bo_2)
                                                         _0718_ (net)
                      0.071154    0.000046   15.794788 ^ fanout16/A (sky130_fd_sc_hd__clkdlybuf4s25_1)
     5    0.025640    0.419841    0.716636   16.511423 ^ fanout16/X (sky130_fd_sc_hd__clkdlybuf4s25_1)
                                                         net16 (net)
                      0.419841    0.000119   16.511543 ^ fanout14/A (sky130_fd_sc_hd__clkdlybuf4s25_1)
    10    0.042920    0.689150    1.045894   17.557436 ^ fanout14/X (sky130_fd_sc_hd__clkdlybuf4s25_1)
                                                         net14 (net)
                      0.689150    0.000469   17.557905 ^ _1558_/B1 (sky130_fd_sc_hd__a31o_2)
     1    0.003860    0.080014    0.396600   17.954506 ^ _1558_/X (sky130_fd_sc_hd__a31o_2)
                                                         _0781_ (net)
                      0.080014    0.000053   17.954559 ^ _1559_/C1 (sky130_fd_sc_hd__o211a_2)
     1    0.001859    0.072704    0.332275   18.286835 ^ _1559_/X (sky130_fd_sc_hd__o211a_2)
                                                         _0050_ (net)
                      0.072704    0.000009   18.286842 ^ _1622_/D (sky130_fd_sc_hd__dfxtp_2)
                                             18.286842   data arrival time

                                 20.000000   20.000000   clock clk (rise edge)
                                  0.000000   20.000000   clock source latency
     1    0.018955    0.142613    0.097035   20.097036 ^ clk (in)
                                                         clk (net)
                      0.142616    0.000000   20.097036 ^ clkbuf_0_clk/A (sky130_fd_sc_hd__clkbuf_16)
     8    0.082146    0.151088    0.329123   20.426159 ^ clkbuf_0_clk/X (sky130_fd_sc_hd__clkbuf_16)
                                                         clknet_0_clk (net)
                      0.151104    0.001663   20.427822 ^ clkbuf_3_0__f_clk/A (sky130_fd_sc_hd__clkbuf_16)
     8    0.021854    0.069735    0.261421   20.689243 ^ clkbuf_3_0__f_clk/X (sky130_fd_sc_hd__clkbuf_16)
                                                         clknet_3_0__leaf_clk (net)
                      0.069757    0.000172   20.689415 ^ _1622_/CLK (sky130_fd_sc_hd__dfxtp_2)
                                 -0.250000   20.439417   clock uncertainty
                                  0.000000   20.439417   clock reconvergence pessimism
                                 -0.141800   20.297617   library setup time
                                             20.297617   data required time
---------------------------------------------------------------------------------------------
                                             20.297617   data required time
                                            -18.286842   data arrival time
---------------------------------------------------------------------------------------------
                                              2.010774   slack (MET)


Startpoint: _1595_ (rising edge-triggered flip-flop clocked by clk)
Endpoint: _1620_ (rising edge-triggered flip-flop clocked by clk)
Path Group: clk
Path Type: max

Fanout         Cap        Slew       Delay        Time   Description
---------------------------------------------------------------------------------------------
                                  0.000000    0.000000   clock clk (rise edge)
                                  0.000000    0.000000   clock source latency
     1    0.018955    0.142613    0.097036    0.097036 ^ clk (in)
                                                         clk (net)
                      0.142616    0.000000    0.097036 ^ clkbuf_0_clk/A (sky130_fd_sc_hd__clkbuf_16)
     8    0.082146    0.151088    0.329123    0.426159 ^ clkbuf_0_clk/X (sky130_fd_sc_hd__clkbuf_16)
                                                         clknet_0_clk (net)
                      0.151110    0.001851    0.428010 ^ clkbuf_3_6__f_clk/A (sky130_fd_sc_hd__clkbuf_16)
     8    0.022215    0.070185    0.261835    0.689845 ^ clkbuf_3_6__f_clk/X (sky130_fd_sc_hd__clkbuf_16)
                                                         clknet_3_6__leaf_clk (net)
                      0.070207    0.000432    0.690277 ^ _1595_/CLK (sky130_fd_sc_hd__dfxtp_2)
     1    0.002468    0.038396    0.591986    1.282263 v _1595_/Q (sky130_fd_sc_hd__dfxtp_2)
                                                         u_dp.b_q[3] (net)
                      0.038396    0.000022    1.282285 v fanout51/A (sky130_fd_sc_hd__clkdlybuf4s25_1)
     7    0.046566    0.621874    0.869333    2.151618 v fanout51/X (sky130_fd_sc_hd__clkdlybuf4s25_1)
                                                         net51 (net)
                      0.621874    0.000951    2.152568 v fanout50/A (sky130_fd_sc_hd__clkdlybuf4s25_1)
    10    0.042431    0.569580    1.052374    3.204942 v fanout50/X (sky130_fd_sc_hd__clkdlybuf4s25_1)
                                                         net50 (net)
                      0.569580    0.001241    3.206183 v _0808_/B (sky130_fd_sc_hd__and3_2)
     3    0.008960    0.098713    0.693947    3.900131 v _0808_/X (sky130_fd_sc_hd__and3_2)
                                                         _0078_ (net)
                      0.098713    0.000099    3.900229 v _0811_/A (sky130_fd_sc_hd__or3_2)
     2    0.003822    0.172106    1.115273    5.015502 v _0811_/X (sky130_fd_sc_hd__or3_2)
                                                         _0081_ (net)
                      0.172106    0.000030    5.015532 v _0812_/B (sky130_fd_sc_hd__and2b_2)
     1    0.003697    0.073198    0.454194    5.469726 v _0812_/X (sky130_fd_sc_hd__and2b_2)
                                                         _0082_ (net)
                      0.073198    0.000059    5.469785 v fanout22/A (sky130_fd_sc_hd__clkdlybuf4s25_1)
     9    0.062517    0.827951    1.036400    6.506185 v fanout22/X (sky130_fd_sc_hd__clkdlybuf4s25_1)
                                                         net22 (net)
                      0.827952    0.002473    6.508658 v fanout21/A (sky130_fd_sc_hd__clkdlybuf4s25_1)
     7    0.052954    0.705369    1.193431    7.702089 v fanout21/X (sky130_fd_sc_hd__clkdlybuf4s25_1)
                                                         net21 (net)
                      0.705370    0.002430    7.704519 v fanout20/A (sky130_fd_sc_hd__clkdlybuf4s25_1)
    10    0.068900    0.911362    1.321392    9.025911 v fanout20/X (sky130_fd_sc_hd__clkdlybuf4s25_1)
                                                         net20 (net)
                      0.911362    0.001532    9.027443 v _0890_/A (sky130_fd_sc_hd__xor2_2)
     2    0.006891    0.208396    0.604389    9.631832 v _0890_/X (sky130_fd_sc_hd__xor2_2)
                                                         _0160_ (net)
                      0.208396    0.000042    9.631874 v _0893_/B (sky130_fd_sc_hd__or2_2)
     1    0.001766    0.104300    0.655067   10.286942 v _0893_/X (sky130_fd_sc_hd__or2_2)
                                                         _0163_ (net)
                      0.104300    0.000016   10.286958 v _0894_/B (sky130_fd_sc_hd__and2_2)
     3    0.020393    0.140511    0.502708   10.789665 v _0894_/X (sky130_fd_sc_hd__and2_2)
                                                         _0164_ (net)
                      0.140511    0.000125   10.789791 v _0895_/B (sky130_fd_sc_hd__nor2_2)
     2    0.015504    0.312643    0.305687   11.095478 ^ _0895_/Y (sky130_fd_sc_hd__nor2_2)
                                                         _0165_ (net)
                      0.312643    0.000034   11.095511 ^ _0896_/B (sky130_fd_sc_hd__xor2_2)
     2    0.013905    0.321251    0.426434   11.521946 ^ _0896_/X (sky130_fd_sc_hd__xor2_2)
                                                         _0166_ (net)
                      0.321251    0.000136   11.522081 ^ _0901_/B (sky130_fd_sc_hd__xnor2_2)
     2    0.006423    0.125226    0.209739   11.731820 v _0901_/Y (sky130_fd_sc_hd__xnor2_2)
                                                         _0171_ (net)
                      0.125226    0.000036   11.731856 v _0983_/A (sky130_fd_sc_hd__and2_2)
     1    0.004893    0.079825    0.388047   12.119904 v _0983_/X (sky130_fd_sc_hd__and2_2)
                                                         _0253_ (net)
                      0.079825    0.000052   12.119955 v _0984_/B (sky130_fd_sc_hd__nor2_2)
     2    0.015553    0.305563    0.281611   12.401567 ^ _0984_/Y (sky130_fd_sc_hd__nor2_2)
                                                         _0254_ (net)
                      0.305563    0.000219   12.401786 ^ _0985_/B (sky130_fd_sc_hd__xor2_2)
     2    0.014987    0.351375    0.438475   12.840261 ^ _0985_/X (sky130_fd_sc_hd__xor2_2)
                                                         _0255_ (net)
                      0.351375    0.000115   12.840376 ^ _0992_/A (sky130_fd_sc_hd__nand2_2)
     2    0.004708    0.102744    0.176893   13.017269 v _0992_/Y (sky130_fd_sc_hd__nand2_2)
                                                         _0262_ (net)
                      0.102744    0.000039   13.017308 v _0994_/A_N (sky130_fd_sc_hd__nand2b_2)
     1    0.002730    0.077441    0.354086   13.371394 v _0994_/Y (sky130_fd_sc_hd__nand2b_2)
                                                         _0264_ (net)
                      0.077441    0.000026   13.371420 v _1388_/A1 (sky130_fd_sc_hd__o221a_2)
     4    0.017018    0.155669    0.625390   13.996809 v _1388_/X (sky130_fd_sc_hd__o221a_2)
                                                         _0658_ (net)
                      0.155669    0.000479   13.997288 v _1393_/A2 (sky130_fd_sc_hd__o31ai_2)
     3    0.010843    0.462212    0.535232   14.532520 ^ _1393_/Y (sky130_fd_sc_hd__o31ai_2)
                                                         _0663_ (net)
                      0.462212    0.000207   14.532727 ^ _1394_/B (sky130_fd_sc_hd__nand2_2)
     2    0.008072    0.120655    0.245961   14.778689 v _1394_/Y (sky130_fd_sc_hd__nand2_2)
                                                         _0664_ (net)
                      0.120655    0.000091   14.778780 v _1405_/A2 (sky130_fd_sc_hd__o211ai_2)
     5    0.029415    0.606800    0.562321   15.341102 ^ _1405_/Y (sky130_fd_sc_hd__o211ai_2)
                                                         _0675_ (net)
                      0.606800    0.000385   15.341487 ^ _1473_/A1 (sky130_fd_sc_hd__a21bo_2)
     1    0.004054    0.071154    0.453255   15.794742 ^ _1473_/X (sky130_fd_sc_hd__a21bo_2)
                                                         _0718_ (net)
                      0.071154    0.000046   15.794788 ^ fanout16/A (sky130_fd_sc_hd__clkdlybuf4s25_1)
     5    0.025640    0.419841    0.716636   16.511423 ^ fanout16/X (sky130_fd_sc_hd__clkdlybuf4s25_1)
                                                         net16 (net)
                      0.419841    0.000119   16.511543 ^ fanout14/A (sky130_fd_sc_hd__clkdlybuf4s25_1)
    10    0.042920    0.689150    1.045894   17.557436 ^ fanout14/X (sky130_fd_sc_hd__clkdlybuf4s25_1)
                                                         net14 (net)
                      0.689150    0.000629   17.558065 ^ _1551_/B1 (sky130_fd_sc_hd__a31o_2)
     1    0.002901    0.072518    0.386642   17.944708 ^ _1551_/X (sky130_fd_sc_hd__a31o_2)
                                                         _0776_ (net)
                      0.072518    0.000027   17.944735 ^ _1552_/C1 (sky130_fd_sc_hd__o211a_2)
     1    0.002545    0.077176    0.337071   18.281805 ^ _1552_/X (sky130_fd_sc_hd__o211a_2)
                                                         _0048_ (net)
                      0.077176    0.000028   18.281834 ^ _1620_/D (sky130_fd_sc_hd__dfxtp_2)
                                             18.281834   data arrival time

                                 20.000000   20.000000   clock clk (rise edge)
                                  0.000000   20.000000   clock source latency
     1    0.018955    0.142613    0.097035   20.097036 ^ clk (in)
                                                         clk (net)
                      0.142616    0.000000   20.097036 ^ clkbuf_0_clk/A (sky130_fd_sc_hd__clkbuf_16)
     8    0.082146    0.151088    0.329123   20.426159 ^ clkbuf_0_clk/X (sky130_fd_sc_hd__clkbuf_16)
                                                         clknet_0_clk (net)
                      0.151104    0.001663   20.427822 ^ clkbuf_3_0__f_clk/A (sky130_fd_sc_hd__clkbuf_16)
     8    0.021854    0.069735    0.261421   20.689243 ^ clkbuf_3_0__f_clk/X (sky130_fd_sc_hd__clkbuf_16)
                                                         clknet_3_0__leaf_clk (net)
                      0.069757    0.000382   20.689625 ^ _1620_/CLK (sky130_fd_sc_hd__dfxtp_2)
                                 -0.250000   20.439625   clock uncertainty
                                  0.000000   20.439625   clock reconvergence pessimism
                                 -0.142973   20.296652   library setup time
                                             20.296652   data required time
---------------------------------------------------------------------------------------------
                                             20.296652   data required time
                                            -18.281834   data arrival time
---------------------------------------------------------------------------------------------
                                              2.014819   slack (MET)


Startpoint: _1595_ (rising edge-triggered flip-flop clocked by clk)
Endpoint: _1618_ (rising edge-triggered flip-flop clocked by clk)
Path Group: clk
Path Type: max

Fanout         Cap        Slew       Delay        Time   Description
---------------------------------------------------------------------------------------------
                                  0.000000    0.000000   clock clk (rise edge)
                                  0.000000    0.000000   clock source latency
     1    0.018955    0.142613    0.097036    0.097036 ^ clk (in)
                                                         clk (net)
                      0.142616    0.000000    0.097036 ^ clkbuf_0_clk/A (sky130_fd_sc_hd__clkbuf_16)
     8    0.082146    0.151088    0.329123    0.426159 ^ clkbuf_0_clk/X (sky130_fd_sc_hd__clkbuf_16)
                                                         clknet_0_clk (net)
                      0.151110    0.001851    0.428010 ^ clkbuf_3_6__f_clk/A (sky130_fd_sc_hd__clkbuf_16)
     8    0.022215    0.070185    0.261835    0.689845 ^ clkbuf_3_6__f_clk/X (sky130_fd_sc_hd__clkbuf_16)
                                                         clknet_3_6__leaf_clk (net)
                      0.070207    0.000432    0.690277 ^ _1595_/CLK (sky130_fd_sc_hd__dfxtp_2)
     1    0.002468    0.038396    0.591986    1.282263 v _1595_/Q (sky130_fd_sc_hd__dfxtp_2)
                                                         u_dp.b_q[3] (net)
                      0.038396    0.000022    1.282285 v fanout51/A (sky130_fd_sc_hd__clkdlybuf4s25_1)
     7    0.046566    0.621874    0.869333    2.151618 v fanout51/X (sky130_fd_sc_hd__clkdlybuf4s25_1)
                                                         net51 (net)
                      0.621874    0.000951    2.152568 v fanout50/A (sky130_fd_sc_hd__clkdlybuf4s25_1)
    10    0.042431    0.569580    1.052374    3.204942 v fanout50/X (sky130_fd_sc_hd__clkdlybuf4s25_1)
                                                         net50 (net)
                      0.569580    0.001241    3.206183 v _0808_/B (sky130_fd_sc_hd__and3_2)
     3    0.008960    0.098713    0.693947    3.900131 v _0808_/X (sky130_fd_sc_hd__and3_2)
                                                         _0078_ (net)
                      0.098713    0.000099    3.900229 v _0811_/A (sky130_fd_sc_hd__or3_2)
     2    0.003822    0.172106    1.115273    5.015502 v _0811_/X (sky130_fd_sc_hd__or3_2)
                                                         _0081_ (net)
                      0.172106    0.000030    5.015532 v _0812_/B (sky130_fd_sc_hd__and2b_2)
     1    0.003697    0.073198    0.454194    5.469726 v _0812_/X (sky130_fd_sc_hd__and2b_2)
                                                         _0082_ (net)
                      0.073198    0.000059    5.469785 v fanout22/A (sky130_fd_sc_hd__clkdlybuf4s25_1)
     9    0.062517    0.827951    1.036400    6.506185 v fanout22/X (sky130_fd_sc_hd__clkdlybuf4s25_1)
                                                         net22 (net)
                      0.827952    0.002473    6.508658 v fanout21/A (sky130_fd_sc_hd__clkdlybuf4s25_1)
     7    0.052954    0.705369    1.193431    7.702089 v fanout21/X (sky130_fd_sc_hd__clkdlybuf4s25_1)
                                                         net21 (net)
                      0.705370    0.002430    7.704519 v fanout20/A (sky130_fd_sc_hd__clkdlybuf4s25_1)
    10    0.068900    0.911362    1.321392    9.025911 v fanout20/X (sky130_fd_sc_hd__clkdlybuf4s25_1)
                                                         net20 (net)
                      0.911362    0.001532    9.027443 v _0890_/A (sky130_fd_sc_hd__xor2_2)
     2    0.006891    0.208396    0.604389    9.631832 v _0890_/X (sky130_fd_sc_hd__xor2_2)
                                                         _0160_ (net)
                      0.208396    0.000042    9.631874 v _0893_/B (sky130_fd_sc_hd__or2_2)
     1    0.001766    0.104300    0.655067   10.286942 v _0893_/X (sky130_fd_sc_hd__or2_2)
                                                         _0163_ (net)
                      0.104300    0.000016   10.286958 v _0894_/B (sky130_fd_sc_hd__and2_2)
     3    0.020393    0.140511    0.502708   10.789665 v _0894_/X (sky130_fd_sc_hd__and2_2)
                                                         _0164_ (net)
                      0.140511    0.000125   10.789791 v _0895_/B (sky130_fd_sc_hd__nor2_2)
     2    0.015504    0.312643    0.305687   11.095478 ^ _0895_/Y (sky130_fd_sc_hd__nor2_2)
                                                         _0165_ (net)
                      0.312643    0.000034   11.095511 ^ _0896_/B (sky130_fd_sc_hd__xor2_2)
     2    0.013905    0.321251    0.426434   11.521946 ^ _0896_/X (sky130_fd_sc_hd__xor2_2)
                                                         _0166_ (net)
                      0.321251    0.000136   11.522081 ^ _0901_/B (sky130_fd_sc_hd__xnor2_2)
     2    0.006423    0.125226    0.209739   11.731820 v _0901_/Y (sky130_fd_sc_hd__xnor2_2)
                                                         _0171_ (net)
                      0.125226    0.000036   11.731856 v _0983_/A (sky130_fd_sc_hd__and2_2)
     1    0.004893    0.079825    0.388047   12.119904 v _0983_/X (sky130_fd_sc_hd__and2_2)
                                                         _0253_ (net)
                      0.079825    0.000052   12.119955 v _0984_/B (sky130_fd_sc_hd__nor2_2)
     2    0.015553    0.305563    0.281611   12.401567 ^ _0984_/Y (sky130_fd_sc_hd__nor2_2)
                                                         _0254_ (net)
                      0.305563    0.000219   12.401786 ^ _0985_/B (sky130_fd_sc_hd__xor2_2)
     2    0.014987    0.351375    0.438475   12.840261 ^ _0985_/X (sky130_fd_sc_hd__xor2_2)
                                                         _0255_ (net)
                      0.351375    0.000115   12.840376 ^ _0992_/A (sky130_fd_sc_hd__nand2_2)
     2    0.004708    0.102744    0.176893   13.017269 v _0992_/Y (sky130_fd_sc_hd__nand2_2)
                                                         _0262_ (net)
                      0.102744    0.000039   13.017308 v _0994_/A_N (sky130_fd_sc_hd__nand2b_2)
     1    0.002730    0.077441    0.354086   13.371394 v _0994_/Y (sky130_fd_sc_hd__nand2b_2)
                                                         _0264_ (net)
                      0.077441    0.000026   13.371420 v _1388_/A1 (sky130_fd_sc_hd__o221a_2)
     4    0.017018    0.155669    0.625390   13.996809 v _1388_/X (sky130_fd_sc_hd__o221a_2)
                                                         _0658_ (net)
                      0.155669    0.000479   13.997288 v _1393_/A2 (sky130_fd_sc_hd__o31ai_2)
     3    0.010843    0.462212    0.535232   14.532520 ^ _1393_/Y (sky130_fd_sc_hd__o31ai_2)
                                                         _0663_ (net)
                      0.462212    0.000207   14.532727 ^ _1394_/B (sky130_fd_sc_hd__nand2_2)
     2    0.008072    0.120655    0.245961   14.778689 v _1394_/Y (sky130_fd_sc_hd__nand2_2)
                                                         _0664_ (net)
                      0.120655    0.000091   14.778780 v _1405_/A2 (sky130_fd_sc_hd__o211ai_2)
     5    0.029415    0.606800    0.562321   15.341102 ^ _1405_/Y (sky130_fd_sc_hd__o211ai_2)
                                                         _0675_ (net)
                      0.606800    0.000385   15.341487 ^ _1473_/A1 (sky130_fd_sc_hd__a21bo_2)
     1    0.004054    0.071154    0.453255   15.794742 ^ _1473_/X (sky130_fd_sc_hd__a21bo_2)
                                                         _0718_ (net)
                      0.071154    0.000046   15.794788 ^ fanout16/A (sky130_fd_sc_hd__clkdlybuf4s25_1)
     5    0.025640    0.419841    0.716636   16.511423 ^ fanout16/X (sky130_fd_sc_hd__clkdlybuf4s25_1)
                                                         net16 (net)
                      0.419841    0.000119   16.511543 ^ fanout14/A (sky130_fd_sc_hd__clkdlybuf4s25_1)
    10    0.042920    0.689150    1.045894   17.557436 ^ fanout14/X (sky130_fd_sc_hd__clkdlybuf4s25_1)
                                                         net14 (net)
                      0.689150    0.000741   17.558178 ^ _1544_/B1 (sky130_fd_sc_hd__a31o_2)
     1    0.003040    0.073516    0.388093   17.946270 ^ _1544_/X (sky130_fd_sc_hd__a31o_2)
                                                         _0771_ (net)
                      0.073516    0.000030   17.946301 ^ _1545_/C1 (sky130_fd_sc_hd__o211a_2)
     1    0.002104    0.073736    0.332607   18.278908 ^ _1545_/X (sky130_fd_sc_hd__o211a_2)
                                                         _0046_ (net)
                      0.073736    0.000020   18.278927 ^ _1618_/D (sky130_fd_sc_hd__dfxtp_2)
                                             18.278927   data arrival time

                                 20.000000   20.000000   clock clk (rise edge)
                                  0.000000   20.000000   clock source latency
     1    0.018955    0.142613    0.097035   20.097036 ^ clk (in)
                                                         clk (net)
                      0.142616    0.000000   20.097036 ^ clkbuf_0_clk/A (sky130_fd_sc_hd__clkbuf_16)
     8    0.082146    0.151088    0.329123   20.426159 ^ clkbuf_0_clk/X (sky130_fd_sc_hd__clkbuf_16)
                                                         clknet_0_clk (net)
                      0.151104    0.001663   20.427822 ^ clkbuf_3_0__f_clk/A (sky130_fd_sc_hd__clkbuf_16)
     8    0.021854    0.069735    0.261421   20.689243 ^ clkbuf_3_0__f_clk/X (sky130_fd_sc_hd__clkbuf_16)
                                                         clknet_3_0__leaf_clk (net)
                      0.069757    0.000377   20.689619 ^ _1618_/CLK (sky130_fd_sc_hd__dfxtp_2)
                                 -0.250000   20.439621   clock uncertainty
                                  0.000000   20.439621   clock reconvergence pessimism
                                 -0.142070   20.297550   library setup time
                                             20.297550   data required time
---------------------------------------------------------------------------------------------
                                             20.297550   data required time
                                            -18.278927   data arrival time
---------------------------------------------------------------------------------------------
                                              2.018624   slack (MET)


Startpoint: _1595_ (rising edge-triggered flip-flop clocked by clk)
Endpoint: _1604_ (rising edge-triggered flip-flop clocked by clk)
Path Group: clk
Path Type: max

Fanout         Cap        Slew       Delay        Time   Description
---------------------------------------------------------------------------------------------
                                  0.000000    0.000000   clock clk (rise edge)
                                  0.000000    0.000000   clock source latency
     1    0.018955    0.142613    0.097036    0.097036 ^ clk (in)
                                                         clk (net)
                      0.142616    0.000000    0.097036 ^ clkbuf_0_clk/A (sky130_fd_sc_hd__clkbuf_16)
     8    0.082146    0.151088    0.329123    0.426159 ^ clkbuf_0_clk/X (sky130_fd_sc_hd__clkbuf_16)
                                                         clknet_0_clk (net)
                      0.151110    0.001851    0.428010 ^ clkbuf_3_6__f_clk/A (sky130_fd_sc_hd__clkbuf_16)
     8    0.022215    0.070185    0.261835    0.689845 ^ clkbuf_3_6__f_clk/X (sky130_fd_sc_hd__clkbuf_16)
                                                         clknet_3_6__leaf_clk (net)
                      0.070207    0.000432    0.690277 ^ _1595_/CLK (sky130_fd_sc_hd__dfxtp_2)
     1    0.002468    0.038396    0.591986    1.282263 v _1595_/Q (sky130_fd_sc_hd__dfxtp_2)
                                                         u_dp.b_q[3] (net)
                      0.038396    0.000022    1.282285 v fanout51/A (sky130_fd_sc_hd__clkdlybuf4s25_1)
     7    0.046566    0.621874    0.869333    2.151618 v fanout51/X (sky130_fd_sc_hd__clkdlybuf4s25_1)
                                                         net51 (net)
                      0.621874    0.000951    2.152568 v fanout50/A (sky130_fd_sc_hd__clkdlybuf4s25_1)
    10    0.042431    0.569580    1.052374    3.204942 v fanout50/X (sky130_fd_sc_hd__clkdlybuf4s25_1)
                                                         net50 (net)
                      0.569580    0.001241    3.206183 v _0808_/B (sky130_fd_sc_hd__and3_2)
     3    0.008960    0.098713    0.693947    3.900131 v _0808_/X (sky130_fd_sc_hd__and3_2)
                                                         _0078_ (net)
                      0.098713    0.000099    3.900229 v _0811_/A (sky130_fd_sc_hd__or3_2)
     2    0.003822    0.172106    1.115273    5.015502 v _0811_/X (sky130_fd_sc_hd__or3_2)
                                                         _0081_ (net)
                      0.172106    0.000030    5.015532 v _0812_/B (sky130_fd_sc_hd__and2b_2)
     1    0.003697    0.073198    0.454194    5.469726 v _0812_/X (sky130_fd_sc_hd__and2b_2)
                                                         _0082_ (net)
                      0.073198    0.000059    5.469785 v fanout22/A (sky130_fd_sc_hd__clkdlybuf4s25_1)
     9    0.062517    0.827951    1.036400    6.506185 v fanout22/X (sky130_fd_sc_hd__clkdlybuf4s25_1)
                                                         net22 (net)
                      0.827952    0.002473    6.508658 v fanout21/A (sky130_fd_sc_hd__clkdlybuf4s25_1)
     7    0.052954    0.705369    1.193431    7.702089 v fanout21/X (sky130_fd_sc_hd__clkdlybuf4s25_1)
                                                         net21 (net)
                      0.705370    0.002430    7.704519 v fanout20/A (sky130_fd_sc_hd__clkdlybuf4s25_1)
    10    0.068900    0.911362    1.321392    9.025911 v fanout20/X (sky130_fd_sc_hd__clkdlybuf4s25_1)
                                                         net20 (net)
                      0.911362    0.001532    9.027443 v _0890_/A (sky130_fd_sc_hd__xor2_2)
     2    0.006891    0.208396    0.604389    9.631832 v _0890_/X (sky130_fd_sc_hd__xor2_2)
                                                         _0160_ (net)
                      0.208396    0.000042    9.631874 v _0893_/B (sky130_fd_sc_hd__or2_2)
     1    0.001766    0.104300    0.655067   10.286942 v _0893_/X (sky130_fd_sc_hd__or2_2)
                                                         _0163_ (net)
                      0.104300    0.000016   10.286958 v _0894_/B (sky130_fd_sc_hd__and2_2)
     3    0.020393    0.140511    0.502708   10.789665 v _0894_/X (sky130_fd_sc_hd__and2_2)
                                                         _0164_ (net)
                      0.140511    0.000125   10.789791 v _0895_/B (sky130_fd_sc_hd__nor2_2)
     2    0.015504    0.312643    0.305687   11.095478 ^ _0895_/Y (sky130_fd_sc_hd__nor2_2)
                                                         _0165_ (net)
                      0.312643    0.000034   11.095511 ^ _0896_/B (sky130_fd_sc_hd__xor2_2)
     2    0.013905    0.321251    0.426434   11.521946 ^ _0896_/X (sky130_fd_sc_hd__xor2_2)
                                                         _0166_ (net)
                      0.321251    0.000136   11.522081 ^ _0901_/B (sky130_fd_sc_hd__xnor2_2)
     2    0.006423    0.125226    0.209739   11.731820 v _0901_/Y (sky130_fd_sc_hd__xnor2_2)
                                                         _0171_ (net)
                      0.125226    0.000036   11.731856 v _0983_/A (sky130_fd_sc_hd__and2_2)
     1    0.004893    0.079825    0.388047   12.119904 v _0983_/X (sky130_fd_sc_hd__and2_2)
                                                         _0253_ (net)
                      0.079825    0.000052   12.119955 v _0984_/B (sky130_fd_sc_hd__nor2_2)
     2    0.015553    0.305563    0.281611   12.401567 ^ _0984_/Y (sky130_fd_sc_hd__nor2_2)
                                                         _0254_ (net)
                      0.305563    0.000219   12.401786 ^ _0985_/B (sky130_fd_sc_hd__xor2_2)
     2    0.014987    0.351375    0.438475   12.840261 ^ _0985_/X (sky130_fd_sc_hd__xor2_2)
                                                         _0255_ (net)
                      0.351375    0.000115   12.840376 ^ _0992_/A (sky130_fd_sc_hd__nand2_2)
     2    0.004708    0.102744    0.176893   13.017269 v _0992_/Y (sky130_fd_sc_hd__nand2_2)
                                                         _0262_ (net)
                      0.102744    0.000039   13.017308 v _0994_/A_N (sky130_fd_sc_hd__nand2b_2)
     1    0.002730    0.077441    0.354086   13.371394 v _0994_/Y (sky130_fd_sc_hd__nand2b_2)
                                                         _0264_ (net)
                      0.077441    0.000026   13.371420 v _1388_/A1 (sky130_fd_sc_hd__o221a_2)
     4    0.017018    0.155669    0.625390   13.996809 v _1388_/X (sky130_fd_sc_hd__o221a_2)
                                                         _0658_ (net)
                      0.155669    0.000479   13.997288 v _1393_/A2 (sky130_fd_sc_hd__o31ai_2)
     3    0.010843    0.462212    0.535232   14.532520 ^ _1393_/Y (sky130_fd_sc_hd__o31ai_2)
                                                         _0663_ (net)
                      0.462212    0.000207   14.532727 ^ _1394_/B (sky130_fd_sc_hd__nand2_2)
     2    0.008072    0.120655    0.245961   14.778689 v _1394_/Y (sky130_fd_sc_hd__nand2_2)
                                                         _0664_ (net)
                      0.120655    0.000091   14.778780 v _1405_/A2 (sky130_fd_sc_hd__o211ai_2)
     5    0.029415    0.606800    0.562321   15.341102 ^ _1405_/Y (sky130_fd_sc_hd__o211ai_2)
                                                         _0675_ (net)
                      0.606800    0.000385   15.341487 ^ _1473_/A1 (sky130_fd_sc_hd__a21bo_2)
     1    0.004054    0.071154    0.453255   15.794742 ^ _1473_/X (sky130_fd_sc_hd__a21bo_2)
                                                         _0718_ (net)
                      0.071154    0.000046   15.794788 ^ fanout16/A (sky130_fd_sc_hd__clkdlybuf4s25_1)
     5    0.025640    0.419841    0.716636   16.511423 ^ fanout16/X (sky130_fd_sc_hd__clkdlybuf4s25_1)
                                                         net16 (net)
                      0.419841    0.000473   16.511896 ^ fanout15/A (sky130_fd_sc_hd__clkdlybuf4s25_1)
    10    0.041533    0.667502    1.030522   17.542418 ^ fanout15/X (sky130_fd_sc_hd__clkdlybuf4s25_1)
                                                         net15 (net)
                      0.667502    0.001231   17.543650 ^ _1488_/B1 (sky130_fd_sc_hd__a31o_2)
     1    0.003888    0.080413    0.392243   17.935892 ^ _1488_/X (sky130_fd_sc_hd__a31o_2)
                                                         _0729_ (net)
                      0.080413    0.000055   17.935947 ^ _1489_/C1 (sky130_fd_sc_hd__o211a_2)
     1    0.001930    0.074818    0.333202   18.269148 ^ _1489_/X (sky130_fd_sc_hd__o211a_2)
                                                         _0032_ (net)
                      0.074818    0.000009   18.269157 ^ _1604_/D (sky130_fd_sc_hd__dfxtp_2)
                                             18.269157   data arrival time

                                 20.000000   20.000000   clock clk (rise edge)
                                  0.000000   20.000000   clock source latency
     1    0.018955    0.142613    0.097035   20.097036 ^ clk (in)
                                                         clk (net)
                      0.142616    0.000000   20.097036 ^ clkbuf_0_clk/A (sky130_fd_sc_hd__clkbuf_16)
     8    0.082146    0.151088    0.329123   20.426159 ^ clkbuf_0_clk/X (sky130_fd_sc_hd__clkbuf_16)
                                                         clknet_0_clk (net)
                      0.151100    0.001505   20.427664 ^ clkbuf_3_2__f_clk/A (sky130_fd_sc_hd__clkbuf_16)
     8    0.022588    0.070673    0.262382   20.690046 ^ clkbuf_3_2__f_clk/X (sky130_fd_sc_hd__clkbuf_16)
                                                         clknet_3_2__leaf_clk (net)
                      0.070674    0.000144   20.690189 ^ _1604_/CLK (sky130_fd_sc_hd__dfxtp_2)
                                 -0.250000   20.440191   clock uncertainty
                                  0.000000   20.440191   clock reconvergence pessimism
                                 -0.142195   20.297995   library setup time
                                             20.297995   data required time
---------------------------------------------------------------------------------------------
                                             20.297995   data required time
                                            -18.269157   data arrival time
---------------------------------------------------------------------------------------------
                                              2.028838   slack (MET)


Startpoint: _1595_ (rising edge-triggered flip-flop clocked by clk)
Endpoint: _1609_ (rising edge-triggered flip-flop clocked by clk)
Path Group: clk
Path Type: max

Fanout         Cap        Slew       Delay        Time   Description
---------------------------------------------------------------------------------------------
                                  0.000000    0.000000   clock clk (rise edge)
                                  0.000000    0.000000   clock source latency
     1    0.018955    0.142613    0.097036    0.097036 ^ clk (in)
                                                         clk (net)
                      0.142616    0.000000    0.097036 ^ clkbuf_0_clk/A (sky130_fd_sc_hd__clkbuf_16)
     8    0.082146    0.151088    0.329123    0.426159 ^ clkbuf_0_clk/X (sky130_fd_sc_hd__clkbuf_16)
                                                         clknet_0_clk (net)
                      0.151110    0.001851    0.428010 ^ clkbuf_3_6__f_clk/A (sky130_fd_sc_hd__clkbuf_16)
     8    0.022215    0.070185    0.261835    0.689845 ^ clkbuf_3_6__f_clk/X (sky130_fd_sc_hd__clkbuf_16)
                                                         clknet_3_6__leaf_clk (net)
                      0.070207    0.000432    0.690277 ^ _1595_/CLK (sky130_fd_sc_hd__dfxtp_2)
     1    0.002468    0.038396    0.591986    1.282263 v _1595_/Q (sky130_fd_sc_hd__dfxtp_2)
                                                         u_dp.b_q[3] (net)
                      0.038396    0.000022    1.282285 v fanout51/A (sky130_fd_sc_hd__clkdlybuf4s25_1)
     7    0.046566    0.621874    0.869333    2.151618 v fanout51/X (sky130_fd_sc_hd__clkdlybuf4s25_1)
                                                         net51 (net)
                      0.621874    0.000951    2.152568 v fanout50/A (sky130_fd_sc_hd__clkdlybuf4s25_1)
    10    0.042431    0.569580    1.052374    3.204942 v fanout50/X (sky130_fd_sc_hd__clkdlybuf4s25_1)
                                                         net50 (net)
                      0.569580    0.001241    3.206183 v _0808_/B (sky130_fd_sc_hd__and3_2)
     3    0.008960    0.098713    0.693947    3.900131 v _0808_/X (sky130_fd_sc_hd__and3_2)
                                                         _0078_ (net)
                      0.098713    0.000099    3.900229 v _0811_/A (sky130_fd_sc_hd__or3_2)
     2    0.003822    0.172106    1.115273    5.015502 v _0811_/X (sky130_fd_sc_hd__or3_2)
                                                         _0081_ (net)
                      0.172106    0.000030    5.015532 v _0812_/B (sky130_fd_sc_hd__and2b_2)
     1    0.003697    0.073198    0.454194    5.469726 v _0812_/X (sky130_fd_sc_hd__and2b_2)
                                                         _0082_ (net)
                      0.073198    0.000059    5.469785 v fanout22/A (sky130_fd_sc_hd__clkdlybuf4s25_1)
     9    0.062517    0.827951    1.036400    6.506185 v fanout22/X (sky130_fd_sc_hd__clkdlybuf4s25_1)
                                                         net22 (net)
                      0.827952    0.002473    6.508658 v fanout21/A (sky130_fd_sc_hd__clkdlybuf4s25_1)
     7    0.052954    0.705369    1.193431    7.702089 v fanout21/X (sky130_fd_sc_hd__clkdlybuf4s25_1)
                                                         net21 (net)
                      0.705370    0.002430    7.704519 v fanout20/A (sky130_fd_sc_hd__clkdlybuf4s25_1)
    10    0.068900    0.911362    1.321392    9.025911 v fanout20/X (sky130_fd_sc_hd__clkdlybuf4s25_1)
                                                         net20 (net)
                      0.911362    0.001532    9.027443 v _0890_/A (sky130_fd_sc_hd__xor2_2)
     2    0.006891    0.208396    0.604389    9.631832 v _0890_/X (sky130_fd_sc_hd__xor2_2)
                                                         _0160_ (net)
                      0.208396    0.000042    9.631874 v _0893_/B (sky130_fd_sc_hd__or2_2)
     1    0.001766    0.104300    0.655067   10.286942 v _0893_/X (sky130_fd_sc_hd__or2_2)
                                                         _0163_ (net)
                      0.104300    0.000016   10.286958 v _0894_/B (sky130_fd_sc_hd__and2_2)
     3    0.020393    0.140511    0.502708   10.789665 v _0894_/X (sky130_fd_sc_hd__and2_2)
                                                         _0164_ (net)
                      0.140511    0.000125   10.789791 v _0895_/B (sky130_fd_sc_hd__nor2_2)
     2    0.015504    0.312643    0.305687   11.095478 ^ _0895_/Y (sky130_fd_sc_hd__nor2_2)
                                                         _0165_ (net)
                      0.312643    0.000034   11.095511 ^ _0896_/B (sky130_fd_sc_hd__xor2_2)
     2    0.013905    0.321251    0.426434   11.521946 ^ _0896_/X (sky130_fd_sc_hd__xor2_2)
                                                         _0166_ (net)
                      0.321251    0.000136   11.522081 ^ _0901_/B (sky130_fd_sc_hd__xnor2_2)
     2    0.006423    0.125226    0.209739   11.731820 v _0901_/Y (sky130_fd_sc_hd__xnor2_2)
                                                         _0171_ (net)
                      0.125226    0.000036   11.731856 v _0983_/A (sky130_fd_sc_hd__and2_2)
     1    0.004893    0.079825    0.388047   12.119904 v _0983_/X (sky130_fd_sc_hd__and2_2)
                                                         _0253_ (net)
                      0.079825    0.000052   12.119955 v _0984_/B (sky130_fd_sc_hd__nor2_2)
     2    0.015553    0.305563    0.281611   12.401567 ^ _0984_/Y (sky130_fd_sc_hd__nor2_2)
                                                         _0254_ (net)
                      0.305563    0.000219   12.401786 ^ _0985_/B (sky130_fd_sc_hd__xor2_2)
     2    0.014987    0.351375    0.438475   12.840261 ^ _0985_/X (sky130_fd_sc_hd__xor2_2)
                                                         _0255_ (net)
                      0.351375    0.000115   12.840376 ^ _0992_/A (sky130_fd_sc_hd__nand2_2)
     2    0.004708    0.102744    0.176893   13.017269 v _0992_/Y (sky130_fd_sc_hd__nand2_2)
                                                         _0262_ (net)
                      0.102744    0.000039   13.017308 v _0994_/A_N (sky130_fd_sc_hd__nand2b_2)
     1    0.002730    0.077441    0.354086   13.371394 v _0994_/Y (sky130_fd_sc_hd__nand2b_2)
                                                         _0264_ (net)
                      0.077441    0.000026   13.371420 v _1388_/A1 (sky130_fd_sc_hd__o221a_2)
     4    0.017018    0.155669    0.625390   13.996809 v _1388_/X (sky130_fd_sc_hd__o221a_2)
                                                         _0658_ (net)
                      0.155669    0.000479   13.997288 v _1393_/A2 (sky130_fd_sc_hd__o31ai_2)
     3    0.010843    0.462212    0.535232   14.532520 ^ _1393_/Y (sky130_fd_sc_hd__o31ai_2)
                                                         _0663_ (net)
                      0.462212    0.000207   14.532727 ^ _1394_/B (sky130_fd_sc_hd__nand2_2)
     2    0.008072    0.120655    0.245961   14.778689 v _1394_/Y (sky130_fd_sc_hd__nand2_2)
                                                         _0664_ (net)
                      0.120655    0.000091   14.778780 v _1405_/A2 (sky130_fd_sc_hd__o211ai_2)
     5    0.029415    0.606800    0.562321   15.341102 ^ _1405_/Y (sky130_fd_sc_hd__o211ai_2)
                                                         _0675_ (net)
                      0.606800    0.000385   15.341487 ^ _1473_/A1 (sky130_fd_sc_hd__a21bo_2)
     1    0.004054    0.071154    0.453255   15.794742 ^ _1473_/X (sky130_fd_sc_hd__a21bo_2)
                                                         _0718_ (net)
                      0.071154    0.000046   15.794788 ^ fanout16/A (sky130_fd_sc_hd__clkdlybuf4s25_1)
     5    0.025640    0.419841    0.716636   16.511423 ^ fanout16/X (sky130_fd_sc_hd__clkdlybuf4s25_1)
                                                         net16 (net)
                      0.419841    0.000473   16.511896 ^ fanout15/A (sky130_fd_sc_hd__clkdlybuf4s25_1)
    10    0.041533    0.667502    1.030522   17.542418 ^ fanout15/X (sky130_fd_sc_hd__clkdlybuf4s25_1)
                                                         net15 (net)
                      0.667502    0.000473   17.542891 ^ _1506_/B1 (sky130_fd_sc_hd__a31o_2)
     1    0.003659    0.078708    0.389889   17.932779 ^ _1506_/X (sky130_fd_sc_hd__a31o_2)
                                                         _0742_ (net)
                      0.078708    0.000048   17.932827 ^ _1507_/C1 (sky130_fd_sc_hd__o211a_2)
     1    0.002024    0.073740    0.333596   18.266424 ^ _1507_/X (sky130_fd_sc_hd__o211a_2)
                                                         _0037_ (net)
                      0.073740    0.000020   18.266443 ^ _1609_/D (sky130_fd_sc_hd__dfxtp_2)
                                             18.266443   data arrival time

                                 20.000000   20.000000   clock clk (rise edge)
                                  0.000000   20.000000   clock source latency
     1    0.018955    0.142613    0.097035   20.097036 ^ clk (in)
                                                         clk (net)
                      0.142616    0.000000   20.097036 ^ clkbuf_0_clk/A (sky130_fd_sc_hd__clkbuf_16)
     8    0.082146    0.151088    0.329123   20.426159 ^ clkbuf_0_clk/X (sky130_fd_sc_hd__clkbuf_16)
                                                         clknet_0_clk (net)
                      0.151103    0.001638   20.427797 ^ clkbuf_3_1__f_clk/A (sky130_fd_sc_hd__clkbuf_16)
     8    0.021473    0.069260    0.260920   20.688717 ^ clkbuf_3_1__f_clk/X (sky130_fd_sc_hd__clkbuf_16)
                                                         clknet_3_1__leaf_clk (net)
                      0.069260    0.000119   20.688837 ^ _1609_/CLK (sky130_fd_sc_hd__dfxtp_2)
                                 -0.250000   20.438837   clock uncertainty
                                  0.000000   20.438837   clock reconvergence pessimism
                                 -0.142158   20.296679   library setup time
                                             20.296679   data required time
---------------------------------------------------------------------------------------------
                                             20.296679   data required time
                                            -18.266443   data arrival time
---------------------------------------------------------------------------------------------
                                              2.030236   slack (MET)


Startpoint: _1595_ (rising edge-triggered flip-flop clocked by clk)
Endpoint: _1600_ (rising edge-triggered flip-flop clocked by clk)
Path Group: clk
Path Type: max

Fanout         Cap        Slew       Delay        Time   Description
---------------------------------------------------------------------------------------------
                                  0.000000    0.000000   clock clk (rise edge)
                                  0.000000    0.000000   clock source latency
     1    0.018955    0.142613    0.097036    0.097036 ^ clk (in)
                                                         clk (net)
                      0.142616    0.000000    0.097036 ^ clkbuf_0_clk/A (sky130_fd_sc_hd__clkbuf_16)
     8    0.082146    0.151088    0.329123    0.426159 ^ clkbuf_0_clk/X (sky130_fd_sc_hd__clkbuf_16)
                                                         clknet_0_clk (net)
                      0.151110    0.001851    0.428010 ^ clkbuf_3_6__f_clk/A (sky130_fd_sc_hd__clkbuf_16)
     8    0.022215    0.070185    0.261835    0.689845 ^ clkbuf_3_6__f_clk/X (sky130_fd_sc_hd__clkbuf_16)
                                                         clknet_3_6__leaf_clk (net)
                      0.070207    0.000432    0.690277 ^ _1595_/CLK (sky130_fd_sc_hd__dfxtp_2)
     1    0.002468    0.038396    0.591986    1.282263 v _1595_/Q (sky130_fd_sc_hd__dfxtp_2)
                                                         u_dp.b_q[3] (net)
                      0.038396    0.000022    1.282285 v fanout51/A (sky130_fd_sc_hd__clkdlybuf4s25_1)
     7    0.046566    0.621874    0.869333    2.151618 v fanout51/X (sky130_fd_sc_hd__clkdlybuf4s25_1)
                                                         net51 (net)
                      0.621874    0.000951    2.152568 v fanout50/A (sky130_fd_sc_hd__clkdlybuf4s25_1)
    10    0.042431    0.569580    1.052374    3.204942 v fanout50/X (sky130_fd_sc_hd__clkdlybuf4s25_1)
                                                         net50 (net)
                      0.569580    0.001241    3.206183 v _0808_/B (sky130_fd_sc_hd__and3_2)
     3    0.008960    0.098713    0.693947    3.900131 v _0808_/X (sky130_fd_sc_hd__and3_2)
                                                         _0078_ (net)
                      0.098713    0.000099    3.900229 v _0811_/A (sky130_fd_sc_hd__or3_2)
     2    0.003822    0.172106    1.115273    5.015502 v _0811_/X (sky130_fd_sc_hd__or3_2)
                                                         _0081_ (net)
                      0.172106    0.000030    5.015532 v _0812_/B (sky130_fd_sc_hd__and2b_2)
     1    0.003697    0.073198    0.454194    5.469726 v _0812_/X (sky130_fd_sc_hd__and2b_2)
                                                         _0082_ (net)
                      0.073198    0.000059    5.469785 v fanout22/A (sky130_fd_sc_hd__clkdlybuf4s25_1)
     9    0.062517    0.827951    1.036400    6.506185 v fanout22/X (sky130_fd_sc_hd__clkdlybuf4s25_1)
                                                         net22 (net)
                      0.827952    0.002473    6.508658 v fanout21/A (sky130_fd_sc_hd__clkdlybuf4s25_1)
     7    0.052954    0.705369    1.193431    7.702089 v fanout21/X (sky130_fd_sc_hd__clkdlybuf4s25_1)
                                                         net21 (net)
                      0.705370    0.002430    7.704519 v fanout20/A (sky130_fd_sc_hd__clkdlybuf4s25_1)
    10    0.068900    0.911362    1.321392    9.025911 v fanout20/X (sky130_fd_sc_hd__clkdlybuf4s25_1)
                                                         net20 (net)
                      0.911362    0.001532    9.027443 v _0890_/A (sky130_fd_sc_hd__xor2_2)
     2    0.006891    0.208396    0.604389    9.631832 v _0890_/X (sky130_fd_sc_hd__xor2_2)
                                                         _0160_ (net)
                      0.208396    0.000042    9.631874 v _0893_/B (sky130_fd_sc_hd__or2_2)
     1    0.001766    0.104300    0.655067   10.286942 v _0893_/X (sky130_fd_sc_hd__or2_2)
                                                         _0163_ (net)
                      0.104300    0.000016   10.286958 v _0894_/B (sky130_fd_sc_hd__and2_2)
     3    0.020393    0.140511    0.502708   10.789665 v _0894_/X (sky130_fd_sc_hd__and2_2)
                                                         _0164_ (net)
                      0.140511    0.000125   10.789791 v _0895_/B (sky130_fd_sc_hd__nor2_2)
     2    0.015504    0.312643    0.305687   11.095478 ^ _0895_/Y (sky130_fd_sc_hd__nor2_2)
                                                         _0165_ (net)
                      0.312643    0.000034   11.095511 ^ _0896_/B (sky130_fd_sc_hd__xor2_2)
     2    0.013905    0.321251    0.426434   11.521946 ^ _0896_/X (sky130_fd_sc_hd__xor2_2)
                                                         _0166_ (net)
                      0.321251    0.000136   11.522081 ^ _0901_/B (sky130_fd_sc_hd__xnor2_2)
     2    0.006423    0.125226    0.209739   11.731820 v _0901_/Y (sky130_fd_sc_hd__xnor2_2)
                                                         _0171_ (net)
                      0.125226    0.000036   11.731856 v _0983_/A (sky130_fd_sc_hd__and2_2)
     1    0.004893    0.079825    0.388047   12.119904 v _0983_/X (sky130_fd_sc_hd__and2_2)
                                                         _0253_ (net)
                      0.079825    0.000052   12.119955 v _0984_/B (sky130_fd_sc_hd__nor2_2)
     2    0.015553    0.305563    0.281611   12.401567 ^ _0984_/Y (sky130_fd_sc_hd__nor2_2)
                                                         _0254_ (net)
                      0.305563    0.000219   12.401786 ^ _0985_/B (sky130_fd_sc_hd__xor2_2)
     2    0.014987    0.351375    0.438475   12.840261 ^ _0985_/X (sky130_fd_sc_hd__xor2_2)
                                                         _0255_ (net)
                      0.351375    0.000115   12.840376 ^ _0992_/A (sky130_fd_sc_hd__nand2_2)
     2    0.004708    0.102744    0.176893   13.017269 v _0992_/Y (sky130_fd_sc_hd__nand2_2)
                                                         _0262_ (net)
                      0.102744    0.000039   13.017308 v _0994_/A_N (sky130_fd_sc_hd__nand2b_2)
     1    0.002730    0.077441    0.354086   13.371394 v _0994_/Y (sky130_fd_sc_hd__nand2b_2)
                                                         _0264_ (net)
                      0.077441    0.000026   13.371420 v _1388_/A1 (sky130_fd_sc_hd__o221a_2)
     4    0.017018    0.155669    0.625390   13.996809 v _1388_/X (sky130_fd_sc_hd__o221a_2)
                                                         _0658_ (net)
                      0.155669    0.000479   13.997288 v _1393_/A2 (sky130_fd_sc_hd__o31ai_2)
     3    0.010843    0.462212    0.535232   14.532520 ^ _1393_/Y (sky130_fd_sc_hd__o31ai_2)
                                                         _0663_ (net)
                      0.462212    0.000207   14.532727 ^ _1394_/B (sky130_fd_sc_hd__nand2_2)
     2    0.008072    0.120655    0.245961   14.778689 v _1394_/Y (sky130_fd_sc_hd__nand2_2)
                                                         _0664_ (net)
                      0.120655    0.000091   14.778780 v _1405_/A2 (sky130_fd_sc_hd__o211ai_2)
     5    0.029415    0.606800    0.562321   15.341102 ^ _1405_/Y (sky130_fd_sc_hd__o211ai_2)
                                                         _0675_ (net)
                      0.606800    0.000385   15.341487 ^ _1473_/A1 (sky130_fd_sc_hd__a21bo_2)
     1    0.004054    0.071154    0.453255   15.794742 ^ _1473_/X (sky130_fd_sc_hd__a21bo_2)
                                                         _0718_ (net)
                      0.071154    0.000046   15.794788 ^ fanout16/A (sky130_fd_sc_hd__clkdlybuf4s25_1)
     5    0.025640    0.419841    0.716636   16.511423 ^ fanout16/X (sky130_fd_sc_hd__clkdlybuf4s25_1)
                                                         net16 (net)
                      0.419841    0.000473   16.511896 ^ fanout15/A (sky130_fd_sc_hd__clkdlybuf4s25_1)
    10    0.041533    0.667502    1.030522   17.542418 ^ fanout15/X (sky130_fd_sc_hd__clkdlybuf4s25_1)
                                                         net15 (net)
                      0.667502    0.000169   17.542587 ^ _1475_/B1 (sky130_fd_sc_hd__a31o_2)
     1    0.003547    0.077789    0.388734   17.931320 ^ _1475_/X (sky130_fd_sc_hd__a31o_2)
                                                         _0720_ (net)
                      0.077789    0.000043   17.931364 ^ _1476_/C1 (sky130_fd_sc_hd__o211a_2)
     1    0.001852    0.071754    0.331383   18.262747 ^ _1476_/X (sky130_fd_sc_hd__o211a_2)
                                                         _0028_ (net)
                      0.071754    0.000016   18.262762 ^ _1600_/D (sky130_fd_sc_hd__dfxtp_2)
                                             18.262762   data arrival time

                                 20.000000   20.000000   clock clk (rise edge)
                                  0.000000   20.000000   clock source latency
     1    0.018955    0.142613    0.097035   20.097036 ^ clk (in)
                                                         clk (net)
                      0.142616    0.000000   20.097036 ^ clkbuf_0_clk/A (sky130_fd_sc_hd__clkbuf_16)
     8    0.082146    0.151088    0.329123   20.426159 ^ clkbuf_0_clk/X (sky130_fd_sc_hd__clkbuf_16)
                                                         clknet_0_clk (net)
                      0.151104    0.001663   20.427822 ^ clkbuf_3_0__f_clk/A (sky130_fd_sc_hd__clkbuf_16)
     8    0.021854    0.069735    0.261421   20.689243 ^ clkbuf_3_0__f_clk/X (sky130_fd_sc_hd__clkbuf_16)
                                                         clknet_3_0__leaf_clk (net)
                      0.069757    0.000131   20.689375 ^ _1600_/CLK (sky130_fd_sc_hd__dfxtp_2)
                                 -0.250000   20.439375   clock uncertainty
                                  0.000000   20.439375   clock reconvergence pessimism
                                 -0.141550   20.297825   library setup time
                                             20.297825   data required time
---------------------------------------------------------------------------------------------
                                             20.297825   data required time
                                            -18.262762   data arrival time
---------------------------------------------------------------------------------------------
                                              2.035062   slack (MET)


Startpoint: _1595_ (rising edge-triggered flip-flop clocked by clk)
Endpoint: _1603_ (rising edge-triggered flip-flop clocked by clk)
Path Group: clk
Path Type: max

Fanout         Cap        Slew       Delay        Time   Description
---------------------------------------------------------------------------------------------
                                  0.000000    0.000000   clock clk (rise edge)
                                  0.000000    0.000000   clock source latency
     1    0.018955    0.142613    0.097036    0.097036 ^ clk (in)
                                                         clk (net)
                      0.142616    0.000000    0.097036 ^ clkbuf_0_clk/A (sky130_fd_sc_hd__clkbuf_16)
     8    0.082146    0.151088    0.329123    0.426159 ^ clkbuf_0_clk/X (sky130_fd_sc_hd__clkbuf_16)
                                                         clknet_0_clk (net)
                      0.151110    0.001851    0.428010 ^ clkbuf_3_6__f_clk/A (sky130_fd_sc_hd__clkbuf_16)
     8    0.022215    0.070185    0.261835    0.689845 ^ clkbuf_3_6__f_clk/X (sky130_fd_sc_hd__clkbuf_16)
                                                         clknet_3_6__leaf_clk (net)
                      0.070207    0.000432    0.690277 ^ _1595_/CLK (sky130_fd_sc_hd__dfxtp_2)
     1    0.002468    0.038396    0.591986    1.282263 v _1595_/Q (sky130_fd_sc_hd__dfxtp_2)
                                                         u_dp.b_q[3] (net)
                      0.038396    0.000022    1.282285 v fanout51/A (sky130_fd_sc_hd__clkdlybuf4s25_1)
     7    0.046566    0.621874    0.869333    2.151618 v fanout51/X (sky130_fd_sc_hd__clkdlybuf4s25_1)
                                                         net51 (net)
                      0.621874    0.000951    2.152568 v fanout50/A (sky130_fd_sc_hd__clkdlybuf4s25_1)
    10    0.042431    0.569580    1.052374    3.204942 v fanout50/X (sky130_fd_sc_hd__clkdlybuf4s25_1)
                                                         net50 (net)
                      0.569580    0.001241    3.206183 v _0808_/B (sky130_fd_sc_hd__and3_2)
     3    0.008960    0.098713    0.693947    3.900131 v _0808_/X (sky130_fd_sc_hd__and3_2)
                                                         _0078_ (net)
                      0.098713    0.000099    3.900229 v _0811_/A (sky130_fd_sc_hd__or3_2)
     2    0.003822    0.172106    1.115273    5.015502 v _0811_/X (sky130_fd_sc_hd__or3_2)
                                                         _0081_ (net)
                      0.172106    0.000030    5.015532 v _0812_/B (sky130_fd_sc_hd__and2b_2)
     1    0.003697    0.073198    0.454194    5.469726 v _0812_/X (sky130_fd_sc_hd__and2b_2)
                                                         _0082_ (net)
                      0.073198    0.000059    5.469785 v fanout22/A (sky130_fd_sc_hd__clkdlybuf4s25_1)
     9    0.062517    0.827951    1.036400    6.506185 v fanout22/X (sky130_fd_sc_hd__clkdlybuf4s25_1)
                                                         net22 (net)
                      0.827952    0.002473    6.508658 v fanout21/A (sky130_fd_sc_hd__clkdlybuf4s25_1)
     7    0.052954    0.705369    1.193431    7.702089 v fanout21/X (sky130_fd_sc_hd__clkdlybuf4s25_1)
                                                         net21 (net)
                      0.705370    0.002430    7.704519 v fanout20/A (sky130_fd_sc_hd__clkdlybuf4s25_1)
    10    0.068900    0.911362    1.321392    9.025911 v fanout20/X (sky130_fd_sc_hd__clkdlybuf4s25_1)
                                                         net20 (net)
                      0.911362    0.001532    9.027443 v _0890_/A (sky130_fd_sc_hd__xor2_2)
     2    0.006891    0.208396    0.604389    9.631832 v _0890_/X (sky130_fd_sc_hd__xor2_2)
                                                         _0160_ (net)
                      0.208396    0.000042    9.631874 v _0893_/B (sky130_fd_sc_hd__or2_2)
     1    0.001766    0.104300    0.655067   10.286942 v _0893_/X (sky130_fd_sc_hd__or2_2)
                                                         _0163_ (net)
                      0.104300    0.000016   10.286958 v _0894_/B (sky130_fd_sc_hd__and2_2)
     3    0.020393    0.140511    0.502708   10.789665 v _0894_/X (sky130_fd_sc_hd__and2_2)
                                                         _0164_ (net)
                      0.140511    0.000125   10.789791 v _0895_/B (sky130_fd_sc_hd__nor2_2)
     2    0.015504    0.312643    0.305687   11.095478 ^ _0895_/Y (sky130_fd_sc_hd__nor2_2)
                                                         _0165_ (net)
                      0.312643    0.000034   11.095511 ^ _0896_/B (sky130_fd_sc_hd__xor2_2)
     2    0.013905    0.321251    0.426434   11.521946 ^ _0896_/X (sky130_fd_sc_hd__xor2_2)
                                                         _0166_ (net)
                      0.321251    0.000136   11.522081 ^ _0901_/B (sky130_fd_sc_hd__xnor2_2)
     2    0.006423    0.125226    0.209739   11.731820 v _0901_/Y (sky130_fd_sc_hd__xnor2_2)
                                                         _0171_ (net)
                      0.125226    0.000036   11.731856 v _0983_/A (sky130_fd_sc_hd__and2_2)
     1    0.004893    0.079825    0.388047   12.119904 v _0983_/X (sky130_fd_sc_hd__and2_2)
                                                         _0253_ (net)
                      0.079825    0.000052   12.119955 v _0984_/B (sky130_fd_sc_hd__nor2_2)
     2    0.015553    0.305563    0.281611   12.401567 ^ _0984_/Y (sky130_fd_sc_hd__nor2_2)
                                                         _0254_ (net)
                      0.305563    0.000219   12.401786 ^ _0985_/B (sky130_fd_sc_hd__xor2_2)
     2    0.014987    0.351375    0.438475   12.840261 ^ _0985_/X (sky130_fd_sc_hd__xor2_2)
                                                         _0255_ (net)
                      0.351375    0.000115   12.840376 ^ _0992_/A (sky130_fd_sc_hd__nand2_2)
     2    0.004708    0.102744    0.176893   13.017269 v _0992_/Y (sky130_fd_sc_hd__nand2_2)
                                                         _0262_ (net)
                      0.102744    0.000039   13.017308 v _0994_/A_N (sky130_fd_sc_hd__nand2b_2)
     1    0.002730    0.077441    0.354086   13.371394 v _0994_/Y (sky130_fd_sc_hd__nand2b_2)
                                                         _0264_ (net)
                      0.077441    0.000026   13.371420 v _1388_/A1 (sky130_fd_sc_hd__o221a_2)
     4    0.017018    0.155669    0.625390   13.996809 v _1388_/X (sky130_fd_sc_hd__o221a_2)
                                                         _0658_ (net)
                      0.155669    0.000479   13.997288 v _1393_/A2 (sky130_fd_sc_hd__o31ai_2)
     3    0.010843    0.462212    0.535232   14.532520 ^ _1393_/Y (sky130_fd_sc_hd__o31ai_2)
                                                         _0663_ (net)
                      0.462212    0.000207   14.532727 ^ _1394_/B (sky130_fd_sc_hd__nand2_2)
     2    0.008072    0.120655    0.245961   14.778689 v _1394_/Y (sky130_fd_sc_hd__nand2_2)
                                                         _0664_ (net)
                      0.120655    0.000091   14.778780 v _1405_/A2 (sky130_fd_sc_hd__o211ai_2)
     5    0.029415    0.606800    0.562321   15.341102 ^ _1405_/Y (sky130_fd_sc_hd__o211ai_2)
                                                         _0675_ (net)
                      0.606800    0.000385   15.341487 ^ _1473_/A1 (sky130_fd_sc_hd__a21bo_2)
     1    0.004054    0.071154    0.453255   15.794742 ^ _1473_/X (sky130_fd_sc_hd__a21bo_2)
                                                         _0718_ (net)
                      0.071154    0.000046   15.794788 ^ fanout16/A (sky130_fd_sc_hd__clkdlybuf4s25_1)
     5    0.025640    0.419841    0.716636   16.511423 ^ fanout16/X (sky130_fd_sc_hd__clkdlybuf4s25_1)
                                                         net16 (net)
                      0.419841    0.000473   16.511896 ^ fanout15/A (sky130_fd_sc_hd__clkdlybuf4s25_1)
    10    0.041533    0.667502    1.030522   17.542418 ^ fanout15/X (sky130_fd_sc_hd__clkdlybuf4s25_1)
                                                         net15 (net)
                      0.667502    0.001259   17.543676 ^ _1485_/B1 (sky130_fd_sc_hd__a31o_2)
     1    0.002499    0.071557    0.377954   17.921631 ^ _1485_/X (sky130_fd_sc_hd__a31o_2)
                                                         _0727_ (net)
                      0.071557    0.000009   17.921640 ^ _1486_/C1 (sky130_fd_sc_hd__o211a_2)
     1    0.002267    0.076496    0.333683   18.255323 ^ _1486_/X (sky130_fd_sc_hd__o211a_2)
                                                         _0031_ (net)
                      0.076496    0.000023   18.255346 ^ _1603_/D (sky130_fd_sc_hd__dfxtp_2)
                                             18.255346   data arrival time

                                 20.000000   20.000000   clock clk (rise edge)
                                  0.000000   20.000000   clock source latency
     1    0.018955    0.142613    0.097035   20.097036 ^ clk (in)
                                                         clk (net)
                      0.142616    0.000000   20.097036 ^ clkbuf_0_clk/A (sky130_fd_sc_hd__clkbuf_16)
     8    0.082146    0.151088    0.329123   20.426159 ^ clkbuf_0_clk/X (sky130_fd_sc_hd__clkbuf_16)
                                                         clknet_0_clk (net)
                      0.151100    0.001505   20.427664 ^ clkbuf_3_2__f_clk/A (sky130_fd_sc_hd__clkbuf_16)
     8    0.022588    0.070673    0.262382   20.690046 ^ clkbuf_3_2__f_clk/X (sky130_fd_sc_hd__clkbuf_16)
                                                         clknet_3_2__leaf_clk (net)
                      0.070674    0.000078   20.690125 ^ _1603_/CLK (sky130_fd_sc_hd__dfxtp_2)
                                 -0.250000   20.440125   clock uncertainty
                                  0.000000   20.440125   clock reconvergence pessimism
                                 -0.142636   20.297489   library setup time
                                             20.297489   data required time
---------------------------------------------------------------------------------------------
                                             20.297489   data required time
                                            -18.255346   data arrival time
---------------------------------------------------------------------------------------------
                                              2.042143   slack (MET)


Startpoint: _1595_ (rising edge-triggered flip-flop clocked by clk)
Endpoint: _1621_ (rising edge-triggered flip-flop clocked by clk)
Path Group: clk
Path Type: max

Fanout         Cap        Slew       Delay        Time   Description
---------------------------------------------------------------------------------------------
                                  0.000000    0.000000   clock clk (rise edge)
                                  0.000000    0.000000   clock source latency
     1    0.018955    0.142613    0.097036    0.097036 ^ clk (in)
                                                         clk (net)
                      0.142616    0.000000    0.097036 ^ clkbuf_0_clk/A (sky130_fd_sc_hd__clkbuf_16)
     8    0.082146    0.151088    0.329123    0.426159 ^ clkbuf_0_clk/X (sky130_fd_sc_hd__clkbuf_16)
                                                         clknet_0_clk (net)
                      0.151110    0.001851    0.428010 ^ clkbuf_3_6__f_clk/A (sky130_fd_sc_hd__clkbuf_16)
     8    0.022215    0.070185    0.261835    0.689845 ^ clkbuf_3_6__f_clk/X (sky130_fd_sc_hd__clkbuf_16)
                                                         clknet_3_6__leaf_clk (net)
                      0.070207    0.000432    0.690277 ^ _1595_/CLK (sky130_fd_sc_hd__dfxtp_2)
     1    0.002468    0.038396    0.591986    1.282263 v _1595_/Q (sky130_fd_sc_hd__dfxtp_2)
                                                         u_dp.b_q[3] (net)
                      0.038396    0.000022    1.282285 v fanout51/A (sky130_fd_sc_hd__clkdlybuf4s25_1)
     7    0.046566    0.621874    0.869333    2.151618 v fanout51/X (sky130_fd_sc_hd__clkdlybuf4s25_1)
                                                         net51 (net)
                      0.621874    0.000951    2.152568 v fanout50/A (sky130_fd_sc_hd__clkdlybuf4s25_1)
    10    0.042431    0.569580    1.052374    3.204942 v fanout50/X (sky130_fd_sc_hd__clkdlybuf4s25_1)
                                                         net50 (net)
                      0.569580    0.001241    3.206183 v _0808_/B (sky130_fd_sc_hd__and3_2)
     3    0.008960    0.098713    0.693947    3.900131 v _0808_/X (sky130_fd_sc_hd__and3_2)
                                                         _0078_ (net)
                      0.098713    0.000099    3.900229 v _0811_/A (sky130_fd_sc_hd__or3_2)
     2    0.003822    0.172106    1.115273    5.015502 v _0811_/X (sky130_fd_sc_hd__or3_2)
                                                         _0081_ (net)
                      0.172106    0.000030    5.015532 v _0812_/B (sky130_fd_sc_hd__and2b_2)
     1    0.003697    0.073198    0.454194    5.469726 v _0812_/X (sky130_fd_sc_hd__and2b_2)
                                                         _0082_ (net)
                      0.073198    0.000059    5.469785 v fanout22/A (sky130_fd_sc_hd__clkdlybuf4s25_1)
     9    0.062517    0.827951    1.036400    6.506185 v fanout22/X (sky130_fd_sc_hd__clkdlybuf4s25_1)
                                                         net22 (net)
                      0.827952    0.002473    6.508658 v fanout21/A (sky130_fd_sc_hd__clkdlybuf4s25_1)
     7    0.052954    0.705369    1.193431    7.702089 v fanout21/X (sky130_fd_sc_hd__clkdlybuf4s25_1)
                                                         net21 (net)
                      0.705370    0.002430    7.704519 v fanout20/A (sky130_fd_sc_hd__clkdlybuf4s25_1)
    10    0.068900    0.911362    1.321392    9.025911 v fanout20/X (sky130_fd_sc_hd__clkdlybuf4s25_1)
                                                         net20 (net)
                      0.911362    0.001532    9.027443 v _0890_/A (sky130_fd_sc_hd__xor2_2)
     2    0.006891    0.208396    0.604389    9.631832 v _0890_/X (sky130_fd_sc_hd__xor2_2)
                                                         _0160_ (net)
                      0.208396    0.000042    9.631874 v _0893_/B (sky130_fd_sc_hd__or2_2)
     1    0.001766    0.104300    0.655067   10.286942 v _0893_/X (sky130_fd_sc_hd__or2_2)
                                                         _0163_ (net)
                      0.104300    0.000016   10.286958 v _0894_/B (sky130_fd_sc_hd__and2_2)
     3    0.020393    0.140511    0.502708   10.789665 v _0894_/X (sky130_fd_sc_hd__and2_2)
                                                         _0164_ (net)
                      0.140511    0.000125   10.789791 v _0895_/B (sky130_fd_sc_hd__nor2_2)
     2    0.015504    0.312643    0.305687   11.095478 ^ _0895_/Y (sky130_fd_sc_hd__nor2_2)
                                                         _0165_ (net)
                      0.312643    0.000034   11.095511 ^ _0896_/B (sky130_fd_sc_hd__xor2_2)
     2    0.013905    0.321251    0.426434   11.521946 ^ _0896_/X (sky130_fd_sc_hd__xor2_2)
                                                         _0166_ (net)
                      0.321251    0.000136   11.522081 ^ _0901_/B (sky130_fd_sc_hd__xnor2_2)
     2    0.006423    0.125226    0.209739   11.731820 v _0901_/Y (sky130_fd_sc_hd__xnor2_2)
                                                         _0171_ (net)
                      0.125226    0.000036   11.731856 v _0983_/A (sky130_fd_sc_hd__and2_2)
     1    0.004893    0.079825    0.388047   12.119904 v _0983_/X (sky130_fd_sc_hd__and2_2)
                                                         _0253_ (net)
                      0.079825    0.000052   12.119955 v _0984_/B (sky130_fd_sc_hd__nor2_2)
     2    0.015553    0.305563    0.281611   12.401567 ^ _0984_/Y (sky130_fd_sc_hd__nor2_2)
                                                         _0254_ (net)
                      0.305563    0.000219   12.401786 ^ _0985_/B (sky130_fd_sc_hd__xor2_2)
     2    0.014987    0.351375    0.438475   12.840261 ^ _0985_/X (sky130_fd_sc_hd__xor2_2)
                                                         _0255_ (net)
                      0.351375    0.000115   12.840376 ^ _0992_/A (sky130_fd_sc_hd__nand2_2)
     2    0.004708    0.102744    0.176893   13.017269 v _0992_/Y (sky130_fd_sc_hd__nand2_2)
                                                         _0262_ (net)
                      0.102744    0.000039   13.017308 v _0994_/A_N (sky130_fd_sc_hd__nand2b_2)
     1    0.002730    0.077441    0.354086   13.371394 v _0994_/Y (sky130_fd_sc_hd__nand2b_2)
                                                         _0264_ (net)
                      0.077441    0.000026   13.371420 v _1388_/A1 (sky130_fd_sc_hd__o221a_2)
     4    0.017018    0.155669    0.625390   13.996809 v _1388_/X (sky130_fd_sc_hd__o221a_2)
                                                         _0658_ (net)
                      0.155669    0.000479   13.997288 v _1393_/A2 (sky130_fd_sc_hd__o31ai_2)
     3    0.010843    0.462212    0.535232   14.532520 ^ _1393_/Y (sky130_fd_sc_hd__o31ai_2)
                                                         _0663_ (net)
                      0.462212    0.000207   14.532727 ^ _1394_/B (sky130_fd_sc_hd__nand2_2)
     2    0.008072    0.120655    0.245961   14.778689 v _1394_/Y (sky130_fd_sc_hd__nand2_2)
                                                         _0664_ (net)
                      0.120655    0.000091   14.778780 v _1405_/A2 (sky130_fd_sc_hd__o211ai_2)
     5    0.029415    0.606800    0.562321   15.341102 ^ _1405_/Y (sky130_fd_sc_hd__o211ai_2)
                                                         _0675_ (net)
                      0.606800    0.000385   15.341487 ^ _1473_/A1 (sky130_fd_sc_hd__a21bo_2)
     1    0.004054    0.071154    0.453255   15.794742 ^ _1473_/X (sky130_fd_sc_hd__a21bo_2)
                                                         _0718_ (net)
                      0.071154    0.000046   15.794788 ^ fanout16/A (sky130_fd_sc_hd__clkdlybuf4s25_1)
     5    0.025640    0.419841    0.716636   16.511423 ^ fanout16/X (sky130_fd_sc_hd__clkdlybuf4s25_1)
                                                         net16 (net)
                      0.419841    0.000119   16.511543 ^ fanout14/A (sky130_fd_sc_hd__clkdlybuf4s25_1)
    10    0.042920    0.689150    1.045894   17.557436 ^ fanout14/X (sky130_fd_sc_hd__clkdlybuf4s25_1)
                                                         net14 (net)
                      0.689150    0.000599   17.558035 ^ _1555_/B1 (sky130_fd_sc_hd__a21o_2)
     1    0.003454    0.065162    0.357758   17.915794 ^ _1555_/X (sky130_fd_sc_hd__a21o_2)
                                                         _0779_ (net)
                      0.065162    0.000041   17.915834 ^ _1556_/C1 (sky130_fd_sc_hd__o211a_2)
     1    0.002710    0.078460    0.336213   18.252047 ^ _1556_/X (sky130_fd_sc_hd__o211a_2)
                                                         _0049_ (net)
                      0.078460    0.000032   18.252079 ^ _1621_/D (sky130_fd_sc_hd__dfxtp_2)
                                             18.252079   data arrival time

                                 20.000000   20.000000   clock clk (rise edge)
                                  0.000000   20.000000   clock source latency
     1    0.018955    0.142613    0.097035   20.097036 ^ clk (in)
                                                         clk (net)
                      0.142616    0.000000   20.097036 ^ clkbuf_0_clk/A (sky130_fd_sc_hd__clkbuf_16)
     8    0.082146    0.151088    0.329123   20.426159 ^ clkbuf_0_clk/X (sky130_fd_sc_hd__clkbuf_16)
                                                         clknet_0_clk (net)
                      0.151104    0.001663   20.427822 ^ clkbuf_3_0__f_clk/A (sky130_fd_sc_hd__clkbuf_16)
     8    0.021854    0.069735    0.261421   20.689243 ^ clkbuf_3_0__f_clk/X (sky130_fd_sc_hd__clkbuf_16)
                                                         clknet_3_0__leaf_clk (net)
                      0.069757    0.000361   20.689604 ^ _1621_/CLK (sky130_fd_sc_hd__dfxtp_2)
                                 -0.250000   20.439604   clock uncertainty
                                  0.000000   20.439604   clock reconvergence pessimism
                                 -0.143310   20.296295   library setup time
                                             20.296295   data required time
---------------------------------------------------------------------------------------------
                                             20.296295   data required time
                                            -18.252079   data arrival time
---------------------------------------------------------------------------------------------
                                              2.044215   slack (MET)


Startpoint: _1595_ (rising edge-triggered flip-flop clocked by clk)
Endpoint: _1606_ (rising edge-triggered flip-flop clocked by clk)
Path Group: clk
Path Type: max

Fanout         Cap        Slew       Delay        Time   Description
---------------------------------------------------------------------------------------------
                                  0.000000    0.000000   clock clk (rise edge)
                                  0.000000    0.000000   clock source latency
     1    0.018955    0.142613    0.097036    0.097036 ^ clk (in)
                                                         clk (net)
                      0.142616    0.000000    0.097036 ^ clkbuf_0_clk/A (sky130_fd_sc_hd__clkbuf_16)
     8    0.082146    0.151088    0.329123    0.426159 ^ clkbuf_0_clk/X (sky130_fd_sc_hd__clkbuf_16)
                                                         clknet_0_clk (net)
                      0.151110    0.001851    0.428010 ^ clkbuf_3_6__f_clk/A (sky130_fd_sc_hd__clkbuf_16)
     8    0.022215    0.070185    0.261835    0.689845 ^ clkbuf_3_6__f_clk/X (sky130_fd_sc_hd__clkbuf_16)
                                                         clknet_3_6__leaf_clk (net)
                      0.070207    0.000432    0.690277 ^ _1595_/CLK (sky130_fd_sc_hd__dfxtp_2)
     1    0.002468    0.038396    0.591986    1.282263 v _1595_/Q (sky130_fd_sc_hd__dfxtp_2)
                                                         u_dp.b_q[3] (net)
                      0.038396    0.000022    1.282285 v fanout51/A (sky130_fd_sc_hd__clkdlybuf4s25_1)
     7    0.046566    0.621874    0.869333    2.151618 v fanout51/X (sky130_fd_sc_hd__clkdlybuf4s25_1)
                                                         net51 (net)
                      0.621874    0.000951    2.152568 v fanout50/A (sky130_fd_sc_hd__clkdlybuf4s25_1)
    10    0.042431    0.569580    1.052374    3.204942 v fanout50/X (sky130_fd_sc_hd__clkdlybuf4s25_1)
                                                         net50 (net)
                      0.569580    0.001241    3.206183 v _0808_/B (sky130_fd_sc_hd__and3_2)
     3    0.008960    0.098713    0.693947    3.900131 v _0808_/X (sky130_fd_sc_hd__and3_2)
                                                         _0078_ (net)
                      0.098713    0.000099    3.900229 v _0811_/A (sky130_fd_sc_hd__or3_2)
     2    0.003822    0.172106    1.115273    5.015502 v _0811_/X (sky130_fd_sc_hd__or3_2)
                                                         _0081_ (net)
                      0.172106    0.000030    5.015532 v _0812_/B (sky130_fd_sc_hd__and2b_2)
     1    0.003697    0.073198    0.454194    5.469726 v _0812_/X (sky130_fd_sc_hd__and2b_2)
                                                         _0082_ (net)
                      0.073198    0.000059    5.469785 v fanout22/A (sky130_fd_sc_hd__clkdlybuf4s25_1)
     9    0.062517    0.827951    1.036400    6.506185 v fanout22/X (sky130_fd_sc_hd__clkdlybuf4s25_1)
                                                         net22 (net)
                      0.827952    0.002473    6.508658 v fanout21/A (sky130_fd_sc_hd__clkdlybuf4s25_1)
     7    0.052954    0.705369    1.193431    7.702089 v fanout21/X (sky130_fd_sc_hd__clkdlybuf4s25_1)
                                                         net21 (net)
                      0.705370    0.002430    7.704519 v fanout20/A (sky130_fd_sc_hd__clkdlybuf4s25_1)
    10    0.068900    0.911362    1.321392    9.025911 v fanout20/X (sky130_fd_sc_hd__clkdlybuf4s25_1)
                                                         net20 (net)
                      0.911362    0.001532    9.027443 v _0890_/A (sky130_fd_sc_hd__xor2_2)
     2    0.006891    0.208396    0.604389    9.631832 v _0890_/X (sky130_fd_sc_hd__xor2_2)
                                                         _0160_ (net)
                      0.208396    0.000042    9.631874 v _0893_/B (sky130_fd_sc_hd__or2_2)
     1    0.001766    0.104300    0.655067   10.286942 v _0893_/X (sky130_fd_sc_hd__or2_2)
                                                         _0163_ (net)
                      0.104300    0.000016   10.286958 v _0894_/B (sky130_fd_sc_hd__and2_2)
     3    0.020393    0.140511    0.502708   10.789665 v _0894_/X (sky130_fd_sc_hd__and2_2)
                                                         _0164_ (net)
                      0.140511    0.000125   10.789791 v _0895_/B (sky130_fd_sc_hd__nor2_2)
     2    0.015504    0.312643    0.305687   11.095478 ^ _0895_/Y (sky130_fd_sc_hd__nor2_2)
                                                         _0165_ (net)
                      0.312643    0.000034   11.095511 ^ _0896_/B (sky130_fd_sc_hd__xor2_2)
     2    0.013905    0.321251    0.426434   11.521946 ^ _0896_/X (sky130_fd_sc_hd__xor2_2)
                                                         _0166_ (net)
                      0.321251    0.000136   11.522081 ^ _0901_/B (sky130_fd_sc_hd__xnor2_2)
     2    0.006423    0.125226    0.209739   11.731820 v _0901_/Y (sky130_fd_sc_hd__xnor2_2)
                                                         _0171_ (net)
                      0.125226    0.000036   11.731856 v _0983_/A (sky130_fd_sc_hd__and2_2)
     1    0.004893    0.079825    0.388047   12.119904 v _0983_/X (sky130_fd_sc_hd__and2_2)
                                                         _0253_ (net)
                      0.079825    0.000052   12.119955 v _0984_/B (sky130_fd_sc_hd__nor2_2)
     2    0.015553    0.305563    0.281611   12.401567 ^ _0984_/Y (sky130_fd_sc_hd__nor2_2)
                                                         _0254_ (net)
                      0.305563    0.000219   12.401786 ^ _0985_/B (sky130_fd_sc_hd__xor2_2)
     2    0.014987    0.351375    0.438475   12.840261 ^ _0985_/X (sky130_fd_sc_hd__xor2_2)
                                                         _0255_ (net)
                      0.351375    0.000115   12.840376 ^ _0992_/A (sky130_fd_sc_hd__nand2_2)
     2    0.004708    0.102744    0.176893   13.017269 v _0992_/Y (sky130_fd_sc_hd__nand2_2)
                                                         _0262_ (net)
                      0.102744    0.000039   13.017308 v _0994_/A_N (sky130_fd_sc_hd__nand2b_2)
     1    0.002730    0.077441    0.354086   13.371394 v _0994_/Y (sky130_fd_sc_hd__nand2b_2)
                                                         _0264_ (net)
                      0.077441    0.000026   13.371420 v _1388_/A1 (sky130_fd_sc_hd__o221a_2)
     4    0.017018    0.155669    0.625390   13.996809 v _1388_/X (sky130_fd_sc_hd__o221a_2)
                                                         _0658_ (net)
                      0.155669    0.000479   13.997288 v _1393_/A2 (sky130_fd_sc_hd__o31ai_2)
     3    0.010843    0.462212    0.535232   14.532520 ^ _1393_/Y (sky130_fd_sc_hd__o31ai_2)
                                                         _0663_ (net)
                      0.462212    0.000207   14.532727 ^ _1394_/B (sky130_fd_sc_hd__nand2_2)
     2    0.008072    0.120655    0.245961   14.778689 v _1394_/Y (sky130_fd_sc_hd__nand2_2)
                                                         _0664_ (net)
                      0.120655    0.000091   14.778780 v _1405_/A2 (sky130_fd_sc_hd__o211ai_2)
     5    0.029415    0.606800    0.562321   15.341102 ^ _1405_/Y (sky130_fd_sc_hd__o211ai_2)
                                                         _0675_ (net)
                      0.606800    0.000385   15.341487 ^ _1473_/A1 (sky130_fd_sc_hd__a21bo_2)
     1    0.004054    0.071154    0.453255   15.794742 ^ _1473_/X (sky130_fd_sc_hd__a21bo_2)
                                                         _0718_ (net)
                      0.071154    0.000046   15.794788 ^ fanout16/A (sky130_fd_sc_hd__clkdlybuf4s25_1)
     5    0.025640    0.419841    0.716636   16.511423 ^ fanout16/X (sky130_fd_sc_hd__clkdlybuf4s25_1)
                                                         net16 (net)
                      0.419841    0.000473   16.511896 ^ fanout15/A (sky130_fd_sc_hd__clkdlybuf4s25_1)
    10    0.041533    0.667502    1.030522   17.542418 ^ fanout15/X (sky130_fd_sc_hd__clkdlybuf4s25_1)
                                                         net15 (net)
                      0.667502    0.001044   17.543463 ^ _1495_/B1 (sky130_fd_sc_hd__a31o_2)
     1    0.003511    0.077521    0.388365   17.931828 ^ _1495_/X (sky130_fd_sc_hd__a31o_2)
                                                         _0734_ (net)
                      0.077521    0.000043   17.931870 ^ _1496_/C1 (sky130_fd_sc_hd__o211a_2)
     1    0.001897    0.074522    0.331779   18.263649 ^ _1496_/X (sky130_fd_sc_hd__o211a_2)
                                                         _0034_ (net)
                      0.074522    0.000009   18.263659 ^ _1606_/D (sky130_fd_sc_hd__dfxtp_2)
                                             18.263659   data arrival time

                                 20.000000   20.000000   clock clk (rise edge)
                                  0.000000   20.000000   clock source latency
     1    0.018955    0.142613    0.097035   20.097036 ^ clk (in)
                                                         clk (net)
                      0.142616    0.000000   20.097036 ^ clkbuf_0_clk/A (sky130_fd_sc_hd__clkbuf_16)
     8    0.082146    0.151088    0.329123   20.426159 ^ clkbuf_0_clk/X (sky130_fd_sc_hd__clkbuf_16)
                                                         clknet_0_clk (net)
                      0.151092    0.001094   20.427254 ^ clkbuf_3_4__f_clk/A (sky130_fd_sc_hd__clkbuf_16)
     8    0.029186    0.079270    0.271724   20.698977 ^ clkbuf_3_4__f_clk/X (sky130_fd_sc_hd__clkbuf_16)
                                                         clknet_3_4__leaf_clk (net)
                      0.079272    0.000520   20.699497 ^ _1606_/CLK (sky130_fd_sc_hd__dfxtp_2)
                                 -0.250000   20.449499   clock uncertainty
                                  0.000000   20.449499   clock reconvergence pessimism
                                 -0.140626   20.308872   library setup time
                                             20.308872   data required time
---------------------------------------------------------------------------------------------
                                             20.308872   data required time
                                            -18.263659   data arrival time
---------------------------------------------------------------------------------------------
                                              2.045214   slack (MET)


Startpoint: _1595_ (rising edge-triggered flip-flop clocked by clk)
Endpoint: _1619_ (rising edge-triggered flip-flop clocked by clk)
Path Group: clk
Path Type: max

Fanout         Cap        Slew       Delay        Time   Description
---------------------------------------------------------------------------------------------
                                  0.000000    0.000000   clock clk (rise edge)
                                  0.000000    0.000000   clock source latency
     1    0.018955    0.142613    0.097036    0.097036 ^ clk (in)
                                                         clk (net)
                      0.142616    0.000000    0.097036 ^ clkbuf_0_clk/A (sky130_fd_sc_hd__clkbuf_16)
     8    0.082146    0.151088    0.329123    0.426159 ^ clkbuf_0_clk/X (sky130_fd_sc_hd__clkbuf_16)
                                                         clknet_0_clk (net)
                      0.151110    0.001851    0.428010 ^ clkbuf_3_6__f_clk/A (sky130_fd_sc_hd__clkbuf_16)
     8    0.022215    0.070185    0.261835    0.689845 ^ clkbuf_3_6__f_clk/X (sky130_fd_sc_hd__clkbuf_16)
                                                         clknet_3_6__leaf_clk (net)
                      0.070207    0.000432    0.690277 ^ _1595_/CLK (sky130_fd_sc_hd__dfxtp_2)
     1    0.002468    0.038396    0.591986    1.282263 v _1595_/Q (sky130_fd_sc_hd__dfxtp_2)
                                                         u_dp.b_q[3] (net)
                      0.038396    0.000022    1.282285 v fanout51/A (sky130_fd_sc_hd__clkdlybuf4s25_1)
     7    0.046566    0.621874    0.869333    2.151618 v fanout51/X (sky130_fd_sc_hd__clkdlybuf4s25_1)
                                                         net51 (net)
                      0.621874    0.000951    2.152568 v fanout50/A (sky130_fd_sc_hd__clkdlybuf4s25_1)
    10    0.042431    0.569580    1.052374    3.204942 v fanout50/X (sky130_fd_sc_hd__clkdlybuf4s25_1)
                                                         net50 (net)
                      0.569580    0.001241    3.206183 v _0808_/B (sky130_fd_sc_hd__and3_2)
     3    0.008960    0.098713    0.693947    3.900131 v _0808_/X (sky130_fd_sc_hd__and3_2)
                                                         _0078_ (net)
                      0.098713    0.000099    3.900229 v _0811_/A (sky130_fd_sc_hd__or3_2)
     2    0.003822    0.172106    1.115273    5.015502 v _0811_/X (sky130_fd_sc_hd__or3_2)
                                                         _0081_ (net)
                      0.172106    0.000030    5.015532 v _0812_/B (sky130_fd_sc_hd__and2b_2)
     1    0.003697    0.073198    0.454194    5.469726 v _0812_/X (sky130_fd_sc_hd__and2b_2)
                                                         _0082_ (net)
                      0.073198    0.000059    5.469785 v fanout22/A (sky130_fd_sc_hd__clkdlybuf4s25_1)
     9    0.062517    0.827951    1.036400    6.506185 v fanout22/X (sky130_fd_sc_hd__clkdlybuf4s25_1)
                                                         net22 (net)
                      0.827952    0.002473    6.508658 v fanout21/A (sky130_fd_sc_hd__clkdlybuf4s25_1)
     7    0.052954    0.705369    1.193431    7.702089 v fanout21/X (sky130_fd_sc_hd__clkdlybuf4s25_1)
                                                         net21 (net)
                      0.705370    0.002430    7.704519 v fanout20/A (sky130_fd_sc_hd__clkdlybuf4s25_1)
    10    0.068900    0.911362    1.321392    9.025911 v fanout20/X (sky130_fd_sc_hd__clkdlybuf4s25_1)
                                                         net20 (net)
                      0.911362    0.001532    9.027443 v _0890_/A (sky130_fd_sc_hd__xor2_2)
     2    0.006891    0.208396    0.604389    9.631832 v _0890_/X (sky130_fd_sc_hd__xor2_2)
                                                         _0160_ (net)
                      0.208396    0.000042    9.631874 v _0893_/B (sky130_fd_sc_hd__or2_2)
     1    0.001766    0.104300    0.655067   10.286942 v _0893_/X (sky130_fd_sc_hd__or2_2)
                                                         _0163_ (net)
                      0.104300    0.000016   10.286958 v _0894_/B (sky130_fd_sc_hd__and2_2)
     3    0.020393    0.140511    0.502708   10.789665 v _0894_/X (sky130_fd_sc_hd__and2_2)
                                                         _0164_ (net)
                      0.140511    0.000125   10.789791 v _0895_/B (sky130_fd_sc_hd__nor2_2)
     2    0.015504    0.312643    0.305687   11.095478 ^ _0895_/Y (sky130_fd_sc_hd__nor2_2)
                                                         _0165_ (net)
                      0.312643    0.000034   11.095511 ^ _0896_/B (sky130_fd_sc_hd__xor2_2)
     2    0.013905    0.321251    0.426434   11.521946 ^ _0896_/X (sky130_fd_sc_hd__xor2_2)
                                                         _0166_ (net)
                      0.321251    0.000136   11.522081 ^ _0901_/B (sky130_fd_sc_hd__xnor2_2)
     2    0.006423    0.125226    0.209739   11.731820 v _0901_/Y (sky130_fd_sc_hd__xnor2_2)
                                                         _0171_ (net)
                      0.125226    0.000036   11.731856 v _0983_/A (sky130_fd_sc_hd__and2_2)
     1    0.004893    0.079825    0.388047   12.119904 v _0983_/X (sky130_fd_sc_hd__and2_2)
                                                         _0253_ (net)
                      0.079825    0.000052   12.119955 v _0984_/B (sky130_fd_sc_hd__nor2_2)
     2    0.015553    0.305563    0.281611   12.401567 ^ _0984_/Y (sky130_fd_sc_hd__nor2_2)
                                                         _0254_ (net)
                      0.305563    0.000219   12.401786 ^ _0985_/B (sky130_fd_sc_hd__xor2_2)
     2    0.014987    0.351375    0.438475   12.840261 ^ _0985_/X (sky130_fd_sc_hd__xor2_2)
                                                         _0255_ (net)
                      0.351375    0.000115   12.840376 ^ _0992_/A (sky130_fd_sc_hd__nand2_2)
     2    0.004708    0.102744    0.176893   13.017269 v _0992_/Y (sky130_fd_sc_hd__nand2_2)
                                                         _0262_ (net)
                      0.102744    0.000039   13.017308 v _0994_/A_N (sky130_fd_sc_hd__nand2b_2)
     1    0.002730    0.077441    0.354086   13.371394 v _0994_/Y (sky130_fd_sc_hd__nand2b_2)
                                                         _0264_ (net)
                      0.077441    0.000026   13.371420 v _1388_/A1 (sky130_fd_sc_hd__o221a_2)
     4    0.017018    0.155669    0.625390   13.996809 v _1388_/X (sky130_fd_sc_hd__o221a_2)
                                                         _0658_ (net)
                      0.155669    0.000479   13.997288 v _1393_/A2 (sky130_fd_sc_hd__o31ai_2)
     3    0.010843    0.462212    0.535232   14.532520 ^ _1393_/Y (sky130_fd_sc_hd__o31ai_2)
                                                         _0663_ (net)
                      0.462212    0.000207   14.532727 ^ _1394_/B (sky130_fd_sc_hd__nand2_2)
     2    0.008072    0.120655    0.245961   14.778689 v _1394_/Y (sky130_fd_sc_hd__nand2_2)
                                                         _0664_ (net)
                      0.120655    0.000091   14.778780 v _1405_/A2 (sky130_fd_sc_hd__o211ai_2)
     5    0.029415    0.606800    0.562321   15.341102 ^ _1405_/Y (sky130_fd_sc_hd__o211ai_2)
                                                         _0675_ (net)
                      0.606800    0.000385   15.341487 ^ _1473_/A1 (sky130_fd_sc_hd__a21bo_2)
     1    0.004054    0.071154    0.453255   15.794742 ^ _1473_/X (sky130_fd_sc_hd__a21bo_2)
                                                         _0718_ (net)
                      0.071154    0.000046   15.794788 ^ fanout16/A (sky130_fd_sc_hd__clkdlybuf4s25_1)
     5    0.025640    0.419841    0.716636   16.511423 ^ fanout16/X (sky130_fd_sc_hd__clkdlybuf4s25_1)
                                                         net16 (net)
                      0.419841    0.000119   16.511543 ^ fanout14/A (sky130_fd_sc_hd__clkdlybuf4s25_1)
    10    0.042920    0.689150    1.045894   17.557436 ^ fanout14/X (sky130_fd_sc_hd__clkdlybuf4s25_1)
                                                         net14 (net)
                      0.689150    0.000728   17.558165 ^ _1548_/B1 (sky130_fd_sc_hd__a21o_2)
     1    0.003788    0.066867    0.360620   17.918785 ^ _1548_/X (sky130_fd_sc_hd__a21o_2)
                                                         _0774_ (net)
                      0.066867    0.000050   17.918835 ^ _1549_/C1 (sky130_fd_sc_hd__o211a_2)
     1    0.001913    0.072230    0.328111   18.246946 ^ _1549_/X (sky130_fd_sc_hd__o211a_2)
                                                         _0047_ (net)
                      0.072230    0.000018   18.246964 ^ _1619_/D (sky130_fd_sc_hd__dfxtp_2)
                                             18.246964   data arrival time

                                 20.000000   20.000000   clock clk (rise edge)
                                  0.000000   20.000000   clock source latency
     1    0.018955    0.142613    0.097035   20.097036 ^ clk (in)
                                                         clk (net)
                      0.142616    0.000000   20.097036 ^ clkbuf_0_clk/A (sky130_fd_sc_hd__clkbuf_16)
     8    0.082146    0.151088    0.329123   20.426159 ^ clkbuf_0_clk/X (sky130_fd_sc_hd__clkbuf_16)
                                                         clknet_0_clk (net)
                      0.151104    0.001663   20.427822 ^ clkbuf_3_0__f_clk/A (sky130_fd_sc_hd__clkbuf_16)
     8    0.021854    0.069735    0.261421   20.689243 ^ clkbuf_3_0__f_clk/X (sky130_fd_sc_hd__clkbuf_16)
                                                         clknet_3_0__leaf_clk (net)
                      0.069757    0.000366   20.689610 ^ _1619_/CLK (sky130_fd_sc_hd__dfxtp_2)
                                 -0.250000   20.439610   clock uncertainty
                                  0.000000   20.439610   clock reconvergence pessimism
                                 -0.141675   20.297935   library setup time
                                             20.297935   data required time
---------------------------------------------------------------------------------------------
                                             20.297935   data required time
                                            -18.246964   data arrival time
---------------------------------------------------------------------------------------------
                                              2.050971   slack (MET)


Startpoint: _1595_ (rising edge-triggered flip-flop clocked by clk)
Endpoint: _1610_ (rising edge-triggered flip-flop clocked by clk)
Path Group: clk
Path Type: max

Fanout         Cap        Slew       Delay        Time   Description
---------------------------------------------------------------------------------------------
                                  0.000000    0.000000   clock clk (rise edge)
                                  0.000000    0.000000   clock source latency
     1    0.018955    0.142613    0.097036    0.097036 ^ clk (in)
                                                         clk (net)
                      0.142616    0.000000    0.097036 ^ clkbuf_0_clk/A (sky130_fd_sc_hd__clkbuf_16)
     8    0.082146    0.151088    0.329123    0.426159 ^ clkbuf_0_clk/X (sky130_fd_sc_hd__clkbuf_16)
                                                         clknet_0_clk (net)
                      0.151110    0.001851    0.428010 ^ clkbuf_3_6__f_clk/A (sky130_fd_sc_hd__clkbuf_16)
     8    0.022215    0.070185    0.261835    0.689845 ^ clkbuf_3_6__f_clk/X (sky130_fd_sc_hd__clkbuf_16)
                                                         clknet_3_6__leaf_clk (net)
                      0.070207    0.000432    0.690277 ^ _1595_/CLK (sky130_fd_sc_hd__dfxtp_2)
     1    0.002468    0.038396    0.591986    1.282263 v _1595_/Q (sky130_fd_sc_hd__dfxtp_2)
                                                         u_dp.b_q[3] (net)
                      0.038396    0.000022    1.282285 v fanout51/A (sky130_fd_sc_hd__clkdlybuf4s25_1)
     7    0.046566    0.621874    0.869333    2.151618 v fanout51/X (sky130_fd_sc_hd__clkdlybuf4s25_1)
                                                         net51 (net)
                      0.621874    0.000951    2.152568 v fanout50/A (sky130_fd_sc_hd__clkdlybuf4s25_1)
    10    0.042431    0.569580    1.052374    3.204942 v fanout50/X (sky130_fd_sc_hd__clkdlybuf4s25_1)
                                                         net50 (net)
                      0.569580    0.001241    3.206183 v _0808_/B (sky130_fd_sc_hd__and3_2)
     3    0.008960    0.098713    0.693947    3.900131 v _0808_/X (sky130_fd_sc_hd__and3_2)
                                                         _0078_ (net)
                      0.098713    0.000099    3.900229 v _0811_/A (sky130_fd_sc_hd__or3_2)
     2    0.003822    0.172106    1.115273    5.015502 v _0811_/X (sky130_fd_sc_hd__or3_2)
                                                         _0081_ (net)
                      0.172106    0.000030    5.015532 v _0812_/B (sky130_fd_sc_hd__and2b_2)
     1    0.003697    0.073198    0.454194    5.469726 v _0812_/X (sky130_fd_sc_hd__and2b_2)
                                                         _0082_ (net)
                      0.073198    0.000059    5.469785 v fanout22/A (sky130_fd_sc_hd__clkdlybuf4s25_1)
     9    0.062517    0.827951    1.036400    6.506185 v fanout22/X (sky130_fd_sc_hd__clkdlybuf4s25_1)
                                                         net22 (net)
                      0.827952    0.002473    6.508658 v fanout21/A (sky130_fd_sc_hd__clkdlybuf4s25_1)
     7    0.052954    0.705369    1.193431    7.702089 v fanout21/X (sky130_fd_sc_hd__clkdlybuf4s25_1)
                                                         net21 (net)
                      0.705370    0.002430    7.704519 v fanout20/A (sky130_fd_sc_hd__clkdlybuf4s25_1)
    10    0.068900    0.911362    1.321392    9.025911 v fanout20/X (sky130_fd_sc_hd__clkdlybuf4s25_1)
                                                         net20 (net)
                      0.911362    0.001532    9.027443 v _0890_/A (sky130_fd_sc_hd__xor2_2)
     2    0.006891    0.208396    0.604389    9.631832 v _0890_/X (sky130_fd_sc_hd__xor2_2)
                                                         _0160_ (net)
                      0.208396    0.000042    9.631874 v _0893_/B (sky130_fd_sc_hd__or2_2)
     1    0.001766    0.104300    0.655067   10.286942 v _0893_/X (sky130_fd_sc_hd__or2_2)
                                                         _0163_ (net)
                      0.104300    0.000016   10.286958 v _0894_/B (sky130_fd_sc_hd__and2_2)
     3    0.020393    0.140511    0.502708   10.789665 v _0894_/X (sky130_fd_sc_hd__and2_2)
                                                         _0164_ (net)
                      0.140511    0.000125   10.789791 v _0895_/B (sky130_fd_sc_hd__nor2_2)
     2    0.015504    0.312643    0.305687   11.095478 ^ _0895_/Y (sky130_fd_sc_hd__nor2_2)
                                                         _0165_ (net)
                      0.312643    0.000034   11.095511 ^ _0896_/B (sky130_fd_sc_hd__xor2_2)
     2    0.013905    0.321251    0.426434   11.521946 ^ _0896_/X (sky130_fd_sc_hd__xor2_2)
                                                         _0166_ (net)
                      0.321251    0.000136   11.522081 ^ _0901_/B (sky130_fd_sc_hd__xnor2_2)
     2    0.006423    0.125226    0.209739   11.731820 v _0901_/Y (sky130_fd_sc_hd__xnor2_2)
                                                         _0171_ (net)
                      0.125226    0.000036   11.731856 v _0983_/A (sky130_fd_sc_hd__and2_2)
     1    0.004893    0.079825    0.388047   12.119904 v _0983_/X (sky130_fd_sc_hd__and2_2)
                                                         _0253_ (net)
                      0.079825    0.000052   12.119955 v _0984_/B (sky130_fd_sc_hd__nor2_2)
     2    0.015553    0.305563    0.281611   12.401567 ^ _0984_/Y (sky130_fd_sc_hd__nor2_2)
                                                         _0254_ (net)
                      0.305563    0.000219   12.401786 ^ _0985_/B (sky130_fd_sc_hd__xor2_2)
     2    0.014987    0.351375    0.438475   12.840261 ^ _0985_/X (sky130_fd_sc_hd__xor2_2)
                                                         _0255_ (net)
                      0.351375    0.000115   12.840376 ^ _0992_/A (sky130_fd_sc_hd__nand2_2)
     2    0.004708    0.102744    0.176893   13.017269 v _0992_/Y (sky130_fd_sc_hd__nand2_2)
                                                         _0262_ (net)
                      0.102744    0.000039   13.017308 v _0994_/A_N (sky130_fd_sc_hd__nand2b_2)
     1    0.002730    0.077441    0.354086   13.371394 v _0994_/Y (sky130_fd_sc_hd__nand2b_2)
                                                         _0264_ (net)
                      0.077441    0.000026   13.371420 v _1388_/A1 (sky130_fd_sc_hd__o221a_2)
     4    0.017018    0.155669    0.625390   13.996809 v _1388_/X (sky130_fd_sc_hd__o221a_2)
                                                         _0658_ (net)
                      0.155669    0.000479   13.997288 v _1393_/A2 (sky130_fd_sc_hd__o31ai_2)
     3    0.010843    0.462212    0.535232   14.532520 ^ _1393_/Y (sky130_fd_sc_hd__o31ai_2)
                                                         _0663_ (net)
                      0.462212    0.000207   14.532727 ^ _1394_/B (sky130_fd_sc_hd__nand2_2)
     2    0.008072    0.120655    0.245961   14.778689 v _1394_/Y (sky130_fd_sc_hd__nand2_2)
                                                         _0664_ (net)
                      0.120655    0.000091   14.778780 v _1405_/A2 (sky130_fd_sc_hd__o211ai_2)
     5    0.029415    0.606800    0.562321   15.341102 ^ _1405_/Y (sky130_fd_sc_hd__o211ai_2)
                                                         _0675_ (net)
                      0.606800    0.000385   15.341487 ^ _1473_/A1 (sky130_fd_sc_hd__a21bo_2)
     1    0.004054    0.071154    0.453255   15.794742 ^ _1473_/X (sky130_fd_sc_hd__a21bo_2)
                                                         _0718_ (net)
                      0.071154    0.000046   15.794788 ^ fanout16/A (sky130_fd_sc_hd__clkdlybuf4s25_1)
     5    0.025640    0.419841    0.716636   16.511423 ^ fanout16/X (sky130_fd_sc_hd__clkdlybuf4s25_1)
                                                         net16 (net)
                      0.419841    0.000119   16.511543 ^ fanout14/A (sky130_fd_sc_hd__clkdlybuf4s25_1)
    10    0.042920    0.689150    1.045894   17.557436 ^ fanout14/X (sky130_fd_sc_hd__clkdlybuf4s25_1)
                                                         net14 (net)
                      0.689150    0.000991   17.558428 ^ _1510_/B1 (sky130_fd_sc_hd__a21o_2)
     1    0.003278    0.064280    0.356257   17.914686 ^ _1510_/X (sky130_fd_sc_hd__a21o_2)
                                                         _0745_ (net)
                      0.064280    0.000036   17.914721 ^ _1511_/C1 (sky130_fd_sc_hd__o211a_2)
     1    0.002032    0.073804    0.328484   18.243204 ^ _1511_/X (sky130_fd_sc_hd__o211a_2)
                                                         _0038_ (net)
                      0.073804    0.000020   18.243225 ^ _1610_/D (sky130_fd_sc_hd__dfxtp_2)
                                             18.243225   data arrival time

                                 20.000000   20.000000   clock clk (rise edge)
                                  0.000000   20.000000   clock source latency
     1    0.018955    0.142613    0.097035   20.097036 ^ clk (in)
                                                         clk (net)
                      0.142616    0.000000   20.097036 ^ clkbuf_0_clk/A (sky130_fd_sc_hd__clkbuf_16)
     8    0.082146    0.151088    0.329123   20.426159 ^ clkbuf_0_clk/X (sky130_fd_sc_hd__clkbuf_16)
                                                         clknet_0_clk (net)
                      0.151103    0.001638   20.427797 ^ clkbuf_3_1__f_clk/A (sky130_fd_sc_hd__clkbuf_16)
     8    0.021473    0.069260    0.260920   20.688717 ^ clkbuf_3_1__f_clk/X (sky130_fd_sc_hd__clkbuf_16)
                                                         clknet_3_1__leaf_clk (net)
                      0.069260    0.000124   20.688841 ^ _1610_/CLK (sky130_fd_sc_hd__dfxtp_2)
                                 -0.250000   20.438843   clock uncertainty
                                  0.000000   20.438843   clock reconvergence pessimism
                                 -0.142175   20.296667   library setup time
                                             20.296667   data required time
---------------------------------------------------------------------------------------------
                                             20.296667   data required time
                                            -18.243225   data arrival time
---------------------------------------------------------------------------------------------
                                              2.053444   slack (MET)


Startpoint: _1595_ (rising edge-triggered flip-flop clocked by clk)
Endpoint: _1602_ (rising edge-triggered flip-flop clocked by clk)
Path Group: clk
Path Type: max

Fanout         Cap        Slew       Delay        Time   Description
---------------------------------------------------------------------------------------------
                                  0.000000    0.000000   clock clk (rise edge)
                                  0.000000    0.000000   clock source latency
     1    0.018955    0.142613    0.097036    0.097036 ^ clk (in)
                                                         clk (net)
                      0.142616    0.000000    0.097036 ^ clkbuf_0_clk/A (sky130_fd_sc_hd__clkbuf_16)
     8    0.082146    0.151088    0.329123    0.426159 ^ clkbuf_0_clk/X (sky130_fd_sc_hd__clkbuf_16)
                                                         clknet_0_clk (net)
                      0.151110    0.001851    0.428010 ^ clkbuf_3_6__f_clk/A (sky130_fd_sc_hd__clkbuf_16)
     8    0.022215    0.070185    0.261835    0.689845 ^ clkbuf_3_6__f_clk/X (sky130_fd_sc_hd__clkbuf_16)
                                                         clknet_3_6__leaf_clk (net)
                      0.070207    0.000432    0.690277 ^ _1595_/CLK (sky130_fd_sc_hd__dfxtp_2)
     1    0.002468    0.038396    0.591986    1.282263 v _1595_/Q (sky130_fd_sc_hd__dfxtp_2)
                                                         u_dp.b_q[3] (net)
                      0.038396    0.000022    1.282285 v fanout51/A (sky130_fd_sc_hd__clkdlybuf4s25_1)
     7    0.046566    0.621874    0.869333    2.151618 v fanout51/X (sky130_fd_sc_hd__clkdlybuf4s25_1)
                                                         net51 (net)
                      0.621874    0.000951    2.152568 v fanout50/A (sky130_fd_sc_hd__clkdlybuf4s25_1)
    10    0.042431    0.569580    1.052374    3.204942 v fanout50/X (sky130_fd_sc_hd__clkdlybuf4s25_1)
                                                         net50 (net)
                      0.569580    0.001241    3.206183 v _0808_/B (sky130_fd_sc_hd__and3_2)
     3    0.008960    0.098713    0.693947    3.900131 v _0808_/X (sky130_fd_sc_hd__and3_2)
                                                         _0078_ (net)
                      0.098713    0.000099    3.900229 v _0811_/A (sky130_fd_sc_hd__or3_2)
     2    0.003822    0.172106    1.115273    5.015502 v _0811_/X (sky130_fd_sc_hd__or3_2)
                                                         _0081_ (net)
                      0.172106    0.000030    5.015532 v _0812_/B (sky130_fd_sc_hd__and2b_2)
     1    0.003697    0.073198    0.454194    5.469726 v _0812_/X (sky130_fd_sc_hd__and2b_2)
                                                         _0082_ (net)
                      0.073198    0.000059    5.469785 v fanout22/A (sky130_fd_sc_hd__clkdlybuf4s25_1)
     9    0.062517    0.827951    1.036400    6.506185 v fanout22/X (sky130_fd_sc_hd__clkdlybuf4s25_1)
                                                         net22 (net)
                      0.827952    0.002473    6.508658 v fanout21/A (sky130_fd_sc_hd__clkdlybuf4s25_1)
     7    0.052954    0.705369    1.193431    7.702089 v fanout21/X (sky130_fd_sc_hd__clkdlybuf4s25_1)
                                                         net21 (net)
                      0.705370    0.002430    7.704519 v fanout20/A (sky130_fd_sc_hd__clkdlybuf4s25_1)
    10    0.068900    0.911362    1.321392    9.025911 v fanout20/X (sky130_fd_sc_hd__clkdlybuf4s25_1)
                                                         net20 (net)
                      0.911362    0.001532    9.027443 v _0890_/A (sky130_fd_sc_hd__xor2_2)
     2    0.006891    0.208396    0.604389    9.631832 v _0890_/X (sky130_fd_sc_hd__xor2_2)
                                                         _0160_ (net)
                      0.208396    0.000042    9.631874 v _0893_/B (sky130_fd_sc_hd__or2_2)
     1    0.001766    0.104300    0.655067   10.286942 v _0893_/X (sky130_fd_sc_hd__or2_2)
                                                         _0163_ (net)
                      0.104300    0.000016   10.286958 v _0894_/B (sky130_fd_sc_hd__and2_2)
     3    0.020393    0.140511    0.502708   10.789665 v _0894_/X (sky130_fd_sc_hd__and2_2)
                                                         _0164_ (net)
                      0.140511    0.000125   10.789791 v _0895_/B (sky130_fd_sc_hd__nor2_2)
     2    0.015504    0.312643    0.305687   11.095478 ^ _0895_/Y (sky130_fd_sc_hd__nor2_2)
                                                         _0165_ (net)
                      0.312643    0.000034   11.095511 ^ _0896_/B (sky130_fd_sc_hd__xor2_2)
     2    0.013905    0.321251    0.426434   11.521946 ^ _0896_/X (sky130_fd_sc_hd__xor2_2)
                                                         _0166_ (net)
                      0.321251    0.000136   11.522081 ^ _0901_/B (sky130_fd_sc_hd__xnor2_2)
     2    0.006423    0.125226    0.209739   11.731820 v _0901_/Y (sky130_fd_sc_hd__xnor2_2)
                                                         _0171_ (net)
                      0.125226    0.000036   11.731856 v _0983_/A (sky130_fd_sc_hd__and2_2)
     1    0.004893    0.079825    0.388047   12.119904 v _0983_/X (sky130_fd_sc_hd__and2_2)
                                                         _0253_ (net)
                      0.079825    0.000052   12.119955 v _0984_/B (sky130_fd_sc_hd__nor2_2)
     2    0.015553    0.305563    0.281611   12.401567 ^ _0984_/Y (sky130_fd_sc_hd__nor2_2)
                                                         _0254_ (net)
                      0.305563    0.000219   12.401786 ^ _0985_/B (sky130_fd_sc_hd__xor2_2)
     2    0.014987    0.351375    0.438475   12.840261 ^ _0985_/X (sky130_fd_sc_hd__xor2_2)
                                                         _0255_ (net)
                      0.351375    0.000115   12.840376 ^ _0992_/A (sky130_fd_sc_hd__nand2_2)
     2    0.004708    0.102744    0.176893   13.017269 v _0992_/Y (sky130_fd_sc_hd__nand2_2)
                                                         _0262_ (net)
                      0.102744    0.000039   13.017308 v _0994_/A_N (sky130_fd_sc_hd__nand2b_2)
     1    0.002730    0.077441    0.354086   13.371394 v _0994_/Y (sky130_fd_sc_hd__nand2b_2)
                                                         _0264_ (net)
                      0.077441    0.000026   13.371420 v _1388_/A1 (sky130_fd_sc_hd__o221a_2)
     4    0.017018    0.155669    0.625390   13.996809 v _1388_/X (sky130_fd_sc_hd__o221a_2)
                                                         _0658_ (net)
                      0.155669    0.000479   13.997288 v _1393_/A2 (sky130_fd_sc_hd__o31ai_2)
     3    0.010843    0.462212    0.535232   14.532520 ^ _1393_/Y (sky130_fd_sc_hd__o31ai_2)
                                                         _0663_ (net)
                      0.462212    0.000207   14.532727 ^ _1394_/B (sky130_fd_sc_hd__nand2_2)
     2    0.008072    0.120655    0.245961   14.778689 v _1394_/Y (sky130_fd_sc_hd__nand2_2)
                                                         _0664_ (net)
                      0.120655    0.000091   14.778780 v _1405_/A2 (sky130_fd_sc_hd__o211ai_2)
     5    0.029415    0.606800    0.562321   15.341102 ^ _1405_/Y (sky130_fd_sc_hd__o211ai_2)
                                                         _0675_ (net)
                      0.606800    0.000385   15.341487 ^ _1473_/A1 (sky130_fd_sc_hd__a21bo_2)
     1    0.004054    0.071154    0.453255   15.794742 ^ _1473_/X (sky130_fd_sc_hd__a21bo_2)
                                                         _0718_ (net)
                      0.071154    0.000046   15.794788 ^ fanout16/A (sky130_fd_sc_hd__clkdlybuf4s25_1)
     5    0.025640    0.419841    0.716636   16.511423 ^ fanout16/X (sky130_fd_sc_hd__clkdlybuf4s25_1)
                                                         net16 (net)
                      0.419841    0.000473   16.511896 ^ fanout15/A (sky130_fd_sc_hd__clkdlybuf4s25_1)
    10    0.041533    0.667502    1.030522   17.542418 ^ fanout15/X (sky130_fd_sc_hd__clkdlybuf4s25_1)
                                                         net15 (net)
                      0.667502    0.000254   17.542671 ^ _1482_/B1 (sky130_fd_sc_hd__a31o_2)
     1    0.002492    0.071496    0.377881   17.920553 ^ _1482_/X (sky130_fd_sc_hd__a31o_2)
                                                         _0725_ (net)
                      0.071496    0.000009   17.920561 ^ _1483_/C1 (sky130_fd_sc_hd__o211a_2)
     1    0.002050    0.075050    0.331283   18.251844 ^ _1483_/X (sky130_fd_sc_hd__o211a_2)
                                                         _0030_ (net)
                      0.075050    0.000011   18.251856 ^ _1602_/D (sky130_fd_sc_hd__dfxtp_2)
                                             18.251856   data arrival time

                                 20.000000   20.000000   clock clk (rise edge)
                                  0.000000   20.000000   clock source latency
     1    0.018955    0.142613    0.097035   20.097036 ^ clk (in)
                                                         clk (net)
                      0.142616    0.000000   20.097036 ^ clkbuf_0_clk/A (sky130_fd_sc_hd__clkbuf_16)
     8    0.082146    0.151088    0.329123   20.426159 ^ clkbuf_0_clk/X (sky130_fd_sc_hd__clkbuf_16)
                                                         clknet_0_clk (net)
                      0.151102    0.001574   20.427732 ^ clkbuf_3_3__f_clk/A (sky130_fd_sc_hd__clkbuf_16)
     8    0.028334    0.078119    0.270562   20.698296 ^ clkbuf_3_3__f_clk/X (sky130_fd_sc_hd__clkbuf_16)
                                                         clknet_3_3__leaf_clk (net)
                      0.078119    0.000286   20.698582 ^ _1602_/CLK (sky130_fd_sc_hd__dfxtp_2)
                                 -0.250000   20.448582   clock uncertainty
                                  0.000000   20.448582   clock reconvergence pessimism
                                 -0.140965   20.307617   library setup time
                                             20.307617   data required time
---------------------------------------------------------------------------------------------
                                             20.307617   data required time
                                            -18.251856   data arrival time
---------------------------------------------------------------------------------------------
                                              2.055762   slack (MET)


Startpoint: _1595_ (rising edge-triggered flip-flop clocked by clk)
Endpoint: _1615_ (rising edge-triggered flip-flop clocked by clk)
Path Group: clk
Path Type: max

Fanout         Cap        Slew       Delay        Time   Description
---------------------------------------------------------------------------------------------
                                  0.000000    0.000000   clock clk (rise edge)
                                  0.000000    0.000000   clock source latency
     1    0.018955    0.142613    0.097036    0.097036 ^ clk (in)
                                                         clk (net)
                      0.142616    0.000000    0.097036 ^ clkbuf_0_clk/A (sky130_fd_sc_hd__clkbuf_16)
     8    0.082146    0.151088    0.329123    0.426159 ^ clkbuf_0_clk/X (sky130_fd_sc_hd__clkbuf_16)
                                                         clknet_0_clk (net)
                      0.151110    0.001851    0.428010 ^ clkbuf_3_6__f_clk/A (sky130_fd_sc_hd__clkbuf_16)
     8    0.022215    0.070185    0.261835    0.689845 ^ clkbuf_3_6__f_clk/X (sky130_fd_sc_hd__clkbuf_16)
                                                         clknet_3_6__leaf_clk (net)
                      0.070207    0.000432    0.690277 ^ _1595_/CLK (sky130_fd_sc_hd__dfxtp_2)
     1    0.002468    0.038396    0.591986    1.282263 v _1595_/Q (sky130_fd_sc_hd__dfxtp_2)
                                                         u_dp.b_q[3] (net)
                      0.038396    0.000022    1.282285 v fanout51/A (sky130_fd_sc_hd__clkdlybuf4s25_1)
     7    0.046566    0.621874    0.869333    2.151618 v fanout51/X (sky130_fd_sc_hd__clkdlybuf4s25_1)
                                                         net51 (net)
                      0.621874    0.000951    2.152568 v fanout50/A (sky130_fd_sc_hd__clkdlybuf4s25_1)
    10    0.042431    0.569580    1.052374    3.204942 v fanout50/X (sky130_fd_sc_hd__clkdlybuf4s25_1)
                                                         net50 (net)
                      0.569580    0.001241    3.206183 v _0808_/B (sky130_fd_sc_hd__and3_2)
     3    0.008960    0.098713    0.693947    3.900131 v _0808_/X (sky130_fd_sc_hd__and3_2)
                                                         _0078_ (net)
                      0.098713    0.000099    3.900229 v _0811_/A (sky130_fd_sc_hd__or3_2)
     2    0.003822    0.172106    1.115273    5.015502 v _0811_/X (sky130_fd_sc_hd__or3_2)
                                                         _0081_ (net)
                      0.172106    0.000030    5.015532 v _0812_/B (sky130_fd_sc_hd__and2b_2)
     1    0.003697    0.073198    0.454194    5.469726 v _0812_/X (sky130_fd_sc_hd__and2b_2)
                                                         _0082_ (net)
                      0.073198    0.000059    5.469785 v fanout22/A (sky130_fd_sc_hd__clkdlybuf4s25_1)
     9    0.062517    0.827951    1.036400    6.506185 v fanout22/X (sky130_fd_sc_hd__clkdlybuf4s25_1)
                                                         net22 (net)
                      0.827952    0.002473    6.508658 v fanout21/A (sky130_fd_sc_hd__clkdlybuf4s25_1)
     7    0.052954    0.705369    1.193431    7.702089 v fanout21/X (sky130_fd_sc_hd__clkdlybuf4s25_1)
                                                         net21 (net)
                      0.705370    0.002430    7.704519 v fanout20/A (sky130_fd_sc_hd__clkdlybuf4s25_1)
    10    0.068900    0.911362    1.321392    9.025911 v fanout20/X (sky130_fd_sc_hd__clkdlybuf4s25_1)
                                                         net20 (net)
                      0.911362    0.001532    9.027443 v _0890_/A (sky130_fd_sc_hd__xor2_2)
     2    0.006891    0.208396    0.604389    9.631832 v _0890_/X (sky130_fd_sc_hd__xor2_2)
                                                         _0160_ (net)
                      0.208396    0.000042    9.631874 v _0893_/B (sky130_fd_sc_hd__or2_2)
     1    0.001766    0.104300    0.655067   10.286942 v _0893_/X (sky130_fd_sc_hd__or2_2)
                                                         _0163_ (net)
                      0.104300    0.000016   10.286958 v _0894_/B (sky130_fd_sc_hd__and2_2)
     3    0.020393    0.140511    0.502708   10.789665 v _0894_/X (sky130_fd_sc_hd__and2_2)
                                                         _0164_ (net)
                      0.140511    0.000125   10.789791 v _0895_/B (sky130_fd_sc_hd__nor2_2)
     2    0.015504    0.312643    0.305687   11.095478 ^ _0895_/Y (sky130_fd_sc_hd__nor2_2)
                                                         _0165_ (net)
                      0.312643    0.000034   11.095511 ^ _0896_/B (sky130_fd_sc_hd__xor2_2)
     2    0.013905    0.321251    0.426434   11.521946 ^ _0896_/X (sky130_fd_sc_hd__xor2_2)
                                                         _0166_ (net)
                      0.321251    0.000136   11.522081 ^ _0901_/B (sky130_fd_sc_hd__xnor2_2)
     2    0.006423    0.125226    0.209739   11.731820 v _0901_/Y (sky130_fd_sc_hd__xnor2_2)
                                                         _0171_ (net)
                      0.125226    0.000036   11.731856 v _0983_/A (sky130_fd_sc_hd__and2_2)
     1    0.004893    0.079825    0.388047   12.119904 v _0983_/X (sky130_fd_sc_hd__and2_2)
                                                         _0253_ (net)
                      0.079825    0.000052   12.119955 v _0984_/B (sky130_fd_sc_hd__nor2_2)
     2    0.015553    0.305563    0.281611   12.401567 ^ _0984_/Y (sky130_fd_sc_hd__nor2_2)
                                                         _0254_ (net)
                      0.305563    0.000219   12.401786 ^ _0985_/B (sky130_fd_sc_hd__xor2_2)
     2    0.014987    0.351375    0.438475   12.840261 ^ _0985_/X (sky130_fd_sc_hd__xor2_2)
                                                         _0255_ (net)
                      0.351375    0.000115   12.840376 ^ _0992_/A (sky130_fd_sc_hd__nand2_2)
     2    0.004708    0.102744    0.176893   13.017269 v _0992_/Y (sky130_fd_sc_hd__nand2_2)
                                                         _0262_ (net)
                      0.102744    0.000039   13.017308 v _0994_/A_N (sky130_fd_sc_hd__nand2b_2)
     1    0.002730    0.077441    0.354086   13.371394 v _0994_/Y (sky130_fd_sc_hd__nand2b_2)
                                                         _0264_ (net)
                      0.077441    0.000026   13.371420 v _1388_/A1 (sky130_fd_sc_hd__o221a_2)
     4    0.017018    0.155669    0.625390   13.996809 v _1388_/X (sky130_fd_sc_hd__o221a_2)
                                                         _0658_ (net)
                      0.155669    0.000479   13.997288 v _1393_/A2 (sky130_fd_sc_hd__o31ai_2)
     3    0.010843    0.462212    0.535232   14.532520 ^ _1393_/Y (sky130_fd_sc_hd__o31ai_2)
                                                         _0663_ (net)
                      0.462212    0.000207   14.532727 ^ _1394_/B (sky130_fd_sc_hd__nand2_2)
     2    0.008072    0.120655    0.245961   14.778689 v _1394_/Y (sky130_fd_sc_hd__nand2_2)
                                                         _0664_ (net)
                      0.120655    0.000091   14.778780 v _1405_/A2 (sky130_fd_sc_hd__o211ai_2)
     5    0.029415    0.606800    0.562321   15.341102 ^ _1405_/Y (sky130_fd_sc_hd__o211ai_2)
                                                         _0675_ (net)
                      0.606800    0.000385   15.341487 ^ _1473_/A1 (sky130_fd_sc_hd__a21bo_2)
     1    0.004054    0.071154    0.453255   15.794742 ^ _1473_/X (sky130_fd_sc_hd__a21bo_2)
                                                         _0718_ (net)
                      0.071154    0.000046   15.794788 ^ fanout16/A (sky130_fd_sc_hd__clkdlybuf4s25_1)
     5    0.025640    0.419841    0.716636   16.511423 ^ fanout16/X (sky130_fd_sc_hd__clkdlybuf4s25_1)
                                                         net16 (net)
                      0.419841    0.000119   16.511543 ^ fanout14/A (sky130_fd_sc_hd__clkdlybuf4s25_1)
    10    0.042920    0.689150    1.045894   17.557436 ^ fanout14/X (sky130_fd_sc_hd__clkdlybuf4s25_1)
                                                         net14 (net)
                      0.689150    0.000995   17.558432 ^ _1532_/B1 (sky130_fd_sc_hd__a21o_2)
     1    0.002958    0.062673    0.353515   17.911945 ^ _1532_/X (sky130_fd_sc_hd__a21o_2)
                                                         _0762_ (net)
                      0.062673    0.000028   17.911974 ^ _1533_/C1 (sky130_fd_sc_hd__o211a_2)
     1    0.001969    0.074147    0.327216   18.239191 ^ _1533_/X (sky130_fd_sc_hd__o211a_2)
                                                         _0043_ (net)
                      0.074147    0.000018   18.239208 ^ _1615_/D (sky130_fd_sc_hd__dfxtp_2)
                                             18.239208   data arrival time

                                 20.000000   20.000000   clock clk (rise edge)
                                  0.000000   20.000000   clock source latency
     1    0.018955    0.142613    0.097035   20.097036 ^ clk (in)
                                                         clk (net)
                      0.142616    0.000000   20.097036 ^ clkbuf_0_clk/A (sky130_fd_sc_hd__clkbuf_16)
     8    0.082146    0.151088    0.329123   20.426159 ^ clkbuf_0_clk/X (sky130_fd_sc_hd__clkbuf_16)
                                                         clknet_0_clk (net)
                      0.151103    0.001638   20.427797 ^ clkbuf_3_1__f_clk/A (sky130_fd_sc_hd__clkbuf_16)
     8    0.021473    0.069260    0.260920   20.688717 ^ clkbuf_3_1__f_clk/X (sky130_fd_sc_hd__clkbuf_16)
                                                         clknet_3_1__leaf_clk (net)
                      0.069260    0.000194   20.688911 ^ _1615_/CLK (sky130_fd_sc_hd__dfxtp_2)
                                 -0.250000   20.438911   clock uncertainty
                                  0.000000   20.438911   clock reconvergence pessimism
                                 -0.142265   20.296646   library setup time
                                             20.296646   data required time
---------------------------------------------------------------------------------------------
                                             20.296646   data required time
                                            -18.239208   data arrival time
---------------------------------------------------------------------------------------------
                                              2.057439   slack (MET)


Startpoint: _1595_ (rising edge-triggered flip-flop clocked by clk)
Endpoint: _1612_ (rising edge-triggered flip-flop clocked by clk)
Path Group: clk
Path Type: max

Fanout         Cap        Slew       Delay        Time   Description
---------------------------------------------------------------------------------------------
                                  0.000000    0.000000   clock clk (rise edge)
                                  0.000000    0.000000   clock source latency
     1    0.018955    0.142613    0.097036    0.097036 ^ clk (in)
                                                         clk (net)
                      0.142616    0.000000    0.097036 ^ clkbuf_0_clk/A (sky130_fd_sc_hd__clkbuf_16)
     8    0.082146    0.151088    0.329123    0.426159 ^ clkbuf_0_clk/X (sky130_fd_sc_hd__clkbuf_16)
                                                         clknet_0_clk (net)
                      0.151110    0.001851    0.428010 ^ clkbuf_3_6__f_clk/A (sky130_fd_sc_hd__clkbuf_16)
     8    0.022215    0.070185    0.261835    0.689845 ^ clkbuf_3_6__f_clk/X (sky130_fd_sc_hd__clkbuf_16)
                                                         clknet_3_6__leaf_clk (net)
                      0.070207    0.000432    0.690277 ^ _1595_/CLK (sky130_fd_sc_hd__dfxtp_2)
     1    0.002468    0.038396    0.591986    1.282263 v _1595_/Q (sky130_fd_sc_hd__dfxtp_2)
                                                         u_dp.b_q[3] (net)
                      0.038396    0.000022    1.282285 v fanout51/A (sky130_fd_sc_hd__clkdlybuf4s25_1)
     7    0.046566    0.621874    0.869333    2.151618 v fanout51/X (sky130_fd_sc_hd__clkdlybuf4s25_1)
                                                         net51 (net)
                      0.621874    0.000951    2.152568 v fanout50/A (sky130_fd_sc_hd__clkdlybuf4s25_1)
    10    0.042431    0.569580    1.052374    3.204942 v fanout50/X (sky130_fd_sc_hd__clkdlybuf4s25_1)
                                                         net50 (net)
                      0.569580    0.001241    3.206183 v _0808_/B (sky130_fd_sc_hd__and3_2)
     3    0.008960    0.098713    0.693947    3.900131 v _0808_/X (sky130_fd_sc_hd__and3_2)
                                                         _0078_ (net)
                      0.098713    0.000099    3.900229 v _0811_/A (sky130_fd_sc_hd__or3_2)
     2    0.003822    0.172106    1.115273    5.015502 v _0811_/X (sky130_fd_sc_hd__or3_2)
                                                         _0081_ (net)
                      0.172106    0.000030    5.015532 v _0812_/B (sky130_fd_sc_hd__and2b_2)
     1    0.003697    0.073198    0.454194    5.469726 v _0812_/X (sky130_fd_sc_hd__and2b_2)
                                                         _0082_ (net)
                      0.073198    0.000059    5.469785 v fanout22/A (sky130_fd_sc_hd__clkdlybuf4s25_1)
     9    0.062517    0.827951    1.036400    6.506185 v fanout22/X (sky130_fd_sc_hd__clkdlybuf4s25_1)
                                                         net22 (net)
                      0.827952    0.002473    6.508658 v fanout21/A (sky130_fd_sc_hd__clkdlybuf4s25_1)
     7    0.052954    0.705369    1.193431    7.702089 v fanout21/X (sky130_fd_sc_hd__clkdlybuf4s25_1)
                                                         net21 (net)
                      0.705370    0.002430    7.704519 v fanout20/A (sky130_fd_sc_hd__clkdlybuf4s25_1)
    10    0.068900    0.911362    1.321392    9.025911 v fanout20/X (sky130_fd_sc_hd__clkdlybuf4s25_1)
                                                         net20 (net)
                      0.911362    0.001532    9.027443 v _0890_/A (sky130_fd_sc_hd__xor2_2)
     2    0.006891    0.208396    0.604389    9.631832 v _0890_/X (sky130_fd_sc_hd__xor2_2)
                                                         _0160_ (net)
                      0.208396    0.000042    9.631874 v _0893_/B (sky130_fd_sc_hd__or2_2)
     1    0.001766    0.104300    0.655067   10.286942 v _0893_/X (sky130_fd_sc_hd__or2_2)
                                                         _0163_ (net)
                      0.104300    0.000016   10.286958 v _0894_/B (sky130_fd_sc_hd__and2_2)
     3    0.020393    0.140511    0.502708   10.789665 v _0894_/X (sky130_fd_sc_hd__and2_2)
                                                         _0164_ (net)
                      0.140511    0.000125   10.789791 v _0895_/B (sky130_fd_sc_hd__nor2_2)
     2    0.015504    0.312643    0.305687   11.095478 ^ _0895_/Y (sky130_fd_sc_hd__nor2_2)
                                                         _0165_ (net)
                      0.312643    0.000034   11.095511 ^ _0896_/B (sky130_fd_sc_hd__xor2_2)
     2    0.013905    0.321251    0.426434   11.521946 ^ _0896_/X (sky130_fd_sc_hd__xor2_2)
                                                         _0166_ (net)
                      0.321251    0.000136   11.522081 ^ _0901_/B (sky130_fd_sc_hd__xnor2_2)
     2    0.006423    0.125226    0.209739   11.731820 v _0901_/Y (sky130_fd_sc_hd__xnor2_2)
                                                         _0171_ (net)
                      0.125226    0.000036   11.731856 v _0983_/A (sky130_fd_sc_hd__and2_2)
     1    0.004893    0.079825    0.388047   12.119904 v _0983_/X (sky130_fd_sc_hd__and2_2)
                                                         _0253_ (net)
                      0.079825    0.000052   12.119955 v _0984_/B (sky130_fd_sc_hd__nor2_2)
     2    0.015553    0.305563    0.281611   12.401567 ^ _0984_/Y (sky130_fd_sc_hd__nor2_2)
                                                         _0254_ (net)
                      0.305563    0.000219   12.401786 ^ _0985_/B (sky130_fd_sc_hd__xor2_2)
     2    0.014987    0.351375    0.438475   12.840261 ^ _0985_/X (sky130_fd_sc_hd__xor2_2)
                                                         _0255_ (net)
                      0.351375    0.000115   12.840376 ^ _0992_/A (sky130_fd_sc_hd__nand2_2)
     2    0.004708    0.102744    0.176893   13.017269 v _0992_/Y (sky130_fd_sc_hd__nand2_2)
                                                         _0262_ (net)
                      0.102744    0.000039   13.017308 v _0994_/A_N (sky130_fd_sc_hd__nand2b_2)
     1    0.002730    0.077441    0.354086   13.371394 v _0994_/Y (sky130_fd_sc_hd__nand2b_2)
                                                         _0264_ (net)
                      0.077441    0.000026   13.371420 v _1388_/A1 (sky130_fd_sc_hd__o221a_2)
     4    0.017018    0.155669    0.625390   13.996809 v _1388_/X (sky130_fd_sc_hd__o221a_2)
                                                         _0658_ (net)
                      0.155669    0.000479   13.997288 v _1393_/A2 (sky130_fd_sc_hd__o31ai_2)
     3    0.010843    0.462212    0.535232   14.532520 ^ _1393_/Y (sky130_fd_sc_hd__o31ai_2)
                                                         _0663_ (net)
                      0.462212    0.000207   14.532727 ^ _1394_/B (sky130_fd_sc_hd__nand2_2)
     2    0.008072    0.120655    0.245961   14.778689 v _1394_/Y (sky130_fd_sc_hd__nand2_2)
                                                         _0664_ (net)
                      0.120655    0.000091   14.778780 v _1405_/A2 (sky130_fd_sc_hd__o211ai_2)
     5    0.029415    0.606800    0.562321   15.341102 ^ _1405_/Y (sky130_fd_sc_hd__o211ai_2)
                                                         _0675_ (net)
                      0.606800    0.000385   15.341487 ^ _1473_/A1 (sky130_fd_sc_hd__a21bo_2)
     1    0.004054    0.071154    0.453255   15.794742 ^ _1473_/X (sky130_fd_sc_hd__a21bo_2)
                                                         _0718_ (net)
                      0.071154    0.000046   15.794788 ^ fanout16/A (sky130_fd_sc_hd__clkdlybuf4s25_1)
     5    0.025640    0.419841    0.716636   16.511423 ^ fanout16/X (sky130_fd_sc_hd__clkdlybuf4s25_1)
                                                         net16 (net)
                      0.419841    0.000119   16.511543 ^ fanout14/A (sky130_fd_sc_hd__clkdlybuf4s25_1)
    10    0.042920    0.689150    1.045894   17.557436 ^ fanout14/X (sky130_fd_sc_hd__clkdlybuf4s25_1)
                                                         net14 (net)
                      0.689150    0.000952   17.558390 ^ _1520_/B1 (sky130_fd_sc_hd__a21o_2)
     1    0.002638    0.062448    0.350790   17.909178 ^ _1520_/X (sky130_fd_sc_hd__a21o_2)
                                                         _0753_ (net)
                      0.062448    0.000011   17.909189 ^ _1521_/C1 (sky130_fd_sc_hd__o211a_2)
     1    0.002177    0.074946    0.329413   18.238602 ^ _1521_/X (sky130_fd_sc_hd__o211a_2)
                                                         _0040_ (net)
                      0.074946    0.000021   18.238623 ^ _1612_/D (sky130_fd_sc_hd__dfxtp_2)
                                             18.238623   data arrival time

                                 20.000000   20.000000   clock clk (rise edge)
                                  0.000000   20.000000   clock source latency
     1    0.018955    0.142613    0.097035   20.097036 ^ clk (in)
                                                         clk (net)
                      0.142616    0.000000   20.097036 ^ clkbuf_0_clk/A (sky130_fd_sc_hd__clkbuf_16)
     8    0.082146    0.151088    0.329123   20.426159 ^ clkbuf_0_clk/X (sky130_fd_sc_hd__clkbuf_16)
                                                         clknet_0_clk (net)
                      0.151103    0.001638   20.427797 ^ clkbuf_3_1__f_clk/A (sky130_fd_sc_hd__clkbuf_16)
     8    0.021473    0.069260    0.260920   20.688717 ^ clkbuf_3_1__f_clk/X (sky130_fd_sc_hd__clkbuf_16)
                                                         clknet_3_1__leaf_clk (net)
                      0.069260    0.000149   20.688866 ^ _1612_/CLK (sky130_fd_sc_hd__dfxtp_2)
                                 -0.250000   20.438868   clock uncertainty
                                  0.000000   20.438868   clock reconvergence pessimism
                                 -0.142474   20.296392   library setup time
                                             20.296392   data required time
---------------------------------------------------------------------------------------------
                                             20.296392   data required time
                                            -18.238623   data arrival time
---------------------------------------------------------------------------------------------
                                              2.057769   slack (MET)


Startpoint: _1595_ (rising edge-triggered flip-flop clocked by clk)
Endpoint: _1601_ (rising edge-triggered flip-flop clocked by clk)
Path Group: clk
Path Type: max

Fanout         Cap        Slew       Delay        Time   Description
---------------------------------------------------------------------------------------------
                                  0.000000    0.000000   clock clk (rise edge)
                                  0.000000    0.000000   clock source latency
     1    0.018955    0.142613    0.097036    0.097036 ^ clk (in)
                                                         clk (net)
                      0.142616    0.000000    0.097036 ^ clkbuf_0_clk/A (sky130_fd_sc_hd__clkbuf_16)
     8    0.082146    0.151088    0.329123    0.426159 ^ clkbuf_0_clk/X (sky130_fd_sc_hd__clkbuf_16)
                                                         clknet_0_clk (net)
                      0.151110    0.001851    0.428010 ^ clkbuf_3_6__f_clk/A (sky130_fd_sc_hd__clkbuf_16)
     8    0.022215    0.070185    0.261835    0.689845 ^ clkbuf_3_6__f_clk/X (sky130_fd_sc_hd__clkbuf_16)
                                                         clknet_3_6__leaf_clk (net)
                      0.070207    0.000432    0.690277 ^ _1595_/CLK (sky130_fd_sc_hd__dfxtp_2)
     1    0.002468    0.038396    0.591986    1.282263 v _1595_/Q (sky130_fd_sc_hd__dfxtp_2)
                                                         u_dp.b_q[3] (net)
                      0.038396    0.000022    1.282285 v fanout51/A (sky130_fd_sc_hd__clkdlybuf4s25_1)
     7    0.046566    0.621874    0.869333    2.151618 v fanout51/X (sky130_fd_sc_hd__clkdlybuf4s25_1)
                                                         net51 (net)
                      0.621874    0.000951    2.152568 v fanout50/A (sky130_fd_sc_hd__clkdlybuf4s25_1)
    10    0.042431    0.569580    1.052374    3.204942 v fanout50/X (sky130_fd_sc_hd__clkdlybuf4s25_1)
                                                         net50 (net)
                      0.569580    0.001241    3.206183 v _0808_/B (sky130_fd_sc_hd__and3_2)
     3    0.008960    0.098713    0.693947    3.900131 v _0808_/X (sky130_fd_sc_hd__and3_2)
                                                         _0078_ (net)
                      0.098713    0.000099    3.900229 v _0811_/A (sky130_fd_sc_hd__or3_2)
     2    0.003822    0.172106    1.115273    5.015502 v _0811_/X (sky130_fd_sc_hd__or3_2)
                                                         _0081_ (net)
                      0.172106    0.000030    5.015532 v _0812_/B (sky130_fd_sc_hd__and2b_2)
     1    0.003697    0.073198    0.454194    5.469726 v _0812_/X (sky130_fd_sc_hd__and2b_2)
                                                         _0082_ (net)
                      0.073198    0.000059    5.469785 v fanout22/A (sky130_fd_sc_hd__clkdlybuf4s25_1)
     9    0.062517    0.827951    1.036400    6.506185 v fanout22/X (sky130_fd_sc_hd__clkdlybuf4s25_1)
                                                         net22 (net)
                      0.827952    0.002473    6.508658 v fanout21/A (sky130_fd_sc_hd__clkdlybuf4s25_1)
     7    0.052954    0.705369    1.193431    7.702089 v fanout21/X (sky130_fd_sc_hd__clkdlybuf4s25_1)
                                                         net21 (net)
                      0.705370    0.002430    7.704519 v fanout20/A (sky130_fd_sc_hd__clkdlybuf4s25_1)
    10    0.068900    0.911362    1.321392    9.025911 v fanout20/X (sky130_fd_sc_hd__clkdlybuf4s25_1)
                                                         net20 (net)
                      0.911362    0.001532    9.027443 v _0890_/A (sky130_fd_sc_hd__xor2_2)
     2    0.006891    0.208396    0.604389    9.631832 v _0890_/X (sky130_fd_sc_hd__xor2_2)
                                                         _0160_ (net)
                      0.208396    0.000042    9.631874 v _0893_/B (sky130_fd_sc_hd__or2_2)
     1    0.001766    0.104300    0.655067   10.286942 v _0893_/X (sky130_fd_sc_hd__or2_2)
                                                         _0163_ (net)
                      0.104300    0.000016   10.286958 v _0894_/B (sky130_fd_sc_hd__and2_2)
     3    0.020393    0.140511    0.502708   10.789665 v _0894_/X (sky130_fd_sc_hd__and2_2)
                                                         _0164_ (net)
                      0.140511    0.000125   10.789791 v _0895_/B (sky130_fd_sc_hd__nor2_2)
     2    0.015504    0.312643    0.305687   11.095478 ^ _0895_/Y (sky130_fd_sc_hd__nor2_2)
                                                         _0165_ (net)
                      0.312643    0.000034   11.095511 ^ _0896_/B (sky130_fd_sc_hd__xor2_2)
     2    0.013905    0.321251    0.426434   11.521946 ^ _0896_/X (sky130_fd_sc_hd__xor2_2)
                                                         _0166_ (net)
                      0.321251    0.000136   11.522081 ^ _0901_/B (sky130_fd_sc_hd__xnor2_2)
     2    0.006423    0.125226    0.209739   11.731820 v _0901_/Y (sky130_fd_sc_hd__xnor2_2)
                                                         _0171_ (net)
                      0.125226    0.000036   11.731856 v _0983_/A (sky130_fd_sc_hd__and2_2)
     1    0.004893    0.079825    0.388047   12.119904 v _0983_/X (sky130_fd_sc_hd__and2_2)
                                                         _0253_ (net)
                      0.079825    0.000052   12.119955 v _0984_/B (sky130_fd_sc_hd__nor2_2)
     2    0.015553    0.305563    0.281611   12.401567 ^ _0984_/Y (sky130_fd_sc_hd__nor2_2)
                                                         _0254_ (net)
                      0.305563    0.000219   12.401786 ^ _0985_/B (sky130_fd_sc_hd__xor2_2)
     2    0.014987    0.351375    0.438475   12.840261 ^ _0985_/X (sky130_fd_sc_hd__xor2_2)
                                                         _0255_ (net)
                      0.351375    0.000115   12.840376 ^ _0992_/A (sky130_fd_sc_hd__nand2_2)
     2    0.004708    0.102744    0.176893   13.017269 v _0992_/Y (sky130_fd_sc_hd__nand2_2)
                                                         _0262_ (net)
                      0.102744    0.000039   13.017308 v _0994_/A_N (sky130_fd_sc_hd__nand2b_2)
     1    0.002730    0.077441    0.354086   13.371394 v _0994_/Y (sky130_fd_sc_hd__nand2b_2)
                                                         _0264_ (net)
                      0.077441    0.000026   13.371420 v _1388_/A1 (sky130_fd_sc_hd__o221a_2)
     4    0.017018    0.155669    0.625390   13.996809 v _1388_/X (sky130_fd_sc_hd__o221a_2)
                                                         _0658_ (net)
                      0.155669    0.000479   13.997288 v _1393_/A2 (sky130_fd_sc_hd__o31ai_2)
     3    0.010843    0.462212    0.535232   14.532520 ^ _1393_/Y (sky130_fd_sc_hd__o31ai_2)
                                                         _0663_ (net)
                      0.462212    0.000207   14.532727 ^ _1394_/B (sky130_fd_sc_hd__nand2_2)
     2    0.008072    0.120655    0.245961   14.778689 v _1394_/Y (sky130_fd_sc_hd__nand2_2)
                                                         _0664_ (net)
                      0.120655    0.000091   14.778780 v _1405_/A2 (sky130_fd_sc_hd__o211ai_2)
     5    0.029415    0.606800    0.562321   15.341102 ^ _1405_/Y (sky130_fd_sc_hd__o211ai_2)
                                                         _0675_ (net)
                      0.606800    0.000385   15.341487 ^ _1473_/A1 (sky130_fd_sc_hd__a21bo_2)
     1    0.004054    0.071154    0.453255   15.794742 ^ _1473_/X (sky130_fd_sc_hd__a21bo_2)
                                                         _0718_ (net)
                      0.071154    0.000046   15.794788 ^ fanout16/A (sky130_fd_sc_hd__clkdlybuf4s25_1)
     5    0.025640    0.419841    0.716636   16.511423 ^ fanout16/X (sky130_fd_sc_hd__clkdlybuf4s25_1)
                                                         net16 (net)
                      0.419841    0.000473   16.511896 ^ fanout15/A (sky130_fd_sc_hd__clkdlybuf4s25_1)
    10    0.041533    0.667502    1.030522   17.542418 ^ fanout15/X (sky130_fd_sc_hd__clkdlybuf4s25_1)
                                                         net15 (net)
                      0.667502    0.000274   17.542692 ^ _1479_/B1 (sky130_fd_sc_hd__a21o_2)
     1    0.003176    0.063134    0.351395   17.894087 ^ _1479_/X (sky130_fd_sc_hd__a21o_2)
                                                         _0723_ (net)
                      0.063134    0.000034   17.894121 ^ _1480_/C1 (sky130_fd_sc_hd__o211a_2)
     1    0.002663    0.078096    0.334971   18.229092 ^ _1480_/X (sky130_fd_sc_hd__o211a_2)
                                                         _0029_ (net)
                      0.078096    0.000020   18.229111 ^ _1601_/D (sky130_fd_sc_hd__dfxtp_2)
                                             18.229111   data arrival time

                                 20.000000   20.000000   clock clk (rise edge)
                                  0.000000   20.000000   clock source latency
     1    0.018955    0.142613    0.097035   20.097036 ^ clk (in)
                                                         clk (net)
                      0.142616    0.000000   20.097036 ^ clkbuf_0_clk/A (sky130_fd_sc_hd__clkbuf_16)
     8    0.082146    0.151088    0.329123   20.426159 ^ clkbuf_0_clk/X (sky130_fd_sc_hd__clkbuf_16)
                                                         clknet_0_clk (net)
                      0.151104    0.001663   20.427822 ^ clkbuf_3_0__f_clk/A (sky130_fd_sc_hd__clkbuf_16)
     8    0.021854    0.069735    0.261421   20.689243 ^ clkbuf_3_0__f_clk/X (sky130_fd_sc_hd__clkbuf_16)
                                                         clknet_3_0__leaf_clk (net)
                      0.069757    0.000133   20.689377 ^ _1601_/CLK (sky130_fd_sc_hd__dfxtp_2)
                                 -0.250000   20.439377   clock uncertainty
                                  0.000000   20.439377   clock reconvergence pessimism
                                 -0.143214   20.296164   library setup time
                                             20.296164   data required time
---------------------------------------------------------------------------------------------
                                             20.296164   data required time
                                            -18.229111   data arrival time
---------------------------------------------------------------------------------------------
                                              2.067052   slack (MET)


Startpoint: _1595_ (rising edge-triggered flip-flop clocked by clk)
Endpoint: _1613_ (rising edge-triggered flip-flop clocked by clk)
Path Group: clk
Path Type: max

Fanout         Cap        Slew       Delay        Time   Description
---------------------------------------------------------------------------------------------
                                  0.000000    0.000000   clock clk (rise edge)
                                  0.000000    0.000000   clock source latency
     1    0.018955    0.142613    0.097036    0.097036 ^ clk (in)
                                                         clk (net)
                      0.142616    0.000000    0.097036 ^ clkbuf_0_clk/A (sky130_fd_sc_hd__clkbuf_16)
     8    0.082146    0.151088    0.329123    0.426159 ^ clkbuf_0_clk/X (sky130_fd_sc_hd__clkbuf_16)
                                                         clknet_0_clk (net)
                      0.151110    0.001851    0.428010 ^ clkbuf_3_6__f_clk/A (sky130_fd_sc_hd__clkbuf_16)
     8    0.022215    0.070185    0.261835    0.689845 ^ clkbuf_3_6__f_clk/X (sky130_fd_sc_hd__clkbuf_16)
                                                         clknet_3_6__leaf_clk (net)
                      0.070207    0.000432    0.690277 ^ _1595_/CLK (sky130_fd_sc_hd__dfxtp_2)
     1    0.002468    0.038396    0.591986    1.282263 v _1595_/Q (sky130_fd_sc_hd__dfxtp_2)
                                                         u_dp.b_q[3] (net)
                      0.038396    0.000022    1.282285 v fanout51/A (sky130_fd_sc_hd__clkdlybuf4s25_1)
     7    0.046566    0.621874    0.869333    2.151618 v fanout51/X (sky130_fd_sc_hd__clkdlybuf4s25_1)
                                                         net51 (net)
                      0.621874    0.000951    2.152568 v fanout50/A (sky130_fd_sc_hd__clkdlybuf4s25_1)
    10    0.042431    0.569580    1.052374    3.204942 v fanout50/X (sky130_fd_sc_hd__clkdlybuf4s25_1)
                                                         net50 (net)
                      0.569580    0.001241    3.206183 v _0808_/B (sky130_fd_sc_hd__and3_2)
     3    0.008960    0.098713    0.693947    3.900131 v _0808_/X (sky130_fd_sc_hd__and3_2)
                                                         _0078_ (net)
                      0.098713    0.000099    3.900229 v _0811_/A (sky130_fd_sc_hd__or3_2)
     2    0.003822    0.172106    1.115273    5.015502 v _0811_/X (sky130_fd_sc_hd__or3_2)
                                                         _0081_ (net)
                      0.172106    0.000030    5.015532 v _0812_/B (sky130_fd_sc_hd__and2b_2)
     1    0.003697    0.073198    0.454194    5.469726 v _0812_/X (sky130_fd_sc_hd__and2b_2)
                                                         _0082_ (net)
                      0.073198    0.000059    5.469785 v fanout22/A (sky130_fd_sc_hd__clkdlybuf4s25_1)
     9    0.062517    0.827951    1.036400    6.506185 v fanout22/X (sky130_fd_sc_hd__clkdlybuf4s25_1)
                                                         net22 (net)
                      0.827952    0.002473    6.508658 v fanout21/A (sky130_fd_sc_hd__clkdlybuf4s25_1)
     7    0.052954    0.705369    1.193431    7.702089 v fanout21/X (sky130_fd_sc_hd__clkdlybuf4s25_1)
                                                         net21 (net)
                      0.705370    0.002430    7.704519 v fanout20/A (sky130_fd_sc_hd__clkdlybuf4s25_1)
    10    0.068900    0.911362    1.321392    9.025911 v fanout20/X (sky130_fd_sc_hd__clkdlybuf4s25_1)
                                                         net20 (net)
                      0.911362    0.001532    9.027443 v _0890_/A (sky130_fd_sc_hd__xor2_2)
     2    0.006891    0.208396    0.604389    9.631832 v _0890_/X (sky130_fd_sc_hd__xor2_2)
                                                         _0160_ (net)
                      0.208396    0.000042    9.631874 v _0893_/B (sky130_fd_sc_hd__or2_2)
     1    0.001766    0.104300    0.655067   10.286942 v _0893_/X (sky130_fd_sc_hd__or2_2)
                                                         _0163_ (net)
                      0.104300    0.000016   10.286958 v _0894_/B (sky130_fd_sc_hd__and2_2)
     3    0.020393    0.140511    0.502708   10.789665 v _0894_/X (sky130_fd_sc_hd__and2_2)
                                                         _0164_ (net)
                      0.140511    0.000125   10.789791 v _0895_/B (sky130_fd_sc_hd__nor2_2)
     2    0.015504    0.312643    0.305687   11.095478 ^ _0895_/Y (sky130_fd_sc_hd__nor2_2)
                                                         _0165_ (net)
                      0.312643    0.000034   11.095511 ^ _0896_/B (sky130_fd_sc_hd__xor2_2)
     2    0.013905    0.321251    0.426434   11.521946 ^ _0896_/X (sky130_fd_sc_hd__xor2_2)
                                                         _0166_ (net)
                      0.321251    0.000136   11.522081 ^ _0901_/B (sky130_fd_sc_hd__xnor2_2)
     2    0.006423    0.125226    0.209739   11.731820 v _0901_/Y (sky130_fd_sc_hd__xnor2_2)
                                                         _0171_ (net)
                      0.125226    0.000036   11.731856 v _0983_/A (sky130_fd_sc_hd__and2_2)
     1    0.004893    0.079825    0.388047   12.119904 v _0983_/X (sky130_fd_sc_hd__and2_2)
                                                         _0253_ (net)
                      0.079825    0.000052   12.119955 v _0984_/B (sky130_fd_sc_hd__nor2_2)
     2    0.015553    0.305563    0.281611   12.401567 ^ _0984_/Y (sky130_fd_sc_hd__nor2_2)
                                                         _0254_ (net)
                      0.305563    0.000219   12.401786 ^ _0985_/B (sky130_fd_sc_hd__xor2_2)
     2    0.014987    0.351375    0.438475   12.840261 ^ _0985_/X (sky130_fd_sc_hd__xor2_2)
                                                         _0255_ (net)
                      0.351375    0.000115   12.840376 ^ _0992_/A (sky130_fd_sc_hd__nand2_2)
     2    0.004708    0.102744    0.176893   13.017269 v _0992_/Y (sky130_fd_sc_hd__nand2_2)
                                                         _0262_ (net)
                      0.102744    0.000039   13.017308 v _0994_/A_N (sky130_fd_sc_hd__nand2b_2)
     1    0.002730    0.077441    0.354086   13.371394 v _0994_/Y (sky130_fd_sc_hd__nand2b_2)
                                                         _0264_ (net)
                      0.077441    0.000026   13.371420 v _1388_/A1 (sky130_fd_sc_hd__o221a_2)
     4    0.017018    0.155669    0.625390   13.996809 v _1388_/X (sky130_fd_sc_hd__o221a_2)
                                                         _0658_ (net)
                      0.155669    0.000479   13.997288 v _1393_/A2 (sky130_fd_sc_hd__o31ai_2)
     3    0.010843    0.462212    0.535232   14.532520 ^ _1393_/Y (sky130_fd_sc_hd__o31ai_2)
                                                         _0663_ (net)
                      0.462212    0.000207   14.532727 ^ _1394_/B (sky130_fd_sc_hd__nand2_2)
     2    0.008072    0.120655    0.245961   14.778689 v _1394_/Y (sky130_fd_sc_hd__nand2_2)
                                                         _0664_ (net)
                      0.120655    0.000091   14.778780 v _1405_/A2 (sky130_fd_sc_hd__o211ai_2)
     5    0.029415    0.606800    0.562321   15.341102 ^ _1405_/Y (sky130_fd_sc_hd__o211ai_2)
                                                         _0675_ (net)
                      0.606800    0.000385   15.341487 ^ _1473_/A1 (sky130_fd_sc_hd__a21bo_2)
     1    0.004054    0.071154    0.453255   15.794742 ^ _1473_/X (sky130_fd_sc_hd__a21bo_2)
                                                         _0718_ (net)
                      0.071154    0.000046   15.794788 ^ fanout16/A (sky130_fd_sc_hd__clkdlybuf4s25_1)
     5    0.025640    0.419841    0.716636   16.511423 ^ fanout16/X (sky130_fd_sc_hd__clkdlybuf4s25_1)
                                                         net16 (net)
                      0.419841    0.000119   16.511543 ^ fanout14/A (sky130_fd_sc_hd__clkdlybuf4s25_1)
    10    0.042920    0.689150    1.045894   17.557436 ^ fanout14/X (sky130_fd_sc_hd__clkdlybuf4s25_1)
                                                         net14 (net)
                      0.689150    0.001066   17.558502 ^ _1524_/B1 (sky130_fd_sc_hd__a21o_2)
     1    0.003284    0.064308    0.356307   17.914810 ^ _1524_/X (sky130_fd_sc_hd__a21o_2)
                                                         _0756_ (net)
                      0.064308    0.000036   17.914845 ^ _1525_/C1 (sky130_fd_sc_hd__o211a_2)
     1    0.001823    0.073019    0.326212   18.241056 ^ _1525_/X (sky130_fd_sc_hd__o211a_2)
                                                         _0041_ (net)
                      0.073019    0.000009   18.241066 ^ _1613_/D (sky130_fd_sc_hd__dfxtp_2)
                                             18.241066   data arrival time

                                 20.000000   20.000000   clock clk (rise edge)
                                  0.000000   20.000000   clock source latency
     1    0.018955    0.142613    0.097035   20.097036 ^ clk (in)
                                                         clk (net)
                      0.142616    0.000000   20.097036 ^ clkbuf_0_clk/A (sky130_fd_sc_hd__clkbuf_16)
     8    0.082146    0.151088    0.329123   20.426159 ^ clkbuf_0_clk/X (sky130_fd_sc_hd__clkbuf_16)
                                                         clknet_0_clk (net)
                      0.151092    0.001094   20.427254 ^ clkbuf_3_4__f_clk/A (sky130_fd_sc_hd__clkbuf_16)
     8    0.029186    0.079270    0.271724   20.698977 ^ clkbuf_3_4__f_clk/X (sky130_fd_sc_hd__clkbuf_16)
                                                         clknet_3_4__leaf_clk (net)
                      0.079271    0.000412   20.699389 ^ _1613_/CLK (sky130_fd_sc_hd__dfxtp_2)
                                 -0.250000   20.449390   clock uncertainty
                                  0.000000   20.449390   clock reconvergence pessimism
                                 -0.140232   20.309158   library setup time
                                             20.309158   data required time
---------------------------------------------------------------------------------------------
                                             20.309158   data required time
                                            -18.241066   data arrival time
---------------------------------------------------------------------------------------------
                                              2.068092   slack (MET)


Startpoint: _1595_ (rising edge-triggered flip-flop clocked by clk)
Endpoint: _1608_ (rising edge-triggered flip-flop clocked by clk)
Path Group: clk
Path Type: max

Fanout         Cap        Slew       Delay        Time   Description
---------------------------------------------------------------------------------------------
                                  0.000000    0.000000   clock clk (rise edge)
                                  0.000000    0.000000   clock source latency
     1    0.018955    0.142613    0.097036    0.097036 ^ clk (in)
                                                         clk (net)
                      0.142616    0.000000    0.097036 ^ clkbuf_0_clk/A (sky130_fd_sc_hd__clkbuf_16)
     8    0.082146    0.151088    0.329123    0.426159 ^ clkbuf_0_clk/X (sky130_fd_sc_hd__clkbuf_16)
                                                         clknet_0_clk (net)
                      0.151110    0.001851    0.428010 ^ clkbuf_3_6__f_clk/A (sky130_fd_sc_hd__clkbuf_16)
     8    0.022215    0.070185    0.261835    0.689845 ^ clkbuf_3_6__f_clk/X (sky130_fd_sc_hd__clkbuf_16)
                                                         clknet_3_6__leaf_clk (net)
                      0.070207    0.000432    0.690277 ^ _1595_/CLK (sky130_fd_sc_hd__dfxtp_2)
     1    0.002468    0.038396    0.591986    1.282263 v _1595_/Q (sky130_fd_sc_hd__dfxtp_2)
                                                         u_dp.b_q[3] (net)
                      0.038396    0.000022    1.282285 v fanout51/A (sky130_fd_sc_hd__clkdlybuf4s25_1)
     7    0.046566    0.621874    0.869333    2.151618 v fanout51/X (sky130_fd_sc_hd__clkdlybuf4s25_1)
                                                         net51 (net)
                      0.621874    0.000951    2.152568 v fanout50/A (sky130_fd_sc_hd__clkdlybuf4s25_1)
    10    0.042431    0.569580    1.052374    3.204942 v fanout50/X (sky130_fd_sc_hd__clkdlybuf4s25_1)
                                                         net50 (net)
                      0.569580    0.001241    3.206183 v _0808_/B (sky130_fd_sc_hd__and3_2)
     3    0.008960    0.098713    0.693947    3.900131 v _0808_/X (sky130_fd_sc_hd__and3_2)
                                                         _0078_ (net)
                      0.098713    0.000099    3.900229 v _0811_/A (sky130_fd_sc_hd__or3_2)
     2    0.003822    0.172106    1.115273    5.015502 v _0811_/X (sky130_fd_sc_hd__or3_2)
                                                         _0081_ (net)
                      0.172106    0.000030    5.015532 v _0812_/B (sky130_fd_sc_hd__and2b_2)
     1    0.003697    0.073198    0.454194    5.469726 v _0812_/X (sky130_fd_sc_hd__and2b_2)
                                                         _0082_ (net)
                      0.073198    0.000059    5.469785 v fanout22/A (sky130_fd_sc_hd__clkdlybuf4s25_1)
     9    0.062517    0.827951    1.036400    6.506185 v fanout22/X (sky130_fd_sc_hd__clkdlybuf4s25_1)
                                                         net22 (net)
                      0.827952    0.002473    6.508658 v fanout21/A (sky130_fd_sc_hd__clkdlybuf4s25_1)
     7    0.052954    0.705369    1.193431    7.702089 v fanout21/X (sky130_fd_sc_hd__clkdlybuf4s25_1)
                                                         net21 (net)
                      0.705370    0.002430    7.704519 v fanout20/A (sky130_fd_sc_hd__clkdlybuf4s25_1)
    10    0.068900    0.911362    1.321392    9.025911 v fanout20/X (sky130_fd_sc_hd__clkdlybuf4s25_1)
                                                         net20 (net)
                      0.911362    0.001532    9.027443 v _0890_/A (sky130_fd_sc_hd__xor2_2)
     2    0.006891    0.208396    0.604389    9.631832 v _0890_/X (sky130_fd_sc_hd__xor2_2)
                                                         _0160_ (net)
                      0.208396    0.000042    9.631874 v _0893_/B (sky130_fd_sc_hd__or2_2)
     1    0.001766    0.104300    0.655067   10.286942 v _0893_/X (sky130_fd_sc_hd__or2_2)
                                                         _0163_ (net)
                      0.104300    0.000016   10.286958 v _0894_/B (sky130_fd_sc_hd__and2_2)
     3    0.020393    0.140511    0.502708   10.789665 v _0894_/X (sky130_fd_sc_hd__and2_2)
                                                         _0164_ (net)
                      0.140511    0.000125   10.789791 v _0895_/B (sky130_fd_sc_hd__nor2_2)
     2    0.015504    0.312643    0.305687   11.095478 ^ _0895_/Y (sky130_fd_sc_hd__nor2_2)
                                                         _0165_ (net)
                      0.312643    0.000034   11.095511 ^ _0896_/B (sky130_fd_sc_hd__xor2_2)
     2    0.013905    0.321251    0.426434   11.521946 ^ _0896_/X (sky130_fd_sc_hd__xor2_2)
                                                         _0166_ (net)
                      0.321251    0.000136   11.522081 ^ _0901_/B (sky130_fd_sc_hd__xnor2_2)
     2    0.006423    0.125226    0.209739   11.731820 v _0901_/Y (sky130_fd_sc_hd__xnor2_2)
                                                         _0171_ (net)
                      0.125226    0.000036   11.731856 v _0983_/A (sky130_fd_sc_hd__and2_2)
     1    0.004893    0.079825    0.388047   12.119904 v _0983_/X (sky130_fd_sc_hd__and2_2)
                                                         _0253_ (net)
                      0.079825    0.000052   12.119955 v _0984_/B (sky130_fd_sc_hd__nor2_2)
     2    0.015553    0.305563    0.281611   12.401567 ^ _0984_/Y (sky130_fd_sc_hd__nor2_2)
                                                         _0254_ (net)
                      0.305563    0.000219   12.401786 ^ _0985_/B (sky130_fd_sc_hd__xor2_2)
     2    0.014987    0.351375    0.438475   12.840261 ^ _0985_/X (sky130_fd_sc_hd__xor2_2)
                                                         _0255_ (net)
                      0.351375    0.000115   12.840376 ^ _0992_/A (sky130_fd_sc_hd__nand2_2)
     2    0.004708    0.102744    0.176893   13.017269 v _0992_/Y (sky130_fd_sc_hd__nand2_2)
                                                         _0262_ (net)
                      0.102744    0.000039   13.017308 v _0994_/A_N (sky130_fd_sc_hd__nand2b_2)
     1    0.002730    0.077441    0.354086   13.371394 v _0994_/Y (sky130_fd_sc_hd__nand2b_2)
                                                         _0264_ (net)
                      0.077441    0.000026   13.371420 v _1388_/A1 (sky130_fd_sc_hd__o221a_2)
     4    0.017018    0.155669    0.625390   13.996809 v _1388_/X (sky130_fd_sc_hd__o221a_2)
                                                         _0658_ (net)
                      0.155669    0.000479   13.997288 v _1393_/A2 (sky130_fd_sc_hd__o31ai_2)
     3    0.010843    0.462212    0.535232   14.532520 ^ _1393_/Y (sky130_fd_sc_hd__o31ai_2)
                                                         _0663_ (net)
                      0.462212    0.000207   14.532727 ^ _1394_/B (sky130_fd_sc_hd__nand2_2)
     2    0.008072    0.120655    0.245961   14.778689 v _1394_/Y (sky130_fd_sc_hd__nand2_2)
                                                         _0664_ (net)
                      0.120655    0.000091   14.778780 v _1405_/A2 (sky130_fd_sc_hd__o211ai_2)
     5    0.029415    0.606800    0.562321   15.341102 ^ _1405_/Y (sky130_fd_sc_hd__o211ai_2)
                                                         _0675_ (net)
                      0.606800    0.000385   15.341487 ^ _1473_/A1 (sky130_fd_sc_hd__a21bo_2)
     1    0.004054    0.071154    0.453255   15.794742 ^ _1473_/X (sky130_fd_sc_hd__a21bo_2)
                                                         _0718_ (net)
                      0.071154    0.000046   15.794788 ^ fanout16/A (sky130_fd_sc_hd__clkdlybuf4s25_1)
     5    0.025640    0.419841    0.716636   16.511423 ^ fanout16/X (sky130_fd_sc_hd__clkdlybuf4s25_1)
                                                         net16 (net)
                      0.419841    0.000473   16.511896 ^ fanout15/A (sky130_fd_sc_hd__clkdlybuf4s25_1)
    10    0.041533    0.667502    1.030522   17.542418 ^ fanout15/X (sky130_fd_sc_hd__clkdlybuf4s25_1)
                                                         net15 (net)
                      0.667502    0.000529   17.542948 ^ _1502_/B1 (sky130_fd_sc_hd__a21o_2)
     1    0.002682    0.062053    0.347208   17.890156 ^ _1502_/X (sky130_fd_sc_hd__a21o_2)
                                                         _0739_ (net)
                      0.062053    0.000011   17.890167 ^ _1503_/C1 (sky130_fd_sc_hd__o211a_2)
     1    0.002860    0.080212    0.336728   18.226894 ^ _1503_/X (sky130_fd_sc_hd__o211a_2)
                                                         _0036_ (net)
                      0.080212    0.000034   18.226929 ^ _1608_/D (sky130_fd_sc_hd__dfxtp_2)
                                             18.226929   data arrival time

                                 20.000000   20.000000   clock clk (rise edge)
                                  0.000000   20.000000   clock source latency
     1    0.018955    0.142613    0.097035   20.097036 ^ clk (in)
                                                         clk (net)
                      0.142616    0.000000   20.097036 ^ clkbuf_0_clk/A (sky130_fd_sc_hd__clkbuf_16)
     8    0.082146    0.151088    0.329123   20.426159 ^ clkbuf_0_clk/X (sky130_fd_sc_hd__clkbuf_16)
                                                         clknet_0_clk (net)
                      0.151103    0.001638   20.427797 ^ clkbuf_3_1__f_clk/A (sky130_fd_sc_hd__clkbuf_16)
     8    0.021473    0.069260    0.260920   20.688717 ^ clkbuf_3_1__f_clk/X (sky130_fd_sc_hd__clkbuf_16)
                                                         clknet_3_1__leaf_clk (net)
                      0.069260    0.000179   20.688896 ^ _1608_/CLK (sky130_fd_sc_hd__dfxtp_2)
                                 -0.250000   20.438898   clock uncertainty
                                  0.000000   20.438898   clock reconvergence pessimism
                                 -0.143856   20.295042   library setup time
                                             20.295042   data required time
---------------------------------------------------------------------------------------------
                                             20.295042   data required time
                                            -18.226929   data arrival time
---------------------------------------------------------------------------------------------
                                              2.068115   slack (MET)


Startpoint: _1595_ (rising edge-triggered flip-flop clocked by clk)
Endpoint: _1614_ (rising edge-triggered flip-flop clocked by clk)
Path Group: clk
Path Type: max

Fanout         Cap        Slew       Delay        Time   Description
---------------------------------------------------------------------------------------------
                                  0.000000    0.000000   clock clk (rise edge)
                                  0.000000    0.000000   clock source latency
     1    0.018955    0.142613    0.097036    0.097036 ^ clk (in)
                                                         clk (net)
                      0.142616    0.000000    0.097036 ^ clkbuf_0_clk/A (sky130_fd_sc_hd__clkbuf_16)
     8    0.082146    0.151088    0.329123    0.426159 ^ clkbuf_0_clk/X (sky130_fd_sc_hd__clkbuf_16)
                                                         clknet_0_clk (net)
                      0.151110    0.001851    0.428010 ^ clkbuf_3_6__f_clk/A (sky130_fd_sc_hd__clkbuf_16)
     8    0.022215    0.070185    0.261835    0.689845 ^ clkbuf_3_6__f_clk/X (sky130_fd_sc_hd__clkbuf_16)
                                                         clknet_3_6__leaf_clk (net)
                      0.070207    0.000432    0.690277 ^ _1595_/CLK (sky130_fd_sc_hd__dfxtp_2)
     1    0.002468    0.038396    0.591986    1.282263 v _1595_/Q (sky130_fd_sc_hd__dfxtp_2)
                                                         u_dp.b_q[3] (net)
                      0.038396    0.000022    1.282285 v fanout51/A (sky130_fd_sc_hd__clkdlybuf4s25_1)
     7    0.046566    0.621874    0.869333    2.151618 v fanout51/X (sky130_fd_sc_hd__clkdlybuf4s25_1)
                                                         net51 (net)
                      0.621874    0.000951    2.152568 v fanout50/A (sky130_fd_sc_hd__clkdlybuf4s25_1)
    10    0.042431    0.569580    1.052374    3.204942 v fanout50/X (sky130_fd_sc_hd__clkdlybuf4s25_1)
                                                         net50 (net)
                      0.569580    0.001241    3.206183 v _0808_/B (sky130_fd_sc_hd__and3_2)
     3    0.008960    0.098713    0.693947    3.900131 v _0808_/X (sky130_fd_sc_hd__and3_2)
                                                         _0078_ (net)
                      0.098713    0.000099    3.900229 v _0811_/A (sky130_fd_sc_hd__or3_2)
     2    0.003822    0.172106    1.115273    5.015502 v _0811_/X (sky130_fd_sc_hd__or3_2)
                                                         _0081_ (net)
                      0.172106    0.000030    5.015532 v _0812_/B (sky130_fd_sc_hd__and2b_2)
     1    0.003697    0.073198    0.454194    5.469726 v _0812_/X (sky130_fd_sc_hd__and2b_2)
                                                         _0082_ (net)
                      0.073198    0.000059    5.469785 v fanout22/A (sky130_fd_sc_hd__clkdlybuf4s25_1)
     9    0.062517    0.827951    1.036400    6.506185 v fanout22/X (sky130_fd_sc_hd__clkdlybuf4s25_1)
                                                         net22 (net)
                      0.827952    0.002473    6.508658 v fanout21/A (sky130_fd_sc_hd__clkdlybuf4s25_1)
     7    0.052954    0.705369    1.193431    7.702089 v fanout21/X (sky130_fd_sc_hd__clkdlybuf4s25_1)
                                                         net21 (net)
                      0.705370    0.002430    7.704519 v fanout20/A (sky130_fd_sc_hd__clkdlybuf4s25_1)
    10    0.068900    0.911362    1.321392    9.025911 v fanout20/X (sky130_fd_sc_hd__clkdlybuf4s25_1)
                                                         net20 (net)
                      0.911362    0.001532    9.027443 v _0890_/A (sky130_fd_sc_hd__xor2_2)
     2    0.006891    0.208396    0.604389    9.631832 v _0890_/X (sky130_fd_sc_hd__xor2_2)
                                                         _0160_ (net)
                      0.208396    0.000042    9.631874 v _0893_/B (sky130_fd_sc_hd__or2_2)
     1    0.001766    0.104300    0.655067   10.286942 v _0893_/X (sky130_fd_sc_hd__or2_2)
                                                         _0163_ (net)
                      0.104300    0.000016   10.286958 v _0894_/B (sky130_fd_sc_hd__and2_2)
     3    0.020393    0.140511    0.502708   10.789665 v _0894_/X (sky130_fd_sc_hd__and2_2)
                                                         _0164_ (net)
                      0.140511    0.000125   10.789791 v _0895_/B (sky130_fd_sc_hd__nor2_2)
     2    0.015504    0.312643    0.305687   11.095478 ^ _0895_/Y (sky130_fd_sc_hd__nor2_2)
                                                         _0165_ (net)
                      0.312643    0.000034   11.095511 ^ _0896_/B (sky130_fd_sc_hd__xor2_2)
     2    0.013905    0.321251    0.426434   11.521946 ^ _0896_/X (sky130_fd_sc_hd__xor2_2)
                                                         _0166_ (net)
                      0.321251    0.000136   11.522081 ^ _0901_/B (sky130_fd_sc_hd__xnor2_2)
     2    0.006423    0.125226    0.209739   11.731820 v _0901_/Y (sky130_fd_sc_hd__xnor2_2)
                                                         _0171_ (net)
                      0.125226    0.000036   11.731856 v _0983_/A (sky130_fd_sc_hd__and2_2)
     1    0.004893    0.079825    0.388047   12.119904 v _0983_/X (sky130_fd_sc_hd__and2_2)
                                                         _0253_ (net)
                      0.079825    0.000052   12.119955 v _0984_/B (sky130_fd_sc_hd__nor2_2)
     2    0.015553    0.305563    0.281611   12.401567 ^ _0984_/Y (sky130_fd_sc_hd__nor2_2)
                                                         _0254_ (net)
                      0.305563    0.000219   12.401786 ^ _0985_/B (sky130_fd_sc_hd__xor2_2)
     2    0.014987    0.351375    0.438475   12.840261 ^ _0985_/X (sky130_fd_sc_hd__xor2_2)
                                                         _0255_ (net)
                      0.351375    0.000115   12.840376 ^ _0992_/A (sky130_fd_sc_hd__nand2_2)
     2    0.004708    0.102744    0.176893   13.017269 v _0992_/Y (sky130_fd_sc_hd__nand2_2)
                                                         _0262_ (net)
                      0.102744    0.000039   13.017308 v _0994_/A_N (sky130_fd_sc_hd__nand2b_2)
     1    0.002730    0.077441    0.354086   13.371394 v _0994_/Y (sky130_fd_sc_hd__nand2b_2)
                                                         _0264_ (net)
                      0.077441    0.000026   13.371420 v _1388_/A1 (sky130_fd_sc_hd__o221a_2)
     4    0.017018    0.155669    0.625390   13.996809 v _1388_/X (sky130_fd_sc_hd__o221a_2)
                                                         _0658_ (net)
                      0.155669    0.000479   13.997288 v _1393_/A2 (sky130_fd_sc_hd__o31ai_2)
     3    0.010843    0.462212    0.535232   14.532520 ^ _1393_/Y (sky130_fd_sc_hd__o31ai_2)
                                                         _0663_ (net)
                      0.462212    0.000207   14.532727 ^ _1394_/B (sky130_fd_sc_hd__nand2_2)
     2    0.008072    0.120655    0.245961   14.778689 v _1394_/Y (sky130_fd_sc_hd__nand2_2)
                                                         _0664_ (net)
                      0.120655    0.000091   14.778780 v _1405_/A2 (sky130_fd_sc_hd__o211ai_2)
     5    0.029415    0.606800    0.562321   15.341102 ^ _1405_/Y (sky130_fd_sc_hd__o211ai_2)
                                                         _0675_ (net)
                      0.606800    0.000385   15.341487 ^ _1473_/A1 (sky130_fd_sc_hd__a21bo_2)
     1    0.004054    0.071154    0.453255   15.794742 ^ _1473_/X (sky130_fd_sc_hd__a21bo_2)
                                                         _0718_ (net)
                      0.071154    0.000046   15.794788 ^ fanout16/A (sky130_fd_sc_hd__clkdlybuf4s25_1)
     5    0.025640    0.419841    0.716636   16.511423 ^ fanout16/X (sky130_fd_sc_hd__clkdlybuf4s25_1)
                                                         net16 (net)
                      0.419841    0.000119   16.511543 ^ fanout14/A (sky130_fd_sc_hd__clkdlybuf4s25_1)
    10    0.042920    0.689150    1.045894   17.557436 ^ fanout14/X (sky130_fd_sc_hd__clkdlybuf4s25_1)
                                                         net14 (net)
                      0.689150    0.001029   17.558466 ^ _1528_/B1 (sky130_fd_sc_hd__a21o_2)
     1    0.002871    0.062159    0.352774   17.911240 ^ _1528_/X (sky130_fd_sc_hd__a21o_2)
                                                         _0759_ (net)
                      0.062159    0.000027   17.911266 ^ _1529_/C1 (sky130_fd_sc_hd__o211a_2)
     1    0.002025    0.073753    0.327647   18.238913 ^ _1529_/X (sky130_fd_sc_hd__o211a_2)
                                                         _0042_ (net)
                      0.073753    0.000020   18.238934 ^ _1614_/D (sky130_fd_sc_hd__dfxtp_2)
                                             18.238934   data arrival time

                                 20.000000   20.000000   clock clk (rise edge)
                                  0.000000   20.000000   clock source latency
     1    0.018955    0.142613    0.097035   20.097036 ^ clk (in)
                                                         clk (net)
                      0.142616    0.000000   20.097036 ^ clkbuf_0_clk/A (sky130_fd_sc_hd__clkbuf_16)
     8    0.082146    0.151088    0.329123   20.426159 ^ clkbuf_0_clk/X (sky130_fd_sc_hd__clkbuf_16)
                                                         clknet_0_clk (net)
                      0.151092    0.001094   20.427254 ^ clkbuf_3_4__f_clk/A (sky130_fd_sc_hd__clkbuf_16)
     8    0.029186    0.079270    0.271724   20.698977 ^ clkbuf_3_4__f_clk/X (sky130_fd_sc_hd__clkbuf_16)
                                                         clknet_3_4__leaf_clk (net)
                      0.079271    0.000430   20.699408 ^ _1614_/CLK (sky130_fd_sc_hd__dfxtp_2)
                                 -0.250000   20.449408   clock uncertainty
                                  0.000000   20.449408   clock reconvergence pessimism
                                 -0.140425   20.308983   library setup time
                                             20.308983   data required time
---------------------------------------------------------------------------------------------
                                             20.308983   data required time
                                            -18.238934   data arrival time
---------------------------------------------------------------------------------------------
                                              2.070051   slack (MET)


Startpoint: _1595_ (rising edge-triggered flip-flop clocked by clk)
Endpoint: _1605_ (rising edge-triggered flip-flop clocked by clk)
Path Group: clk
Path Type: max

Fanout         Cap        Slew       Delay        Time   Description
---------------------------------------------------------------------------------------------
                                  0.000000    0.000000   clock clk (rise edge)
                                  0.000000    0.000000   clock source latency
     1    0.018955    0.142613    0.097036    0.097036 ^ clk (in)
                                                         clk (net)
                      0.142616    0.000000    0.097036 ^ clkbuf_0_clk/A (sky130_fd_sc_hd__clkbuf_16)
     8    0.082146    0.151088    0.329123    0.426159 ^ clkbuf_0_clk/X (sky130_fd_sc_hd__clkbuf_16)
                                                         clknet_0_clk (net)
                      0.151110    0.001851    0.428010 ^ clkbuf_3_6__f_clk/A (sky130_fd_sc_hd__clkbuf_16)
     8    0.022215    0.070185    0.261835    0.689845 ^ clkbuf_3_6__f_clk/X (sky130_fd_sc_hd__clkbuf_16)
                                                         clknet_3_6__leaf_clk (net)
                      0.070207    0.000432    0.690277 ^ _1595_/CLK (sky130_fd_sc_hd__dfxtp_2)
     1    0.002468    0.038396    0.591986    1.282263 v _1595_/Q (sky130_fd_sc_hd__dfxtp_2)
                                                         u_dp.b_q[3] (net)
                      0.038396    0.000022    1.282285 v fanout51/A (sky130_fd_sc_hd__clkdlybuf4s25_1)
     7    0.046566    0.621874    0.869333    2.151618 v fanout51/X (sky130_fd_sc_hd__clkdlybuf4s25_1)
                                                         net51 (net)
                      0.621874    0.000951    2.152568 v fanout50/A (sky130_fd_sc_hd__clkdlybuf4s25_1)
    10    0.042431    0.569580    1.052374    3.204942 v fanout50/X (sky130_fd_sc_hd__clkdlybuf4s25_1)
                                                         net50 (net)
                      0.569580    0.001241    3.206183 v _0808_/B (sky130_fd_sc_hd__and3_2)
     3    0.008960    0.098713    0.693947    3.900131 v _0808_/X (sky130_fd_sc_hd__and3_2)
                                                         _0078_ (net)
                      0.098713    0.000099    3.900229 v _0811_/A (sky130_fd_sc_hd__or3_2)
     2    0.003822    0.172106    1.115273    5.015502 v _0811_/X (sky130_fd_sc_hd__or3_2)
                                                         _0081_ (net)
                      0.172106    0.000030    5.015532 v _0812_/B (sky130_fd_sc_hd__and2b_2)
     1    0.003697    0.073198    0.454194    5.469726 v _0812_/X (sky130_fd_sc_hd__and2b_2)
                                                         _0082_ (net)
                      0.073198    0.000059    5.469785 v fanout22/A (sky130_fd_sc_hd__clkdlybuf4s25_1)
     9    0.062517    0.827951    1.036400    6.506185 v fanout22/X (sky130_fd_sc_hd__clkdlybuf4s25_1)
                                                         net22 (net)
                      0.827952    0.002473    6.508658 v fanout21/A (sky130_fd_sc_hd__clkdlybuf4s25_1)
     7    0.052954    0.705369    1.193431    7.702089 v fanout21/X (sky130_fd_sc_hd__clkdlybuf4s25_1)
                                                         net21 (net)
                      0.705370    0.002430    7.704519 v fanout20/A (sky130_fd_sc_hd__clkdlybuf4s25_1)
    10    0.068900    0.911362    1.321392    9.025911 v fanout20/X (sky130_fd_sc_hd__clkdlybuf4s25_1)
                                                         net20 (net)
                      0.911362    0.001532    9.027443 v _0890_/A (sky130_fd_sc_hd__xor2_2)
     2    0.006891    0.208396    0.604389    9.631832 v _0890_/X (sky130_fd_sc_hd__xor2_2)
                                                         _0160_ (net)
                      0.208396    0.000042    9.631874 v _0893_/B (sky130_fd_sc_hd__or2_2)
     1    0.001766    0.104300    0.655067   10.286942 v _0893_/X (sky130_fd_sc_hd__or2_2)
                                                         _0163_ (net)
                      0.104300    0.000016   10.286958 v _0894_/B (sky130_fd_sc_hd__and2_2)
     3    0.020393    0.140511    0.502708   10.789665 v _0894_/X (sky130_fd_sc_hd__and2_2)
                                                         _0164_ (net)
                      0.140511    0.000125   10.789791 v _0895_/B (sky130_fd_sc_hd__nor2_2)
     2    0.015504    0.312643    0.305687   11.095478 ^ _0895_/Y (sky130_fd_sc_hd__nor2_2)
                                                         _0165_ (net)
                      0.312643    0.000034   11.095511 ^ _0896_/B (sky130_fd_sc_hd__xor2_2)
     2    0.013905    0.321251    0.426434   11.521946 ^ _0896_/X (sky130_fd_sc_hd__xor2_2)
                                                         _0166_ (net)
                      0.321251    0.000136   11.522081 ^ _0901_/B (sky130_fd_sc_hd__xnor2_2)
     2    0.006423    0.125226    0.209739   11.731820 v _0901_/Y (sky130_fd_sc_hd__xnor2_2)
                                                         _0171_ (net)
                      0.125226    0.000036   11.731856 v _0983_/A (sky130_fd_sc_hd__and2_2)
     1    0.004893    0.079825    0.388047   12.119904 v _0983_/X (sky130_fd_sc_hd__and2_2)
                                                         _0253_ (net)
                      0.079825    0.000052   12.119955 v _0984_/B (sky130_fd_sc_hd__nor2_2)
     2    0.015553    0.305563    0.281611   12.401567 ^ _0984_/Y (sky130_fd_sc_hd__nor2_2)
                                                         _0254_ (net)
                      0.305563    0.000219   12.401786 ^ _0985_/B (sky130_fd_sc_hd__xor2_2)
     2    0.014987    0.351375    0.438475   12.840261 ^ _0985_/X (sky130_fd_sc_hd__xor2_2)
                                                         _0255_ (net)
                      0.351375    0.000115   12.840376 ^ _0992_/A (sky130_fd_sc_hd__nand2_2)
     2    0.004708    0.102744    0.176893   13.017269 v _0992_/Y (sky130_fd_sc_hd__nand2_2)
                                                         _0262_ (net)
                      0.102744    0.000039   13.017308 v _0994_/A_N (sky130_fd_sc_hd__nand2b_2)
     1    0.002730    0.077441    0.354086   13.371394 v _0994_/Y (sky130_fd_sc_hd__nand2b_2)
                                                         _0264_ (net)
                      0.077441    0.000026   13.371420 v _1388_/A1 (sky130_fd_sc_hd__o221a_2)
     4    0.017018    0.155669    0.625390   13.996809 v _1388_/X (sky130_fd_sc_hd__o221a_2)
                                                         _0658_ (net)
                      0.155669    0.000479   13.997288 v _1393_/A2 (sky130_fd_sc_hd__o31ai_2)
     3    0.010843    0.462212    0.535232   14.532520 ^ _1393_/Y (sky130_fd_sc_hd__o31ai_2)
                                                         _0663_ (net)
                      0.462212    0.000207   14.532727 ^ _1394_/B (sky130_fd_sc_hd__nand2_2)
     2    0.008072    0.120655    0.245961   14.778689 v _1394_/Y (sky130_fd_sc_hd__nand2_2)
                                                         _0664_ (net)
                      0.120655    0.000091   14.778780 v _1405_/A2 (sky130_fd_sc_hd__o211ai_2)
     5    0.029415    0.606800    0.562321   15.341102 ^ _1405_/Y (sky130_fd_sc_hd__o211ai_2)
                                                         _0675_ (net)
                      0.606800    0.000385   15.341487 ^ _1473_/A1 (sky130_fd_sc_hd__a21bo_2)
     1    0.004054    0.071154    0.453255   15.794742 ^ _1473_/X (sky130_fd_sc_hd__a21bo_2)
                                                         _0718_ (net)
                      0.071154    0.000046   15.794788 ^ fanout16/A (sky130_fd_sc_hd__clkdlybuf4s25_1)
     5    0.025640    0.419841    0.716636   16.511423 ^ fanout16/X (sky130_fd_sc_hd__clkdlybuf4s25_1)
                                                         net16 (net)
                      0.419841    0.000473   16.511896 ^ fanout15/A (sky130_fd_sc_hd__clkdlybuf4s25_1)
    10    0.041533    0.667502    1.030522   17.542418 ^ fanout15/X (sky130_fd_sc_hd__clkdlybuf4s25_1)
                                                         net15 (net)
                      0.667502    0.001126   17.543545 ^ _1492_/B1 (sky130_fd_sc_hd__a21o_2)
     1    0.004093    0.068203    0.359165   17.902710 ^ _1492_/X (sky130_fd_sc_hd__a21o_2)
                                                         _0732_ (net)
                      0.068203    0.000066   17.902775 ^ _1493_/C1 (sky130_fd_sc_hd__o211a_2)
     1    0.002169    0.075723    0.331395   18.234171 ^ _1493_/X (sky130_fd_sc_hd__o211a_2)
                                                         _0033_ (net)
                      0.075723    0.000021   18.234192 ^ _1605_/D (sky130_fd_sc_hd__dfxtp_2)
                                             18.234192   data arrival time

                                 20.000000   20.000000   clock clk (rise edge)
                                  0.000000   20.000000   clock source latency
     1    0.018955    0.142613    0.097035   20.097036 ^ clk (in)
                                                         clk (net)
                      0.142616    0.000000   20.097036 ^ clkbuf_0_clk/A (sky130_fd_sc_hd__clkbuf_16)
     8    0.082146    0.151088    0.329123   20.426159 ^ clkbuf_0_clk/X (sky130_fd_sc_hd__clkbuf_16)
                                                         clknet_0_clk (net)
                      0.151102    0.001574   20.427732 ^ clkbuf_3_3__f_clk/A (sky130_fd_sc_hd__clkbuf_16)
     8    0.028334    0.078119    0.270562   20.698296 ^ clkbuf_3_3__f_clk/X (sky130_fd_sc_hd__clkbuf_16)
                                                         clknet_3_3__leaf_clk (net)
                      0.078119    0.000259   20.698555 ^ _1605_/CLK (sky130_fd_sc_hd__dfxtp_2)
                                 -0.250000   20.448555   clock uncertainty
                                  0.000000   20.448555   clock reconvergence pessimism
                                 -0.141141   20.307415   library setup time
                                             20.307415   data required time
---------------------------------------------------------------------------------------------
                                             20.307415   data required time
                                            -18.234192   data arrival time
---------------------------------------------------------------------------------------------
                                              2.073223   slack (MET)


Startpoint: _1595_ (rising edge-triggered flip-flop clocked by clk)
Endpoint: _1607_ (rising edge-triggered flip-flop clocked by clk)
Path Group: clk
Path Type: max

Fanout         Cap        Slew       Delay        Time   Description
---------------------------------------------------------------------------------------------
                                  0.000000    0.000000   clock clk (rise edge)
                                  0.000000    0.000000   clock source latency
     1    0.018955    0.142613    0.097036    0.097036 ^ clk (in)
                                                         clk (net)
                      0.142616    0.000000    0.097036 ^ clkbuf_0_clk/A (sky130_fd_sc_hd__clkbuf_16)
     8    0.082146    0.151088    0.329123    0.426159 ^ clkbuf_0_clk/X (sky130_fd_sc_hd__clkbuf_16)
                                                         clknet_0_clk (net)
                      0.151110    0.001851    0.428010 ^ clkbuf_3_6__f_clk/A (sky130_fd_sc_hd__clkbuf_16)
     8    0.022215    0.070185    0.261835    0.689845 ^ clkbuf_3_6__f_clk/X (sky130_fd_sc_hd__clkbuf_16)
                                                         clknet_3_6__leaf_clk (net)
                      0.070207    0.000432    0.690277 ^ _1595_/CLK (sky130_fd_sc_hd__dfxtp_2)
     1    0.002468    0.038396    0.591986    1.282263 v _1595_/Q (sky130_fd_sc_hd__dfxtp_2)
                                                         u_dp.b_q[3] (net)
                      0.038396    0.000022    1.282285 v fanout51/A (sky130_fd_sc_hd__clkdlybuf4s25_1)
     7    0.046566    0.621874    0.869333    2.151618 v fanout51/X (sky130_fd_sc_hd__clkdlybuf4s25_1)
                                                         net51 (net)
                      0.621874    0.000951    2.152568 v fanout50/A (sky130_fd_sc_hd__clkdlybuf4s25_1)
    10    0.042431    0.569580    1.052374    3.204942 v fanout50/X (sky130_fd_sc_hd__clkdlybuf4s25_1)
                                                         net50 (net)
                      0.569580    0.001241    3.206183 v _0808_/B (sky130_fd_sc_hd__and3_2)
     3    0.008960    0.098713    0.693947    3.900131 v _0808_/X (sky130_fd_sc_hd__and3_2)
                                                         _0078_ (net)
                      0.098713    0.000099    3.900229 v _0811_/A (sky130_fd_sc_hd__or3_2)
     2    0.003822    0.172106    1.115273    5.015502 v _0811_/X (sky130_fd_sc_hd__or3_2)
                                                         _0081_ (net)
                      0.172106    0.000030    5.015532 v _0812_/B (sky130_fd_sc_hd__and2b_2)
     1    0.003697    0.073198    0.454194    5.469726 v _0812_/X (sky130_fd_sc_hd__and2b_2)
                                                         _0082_ (net)
                      0.073198    0.000059    5.469785 v fanout22/A (sky130_fd_sc_hd__clkdlybuf4s25_1)
     9    0.062517    0.827951    1.036400    6.506185 v fanout22/X (sky130_fd_sc_hd__clkdlybuf4s25_1)
                                                         net22 (net)
                      0.827952    0.002473    6.508658 v fanout21/A (sky130_fd_sc_hd__clkdlybuf4s25_1)
     7    0.052954    0.705369    1.193431    7.702089 v fanout21/X (sky130_fd_sc_hd__clkdlybuf4s25_1)
                                                         net21 (net)
                      0.705370    0.002430    7.704519 v fanout20/A (sky130_fd_sc_hd__clkdlybuf4s25_1)
    10    0.068900    0.911362    1.321392    9.025911 v fanout20/X (sky130_fd_sc_hd__clkdlybuf4s25_1)
                                                         net20 (net)
                      0.911362    0.001532    9.027443 v _0890_/A (sky130_fd_sc_hd__xor2_2)
     2    0.006891    0.208396    0.604389    9.631832 v _0890_/X (sky130_fd_sc_hd__xor2_2)
                                                         _0160_ (net)
                      0.208396    0.000042    9.631874 v _0893_/B (sky130_fd_sc_hd__or2_2)
     1    0.001766    0.104300    0.655067   10.286942 v _0893_/X (sky130_fd_sc_hd__or2_2)
                                                         _0163_ (net)
                      0.104300    0.000016   10.286958 v _0894_/B (sky130_fd_sc_hd__and2_2)
     3    0.020393    0.140511    0.502708   10.789665 v _0894_/X (sky130_fd_sc_hd__and2_2)
                                                         _0164_ (net)
                      0.140511    0.000125   10.789791 v _0895_/B (sky130_fd_sc_hd__nor2_2)
     2    0.015504    0.312643    0.305687   11.095478 ^ _0895_/Y (sky130_fd_sc_hd__nor2_2)
                                                         _0165_ (net)
                      0.312643    0.000034   11.095511 ^ _0896_/B (sky130_fd_sc_hd__xor2_2)
     2    0.013905    0.321251    0.426434   11.521946 ^ _0896_/X (sky130_fd_sc_hd__xor2_2)
                                                         _0166_ (net)
                      0.321251    0.000136   11.522081 ^ _0901_/B (sky130_fd_sc_hd__xnor2_2)
     2    0.006423    0.125226    0.209739   11.731820 v _0901_/Y (sky130_fd_sc_hd__xnor2_2)
                                                         _0171_ (net)
                      0.125226    0.000036   11.731856 v _0983_/A (sky130_fd_sc_hd__and2_2)
     1    0.004893    0.079825    0.388047   12.119904 v _0983_/X (sky130_fd_sc_hd__and2_2)
                                                         _0253_ (net)
                      0.079825    0.000052   12.119955 v _0984_/B (sky130_fd_sc_hd__nor2_2)
     2    0.015553    0.305563    0.281611   12.401567 ^ _0984_/Y (sky130_fd_sc_hd__nor2_2)
                                                         _0254_ (net)
                      0.305563    0.000219   12.401786 ^ _0985_/B (sky130_fd_sc_hd__xor2_2)
     2    0.014987    0.351375    0.438475   12.840261 ^ _0985_/X (sky130_fd_sc_hd__xor2_2)
                                                         _0255_ (net)
                      0.351375    0.000115   12.840376 ^ _0992_/A (sky130_fd_sc_hd__nand2_2)
     2    0.004708    0.102744    0.176893   13.017269 v _0992_/Y (sky130_fd_sc_hd__nand2_2)
                                                         _0262_ (net)
                      0.102744    0.000039   13.017308 v _0994_/A_N (sky130_fd_sc_hd__nand2b_2)
     1    0.002730    0.077441    0.354086   13.371394 v _0994_/Y (sky130_fd_sc_hd__nand2b_2)
                                                         _0264_ (net)
                      0.077441    0.000026   13.371420 v _1388_/A1 (sky130_fd_sc_hd__o221a_2)
     4    0.017018    0.155669    0.625390   13.996809 v _1388_/X (sky130_fd_sc_hd__o221a_2)
                                                         _0658_ (net)
                      0.155669    0.000479   13.997288 v _1393_/A2 (sky130_fd_sc_hd__o31ai_2)
     3    0.010843    0.462212    0.535232   14.532520 ^ _1393_/Y (sky130_fd_sc_hd__o31ai_2)
                                                         _0663_ (net)
                      0.462212    0.000207   14.532727 ^ _1394_/B (sky130_fd_sc_hd__nand2_2)
     2    0.008072    0.120655    0.245961   14.778689 v _1394_/Y (sky130_fd_sc_hd__nand2_2)
                                                         _0664_ (net)
                      0.120655    0.000091   14.778780 v _1405_/A2 (sky130_fd_sc_hd__o211ai_2)
     5    0.029415    0.606800    0.562321   15.341102 ^ _1405_/Y (sky130_fd_sc_hd__o211ai_2)
                                                         _0675_ (net)
                      0.606800    0.000385   15.341487 ^ _1473_/A1 (sky130_fd_sc_hd__a21bo_2)
     1    0.004054    0.071154    0.453255   15.794742 ^ _1473_/X (sky130_fd_sc_hd__a21bo_2)
                                                         _0718_ (net)
                      0.071154    0.000046   15.794788 ^ fanout16/A (sky130_fd_sc_hd__clkdlybuf4s25_1)
     5    0.025640    0.419841    0.716636   16.511423 ^ fanout16/X (sky130_fd_sc_hd__clkdlybuf4s25_1)
                                                         net16 (net)
                      0.419841    0.000473   16.511896 ^ fanout15/A (sky130_fd_sc_hd__clkdlybuf4s25_1)
    10    0.041533    0.667502    1.030522   17.542418 ^ fanout15/X (sky130_fd_sc_hd__clkdlybuf4s25_1)
                                                         net15 (net)
                      0.667502    0.000863   17.543282 ^ _1498_/B1 (sky130_fd_sc_hd__a21o_2)
     1    0.003048    0.062492    0.350314   17.893595 ^ _1498_/X (sky130_fd_sc_hd__a21o_2)
                                                         _0736_ (net)
                      0.062492    0.000030   17.893625 ^ _1499_/C1 (sky130_fd_sc_hd__o211a_2)
     1    0.002282    0.076613    0.330571   18.224195 ^ _1499_/X (sky130_fd_sc_hd__o211a_2)
                                                         _0035_ (net)
                      0.076613    0.000023   18.224218 ^ _1607_/D (sky130_fd_sc_hd__dfxtp_2)
                                             18.224218   data arrival time

                                 20.000000   20.000000   clock clk (rise edge)
                                  0.000000   20.000000   clock source latency
     1    0.018955    0.142613    0.097035   20.097036 ^ clk (in)
                                                         clk (net)
                      0.142616    0.000000   20.097036 ^ clkbuf_0_clk/A (sky130_fd_sc_hd__clkbuf_16)
     8    0.082146    0.151088    0.329123   20.426159 ^ clkbuf_0_clk/X (sky130_fd_sc_hd__clkbuf_16)
                                                         clknet_0_clk (net)
                      0.151092    0.001094   20.427254 ^ clkbuf_3_4__f_clk/A (sky130_fd_sc_hd__clkbuf_16)
     8    0.029186    0.079270    0.271724   20.698977 ^ clkbuf_3_4__f_clk/X (sky130_fd_sc_hd__clkbuf_16)
                                                         clknet_3_4__leaf_clk (net)
                      0.079270    0.000341   20.699318 ^ _1607_/CLK (sky130_fd_sc_hd__dfxtp_2)
                                 -0.250000   20.449320   clock uncertainty
                                  0.000000   20.449320   clock reconvergence pessimism
                                 -0.141175   20.308146   library setup time
                                             20.308146   data required time
---------------------------------------------------------------------------------------------
                                             20.308146   data required time
                                            -18.224218   data arrival time
---------------------------------------------------------------------------------------------
                                              2.083926   slack (MET)


Startpoint: _1595_ (rising edge-triggered flip-flop clocked by clk)
Endpoint: _1616_ (rising edge-triggered flip-flop clocked by clk)
Path Group: clk
Path Type: max

Fanout         Cap        Slew       Delay        Time   Description
---------------------------------------------------------------------------------------------
                                  0.000000    0.000000   clock clk (rise edge)
                                  0.000000    0.000000   clock source latency
     1    0.018955    0.142613    0.097036    0.097036 ^ clk (in)
                                                         clk (net)
                      0.142616    0.000000    0.097036 ^ clkbuf_0_clk/A (sky130_fd_sc_hd__clkbuf_16)
     8    0.082146    0.151088    0.329123    0.426159 ^ clkbuf_0_clk/X (sky130_fd_sc_hd__clkbuf_16)
                                                         clknet_0_clk (net)
                      0.151110    0.001851    0.428010 ^ clkbuf_3_6__f_clk/A (sky130_fd_sc_hd__clkbuf_16)
     8    0.022215    0.070185    0.261835    0.689845 ^ clkbuf_3_6__f_clk/X (sky130_fd_sc_hd__clkbuf_16)
                                                         clknet_3_6__leaf_clk (net)
                      0.070207    0.000432    0.690277 ^ _1595_/CLK (sky130_fd_sc_hd__dfxtp_2)
     1    0.002468    0.038396    0.591986    1.282263 v _1595_/Q (sky130_fd_sc_hd__dfxtp_2)
                                                         u_dp.b_q[3] (net)
                      0.038396    0.000022    1.282285 v fanout51/A (sky130_fd_sc_hd__clkdlybuf4s25_1)
     7    0.046566    0.621874    0.869333    2.151618 v fanout51/X (sky130_fd_sc_hd__clkdlybuf4s25_1)
                                                         net51 (net)
                      0.621874    0.000951    2.152568 v fanout50/A (sky130_fd_sc_hd__clkdlybuf4s25_1)
    10    0.042431    0.569580    1.052374    3.204942 v fanout50/X (sky130_fd_sc_hd__clkdlybuf4s25_1)
                                                         net50 (net)
                      0.569580    0.001241    3.206183 v _0808_/B (sky130_fd_sc_hd__and3_2)
     3    0.008960    0.098713    0.693947    3.900131 v _0808_/X (sky130_fd_sc_hd__and3_2)
                                                         _0078_ (net)
                      0.098713    0.000099    3.900229 v _0811_/A (sky130_fd_sc_hd__or3_2)
     2    0.003822    0.172106    1.115273    5.015502 v _0811_/X (sky130_fd_sc_hd__or3_2)
                                                         _0081_ (net)
                      0.172106    0.000030    5.015532 v _0812_/B (sky130_fd_sc_hd__and2b_2)
     1    0.003697    0.073198    0.454194    5.469726 v _0812_/X (sky130_fd_sc_hd__and2b_2)
                                                         _0082_ (net)
                      0.073198    0.000059    5.469785 v fanout22/A (sky130_fd_sc_hd__clkdlybuf4s25_1)
     9    0.062517    0.827951    1.036400    6.506185 v fanout22/X (sky130_fd_sc_hd__clkdlybuf4s25_1)
                                                         net22 (net)
                      0.827952    0.002473    6.508658 v fanout21/A (sky130_fd_sc_hd__clkdlybuf4s25_1)
     7    0.052954    0.705369    1.193431    7.702089 v fanout21/X (sky130_fd_sc_hd__clkdlybuf4s25_1)
                                                         net21 (net)
                      0.705370    0.002430    7.704519 v fanout20/A (sky130_fd_sc_hd__clkdlybuf4s25_1)
    10    0.068900    0.911362    1.321392    9.025911 v fanout20/X (sky130_fd_sc_hd__clkdlybuf4s25_1)
                                                         net20 (net)
                      0.911362    0.001532    9.027443 v _0890_/A (sky130_fd_sc_hd__xor2_2)
     2    0.006891    0.208396    0.604389    9.631832 v _0890_/X (sky130_fd_sc_hd__xor2_2)
                                                         _0160_ (net)
                      0.208396    0.000042    9.631874 v _0893_/B (sky130_fd_sc_hd__or2_2)
     1    0.001766    0.104300    0.655067   10.286942 v _0893_/X (sky130_fd_sc_hd__or2_2)
                                                         _0163_ (net)
                      0.104300    0.000016   10.286958 v _0894_/B (sky130_fd_sc_hd__and2_2)
     3    0.020393    0.140511    0.502708   10.789665 v _0894_/X (sky130_fd_sc_hd__and2_2)
                                                         _0164_ (net)
                      0.140511    0.000125   10.789791 v _0895_/B (sky130_fd_sc_hd__nor2_2)
     2    0.015504    0.312643    0.305687   11.095478 ^ _0895_/Y (sky130_fd_sc_hd__nor2_2)
                                                         _0165_ (net)
                      0.312643    0.000034   11.095511 ^ _0896_/B (sky130_fd_sc_hd__xor2_2)
     2    0.013905    0.321251    0.426434   11.521946 ^ _0896_/X (sky130_fd_sc_hd__xor2_2)
                                                         _0166_ (net)
                      0.321251    0.000136   11.522081 ^ _0901_/B (sky130_fd_sc_hd__xnor2_2)
     2    0.006423    0.125226    0.209739   11.731820 v _0901_/Y (sky130_fd_sc_hd__xnor2_2)
                                                         _0171_ (net)
                      0.125226    0.000036   11.731856 v _0983_/A (sky130_fd_sc_hd__and2_2)
     1    0.004893    0.079825    0.388047   12.119904 v _0983_/X (sky130_fd_sc_hd__and2_2)
                                                         _0253_ (net)
                      0.079825    0.000052   12.119955 v _0984_/B (sky130_fd_sc_hd__nor2_2)
     2    0.015553    0.305563    0.281611   12.401567 ^ _0984_/Y (sky130_fd_sc_hd__nor2_2)
                                                         _0254_ (net)
                      0.305563    0.000219   12.401786 ^ _0985_/B (sky130_fd_sc_hd__xor2_2)
     2    0.014987    0.351375    0.438475   12.840261 ^ _0985_/X (sky130_fd_sc_hd__xor2_2)
                                                         _0255_ (net)
                      0.351375    0.000115   12.840376 ^ _0992_/A (sky130_fd_sc_hd__nand2_2)
     2    0.004708    0.102744    0.176893   13.017269 v _0992_/Y (sky130_fd_sc_hd__nand2_2)
                                                         _0262_ (net)
                      0.102744    0.000039   13.017308 v _0994_/A_N (sky130_fd_sc_hd__nand2b_2)
     1    0.002730    0.077441    0.354086   13.371394 v _0994_/Y (sky130_fd_sc_hd__nand2b_2)
                                                         _0264_ (net)
                      0.077441    0.000026   13.371420 v _1388_/A1 (sky130_fd_sc_hd__o221a_2)
     4    0.017018    0.155669    0.625390   13.996809 v _1388_/X (sky130_fd_sc_hd__o221a_2)
                                                         _0658_ (net)
                      0.155669    0.000479   13.997288 v _1393_/A2 (sky130_fd_sc_hd__o31ai_2)
     3    0.010843    0.462212    0.535232   14.532520 ^ _1393_/Y (sky130_fd_sc_hd__o31ai_2)
                                                         _0663_ (net)
                      0.462212    0.000132   14.532653 ^ _1406_/A2 (sky130_fd_sc_hd__a21o_2)
     1    0.009298    0.100535    0.421592   14.954245 ^ _1406_/X (sky130_fd_sc_hd__a21o_2)
                                                         _0676_ (net)
                      0.100535    0.000103   14.954348 ^ _1407_/B (sky130_fd_sc_hd__xnor2_2)
     4    0.022316    0.249214    0.246878   15.201225 v _1407_/Y (sky130_fd_sc_hd__xnor2_2)
                                                         _0677_ (net)
                      0.249214    0.000147   15.201373 v _1408_/B (sky130_fd_sc_hd__or2_2)
     4    0.020998    0.198149    0.825642   16.027016 v _1408_/X (sky130_fd_sc_hd__or2_2)
                                                         _0678_ (net)
                      0.198149    0.000167   16.027182 v fanout17/A (sky130_fd_sc_hd__clkdlybuf4s25_1)
    10    0.037664    0.506416    0.858810   16.885992 v fanout17/X (sky130_fd_sc_hd__clkdlybuf4s25_1)
                                                         net17 (net)
                      0.506416    0.000522   16.886515 v _1535_/A2 (sky130_fd_sc_hd__a31o_2)
     1    0.004020    0.068018    0.609562   17.496077 v _1535_/X (sky130_fd_sc_hd__a31o_2)
                                                         _0764_ (net)
                      0.068018    0.000062   17.496138 v _1536_/C1 (sky130_fd_sc_hd__o211a_2)
     1    0.002504    0.067923    0.203030   17.699169 v _1536_/X (sky130_fd_sc_hd__o211a_2)
                                                         _0044_ (net)
                      0.067923    0.000027   17.699196 v _1616_/D (sky130_fd_sc_hd__dfxtp_2)
                                             17.699196   data arrival time

                                 20.000000   20.000000   clock clk (rise edge)
                                  0.000000   20.000000   clock source latency
     1    0.018955    0.142613    0.097035   20.097036 ^ clk (in)
                                                         clk (net)
                      0.142616    0.000000   20.097036 ^ clkbuf_0_clk/A (sky130_fd_sc_hd__clkbuf_16)
     8    0.082146    0.151088    0.329123   20.426159 ^ clkbuf_0_clk/X (sky130_fd_sc_hd__clkbuf_16)
                                                         clknet_0_clk (net)
                      0.151103    0.001638   20.427797 ^ clkbuf_3_1__f_clk/A (sky130_fd_sc_hd__clkbuf_16)
     8    0.021473    0.069260    0.260920   20.688717 ^ clkbuf_3_1__f_clk/X (sky130_fd_sc_hd__clkbuf_16)
                                                         clknet_3_1__leaf_clk (net)
                      0.069281    0.000199   20.688915 ^ _1616_/CLK (sky130_fd_sc_hd__dfxtp_2)
                                 -0.250000   20.438917   clock uncertainty
                                  0.000000   20.438917   clock reconvergence pessimism
                                 -0.273717   20.165199   library setup time
                                             20.165199   data required time
---------------------------------------------------------------------------------------------
                                             20.165199   data required time
                                            -17.699196   data arrival time
---------------------------------------------------------------------------------------------
                                              2.466004   slack (MET)


Startpoint: _1595_ (rising edge-triggered flip-flop clocked by clk)
Endpoint: _1617_ (rising edge-triggered flip-flop clocked by clk)
Path Group: clk
Path Type: max

Fanout         Cap        Slew       Delay        Time   Description
---------------------------------------------------------------------------------------------
                                  0.000000    0.000000   clock clk (rise edge)
                                  0.000000    0.000000   clock source latency
     1    0.018955    0.142613    0.097036    0.097036 ^ clk (in)
                                                         clk (net)
                      0.142616    0.000000    0.097036 ^ clkbuf_0_clk/A (sky130_fd_sc_hd__clkbuf_16)
     8    0.082146    0.151088    0.329123    0.426159 ^ clkbuf_0_clk/X (sky130_fd_sc_hd__clkbuf_16)
                                                         clknet_0_clk (net)
                      0.151110    0.001851    0.428010 ^ clkbuf_3_6__f_clk/A (sky130_fd_sc_hd__clkbuf_16)
     8    0.022215    0.070185    0.261835    0.689845 ^ clkbuf_3_6__f_clk/X (sky130_fd_sc_hd__clkbuf_16)
                                                         clknet_3_6__leaf_clk (net)
                      0.070207    0.000432    0.690277 ^ _1595_/CLK (sky130_fd_sc_hd__dfxtp_2)
     1    0.002468    0.038396    0.591986    1.282263 v _1595_/Q (sky130_fd_sc_hd__dfxtp_2)
                                                         u_dp.b_q[3] (net)
                      0.038396    0.000022    1.282285 v fanout51/A (sky130_fd_sc_hd__clkdlybuf4s25_1)
     7    0.046566    0.621874    0.869333    2.151618 v fanout51/X (sky130_fd_sc_hd__clkdlybuf4s25_1)
                                                         net51 (net)
                      0.621874    0.000951    2.152568 v fanout50/A (sky130_fd_sc_hd__clkdlybuf4s25_1)
    10    0.042431    0.569580    1.052374    3.204942 v fanout50/X (sky130_fd_sc_hd__clkdlybuf4s25_1)
                                                         net50 (net)
                      0.569580    0.001241    3.206183 v _0808_/B (sky130_fd_sc_hd__and3_2)
     3    0.008960    0.098713    0.693947    3.900131 v _0808_/X (sky130_fd_sc_hd__and3_2)
                                                         _0078_ (net)
                      0.098713    0.000099    3.900229 v _0811_/A (sky130_fd_sc_hd__or3_2)
     2    0.003822    0.172106    1.115273    5.015502 v _0811_/X (sky130_fd_sc_hd__or3_2)
                                                         _0081_ (net)
                      0.172106    0.000030    5.015532 v _0812_/B (sky130_fd_sc_hd__and2b_2)
     1    0.003697    0.073198    0.454194    5.469726 v _0812_/X (sky130_fd_sc_hd__and2b_2)
                                                         _0082_ (net)
                      0.073198    0.000059    5.469785 v fanout22/A (sky130_fd_sc_hd__clkdlybuf4s25_1)
     9    0.062517    0.827951    1.036400    6.506185 v fanout22/X (sky130_fd_sc_hd__clkdlybuf4s25_1)
                                                         net22 (net)
                      0.827952    0.002473    6.508658 v fanout21/A (sky130_fd_sc_hd__clkdlybuf4s25_1)
     7    0.052954    0.705369    1.193431    7.702089 v fanout21/X (sky130_fd_sc_hd__clkdlybuf4s25_1)
                                                         net21 (net)
                      0.705370    0.002430    7.704519 v fanout20/A (sky130_fd_sc_hd__clkdlybuf4s25_1)
    10    0.068900    0.911362    1.321392    9.025911 v fanout20/X (sky130_fd_sc_hd__clkdlybuf4s25_1)
                                                         net20 (net)
                      0.911362    0.001532    9.027443 v _0890_/A (sky130_fd_sc_hd__xor2_2)
     2    0.006891    0.208396    0.604389    9.631832 v _0890_/X (sky130_fd_sc_hd__xor2_2)
                                                         _0160_ (net)
                      0.208396    0.000042    9.631874 v _0893_/B (sky130_fd_sc_hd__or2_2)
     1    0.001766    0.104300    0.655067   10.286942 v _0893_/X (sky130_fd_sc_hd__or2_2)
                                                         _0163_ (net)
                      0.104300    0.000016   10.286958 v _0894_/B (sky130_fd_sc_hd__and2_2)
     3    0.020393    0.140511    0.502708   10.789665 v _0894_/X (sky130_fd_sc_hd__and2_2)
                                                         _0164_ (net)
                      0.140511    0.000125   10.789791 v _0895_/B (sky130_fd_sc_hd__nor2_2)
     2    0.015504    0.312643    0.305687   11.095478 ^ _0895_/Y (sky130_fd_sc_hd__nor2_2)
                                                         _0165_ (net)
                      0.312643    0.000034   11.095511 ^ _0896_/B (sky130_fd_sc_hd__xor2_2)
     2    0.013905    0.321251    0.426434   11.521946 ^ _0896_/X (sky130_fd_sc_hd__xor2_2)
                                                         _0166_ (net)
                      0.321251    0.000136   11.522081 ^ _0901_/B (sky130_fd_sc_hd__xnor2_2)
     2    0.006423    0.125226    0.209739   11.731820 v _0901_/Y (sky130_fd_sc_hd__xnor2_2)
                                                         _0171_ (net)
                      0.125226    0.000036   11.731856 v _0983_/A (sky130_fd_sc_hd__and2_2)
     1    0.004893    0.079825    0.388047   12.119904 v _0983_/X (sky130_fd_sc_hd__and2_2)
                                                         _0253_ (net)
                      0.079825    0.000052   12.119955 v _0984_/B (sky130_fd_sc_hd__nor2_2)
     2    0.015553    0.305563    0.281611   12.401567 ^ _0984_/Y (sky130_fd_sc_hd__nor2_2)
                                                         _0254_ (net)
                      0.305563    0.000219   12.401786 ^ _0985_/B (sky130_fd_sc_hd__xor2_2)
     2    0.014987    0.351375    0.438475   12.840261 ^ _0985_/X (sky130_fd_sc_hd__xor2_2)
                                                         _0255_ (net)
                      0.351375    0.000115   12.840376 ^ _0992_/A (sky130_fd_sc_hd__nand2_2)
     2    0.004708    0.102744    0.176893   13.017269 v _0992_/Y (sky130_fd_sc_hd__nand2_2)
                                                         _0262_ (net)
                      0.102744    0.000039   13.017308 v _0994_/A_N (sky130_fd_sc_hd__nand2b_2)
     1    0.002730    0.077441    0.354086   13.371394 v _0994_/Y (sky130_fd_sc_hd__nand2b_2)
                                                         _0264_ (net)
                      0.077441    0.000026   13.371420 v _1388_/A1 (sky130_fd_sc_hd__o221a_2)
     4    0.017018    0.155669    0.625390   13.996809 v _1388_/X (sky130_fd_sc_hd__o221a_2)
                                                         _0658_ (net)
                      0.155669    0.000479   13.997288 v _1393_/A2 (sky130_fd_sc_hd__o31ai_2)
     3    0.010843    0.462212    0.535232   14.532520 ^ _1393_/Y (sky130_fd_sc_hd__o31ai_2)
                                                         _0663_ (net)
                      0.462212    0.000132   14.532653 ^ _1406_/A2 (sky130_fd_sc_hd__a21o_2)
     1    0.009298    0.100535    0.421592   14.954245 ^ _1406_/X (sky130_fd_sc_hd__a21o_2)
                                                         _0676_ (net)
                      0.100535    0.000103   14.954348 ^ _1407_/B (sky130_fd_sc_hd__xnor2_2)
     4    0.022316    0.249214    0.246878   15.201225 v _1407_/Y (sky130_fd_sc_hd__xnor2_2)
                                                         _0677_ (net)
                      0.249214    0.000233   15.201458 v _1473_/A2 (sky130_fd_sc_hd__a21bo_2)
     1    0.003877    0.064525    0.458225   15.659684 v _1473_/X (sky130_fd_sc_hd__a21bo_2)
                                                         _0718_ (net)
                      0.064525    0.000043   15.659726 v fanout16/A (sky130_fd_sc_hd__clkdlybuf4s25_1)
     5    0.024443    0.339475    0.671571   16.331297 v fanout16/X (sky130_fd_sc_hd__clkdlybuf4s25_1)
                                                         net16 (net)
                      0.339475    0.000844   16.332142 v _1539_/B1 (sky130_fd_sc_hd__a31o_2)
     1    0.002934    0.062950    0.496668   16.828810 v _1539_/X (sky130_fd_sc_hd__a31o_2)
                                                         _0767_ (net)
                      0.062950    0.000028   16.828838 v _1540_/C1 (sky130_fd_sc_hd__o211a_2)
     1    0.002510    0.067951    0.200737   17.029575 v _1540_/X (sky130_fd_sc_hd__o211a_2)
                                                         _0045_ (net)
                      0.067951    0.000030   17.029604 v _1617_/D (sky130_fd_sc_hd__dfxtp_2)
                                             17.029604   data arrival time

                                 20.000000   20.000000   clock clk (rise edge)
                                  0.000000   20.000000   clock source latency
     1    0.018955    0.142613    0.097035   20.097036 ^ clk (in)
                                                         clk (net)
                      0.142616    0.000000   20.097036 ^ clkbuf_0_clk/A (sky130_fd_sc_hd__clkbuf_16)
     8    0.082146    0.151088    0.329123   20.426159 ^ clkbuf_0_clk/X (sky130_fd_sc_hd__clkbuf_16)
                                                         clknet_0_clk (net)
                      0.151103    0.001638   20.427797 ^ clkbuf_3_1__f_clk/A (sky130_fd_sc_hd__clkbuf_16)
     8    0.021473    0.069260    0.260920   20.688717 ^ clkbuf_3_1__f_clk/X (sky130_fd_sc_hd__clkbuf_16)
                                                         clknet_3_1__leaf_clk (net)
                      0.069260    0.000194   20.688911 ^ _1617_/CLK (sky130_fd_sc_hd__dfxtp_2)
                                 -0.250000   20.438911   clock uncertainty
                                  0.000000   20.438911   clock reconvergence pessimism
                                 -0.273734   20.165176   library setup time
                                             20.165176   data required time
---------------------------------------------------------------------------------------------
                                             20.165176   data required time
                                            -17.029604   data arrival time
---------------------------------------------------------------------------------------------
                                              3.135572   slack (MET)


Startpoint: _1595_ (rising edge-triggered flip-flop clocked by clk)
Endpoint: _1611_ (rising edge-triggered flip-flop clocked by clk)
Path Group: clk
Path Type: max

Fanout         Cap        Slew       Delay        Time   Description
---------------------------------------------------------------------------------------------
                                  0.000000    0.000000   clock clk (rise edge)
                                  0.000000    0.000000   clock source latency
     1    0.018955    0.142613    0.097036    0.097036 ^ clk (in)
                                                         clk (net)
                      0.142616    0.000000    0.097036 ^ clkbuf_0_clk/A (sky130_fd_sc_hd__clkbuf_16)
     8    0.082146    0.151088    0.329123    0.426159 ^ clkbuf_0_clk/X (sky130_fd_sc_hd__clkbuf_16)
                                                         clknet_0_clk (net)
                      0.151110    0.001851    0.428010 ^ clkbuf_3_6__f_clk/A (sky130_fd_sc_hd__clkbuf_16)
     8    0.022215    0.070185    0.261835    0.689845 ^ clkbuf_3_6__f_clk/X (sky130_fd_sc_hd__clkbuf_16)
                                                         clknet_3_6__leaf_clk (net)
                      0.070207    0.000432    0.690277 ^ _1595_/CLK (sky130_fd_sc_hd__dfxtp_2)
     1    0.002468    0.038396    0.591986    1.282263 v _1595_/Q (sky130_fd_sc_hd__dfxtp_2)
                                                         u_dp.b_q[3] (net)
                      0.038396    0.000022    1.282285 v fanout51/A (sky130_fd_sc_hd__clkdlybuf4s25_1)
     7    0.046566    0.621874    0.869333    2.151618 v fanout51/X (sky130_fd_sc_hd__clkdlybuf4s25_1)
                                                         net51 (net)
                      0.621874    0.000951    2.152568 v fanout50/A (sky130_fd_sc_hd__clkdlybuf4s25_1)
    10    0.042431    0.569580    1.052374    3.204942 v fanout50/X (sky130_fd_sc_hd__clkdlybuf4s25_1)
                                                         net50 (net)
                      0.569580    0.001241    3.206183 v _0808_/B (sky130_fd_sc_hd__and3_2)
     3    0.008960    0.098713    0.693947    3.900131 v _0808_/X (sky130_fd_sc_hd__and3_2)
                                                         _0078_ (net)
                      0.098713    0.000099    3.900229 v _0811_/A (sky130_fd_sc_hd__or3_2)
     2    0.003822    0.172106    1.115273    5.015502 v _0811_/X (sky130_fd_sc_hd__or3_2)
                                                         _0081_ (net)
                      0.172106    0.000030    5.015532 v _0812_/B (sky130_fd_sc_hd__and2b_2)
     1    0.003697    0.073198    0.454194    5.469726 v _0812_/X (sky130_fd_sc_hd__and2b_2)
                                                         _0082_ (net)
                      0.073198    0.000059    5.469785 v fanout22/A (sky130_fd_sc_hd__clkdlybuf4s25_1)
     9    0.062517    0.827951    1.036400    6.506185 v fanout22/X (sky130_fd_sc_hd__clkdlybuf4s25_1)
                                                         net22 (net)
                      0.827952    0.002473    6.508658 v fanout21/A (sky130_fd_sc_hd__clkdlybuf4s25_1)
     7    0.052954    0.705369    1.193431    7.702089 v fanout21/X (sky130_fd_sc_hd__clkdlybuf4s25_1)
                                                         net21 (net)
                      0.705370    0.002430    7.704519 v fanout20/A (sky130_fd_sc_hd__clkdlybuf4s25_1)
    10    0.068900    0.911362    1.321392    9.025911 v fanout20/X (sky130_fd_sc_hd__clkdlybuf4s25_1)
                                                         net20 (net)
                      0.911362    0.001532    9.027443 v _0890_/A (sky130_fd_sc_hd__xor2_2)
     2    0.006891    0.208396    0.604389    9.631832 v _0890_/X (sky130_fd_sc_hd__xor2_2)
                                                         _0160_ (net)
                      0.208396    0.000042    9.631874 v _0893_/B (sky130_fd_sc_hd__or2_2)
     1    0.001766    0.104300    0.655067   10.286942 v _0893_/X (sky130_fd_sc_hd__or2_2)
                                                         _0163_ (net)
                      0.104300    0.000016   10.286958 v _0894_/B (sky130_fd_sc_hd__and2_2)
     3    0.020393    0.140511    0.502708   10.789665 v _0894_/X (sky130_fd_sc_hd__and2_2)
                                                         _0164_ (net)
                      0.140511    0.000125   10.789791 v _0895_/B (sky130_fd_sc_hd__nor2_2)
     2    0.015504    0.312643    0.305687   11.095478 ^ _0895_/Y (sky130_fd_sc_hd__nor2_2)
                                                         _0165_ (net)
                      0.312643    0.000034   11.095511 ^ _0896_/B (sky130_fd_sc_hd__xor2_2)
     2    0.013905    0.321251    0.426434   11.521946 ^ _0896_/X (sky130_fd_sc_hd__xor2_2)
                                                         _0166_ (net)
                      0.321251    0.000136   11.522081 ^ _0901_/B (sky130_fd_sc_hd__xnor2_2)
     2    0.006423    0.125226    0.209739   11.731820 v _0901_/Y (sky130_fd_sc_hd__xnor2_2)
                                                         _0171_ (net)
                      0.125226    0.000036   11.731856 v _0983_/A (sky130_fd_sc_hd__and2_2)
     1    0.004893    0.079825    0.388047   12.119904 v _0983_/X (sky130_fd_sc_hd__and2_2)
                                                         _0253_ (net)
                      0.079825    0.000052   12.119955 v _0984_/B (sky130_fd_sc_hd__nor2_2)
     2    0.015553    0.305563    0.281611   12.401567 ^ _0984_/Y (sky130_fd_sc_hd__nor2_2)
                                                         _0254_ (net)
                      0.305563    0.000219   12.401786 ^ _0985_/B (sky130_fd_sc_hd__xor2_2)
     2    0.014987    0.351375    0.438475   12.840261 ^ _0985_/X (sky130_fd_sc_hd__xor2_2)
                                                         _0255_ (net)
                      0.351375    0.000115   12.840376 ^ _0992_/A (sky130_fd_sc_hd__nand2_2)
     2    0.004708    0.102744    0.176893   13.017269 v _0992_/Y (sky130_fd_sc_hd__nand2_2)
                                                         _0262_ (net)
                      0.102744    0.000039   13.017308 v _0994_/A_N (sky130_fd_sc_hd__nand2b_2)
     1    0.002730    0.077441    0.354086   13.371394 v _0994_/Y (sky130_fd_sc_hd__nand2b_2)
                                                         _0264_ (net)
                      0.077441    0.000026   13.371420 v _1388_/A1 (sky130_fd_sc_hd__o221a_2)
     4    0.017018    0.155669    0.625390   13.996809 v _1388_/X (sky130_fd_sc_hd__o221a_2)
                                                         _0658_ (net)
                      0.155669    0.000479   13.997288 v _1393_/A2 (sky130_fd_sc_hd__o31ai_2)
     3    0.010843    0.462212    0.535232   14.532520 ^ _1393_/Y (sky130_fd_sc_hd__o31ai_2)
                                                         _0663_ (net)
                      0.462212    0.000132   14.532653 ^ _1406_/A2 (sky130_fd_sc_hd__a21o_2)
     1    0.009298    0.100535    0.421592   14.954245 ^ _1406_/X (sky130_fd_sc_hd__a21o_2)
                                                         _0676_ (net)
                      0.100535    0.000103   14.954348 ^ _1407_/B (sky130_fd_sc_hd__xnor2_2)
     4    0.022316    0.249214    0.246878   15.201225 v _1407_/Y (sky130_fd_sc_hd__xnor2_2)
                                                         _0677_ (net)
                      0.249214    0.000233   15.201458 v _1473_/A2 (sky130_fd_sc_hd__a21bo_2)
     1    0.003877    0.064525    0.458225   15.659684 v _1473_/X (sky130_fd_sc_hd__a21bo_2)
                                                         _0718_ (net)
                      0.064525    0.000043   15.659726 v fanout16/A (sky130_fd_sc_hd__clkdlybuf4s25_1)
     5    0.024443    0.339475    0.671571   16.331297 v fanout16/X (sky130_fd_sc_hd__clkdlybuf4s25_1)
                                                         net16 (net)
                      0.339475    0.000689   16.331987 v _1515_/B1 (sky130_fd_sc_hd__a31o_2)
     1    0.003722    0.066586    0.503240   16.835228 v _1515_/X (sky130_fd_sc_hd__a31o_2)
                                                         _0749_ (net)
                      0.066586    0.000048   16.835276 v _1516_/C1 (sky130_fd_sc_hd__o211a_2)
     1    0.002238    0.066728    0.200602   17.035877 v _1516_/X (sky130_fd_sc_hd__o211a_2)
                                                         _0039_ (net)
                      0.066728    0.000021   17.035898 v _1611_/D (sky130_fd_sc_hd__dfxtp_2)
                                             17.035898   data arrival time

                                 20.000000   20.000000   clock clk (rise edge)
                                  0.000000   20.000000   clock source latency
     1    0.018955    0.142613    0.097035   20.097036 ^ clk (in)
                                                         clk (net)
                      0.142616    0.000000   20.097036 ^ clkbuf_0_clk/A (sky130_fd_sc_hd__clkbuf_16)
     8    0.082146    0.151088    0.329123   20.426159 ^ clkbuf_0_clk/X (sky130_fd_sc_hd__clkbuf_16)
                                                         clknet_0_clk (net)
                      0.151092    0.001094   20.427254 ^ clkbuf_3_4__f_clk/A (sky130_fd_sc_hd__clkbuf_16)
     8    0.029186    0.079270    0.271724   20.698977 ^ clkbuf_3_4__f_clk/X (sky130_fd_sc_hd__clkbuf_16)
                                                         clknet_3_4__leaf_clk (net)
                      0.079271    0.000385   20.699364 ^ _1611_/CLK (sky130_fd_sc_hd__dfxtp_2)
                                 -0.250000   20.449364   clock uncertainty
                                  0.000000   20.449364   clock reconvergence pessimism
                                 -0.270515   20.178850   library setup time
                                             20.178850   data required time
---------------------------------------------------------------------------------------------
                                             20.178850   data required time
                                            -17.035898   data arrival time
---------------------------------------------------------------------------------------------
                                              3.142951   slack (MET)


Startpoint: _1595_ (rising edge-triggered flip-flop clocked by clk)
Endpoint: _1575_ (rising edge-triggered flip-flop clocked by clk)
Path Group: clk
Path Type: max

Fanout         Cap        Slew       Delay        Time   Description
---------------------------------------------------------------------------------------------
                                  0.000000    0.000000   clock clk (rise edge)
                                  0.000000    0.000000   clock source latency
     1    0.018955    0.142613    0.097036    0.097036 ^ clk (in)
                                                         clk (net)
                      0.142616    0.000000    0.097036 ^ clkbuf_0_clk/A (sky130_fd_sc_hd__clkbuf_16)
     8    0.082146    0.151088    0.329123    0.426159 ^ clkbuf_0_clk/X (sky130_fd_sc_hd__clkbuf_16)
                                                         clknet_0_clk (net)
                      0.151110    0.001851    0.428010 ^ clkbuf_3_6__f_clk/A (sky130_fd_sc_hd__clkbuf_16)
     8    0.022215    0.070185    0.261835    0.689845 ^ clkbuf_3_6__f_clk/X (sky130_fd_sc_hd__clkbuf_16)
                                                         clknet_3_6__leaf_clk (net)
                      0.070207    0.000432    0.690277 ^ _1595_/CLK (sky130_fd_sc_hd__dfxtp_2)
     1    0.002468    0.038396    0.591986    1.282263 v _1595_/Q (sky130_fd_sc_hd__dfxtp_2)
                                                         u_dp.b_q[3] (net)
                      0.038396    0.000022    1.282285 v fanout51/A (sky130_fd_sc_hd__clkdlybuf4s25_1)
     7    0.046566    0.621874    0.869333    2.151618 v fanout51/X (sky130_fd_sc_hd__clkdlybuf4s25_1)
                                                         net51 (net)
                      0.621874    0.000951    2.152568 v fanout50/A (sky130_fd_sc_hd__clkdlybuf4s25_1)
    10    0.042431    0.569580    1.052374    3.204942 v fanout50/X (sky130_fd_sc_hd__clkdlybuf4s25_1)
                                                         net50 (net)
                      0.569580    0.001241    3.206183 v _0808_/B (sky130_fd_sc_hd__and3_2)
     3    0.008960    0.098713    0.693947    3.900131 v _0808_/X (sky130_fd_sc_hd__and3_2)
                                                         _0078_ (net)
                      0.098713    0.000099    3.900229 v _0811_/A (sky130_fd_sc_hd__or3_2)
     2    0.003822    0.172106    1.115273    5.015502 v _0811_/X (sky130_fd_sc_hd__or3_2)
                                                         _0081_ (net)
                      0.172106    0.000030    5.015532 v _0812_/B (sky130_fd_sc_hd__and2b_2)
     1    0.003697    0.073198    0.454194    5.469726 v _0812_/X (sky130_fd_sc_hd__and2b_2)
                                                         _0082_ (net)
                      0.073198    0.000059    5.469785 v fanout22/A (sky130_fd_sc_hd__clkdlybuf4s25_1)
     9    0.062517    0.827951    1.036400    6.506185 v fanout22/X (sky130_fd_sc_hd__clkdlybuf4s25_1)
                                                         net22 (net)
                      0.827952    0.002473    6.508658 v fanout21/A (sky130_fd_sc_hd__clkdlybuf4s25_1)
     7    0.052954    0.705369    1.193431    7.702089 v fanout21/X (sky130_fd_sc_hd__clkdlybuf4s25_1)
                                                         net21 (net)
                      0.705370    0.002430    7.704519 v fanout20/A (sky130_fd_sc_hd__clkdlybuf4s25_1)
    10    0.068900    0.911362    1.321392    9.025911 v fanout20/X (sky130_fd_sc_hd__clkdlybuf4s25_1)
                                                         net20 (net)
                      0.911362    0.001532    9.027443 v _0890_/A (sky130_fd_sc_hd__xor2_2)
     2    0.006891    0.208396    0.604389    9.631832 v _0890_/X (sky130_fd_sc_hd__xor2_2)
                                                         _0160_ (net)
                      0.208396    0.000042    9.631874 v _0893_/B (sky130_fd_sc_hd__or2_2)
     1    0.001766    0.104300    0.655067   10.286942 v _0893_/X (sky130_fd_sc_hd__or2_2)
                                                         _0163_ (net)
                      0.104300    0.000016   10.286958 v _0894_/B (sky130_fd_sc_hd__and2_2)
     3    0.020393    0.140511    0.502708   10.789665 v _0894_/X (sky130_fd_sc_hd__and2_2)
                                                         _0164_ (net)
                      0.140511    0.000125   10.789791 v _0895_/B (sky130_fd_sc_hd__nor2_2)
     2    0.015504    0.312643    0.305687   11.095478 ^ _0895_/Y (sky130_fd_sc_hd__nor2_2)
                                                         _0165_ (net)
                      0.312643    0.000034   11.095511 ^ _0896_/B (sky130_fd_sc_hd__xor2_2)
     2    0.013905    0.321251    0.426434   11.521946 ^ _0896_/X (sky130_fd_sc_hd__xor2_2)
                                                         _0166_ (net)
                      0.321251    0.000136   11.522081 ^ _0901_/B (sky130_fd_sc_hd__xnor2_2)
     2    0.006423    0.125226    0.209739   11.731820 v _0901_/Y (sky130_fd_sc_hd__xnor2_2)
                                                         _0171_ (net)
                      0.125226    0.000036   11.731856 v _0983_/A (sky130_fd_sc_hd__and2_2)
     1    0.004893    0.079825    0.388047   12.119904 v _0983_/X (sky130_fd_sc_hd__and2_2)
                                                         _0253_ (net)
                      0.079825    0.000052   12.119955 v _0984_/B (sky130_fd_sc_hd__nor2_2)
     2    0.015553    0.305563    0.281611   12.401567 ^ _0984_/Y (sky130_fd_sc_hd__nor2_2)
                                                         _0254_ (net)
                      0.305563    0.000219   12.401786 ^ _0985_/B (sky130_fd_sc_hd__xor2_2)
     2    0.014987    0.351375    0.438475   12.840261 ^ _0985_/X (sky130_fd_sc_hd__xor2_2)
                                                         _0255_ (net)
                      0.351375    0.000115   12.840376 ^ _0992_/A (sky130_fd_sc_hd__nand2_2)
     2    0.004708    0.102744    0.176893   13.017269 v _0992_/Y (sky130_fd_sc_hd__nand2_2)
                                                         _0262_ (net)
                      0.102744    0.000039   13.017308 v _0994_/A_N (sky130_fd_sc_hd__nand2b_2)
     1    0.002730    0.077441    0.354086   13.371394 v _0994_/Y (sky130_fd_sc_hd__nand2b_2)
                                                         _0264_ (net)
                      0.077441    0.000026   13.371420 v _1388_/A1 (sky130_fd_sc_hd__o221a_2)
     4    0.017018    0.155669    0.625390   13.996809 v _1388_/X (sky130_fd_sc_hd__o221a_2)
                                                         _0658_ (net)
                      0.155669    0.000479   13.997288 v _1393_/A2 (sky130_fd_sc_hd__o31ai_2)
     3    0.010843    0.462212    0.535232   14.532520 ^ _1393_/Y (sky130_fd_sc_hd__o31ai_2)
                                                         _0663_ (net)
                      0.462212    0.000207   14.532727 ^ _1394_/B (sky130_fd_sc_hd__nand2_2)
     2    0.008072    0.120655    0.245961   14.778689 v _1394_/Y (sky130_fd_sc_hd__nand2_2)
                                                         _0664_ (net)
                      0.120655    0.000091   14.778780 v _1405_/A2 (sky130_fd_sc_hd__o211ai_2)
     5    0.029415    0.606800    0.562321   15.341102 ^ _1405_/Y (sky130_fd_sc_hd__o211ai_2)
                                                         _0675_ (net)
                      0.606800    0.000378   15.341479 ^ _1409_/A (sky130_fd_sc_hd__xnor2_2)
     1    0.002436    0.112723    0.282203   15.623682 v _1409_/Y (sky130_fd_sc_hd__xnor2_2)
                                                         _0679_ (net)
                      0.112723    0.000009   15.623692 v _1410_/A2 (sky130_fd_sc_hd__a21o_2)
     1    0.002950    0.057526    0.391001   16.014692 v _1410_/X (sky130_fd_sc_hd__a21o_2)
                                                         _0680_ (net)
                      0.057526    0.000041   16.014732 v _1411_/B (sky130_fd_sc_hd__and2_2)
     1    0.001907    0.066635    0.376680   16.391413 v _1411_/X (sky130_fd_sc_hd__and2_2)
                                                         _0003_ (net)
                      0.066635    0.000009   16.391422 v _1575_/D (sky130_fd_sc_hd__dfxtp_2)
                                             16.391422   data arrival time

                                 20.000000   20.000000   clock clk (rise edge)
                                  0.000000   20.000000   clock source latency
     1    0.018955    0.142613    0.097035   20.097036 ^ clk (in)
                                                         clk (net)
                      0.142616    0.000000   20.097036 ^ clkbuf_0_clk/A (sky130_fd_sc_hd__clkbuf_16)
     8    0.082146    0.151088    0.329123   20.426159 ^ clkbuf_0_clk/X (sky130_fd_sc_hd__clkbuf_16)
                                                         clknet_0_clk (net)
                      0.151103    0.001638   20.427797 ^ clkbuf_3_1__f_clk/A (sky130_fd_sc_hd__clkbuf_16)
     8    0.021473    0.069260    0.260920   20.688717 ^ clkbuf_3_1__f_clk/X (sky130_fd_sc_hd__clkbuf_16)
                                                         clknet_3_1__leaf_clk (net)
                      0.069260    0.000181   20.688898 ^ _1575_/CLK (sky130_fd_sc_hd__dfxtp_2)
                                 -0.250000   20.438900   clock uncertainty
                                  0.000000   20.438900   clock reconvergence pessimism
                                 -0.273187   20.165712   library setup time
                                             20.165712   data required time
---------------------------------------------------------------------------------------------
                                             20.165712   data required time
                                            -16.391422   data arrival time
---------------------------------------------------------------------------------------------
                                              3.774289   slack (MET)


Startpoint: _1595_ (rising edge-triggered flip-flop clocked by clk)
Endpoint: _1623_ (rising edge-triggered flip-flop clocked by clk)
Path Group: clk
Path Type: max

Fanout         Cap        Slew       Delay        Time   Description
---------------------------------------------------------------------------------------------
                                  0.000000    0.000000   clock clk (rise edge)
                                  0.000000    0.000000   clock source latency
     1    0.018955    0.142613    0.097036    0.097036 ^ clk (in)
                                                         clk (net)
                      0.142616    0.000000    0.097036 ^ clkbuf_0_clk/A (sky130_fd_sc_hd__clkbuf_16)
     8    0.082146    0.151088    0.329123    0.426159 ^ clkbuf_0_clk/X (sky130_fd_sc_hd__clkbuf_16)
                                                         clknet_0_clk (net)
                      0.151110    0.001851    0.428010 ^ clkbuf_3_6__f_clk/A (sky130_fd_sc_hd__clkbuf_16)
     8    0.022215    0.070185    0.261835    0.689845 ^ clkbuf_3_6__f_clk/X (sky130_fd_sc_hd__clkbuf_16)
                                                         clknet_3_6__leaf_clk (net)
                      0.070207    0.000432    0.690277 ^ _1595_/CLK (sky130_fd_sc_hd__dfxtp_2)
     1    0.002468    0.038396    0.591986    1.282263 v _1595_/Q (sky130_fd_sc_hd__dfxtp_2)
                                                         u_dp.b_q[3] (net)
                      0.038396    0.000022    1.282285 v fanout51/A (sky130_fd_sc_hd__clkdlybuf4s25_1)
     7    0.046566    0.621874    0.869333    2.151618 v fanout51/X (sky130_fd_sc_hd__clkdlybuf4s25_1)
                                                         net51 (net)
                      0.621874    0.000951    2.152568 v fanout50/A (sky130_fd_sc_hd__clkdlybuf4s25_1)
    10    0.042431    0.569580    1.052374    3.204942 v fanout50/X (sky130_fd_sc_hd__clkdlybuf4s25_1)
                                                         net50 (net)
                      0.569580    0.001241    3.206183 v _0808_/B (sky130_fd_sc_hd__and3_2)
     3    0.008960    0.098713    0.693947    3.900131 v _0808_/X (sky130_fd_sc_hd__and3_2)
                                                         _0078_ (net)
                      0.098713    0.000099    3.900229 v _0811_/A (sky130_fd_sc_hd__or3_2)
     2    0.003822    0.172106    1.115273    5.015502 v _0811_/X (sky130_fd_sc_hd__or3_2)
                                                         _0081_ (net)
                      0.172106    0.000030    5.015532 v _0812_/B (sky130_fd_sc_hd__and2b_2)
     1    0.003697    0.073198    0.454194    5.469726 v _0812_/X (sky130_fd_sc_hd__and2b_2)
                                                         _0082_ (net)
                      0.073198    0.000059    5.469785 v fanout22/A (sky130_fd_sc_hd__clkdlybuf4s25_1)
     9    0.062517    0.827951    1.036400    6.506185 v fanout22/X (sky130_fd_sc_hd__clkdlybuf4s25_1)
                                                         net22 (net)
                      0.827952    0.002473    6.508658 v fanout21/A (sky130_fd_sc_hd__clkdlybuf4s25_1)
     7    0.052954    0.705369    1.193431    7.702089 v fanout21/X (sky130_fd_sc_hd__clkdlybuf4s25_1)
                                                         net21 (net)
                      0.705370    0.002430    7.704519 v fanout20/A (sky130_fd_sc_hd__clkdlybuf4s25_1)
    10    0.068900    0.911362    1.321392    9.025911 v fanout20/X (sky130_fd_sc_hd__clkdlybuf4s25_1)
                                                         net20 (net)
                      0.911362    0.001532    9.027443 v _0890_/A (sky130_fd_sc_hd__xor2_2)
     2    0.006891    0.208396    0.604389    9.631832 v _0890_/X (sky130_fd_sc_hd__xor2_2)
                                                         _0160_ (net)
                      0.208396    0.000042    9.631874 v _0893_/B (sky130_fd_sc_hd__or2_2)
     1    0.001766    0.104300    0.655067   10.286942 v _0893_/X (sky130_fd_sc_hd__or2_2)
                                                         _0163_ (net)
                      0.104300    0.000016   10.286958 v _0894_/B (sky130_fd_sc_hd__and2_2)
     3    0.020393    0.140511    0.502708   10.789665 v _0894_/X (sky130_fd_sc_hd__and2_2)
                                                         _0164_ (net)
                      0.140511    0.000125   10.789791 v _0895_/B (sky130_fd_sc_hd__nor2_2)
     2    0.015504    0.312643    0.305687   11.095478 ^ _0895_/Y (sky130_fd_sc_hd__nor2_2)
                                                         _0165_ (net)
                      0.312643    0.000034   11.095511 ^ _0896_/B (sky130_fd_sc_hd__xor2_2)
     2    0.013905    0.321251    0.426434   11.521946 ^ _0896_/X (sky130_fd_sc_hd__xor2_2)
                                                         _0166_ (net)
                      0.321251    0.000136   11.522081 ^ _0901_/B (sky130_fd_sc_hd__xnor2_2)
     2    0.006423    0.125226    0.209739   11.731820 v _0901_/Y (sky130_fd_sc_hd__xnor2_2)
                                                         _0171_ (net)
                      0.125226    0.000036   11.731856 v _0983_/A (sky130_fd_sc_hd__and2_2)
     1    0.004893    0.079825    0.388047   12.119904 v _0983_/X (sky130_fd_sc_hd__and2_2)
                                                         _0253_ (net)
                      0.079825    0.000052   12.119955 v _0984_/B (sky130_fd_sc_hd__nor2_2)
     2    0.015553    0.305563    0.281611   12.401567 ^ _0984_/Y (sky130_fd_sc_hd__nor2_2)
                                                         _0254_ (net)
                      0.305563    0.000219   12.401786 ^ _0985_/B (sky130_fd_sc_hd__xor2_2)
     2    0.014987    0.351375    0.438475   12.840261 ^ _0985_/X (sky130_fd_sc_hd__xor2_2)
                                                         _0255_ (net)
                      0.351375    0.000115   12.840376 ^ _0992_/A (sky130_fd_sc_hd__nand2_2)
     2    0.004708    0.102744    0.176893   13.017269 v _0992_/Y (sky130_fd_sc_hd__nand2_2)
                                                         _0262_ (net)
                      0.102744    0.000039   13.017308 v _0994_/A_N (sky130_fd_sc_hd__nand2b_2)
     1    0.002730    0.077441    0.354086   13.371394 v _0994_/Y (sky130_fd_sc_hd__nand2b_2)
                                                         _0264_ (net)
                      0.077441    0.000026   13.371420 v _1388_/A1 (sky130_fd_sc_hd__o221a_2)
     4    0.017018    0.155669    0.625390   13.996809 v _1388_/X (sky130_fd_sc_hd__o221a_2)
                                                         _0658_ (net)
                      0.155669    0.000479   13.997288 v _1393_/A2 (sky130_fd_sc_hd__o31ai_2)
     3    0.010843    0.462212    0.535232   14.532520 ^ _1393_/Y (sky130_fd_sc_hd__o31ai_2)
                                                         _0663_ (net)
                      0.462212    0.000207   14.532727 ^ _1394_/B (sky130_fd_sc_hd__nand2_2)
     2    0.008072    0.120655    0.245961   14.778689 v _1394_/Y (sky130_fd_sc_hd__nand2_2)
                                                         _0664_ (net)
                      0.120655    0.000091   14.778780 v _1405_/A2 (sky130_fd_sc_hd__o211ai_2)
     5    0.029415    0.606800    0.562321   15.341102 ^ _1405_/Y (sky130_fd_sc_hd__o211ai_2)
                                                         _0675_ (net)
                      0.606800    0.000327   15.341428 ^ _1560_/B (sky130_fd_sc_hd__nand2_2)
     1    0.002898    0.133428    0.232603   15.574032 v _1560_/Y (sky130_fd_sc_hd__nand2_2)
                                                         _0782_ (net)
                      0.133428    0.000028   15.574059 v _1561_/C1 (sky130_fd_sc_hd__o211a_2)
     1    0.003256    0.071186    0.238996   15.813056 v _1561_/X (sky130_fd_sc_hd__o211a_2)
                                                         _0051_ (net)
                      0.071186    0.000046   15.813103 v _1623_/D (sky130_fd_sc_hd__dfxtp_2)
                                             15.813103   data arrival time

                                 20.000000   20.000000   clock clk (rise edge)
                                  0.000000   20.000000   clock source latency
     1    0.018955    0.142613    0.097035   20.097036 ^ clk (in)
                                                         clk (net)
                      0.142616    0.000000   20.097036 ^ clkbuf_0_clk/A (sky130_fd_sc_hd__clkbuf_16)
     8    0.082146    0.151088    0.329123   20.426159 ^ clkbuf_0_clk/X (sky130_fd_sc_hd__clkbuf_16)
                                                         clknet_0_clk (net)
                      0.151104    0.001663   20.427822 ^ clkbuf_3_0__f_clk/A (sky130_fd_sc_hd__clkbuf_16)
     8    0.021854    0.069735    0.261421   20.689243 ^ clkbuf_3_0__f_clk/X (sky130_fd_sc_hd__clkbuf_16)
                                                         clknet_3_0__leaf_clk (net)
                      0.069757    0.000254   20.689497 ^ _1623_/CLK (sky130_fd_sc_hd__dfxtp_2)
                                 -0.250000   20.439497   clock uncertainty
                                  0.000000   20.439497   clock reconvergence pessimism
                                 -0.274945   20.164553   library setup time
                                             20.164553   data required time
---------------------------------------------------------------------------------------------
                                             20.164553   data required time
                                            -15.813103   data arrival time
---------------------------------------------------------------------------------------------
                                              4.351451   slack (MET)


Startpoint: uio_in[2] (input port clocked by clk)
Endpoint: _1587_ (rising edge-triggered flip-flop clocked by clk)
Path Group: clk
Path Type: max

Fanout         Cap        Slew       Delay        Time   Description
---------------------------------------------------------------------------------------------
                                  0.000000    0.000000   clock clk (rise edge)
                                  0.000000    0.000000   clock network delay (propagated)
                                  4.000000    4.000000 v input external delay
     1    0.003409    0.020813    0.011129    4.011129 v uio_in[2] (in)
                                                         uio_in[2] (net)
                      0.020813    0.000000    4.011129 v input12/A (sky130_fd_sc_hd__clkdlybuf4s25_1)
     5    0.014134    0.209326    0.554117    4.565246 v input12/X (sky130_fd_sc_hd__clkdlybuf4s25_1)
                                                         net12 (net)
                      0.209326    0.000258    4.565504 v _0805_/B (sky130_fd_sc_hd__or3_2)
     2    0.007311    0.193358    1.150404    5.715908 v _0805_/X (sky130_fd_sc_hd__or3_2)
                                                         _0075_ (net)
                      0.193358    0.000110    5.716017 v _1438_/B (sky130_fd_sc_hd__or3b_2)
     9    0.029965    0.302094    1.299041    7.015059 v _1438_/X (sky130_fd_sc_hd__or3b_2)
                                                         _0699_ (net)
                      0.302094    0.001091    7.016150 v _1445_/B (sky130_fd_sc_hd__or2_2)
     1    0.005279    0.126275    0.738313    7.754463 v _1445_/X (sky130_fd_sc_hd__or2_2)
                                                         _0703_ (net)
                      0.126275    0.000096    7.754559 v _1446_/B1 (sky130_fd_sc_hd__o211a_2)
     1    0.003287    0.071245    0.266201    8.020761 v _1446_/X (sky130_fd_sc_hd__o211a_2)
                                                         _0015_ (net)
                      0.071245    0.000044    8.020803 v _1587_/D (sky130_fd_sc_hd__dfxtp_2)
                                              8.020803   data arrival time

                                 20.000000   20.000000   clock clk (rise edge)
                                  0.000000   20.000000   clock source latency
     1    0.018955    0.142613    0.097035   20.097036 ^ clk (in)
                                                         clk (net)
                      0.142616    0.000000   20.097036 ^ clkbuf_0_clk/A (sky130_fd_sc_hd__clkbuf_16)
     8    0.082146    0.151088    0.329123   20.426159 ^ clkbuf_0_clk/X (sky130_fd_sc_hd__clkbuf_16)
                                                         clknet_0_clk (net)
                      0.151110    0.001851   20.428011 ^ clkbuf_3_6__f_clk/A (sky130_fd_sc_hd__clkbuf_16)
     8    0.022215    0.070185    0.261835   20.689846 ^ clkbuf_3_6__f_clk/X (sky130_fd_sc_hd__clkbuf_16)
                                                         clknet_3_6__leaf_clk (net)
                      0.070208    0.000661   20.690506 ^ _1587_/CLK (sky130_fd_sc_hd__dfxtp_2)
                                 -0.250000   20.440506   clock uncertainty
                                  0.000000   20.440506   clock reconvergence pessimism
                                 -0.274847   20.165661   library setup time
                                             20.165661   data required time
---------------------------------------------------------------------------------------------
                                             20.165661   data required time
                                             -8.020803   data arrival time
---------------------------------------------------------------------------------------------
                                             12.144856   slack (MET)


Startpoint: uio_in[2] (input port clocked by clk)
Endpoint: _1586_ (rising edge-triggered flip-flop clocked by clk)
Path Group: clk
Path Type: max

Fanout         Cap        Slew       Delay        Time   Description
---------------------------------------------------------------------------------------------
                                  0.000000    0.000000   clock clk (rise edge)
                                  0.000000    0.000000   clock network delay (propagated)
                                  4.000000    4.000000 v input external delay
     1    0.003409    0.020813    0.011129    4.011129 v uio_in[2] (in)
                                                         uio_in[2] (net)
                      0.020813    0.000000    4.011129 v input12/A (sky130_fd_sc_hd__clkdlybuf4s25_1)
     5    0.014134    0.209326    0.554117    4.565246 v input12/X (sky130_fd_sc_hd__clkdlybuf4s25_1)
                                                         net12 (net)
                      0.209326    0.000258    4.565504 v _0805_/B (sky130_fd_sc_hd__or3_2)
     2    0.007311    0.193358    1.150404    5.715908 v _0805_/X (sky130_fd_sc_hd__or3_2)
                                                         _0075_ (net)
                      0.193358    0.000110    5.716017 v _1438_/B (sky130_fd_sc_hd__or3b_2)
     9    0.029965    0.302094    1.299041    7.015059 v _1438_/X (sky130_fd_sc_hd__or3b_2)
                                                         _0699_ (net)
                      0.302094    0.000726    7.015784 v _1443_/B (sky130_fd_sc_hd__or2_2)
     1    0.005329    0.126660    0.738917    7.754701 v _1443_/X (sky130_fd_sc_hd__or2_2)
                                                         _0702_ (net)
                      0.126660    0.000107    7.754808 v _1444_/B1 (sky130_fd_sc_hd__o211a_2)
     1    0.001927    0.065991    0.256951    8.011760 v _1444_/X (sky130_fd_sc_hd__o211a_2)
                                                         _0014_ (net)
                      0.065991    0.000010    8.011769 v _1586_/D (sky130_fd_sc_hd__dfxtp_2)
                                              8.011769   data arrival time

                                 20.000000   20.000000   clock clk (rise edge)
                                  0.000000   20.000000   clock source latency
     1    0.018955    0.142613    0.097035   20.097036 ^ clk (in)
                                                         clk (net)
                      0.142616    0.000000   20.097036 ^ clkbuf_0_clk/A (sky130_fd_sc_hd__clkbuf_16)
     8    0.082146    0.151088    0.329123   20.426159 ^ clkbuf_0_clk/X (sky130_fd_sc_hd__clkbuf_16)
                                                         clknet_0_clk (net)
                      0.151110    0.001851   20.428011 ^ clkbuf_3_6__f_clk/A (sky130_fd_sc_hd__clkbuf_16)
     8    0.022215    0.070185    0.261835   20.689846 ^ clkbuf_3_6__f_clk/X (sky130_fd_sc_hd__clkbuf_16)
                                                         clknet_3_6__leaf_clk (net)
                      0.070208    0.000691   20.690536 ^ _1586_/CLK (sky130_fd_sc_hd__dfxtp_2)
                                 -0.250000   20.440536   clock uncertainty
                                  0.000000   20.440536   clock reconvergence pessimism
                                 -0.272663   20.167873   library setup time
                                             20.167873   data required time
---------------------------------------------------------------------------------------------
                                             20.167873   data required time
                                             -8.011769   data arrival time
---------------------------------------------------------------------------------------------
                                             12.156104   slack (MET)


Startpoint: uio_in[2] (input port clocked by clk)
Endpoint: _1585_ (rising edge-triggered flip-flop clocked by clk)
Path Group: clk
Path Type: max

Fanout         Cap        Slew       Delay        Time   Description
---------------------------------------------------------------------------------------------
                                  0.000000    0.000000   clock clk (rise edge)
                                  0.000000    0.000000   clock network delay (propagated)
                                  4.000000    4.000000 v input external delay
     1    0.003409    0.020813    0.011129    4.011129 v uio_in[2] (in)
                                                         uio_in[2] (net)
                      0.020813    0.000000    4.011129 v input12/A (sky130_fd_sc_hd__clkdlybuf4s25_1)
     5    0.014134    0.209326    0.554117    4.565246 v input12/X (sky130_fd_sc_hd__clkdlybuf4s25_1)
                                                         net12 (net)
                      0.209326    0.000258    4.565504 v _0805_/B (sky130_fd_sc_hd__or3_2)
     2    0.007311    0.193358    1.150404    5.715908 v _0805_/X (sky130_fd_sc_hd__or3_2)
                                                         _0075_ (net)
                      0.193358    0.000110    5.716017 v _1438_/B (sky130_fd_sc_hd__or3b_2)
     9    0.029965    0.302094    1.299041    7.015059 v _1438_/X (sky130_fd_sc_hd__or3b_2)
                                                         _0699_ (net)
                      0.302094    0.000951    7.016009 v _1441_/B (sky130_fd_sc_hd__or2_2)
     1    0.005455    0.127781    0.740407    7.756416 v _1441_/X (sky130_fd_sc_hd__or2_2)
                                                         _0701_ (net)
                      0.127781    0.000115    7.756531 v _1442_/B1 (sky130_fd_sc_hd__o211a_2)
     1    0.001946    0.065909    0.257629    8.014160 v _1442_/X (sky130_fd_sc_hd__o211a_2)
                                                         _0013_ (net)
                      0.065909    0.000009    8.014169 v _1585_/D (sky130_fd_sc_hd__dfxtp_2)
                                              8.014169   data arrival time

                                 20.000000   20.000000   clock clk (rise edge)
                                  0.000000   20.000000   clock source latency
     1    0.018955    0.142613    0.097035   20.097036 ^ clk (in)
                                                         clk (net)
                      0.142616    0.000000   20.097036 ^ clkbuf_0_clk/A (sky130_fd_sc_hd__clkbuf_16)
     8    0.082146    0.151088    0.329123   20.426159 ^ clkbuf_0_clk/X (sky130_fd_sc_hd__clkbuf_16)
                                                         clknet_0_clk (net)
                      0.151110    0.001860   20.428019 ^ clkbuf_3_7__f_clk/A (sky130_fd_sc_hd__clkbuf_16)
     8    0.025222    0.074015    0.266033   20.694052 ^ clkbuf_3_7__f_clk/X (sky130_fd_sc_hd__clkbuf_16)
                                                         clknet_3_7__leaf_clk (net)
                      0.074027    0.000835   20.694887 ^ _1585_/CLK (sky130_fd_sc_hd__dfxtp_2)
                                 -0.250000   20.444887   clock uncertainty
                                  0.000000   20.444887   clock reconvergence pessimism
                                 -0.271595   20.173292   library setup time
                                             20.173292   data required time
---------------------------------------------------------------------------------------------
                                             20.173292   data required time
                                             -8.014169   data arrival time
---------------------------------------------------------------------------------------------
                                             12.159123   slack (MET)


Startpoint: uio_in[2] (input port clocked by clk)
Endpoint: _1588_ (rising edge-triggered flip-flop clocked by clk)
Path Group: clk
Path Type: max

Fanout         Cap        Slew       Delay        Time   Description
---------------------------------------------------------------------------------------------
                                  0.000000    0.000000   clock clk (rise edge)
                                  0.000000    0.000000   clock network delay (propagated)
                                  4.000000    4.000000 v input external delay
     1    0.003409    0.020813    0.011129    4.011129 v uio_in[2] (in)
                                                         uio_in[2] (net)
                      0.020813    0.000000    4.011129 v input12/A (sky130_fd_sc_hd__clkdlybuf4s25_1)
     5    0.014134    0.209326    0.554117    4.565246 v input12/X (sky130_fd_sc_hd__clkdlybuf4s25_1)
                                                         net12 (net)
                      0.209326    0.000258    4.565504 v _0805_/B (sky130_fd_sc_hd__or3_2)
     2    0.007311    0.193358    1.150404    5.715908 v _0805_/X (sky130_fd_sc_hd__or3_2)
                                                         _0075_ (net)
                      0.193358    0.000110    5.716017 v _1438_/B (sky130_fd_sc_hd__or3b_2)
     9    0.029965    0.302094    1.299041    7.015059 v _1438_/X (sky130_fd_sc_hd__or3b_2)
                                                         _0699_ (net)
                      0.302094    0.000949    7.016008 v _1447_/B (sky130_fd_sc_hd__or2_2)
     1    0.003459    0.113779    0.716169    7.732177 v _1447_/X (sky130_fd_sc_hd__or2_2)
                                                         _0704_ (net)
                      0.113779    0.000043    7.732220 v _1448_/B1 (sky130_fd_sc_hd__o211a_2)
     1    0.002517    0.067957    0.254783    7.987002 v _1448_/X (sky130_fd_sc_hd__o211a_2)
                                                         _0016_ (net)
                      0.067957    0.000027    7.987029 v _1588_/D (sky130_fd_sc_hd__dfxtp_2)
                                              7.987029   data arrival time

                                 20.000000   20.000000   clock clk (rise edge)
                                  0.000000   20.000000   clock source latency
     1    0.018955    0.142613    0.097035   20.097036 ^ clk (in)
                                                         clk (net)
                      0.142616    0.000000   20.097036 ^ clkbuf_0_clk/A (sky130_fd_sc_hd__clkbuf_16)
     8    0.082146    0.151088    0.329123   20.426159 ^ clkbuf_0_clk/X (sky130_fd_sc_hd__clkbuf_16)
                                                         clknet_0_clk (net)
                      0.151110    0.001860   20.428019 ^ clkbuf_3_7__f_clk/A (sky130_fd_sc_hd__clkbuf_16)
     8    0.025222    0.074015    0.266033   20.694052 ^ clkbuf_3_7__f_clk/X (sky130_fd_sc_hd__clkbuf_16)
                                                         clknet_3_7__leaf_clk (net)
                      0.074030    0.000901   20.694952 ^ _1588_/CLK (sky130_fd_sc_hd__dfxtp_2)
                                 -0.250000   20.444954   clock uncertainty
                                  0.000000   20.444954   clock reconvergence pessimism
                                 -0.272445   20.172508   library setup time
                                             20.172508   data required time
---------------------------------------------------------------------------------------------
                                             20.172508   data required time
                                             -7.987029   data arrival time
---------------------------------------------------------------------------------------------
                                             12.185479   slack (MET)


Startpoint: uio_in[2] (input port clocked by clk)
Endpoint: _1589_ (rising edge-triggered flip-flop clocked by clk)
Path Group: clk
Path Type: max

Fanout         Cap        Slew       Delay        Time   Description
---------------------------------------------------------------------------------------------
                                  0.000000    0.000000   clock clk (rise edge)
                                  0.000000    0.000000   clock network delay (propagated)
                                  4.000000    4.000000 v input external delay
     1    0.003409    0.020813    0.011129    4.011129 v uio_in[2] (in)
                                                         uio_in[2] (net)
                      0.020813    0.000000    4.011129 v input12/A (sky130_fd_sc_hd__clkdlybuf4s25_1)
     5    0.014134    0.209326    0.554117    4.565246 v input12/X (sky130_fd_sc_hd__clkdlybuf4s25_1)
                                                         net12 (net)
                      0.209326    0.000258    4.565504 v _0805_/B (sky130_fd_sc_hd__or3_2)
     2    0.007311    0.193358    1.150404    5.715908 v _0805_/X (sky130_fd_sc_hd__or3_2)
                                                         _0075_ (net)
                      0.193358    0.000110    5.716017 v _1438_/B (sky130_fd_sc_hd__or3b_2)
     9    0.029965    0.302094    1.299041    7.015059 v _1438_/X (sky130_fd_sc_hd__or3b_2)
                                                         _0699_ (net)
                      0.302094    0.001032    7.016090 v _1449_/B (sky130_fd_sc_hd__or2_2)
     1    0.003027    0.111387    0.710908    7.726998 v _1449_/X (sky130_fd_sc_hd__or2_2)
                                                         _0705_ (net)
                      0.111387    0.000029    7.727027 v _1450_/B1 (sky130_fd_sc_hd__o211a_2)
     1    0.002444    0.067556    0.253115    7.980142 v _1450_/X (sky130_fd_sc_hd__o211a_2)
                                                         _0017_ (net)
                      0.067556    0.000026    7.980168 v _1589_/D (sky130_fd_sc_hd__dfxtp_2)
                                              7.980168   data arrival time

                                 20.000000   20.000000   clock clk (rise edge)
                                  0.000000   20.000000   clock source latency
     1    0.018955    0.142613    0.097035   20.097036 ^ clk (in)
                                                         clk (net)
                      0.142616    0.000000   20.097036 ^ clkbuf_0_clk/A (sky130_fd_sc_hd__clkbuf_16)
     8    0.082146    0.151088    0.329123   20.426159 ^ clkbuf_0_clk/X (sky130_fd_sc_hd__clkbuf_16)
                                                         clknet_0_clk (net)
                      0.151110    0.001851   20.428011 ^ clkbuf_3_6__f_clk/A (sky130_fd_sc_hd__clkbuf_16)
     8    0.022215    0.070185    0.261835   20.689846 ^ clkbuf_3_6__f_clk/X (sky130_fd_sc_hd__clkbuf_16)
                                                         clknet_3_6__leaf_clk (net)
                      0.070208    0.000712   20.690557 ^ _1589_/CLK (sky130_fd_sc_hd__dfxtp_2)
                                 -0.250000   20.440557   clock uncertainty
                                  0.000000   20.440557   clock reconvergence pessimism
                                 -0.273313   20.167244   library setup time
                                             20.167244   data required time
---------------------------------------------------------------------------------------------
                                             20.167244   data required time
                                             -7.980168   data arrival time
---------------------------------------------------------------------------------------------
                                             12.187077   slack (MET)


Startpoint: uio_in[2] (input port clocked by clk)
Endpoint: _1584_ (rising edge-triggered flip-flop clocked by clk)
Path Group: clk
Path Type: max

Fanout         Cap        Slew       Delay        Time   Description
---------------------------------------------------------------------------------------------
                                  0.000000    0.000000   clock clk (rise edge)
                                  0.000000    0.000000   clock network delay (propagated)
                                  4.000000    4.000000 v input external delay
     1    0.003409    0.020813    0.011129    4.011129 v uio_in[2] (in)
                                                         uio_in[2] (net)
                      0.020813    0.000000    4.011129 v input12/A (sky130_fd_sc_hd__clkdlybuf4s25_1)
     5    0.014134    0.209326    0.554117    4.565246 v input12/X (sky130_fd_sc_hd__clkdlybuf4s25_1)
                                                         net12 (net)
                      0.209326    0.000258    4.565504 v _0805_/B (sky130_fd_sc_hd__or3_2)
     2    0.007311    0.193358    1.150404    5.715908 v _0805_/X (sky130_fd_sc_hd__or3_2)
                                                         _0075_ (net)
                      0.193358    0.000110    5.716017 v _1438_/B (sky130_fd_sc_hd__or3b_2)
     9    0.029965    0.302094    1.299041    7.015059 v _1438_/X (sky130_fd_sc_hd__or3b_2)
                                                         _0699_ (net)
                      0.302094    0.000470    7.015529 v _1439_/B (sky130_fd_sc_hd__or2_2)
     1    0.003572    0.114414    0.717550    7.733078 v _1439_/X (sky130_fd_sc_hd__or2_2)
                                                         _0700_ (net)
                      0.114414    0.000044    7.733123 v _1440_/B1 (sky130_fd_sc_hd__o211a_2)
     1    0.001993    0.065335    0.251458    7.984581 v _1440_/X (sky130_fd_sc_hd__o211a_2)
                                                         _0012_ (net)
                      0.065335    0.000018    7.984599 v _1584_/D (sky130_fd_sc_hd__dfxtp_2)
                                              7.984599   data arrival time

                                 20.000000   20.000000   clock clk (rise edge)
                                  0.000000   20.000000   clock source latency
     1    0.018955    0.142613    0.097035   20.097036 ^ clk (in)
                                                         clk (net)
                      0.142616    0.000000   20.097036 ^ clkbuf_0_clk/A (sky130_fd_sc_hd__clkbuf_16)
     8    0.082146    0.151088    0.329123   20.426159 ^ clkbuf_0_clk/X (sky130_fd_sc_hd__clkbuf_16)
                                                         clknet_0_clk (net)
                      0.151104    0.001657   20.427816 ^ clkbuf_3_5__f_clk/A (sky130_fd_sc_hd__clkbuf_16)
     8    0.026810    0.076083    0.268489   20.696306 ^ clkbuf_3_5__f_clk/X (sky130_fd_sc_hd__clkbuf_16)
                                                         clknet_3_5__leaf_clk (net)
                      0.076083    0.000211   20.696518 ^ _1584_/CLK (sky130_fd_sc_hd__dfxtp_2)
                                 -0.250000   20.446518   clock uncertainty
                                  0.000000   20.446518   clock reconvergence pessimism
                                 -0.270799   20.175720   library setup time
                                             20.175720   data required time
---------------------------------------------------------------------------------------------
                                             20.175720   data required time
                                             -7.984599   data arrival time
---------------------------------------------------------------------------------------------
                                             12.191120   slack (MET)


Startpoint: uio_in[2] (input port clocked by clk)
Endpoint: _1591_ (rising edge-triggered flip-flop clocked by clk)
Path Group: clk
Path Type: max

Fanout         Cap        Slew       Delay        Time   Description
---------------------------------------------------------------------------------------------
                                  0.000000    0.000000   clock clk (rise edge)
                                  0.000000    0.000000   clock network delay (propagated)
                                  4.000000    4.000000 v input external delay
     1    0.003409    0.020813    0.011129    4.011129 v uio_in[2] (in)
                                                         uio_in[2] (net)
                      0.020813    0.000000    4.011129 v input12/A (sky130_fd_sc_hd__clkdlybuf4s25_1)
     5    0.014134    0.209326    0.554117    4.565246 v input12/X (sky130_fd_sc_hd__clkdlybuf4s25_1)
                                                         net12 (net)
                      0.209326    0.000258    4.565504 v _0805_/B (sky130_fd_sc_hd__or3_2)
     2    0.007311    0.193358    1.150404    5.715908 v _0805_/X (sky130_fd_sc_hd__or3_2)
                                                         _0075_ (net)
                      0.193358    0.000110    5.716017 v _1438_/B (sky130_fd_sc_hd__or3b_2)
     9    0.029965    0.302094    1.299041    7.015059 v _1438_/X (sky130_fd_sc_hd__or3b_2)
                                                         _0699_ (net)
                      0.302094    0.000522    7.015580 v _1453_/B (sky130_fd_sc_hd__or2_2)
     1    0.002905    0.110703    0.709425    7.725005 v _1453_/X (sky130_fd_sc_hd__or2_2)
                                                         _0707_ (net)
                      0.110703    0.000028    7.725033 v _1454_/B1 (sky130_fd_sc_hd__o211a_2)
     1    0.002144    0.066483    0.250703    7.975736 v _1454_/X (sky130_fd_sc_hd__o211a_2)
                                                         _0019_ (net)
                      0.066483    0.000021    7.975757 v _1591_/D (sky130_fd_sc_hd__dfxtp_2)
                                              7.975757   data arrival time

                                 20.000000   20.000000   clock clk (rise edge)
                                  0.000000   20.000000   clock source latency
     1    0.018955    0.142613    0.097035   20.097036 ^ clk (in)
                                                         clk (net)
                      0.142616    0.000000   20.097036 ^ clkbuf_0_clk/A (sky130_fd_sc_hd__clkbuf_16)
     8    0.082146    0.151088    0.329123   20.426159 ^ clkbuf_0_clk/X (sky130_fd_sc_hd__clkbuf_16)
                                                         clknet_0_clk (net)
                      0.151104    0.001657   20.427816 ^ clkbuf_3_5__f_clk/A (sky130_fd_sc_hd__clkbuf_16)
     8    0.026810    0.076083    0.268489   20.696306 ^ clkbuf_3_5__f_clk/X (sky130_fd_sc_hd__clkbuf_16)
                                                         clknet_3_5__leaf_clk (net)
                      0.076083    0.000254   20.696560 ^ _1591_/CLK (sky130_fd_sc_hd__dfxtp_2)
                                 -0.250000   20.446560   clock uncertainty
                                  0.000000   20.446560   clock reconvergence pessimism
                                 -0.271276   20.175283   library setup time
                                             20.175283   data required time
---------------------------------------------------------------------------------------------
                                             20.175283   data required time
                                             -7.975757   data arrival time
---------------------------------------------------------------------------------------------
                                             12.199527   slack (MET)


Startpoint: uio_in[2] (input port clocked by clk)
Endpoint: _1590_ (rising edge-triggered flip-flop clocked by clk)
Path Group: clk
Path Type: max

Fanout         Cap        Slew       Delay        Time   Description
---------------------------------------------------------------------------------------------
                                  0.000000    0.000000   clock clk (rise edge)
                                  0.000000    0.000000   clock network delay (propagated)
                                  4.000000    4.000000 v input external delay
     1    0.003409    0.020813    0.011129    4.011129 v uio_in[2] (in)
                                                         uio_in[2] (net)
                      0.020813    0.000000    4.011129 v input12/A (sky130_fd_sc_hd__clkdlybuf4s25_1)
     5    0.014134    0.209326    0.554117    4.565246 v input12/X (sky130_fd_sc_hd__clkdlybuf4s25_1)
                                                         net12 (net)
                      0.209326    0.000258    4.565504 v _0805_/B (sky130_fd_sc_hd__or3_2)
     2    0.007311    0.193358    1.150404    5.715908 v _0805_/X (sky130_fd_sc_hd__or3_2)
                                                         _0075_ (net)
                      0.193358    0.000110    5.716017 v _1438_/B (sky130_fd_sc_hd__or3b_2)
     9    0.029965    0.302094    1.299041    7.015059 v _1438_/X (sky130_fd_sc_hd__or3b_2)
                                                         _0699_ (net)
                      0.302094    0.000922    7.015980 v _1452_/A2 (sky130_fd_sc_hd__o211a_2)
     1    0.002108    0.066225    0.533994    7.549974 v _1452_/X (sky130_fd_sc_hd__o211a_2)
                                                         _0018_ (net)
                      0.066225    0.000013    7.549987 v _1590_/D (sky130_fd_sc_hd__dfxtp_2)
                                              7.549987   data arrival time

                                 20.000000   20.000000   clock clk (rise edge)
                                  0.000000   20.000000   clock source latency
     1    0.018955    0.142613    0.097035   20.097036 ^ clk (in)
                                                         clk (net)
                      0.142616    0.000000   20.097036 ^ clkbuf_0_clk/A (sky130_fd_sc_hd__clkbuf_16)
     8    0.082146    0.151088    0.329123   20.426159 ^ clkbuf_0_clk/X (sky130_fd_sc_hd__clkbuf_16)
                                                         clknet_0_clk (net)
                      0.151110    0.001860   20.428019 ^ clkbuf_3_7__f_clk/A (sky130_fd_sc_hd__clkbuf_16)
     8    0.025222    0.074015    0.266033   20.694052 ^ clkbuf_3_7__f_clk/X (sky130_fd_sc_hd__clkbuf_16)
                                                         clknet_3_7__leaf_clk (net)
                      0.074031    0.000943   20.694994 ^ _1590_/CLK (sky130_fd_sc_hd__dfxtp_2)
                                 -0.250000   20.444996   clock uncertainty
                                  0.000000   20.444996   clock reconvergence pessimism
                                 -0.271725   20.173271   library setup time
                                             20.173271   data required time
---------------------------------------------------------------------------------------------
                                             20.173271   data required time
                                             -7.549987   data arrival time
---------------------------------------------------------------------------------------------
                                             12.623284   slack (MET)


Startpoint: uio_in[1] (input port clocked by clk)
Endpoint: _1574_ (rising edge-triggered flip-flop clocked by clk)
Path Group: clk
Path Type: max

Fanout         Cap        Slew       Delay        Time   Description
---------------------------------------------------------------------------------------------
                                  0.000000    0.000000   clock clk (rise edge)
                                  0.000000    0.000000   clock network delay (propagated)
                                  4.000000    4.000000 ^ input external delay
     1    0.003718    0.038403    0.020612    4.020611 ^ uio_in[1] (in)
                                                         uio_in[1] (net)
                      0.038403    0.000000    4.020611 ^ input11/A (sky130_fd_sc_hd__clkdlybuf4s25_1)
     8    0.026760    0.437060    0.714969    4.735580 ^ input11/X (sky130_fd_sc_hd__clkdlybuf4s25_1)
                                                         net11 (net)
                      0.437060    0.000660    4.736241 ^ _0797_/A (sky130_fd_sc_hd__nor2_2)
     3    0.008741    0.108071    0.215303    4.951544 v _0797_/Y (sky130_fd_sc_hd__nor2_2)
                                                         _0070_ (net)
                      0.108071    0.000060    4.951604 v _0802_/C (sky130_fd_sc_hd__and3_2)
     1    0.007649    0.094703    0.482352    5.433957 v _0802_/X (sky130_fd_sc_hd__and3_2)
                                                         _0073_ (net)
                      0.094703    0.000083    5.434040 v fanout28/A (sky130_fd_sc_hd__clkdlybuf4s25_1)
    10    0.044096    0.590069    0.871613    6.305653 v fanout28/X (sky130_fd_sc_hd__clkdlybuf4s25_1)
                                                         net28 (net)
                      0.590069    0.000235    6.305888 v _0803_/B (sky130_fd_sc_hd__and2_2)
     1    0.001849    0.066182    0.647684    6.953571 v _0803_/X (sky130_fd_sc_hd__and2_2)
                                                         _0002_ (net)
                      0.066182    0.000008    6.953580 v _1574_/D (sky130_fd_sc_hd__dfxtp_2)
                                              6.953580   data arrival time

                                 20.000000   20.000000   clock clk (rise edge)
                                  0.000000   20.000000   clock source latency
     1    0.018955    0.142613    0.097035   20.097036 ^ clk (in)
                                                         clk (net)
                      0.142616    0.000000   20.097036 ^ clkbuf_0_clk/A (sky130_fd_sc_hd__clkbuf_16)
     8    0.082146    0.151088    0.329123   20.426159 ^ clkbuf_0_clk/X (sky130_fd_sc_hd__clkbuf_16)
                                                         clknet_0_clk (net)
                      0.151102    0.001574   20.427732 ^ clkbuf_3_3__f_clk/A (sky130_fd_sc_hd__clkbuf_16)
     8    0.028334    0.078119    0.270562   20.698296 ^ clkbuf_3_3__f_clk/X (sky130_fd_sc_hd__clkbuf_16)
                                                         clknet_3_3__leaf_clk (net)
                      0.078120    0.000430   20.698725 ^ _1574_/CLK (sky130_fd_sc_hd__dfxtp_2)
                                 -0.250000   20.448727   clock uncertainty
                                  0.000000   20.448727   clock reconvergence pessimism
                                 -0.270600   20.178127   library setup time
                                             20.178127   data required time
---------------------------------------------------------------------------------------------
                                             20.178127   data required time
                                             -6.953580   data arrival time
---------------------------------------------------------------------------------------------
                                             13.224547   slack (MET)


Startpoint: uio_in[2] (input port clocked by clk)
Endpoint: _1592_ (rising edge-triggered flip-flop clocked by clk)
Path Group: clk
Path Type: max

Fanout         Cap        Slew       Delay        Time   Description
---------------------------------------------------------------------------------------------
                                  0.000000    0.000000   clock clk (rise edge)
                                  0.000000    0.000000   clock network delay (propagated)
                                  4.000000    4.000000 ^ input external delay
     1    0.003586    0.037510    0.019916    4.019916 ^ uio_in[2] (in)
                                                         uio_in[2] (net)
                      0.037510    0.000000    4.019916 ^ input12/A (sky130_fd_sc_hd__clkdlybuf4s25_1)
     5    0.014645    0.250138    0.580983    4.600898 ^ input12/X (sky130_fd_sc_hd__clkdlybuf4s25_1)
                                                         net12 (net)
                      0.250138    0.000229    4.601127 ^ _0804_/A_N (sky130_fd_sc_hd__and2b_2)
     3    0.008963    0.096175    0.549784    5.150911 v _0804_/X (sky130_fd_sc_hd__and2b_2)
                                                         _0074_ (net)
                      0.096175    0.000071    5.150981 v _1455_/C (sky130_fd_sc_hd__and3_2)
     8    0.018741    0.139784    0.537980    5.688962 v _1455_/X (sky130_fd_sc_hd__and3_2)
                                                         _0708_ (net)
                      0.139784    0.000111    5.689073 v _1457_/B (sky130_fd_sc_hd__or2_2)
     1    0.003841    0.115637    0.652963    6.342035 v _1457_/X (sky130_fd_sc_hd__or2_2)
                                                         _0710_ (net)
                      0.115637    0.000049    6.342084 v _1458_/B1 (sky130_fd_sc_hd__o211a_2)
     1    0.002475    0.067924    0.255395    6.597479 v _1458_/X (sky130_fd_sc_hd__o211a_2)
                                                         _0020_ (net)
                      0.067924    0.000028    6.597507 v _1592_/D (sky130_fd_sc_hd__dfxtp_2)
                                              6.597507   data arrival time

                                 20.000000   20.000000   clock clk (rise edge)
                                  0.000000   20.000000   clock source latency
     1    0.018955    0.142613    0.097035   20.097036 ^ clk (in)
                                                         clk (net)
                      0.142616    0.000000   20.097036 ^ clkbuf_0_clk/A (sky130_fd_sc_hd__clkbuf_16)
     8    0.082146    0.151088    0.329123   20.426159 ^ clkbuf_0_clk/X (sky130_fd_sc_hd__clkbuf_16)
                                                         clknet_0_clk (net)
                      0.151104    0.001657   20.427816 ^ clkbuf_3_5__f_clk/A (sky130_fd_sc_hd__clkbuf_16)
     8    0.026810    0.076083    0.268489   20.696306 ^ clkbuf_3_5__f_clk/X (sky130_fd_sc_hd__clkbuf_16)
                                                         clknet_3_5__leaf_clk (net)
                      0.076083    0.000192   20.696497 ^ _1592_/CLK (sky130_fd_sc_hd__dfxtp_2)
                                 -0.250000   20.446499   clock uncertainty
                                  0.000000   20.446499   clock reconvergence pessimism
                                 -0.271875   20.174623   library setup time
                                             20.174623   data required time
---------------------------------------------------------------------------------------------
                                             20.174623   data required time
                                             -6.597507   data arrival time
---------------------------------------------------------------------------------------------
                                             13.577117   slack (MET)


Startpoint: uio_in[2] (input port clocked by clk)
Endpoint: _1597_ (rising edge-triggered flip-flop clocked by clk)
Path Group: clk
Path Type: max

Fanout         Cap        Slew       Delay        Time   Description
---------------------------------------------------------------------------------------------
                                  0.000000    0.000000   clock clk (rise edge)
                                  0.000000    0.000000   clock network delay (propagated)
                                  4.000000    4.000000 ^ input external delay
     1    0.003586    0.037510    0.019916    4.019916 ^ uio_in[2] (in)
                                                         uio_in[2] (net)
                      0.037510    0.000000    4.019916 ^ input12/A (sky130_fd_sc_hd__clkdlybuf4s25_1)
     5    0.014645    0.250138    0.580983    4.600898 ^ input12/X (sky130_fd_sc_hd__clkdlybuf4s25_1)
                                                         net12 (net)
                      0.250138    0.000229    4.601127 ^ _0804_/A_N (sky130_fd_sc_hd__and2b_2)
     3    0.008963    0.096175    0.549784    5.150911 v _0804_/X (sky130_fd_sc_hd__and2b_2)
                                                         _0074_ (net)
                      0.096175    0.000071    5.150981 v _1455_/C (sky130_fd_sc_hd__and3_2)
     8    0.018741    0.139784    0.537980    5.688962 v _1455_/X (sky130_fd_sc_hd__and3_2)
                                                         _0708_ (net)
                      0.139784    0.000526    5.689488 v _1467_/B (sky130_fd_sc_hd__or2_2)
     1    0.002531    0.110229    0.637030    6.326519 v _1467_/X (sky130_fd_sc_hd__or2_2)
                                                         _0715_ (net)
                      0.110229    0.000012    6.326530 v _1468_/B1 (sky130_fd_sc_hd__o211a_2)
     1    0.003129    0.070960    0.257304    6.583834 v _1468_/X (sky130_fd_sc_hd__o211a_2)
                                                         _0025_ (net)
                      0.070960    0.000043    6.583877 v _1597_/D (sky130_fd_sc_hd__dfxtp_2)
                                              6.583877   data arrival time

                                 20.000000   20.000000   clock clk (rise edge)
                                  0.000000   20.000000   clock source latency
     1    0.018955    0.142613    0.097035   20.097036 ^ clk (in)
                                                         clk (net)
                      0.142616    0.000000   20.097036 ^ clkbuf_0_clk/A (sky130_fd_sc_hd__clkbuf_16)
     8    0.082146    0.151088    0.329123   20.426159 ^ clkbuf_0_clk/X (sky130_fd_sc_hd__clkbuf_16)
                                                         clknet_0_clk (net)
                      0.151110    0.001851   20.428011 ^ clkbuf_3_6__f_clk/A (sky130_fd_sc_hd__clkbuf_16)
     8    0.022215    0.070185    0.261835   20.689846 ^ clkbuf_3_6__f_clk/X (sky130_fd_sc_hd__clkbuf_16)
                                                         clknet_3_6__leaf_clk (net)
                      0.070208    0.000714   20.690559 ^ _1597_/CLK (sky130_fd_sc_hd__dfxtp_2)
                                 -0.250000   20.440559   clock uncertainty
                                  0.000000   20.440559   clock reconvergence pessimism
                                 -0.274728   20.165833   library setup time
                                             20.165833   data required time
---------------------------------------------------------------------------------------------
                                             20.165833   data required time
                                             -6.583877   data arrival time
---------------------------------------------------------------------------------------------
                                             13.581956   slack (MET)


Startpoint: uio_in[2] (input port clocked by clk)
Endpoint: _1598_ (rising edge-triggered flip-flop clocked by clk)
Path Group: clk
Path Type: max

Fanout         Cap        Slew       Delay        Time   Description
---------------------------------------------------------------------------------------------
                                  0.000000    0.000000   clock clk (rise edge)
                                  0.000000    0.000000   clock network delay (propagated)
                                  4.000000    4.000000 ^ input external delay
     1    0.003586    0.037510    0.019916    4.019916 ^ uio_in[2] (in)
                                                         uio_in[2] (net)
                      0.037510    0.000000    4.019916 ^ input12/A (sky130_fd_sc_hd__clkdlybuf4s25_1)
     5    0.014645    0.250138    0.580983    4.600898 ^ input12/X (sky130_fd_sc_hd__clkdlybuf4s25_1)
                                                         net12 (net)
                      0.250138    0.000229    4.601127 ^ _0804_/A_N (sky130_fd_sc_hd__and2b_2)
     3    0.008963    0.096175    0.549784    5.150911 v _0804_/X (sky130_fd_sc_hd__and2b_2)
                                                         _0074_ (net)
                      0.096175    0.000071    5.150981 v _1455_/C (sky130_fd_sc_hd__and3_2)
     8    0.018741    0.139784    0.537980    5.688962 v _1455_/X (sky130_fd_sc_hd__and3_2)
                                                         _0708_ (net)
                      0.139784    0.000536    5.689498 v _1469_/B (sky130_fd_sc_hd__or2_2)
     1    0.002899    0.110798    0.641495    6.330993 v _1469_/X (sky130_fd_sc_hd__or2_2)
                                                         _0716_ (net)
                      0.110798    0.000028    6.331021 v _1470_/B1 (sky130_fd_sc_hd__o211a_2)
     1    0.003177    0.071113    0.257911    6.588932 v _1470_/X (sky130_fd_sc_hd__o211a_2)
                                                         _0026_ (net)
                      0.071113    0.000044    6.588977 v _1598_/D (sky130_fd_sc_hd__dfxtp_2)
                                              6.588977   data arrival time

                                 20.000000   20.000000   clock clk (rise edge)
                                  0.000000   20.000000   clock source latency
     1    0.018955    0.142613    0.097035   20.097036 ^ clk (in)
                                                         clk (net)
                      0.142616    0.000000   20.097036 ^ clkbuf_0_clk/A (sky130_fd_sc_hd__clkbuf_16)
     8    0.082146    0.151088    0.329123   20.426159 ^ clkbuf_0_clk/X (sky130_fd_sc_hd__clkbuf_16)
                                                         clknet_0_clk (net)
                      0.151110    0.001860   20.428019 ^ clkbuf_3_7__f_clk/A (sky130_fd_sc_hd__clkbuf_16)
     8    0.025222    0.074015    0.266033   20.694052 ^ clkbuf_3_7__f_clk/X (sky130_fd_sc_hd__clkbuf_16)
                                                         clknet_3_7__leaf_clk (net)
                      0.074032    0.000950   20.695002 ^ _1598_/CLK (sky130_fd_sc_hd__dfxtp_2)
                                 -0.250000   20.445004   clock uncertainty
                                  0.000000   20.445004   clock reconvergence pessimism
                                 -0.273757   20.171247   library setup time
                                             20.171247   data required time
---------------------------------------------------------------------------------------------
                                             20.171247   data required time
                                             -6.588977   data arrival time
---------------------------------------------------------------------------------------------
                                             13.582270   slack (MET)


Startpoint: uio_in[2] (input port clocked by clk)
Endpoint: _1593_ (rising edge-triggered flip-flop clocked by clk)
Path Group: clk
Path Type: max

Fanout         Cap        Slew       Delay        Time   Description
---------------------------------------------------------------------------------------------
                                  0.000000    0.000000   clock clk (rise edge)
                                  0.000000    0.000000   clock network delay (propagated)
                                  4.000000    4.000000 ^ input external delay
     1    0.003586    0.037510    0.019916    4.019916 ^ uio_in[2] (in)
                                                         uio_in[2] (net)
                      0.037510    0.000000    4.019916 ^ input12/A (sky130_fd_sc_hd__clkdlybuf4s25_1)
     5    0.014645    0.250138    0.580983    4.600898 ^ input12/X (sky130_fd_sc_hd__clkdlybuf4s25_1)
                                                         net12 (net)
                      0.250138    0.000229    4.601127 ^ _0804_/A_N (sky130_fd_sc_hd__and2b_2)
     3    0.008963    0.096175    0.549784    5.150911 v _0804_/X (sky130_fd_sc_hd__and2b_2)
                                                         _0074_ (net)
                      0.096175    0.000071    5.150981 v _1455_/C (sky130_fd_sc_hd__and3_2)
     8    0.018741    0.139784    0.537980    5.688962 v _1455_/X (sky130_fd_sc_hd__and3_2)
                                                         _0708_ (net)
                      0.139784    0.000254    5.689216 v _1459_/B (sky130_fd_sc_hd__or2_2)
     1    0.002844    0.110591    0.640828    6.330044 v _1459_/X (sky130_fd_sc_hd__or2_2)
                                                         _0711_ (net)
                      0.110591    0.000027    6.330070 v _1460_/B1 (sky130_fd_sc_hd__o211a_2)
     1    0.002057    0.065932    0.250042    6.580112 v _1460_/X (sky130_fd_sc_hd__o211a_2)
                                                         _0021_ (net)
                      0.065932    0.000020    6.580132 v _1593_/D (sky130_fd_sc_hd__dfxtp_2)
                                              6.580132   data arrival time

                                 20.000000   20.000000   clock clk (rise edge)
                                  0.000000   20.000000   clock source latency
     1    0.018955    0.142613    0.097035   20.097036 ^ clk (in)
                                                         clk (net)
                      0.142616    0.000000   20.097036 ^ clkbuf_0_clk/A (sky130_fd_sc_hd__clkbuf_16)
     8    0.082146    0.151088    0.329123   20.426159 ^ clkbuf_0_clk/X (sky130_fd_sc_hd__clkbuf_16)
                                                         clknet_0_clk (net)
                      0.151110    0.001851   20.428011 ^ clkbuf_3_6__f_clk/A (sky130_fd_sc_hd__clkbuf_16)
     8    0.022215    0.070185    0.261835   20.689846 ^ clkbuf_3_6__f_clk/X (sky130_fd_sc_hd__clkbuf_16)
                                                         clknet_3_6__leaf_clk (net)
                      0.070207    0.000391   20.690235 ^ _1593_/CLK (sky130_fd_sc_hd__dfxtp_2)
                                 -0.250000   20.440237   clock uncertainty
                                  0.000000   20.440237   clock reconvergence pessimism
                                 -0.272639   20.167599   library setup time
                                             20.167599   data required time
---------------------------------------------------------------------------------------------
                                             20.167599   data required time
                                             -6.580132   data arrival time
---------------------------------------------------------------------------------------------
                                             13.587465   slack (MET)


Startpoint: uio_in[2] (input port clocked by clk)
Endpoint: _1595_ (rising edge-triggered flip-flop clocked by clk)
Path Group: clk
Path Type: max

Fanout         Cap        Slew       Delay        Time   Description
---------------------------------------------------------------------------------------------
                                  0.000000    0.000000   clock clk (rise edge)
                                  0.000000    0.000000   clock network delay (propagated)
                                  4.000000    4.000000 ^ input external delay
     1    0.003586    0.037510    0.019916    4.019916 ^ uio_in[2] (in)
                                                         uio_in[2] (net)
                      0.037510    0.000000    4.019916 ^ input12/A (sky130_fd_sc_hd__clkdlybuf4s25_1)
     5    0.014645    0.250138    0.580983    4.600898 ^ input12/X (sky130_fd_sc_hd__clkdlybuf4s25_1)
                                                         net12 (net)
                      0.250138    0.000229    4.601127 ^ _0804_/A_N (sky130_fd_sc_hd__and2b_2)
     3    0.008963    0.096175    0.549784    5.150911 v _0804_/X (sky130_fd_sc_hd__and2b_2)
                                                         _0074_ (net)
                      0.096175    0.000071    5.150981 v _1455_/C (sky130_fd_sc_hd__and3_2)
     8    0.018741    0.139784    0.537980    5.688962 v _1455_/X (sky130_fd_sc_hd__and3_2)
                                                         _0708_ (net)
                      0.139784    0.000389    5.689351 v _1463_/B (sky130_fd_sc_hd__or2_2)
     1    0.002639    0.109540    0.638340    6.327691 v _1463_/X (sky130_fd_sc_hd__or2_2)
                                                         _0713_ (net)
                      0.109540    0.000024    6.327714 v _1464_/B1 (sky130_fd_sc_hd__o211a_2)
     1    0.002374    0.067444    0.251729    6.579443 v _1464_/X (sky130_fd_sc_hd__o211a_2)
                                                         _0023_ (net)
                      0.067444    0.000025    6.579468 v _1595_/D (sky130_fd_sc_hd__dfxtp_2)
                                              6.579468   data arrival time

                                 20.000000   20.000000   clock clk (rise edge)
                                  0.000000   20.000000   clock source latency
     1    0.018955    0.142613    0.097035   20.097036 ^ clk (in)
                                                         clk (net)
                      0.142616    0.000000   20.097036 ^ clkbuf_0_clk/A (sky130_fd_sc_hd__clkbuf_16)
     8    0.082146    0.151088    0.329123   20.426159 ^ clkbuf_0_clk/X (sky130_fd_sc_hd__clkbuf_16)
                                                         clknet_0_clk (net)
                      0.151110    0.001851   20.428011 ^ clkbuf_3_6__f_clk/A (sky130_fd_sc_hd__clkbuf_16)
     8    0.022215    0.070185    0.261835   20.689846 ^ clkbuf_3_6__f_clk/X (sky130_fd_sc_hd__clkbuf_16)
                                                         clknet_3_6__leaf_clk (net)
                      0.070207    0.000432   20.690277 ^ _1595_/CLK (sky130_fd_sc_hd__dfxtp_2)
                                 -0.250000   20.440277   clock uncertainty
                                  0.000000   20.440277   clock reconvergence pessimism
                                 -0.273267   20.167009   library setup time
                                             20.167009   data required time
---------------------------------------------------------------------------------------------
                                             20.167009   data required time
                                             -6.579468   data arrival time
---------------------------------------------------------------------------------------------
                                             13.587543   slack (MET)


Startpoint: uio_in[2] (input port clocked by clk)
Endpoint: _1599_ (rising edge-triggered flip-flop clocked by clk)
Path Group: clk
Path Type: max

Fanout         Cap        Slew       Delay        Time   Description
---------------------------------------------------------------------------------------------
                                  0.000000    0.000000   clock clk (rise edge)
                                  0.000000    0.000000   clock network delay (propagated)
                                  4.000000    4.000000 ^ input external delay
     1    0.003586    0.037510    0.019916    4.019916 ^ uio_in[2] (in)
                                                         uio_in[2] (net)
                      0.037510    0.000000    4.019916 ^ input12/A (sky130_fd_sc_hd__clkdlybuf4s25_1)
     5    0.014645    0.250138    0.580983    4.600898 ^ input12/X (sky130_fd_sc_hd__clkdlybuf4s25_1)
                                                         net12 (net)
                      0.250138    0.000229    4.601127 ^ _0804_/A_N (sky130_fd_sc_hd__and2b_2)
     3    0.008963    0.096175    0.549784    5.150911 v _0804_/X (sky130_fd_sc_hd__and2b_2)
                                                         _0074_ (net)
                      0.096175    0.000071    5.150981 v _1455_/C (sky130_fd_sc_hd__and3_2)
     8    0.018741    0.139784    0.537980    5.688962 v _1455_/X (sky130_fd_sc_hd__and3_2)
                                                         _0708_ (net)
                      0.139784    0.000187    5.689149 v _1471_/B (sky130_fd_sc_hd__or2_2)
     1    0.002709    0.109581    0.639192    6.328341 v _1471_/X (sky130_fd_sc_hd__or2_2)
                                                         _0717_ (net)
                      0.109581    0.000024    6.328365 v _1472_/B1 (sky130_fd_sc_hd__o211a_2)
     1    0.002215    0.066690    0.250651    6.579016 v _1472_/X (sky130_fd_sc_hd__o211a_2)
                                                         _0027_ (net)
                      0.066690    0.000021    6.579037 v _1599_/D (sky130_fd_sc_hd__dfxtp_2)
                                              6.579037   data arrival time

                                 20.000000   20.000000   clock clk (rise edge)
                                  0.000000   20.000000   clock source latency
     1    0.018955    0.142613    0.097035   20.097036 ^ clk (in)
                                                         clk (net)
                      0.142616    0.000000   20.097036 ^ clkbuf_0_clk/A (sky130_fd_sc_hd__clkbuf_16)
     8    0.082146    0.151088    0.329123   20.426159 ^ clkbuf_0_clk/X (sky130_fd_sc_hd__clkbuf_16)
                                                         clknet_0_clk (net)
                      0.151110    0.001851   20.428011 ^ clkbuf_3_6__f_clk/A (sky130_fd_sc_hd__clkbuf_16)
     8    0.022215    0.070185    0.261835   20.689846 ^ clkbuf_3_6__f_clk/X (sky130_fd_sc_hd__clkbuf_16)
                                                         clknet_3_6__leaf_clk (net)
                      0.070185    0.000139   20.689983 ^ _1599_/CLK (sky130_fd_sc_hd__dfxtp_2)
                                 -0.250000   20.439985   clock uncertainty
                                  0.000000   20.439985   clock reconvergence pessimism
                                 -0.272960   20.167025   library setup time
                                             20.167025   data required time
---------------------------------------------------------------------------------------------
                                             20.167025   data required time
                                             -6.579037   data arrival time
---------------------------------------------------------------------------------------------
                                             13.587987   slack (MET)


Startpoint: uio_in[2] (input port clocked by clk)
Endpoint: _1594_ (rising edge-triggered flip-flop clocked by clk)
Path Group: clk
Path Type: max

Fanout         Cap        Slew       Delay        Time   Description
---------------------------------------------------------------------------------------------
                                  0.000000    0.000000   clock clk (rise edge)
                                  0.000000    0.000000   clock network delay (propagated)
                                  4.000000    4.000000 ^ input external delay
     1    0.003586    0.037510    0.019916    4.019916 ^ uio_in[2] (in)
                                                         uio_in[2] (net)
                      0.037510    0.000000    4.019916 ^ input12/A (sky130_fd_sc_hd__clkdlybuf4s25_1)
     5    0.014645    0.250138    0.580983    4.600898 ^ input12/X (sky130_fd_sc_hd__clkdlybuf4s25_1)
                                                         net12 (net)
                      0.250138    0.000229    4.601127 ^ _0804_/A_N (sky130_fd_sc_hd__and2b_2)
     3    0.008963    0.096175    0.549784    5.150911 v _0804_/X (sky130_fd_sc_hd__and2b_2)
                                                         _0074_ (net)
                      0.096175    0.000071    5.150981 v _1455_/C (sky130_fd_sc_hd__and3_2)
     8    0.018741    0.139784    0.537980    5.688962 v _1455_/X (sky130_fd_sc_hd__and3_2)
                                                         _0708_ (net)
                      0.139784    0.000471    5.689433 v _1461_/B (sky130_fd_sc_hd__or2_2)
     1    0.002838    0.110352    0.640753    6.330186 v _1461_/X (sky130_fd_sc_hd__or2_2)
                                                         _0712_ (net)
                      0.110352    0.000027    6.330213 v _1462_/B1 (sky130_fd_sc_hd__o211a_2)
     1    0.002578    0.068410    0.253539    6.583753 v _1462_/X (sky130_fd_sc_hd__o211a_2)
                                                         _0022_ (net)
                      0.068410    0.000030    6.583782 v _1594_/D (sky130_fd_sc_hd__dfxtp_2)
                                              6.583782   data arrival time

                                 20.000000   20.000000   clock clk (rise edge)
                                  0.000000   20.000000   clock source latency
     1    0.018955    0.142613    0.097035   20.097036 ^ clk (in)
                                                         clk (net)
                      0.142616    0.000000   20.097036 ^ clkbuf_0_clk/A (sky130_fd_sc_hd__clkbuf_16)
     8    0.082146    0.151088    0.329123   20.426159 ^ clkbuf_0_clk/X (sky130_fd_sc_hd__clkbuf_16)
                                                         clknet_0_clk (net)
                      0.151110    0.001860   20.428019 ^ clkbuf_3_7__f_clk/A (sky130_fd_sc_hd__clkbuf_16)
     8    0.025222    0.074015    0.266033   20.694052 ^ clkbuf_3_7__f_clk/X (sky130_fd_sc_hd__clkbuf_16)
                                                         clknet_3_7__leaf_clk (net)
                      0.074023    0.000732   20.694784 ^ _1594_/CLK (sky130_fd_sc_hd__dfxtp_2)
                                 -0.250000   20.444784   clock uncertainty
                                  0.000000   20.444784   clock reconvergence pessimism
                                 -0.272635   20.172150   library setup time
                                             20.172150   data required time
---------------------------------------------------------------------------------------------
                                             20.172150   data required time
                                             -6.583782   data arrival time
---------------------------------------------------------------------------------------------
                                             13.588367   slack (MET)


Startpoint: uio_in[2] (input port clocked by clk)
Endpoint: _1596_ (rising edge-triggered flip-flop clocked by clk)
Path Group: clk
Path Type: max

Fanout         Cap        Slew       Delay        Time   Description
---------------------------------------------------------------------------------------------
                                  0.000000    0.000000   clock clk (rise edge)
                                  0.000000    0.000000   clock network delay (propagated)
                                  4.000000    4.000000 ^ input external delay
     1    0.003586    0.037510    0.019916    4.019916 ^ uio_in[2] (in)
                                                         uio_in[2] (net)
                      0.037510    0.000000    4.019916 ^ input12/A (sky130_fd_sc_hd__clkdlybuf4s25_1)
     5    0.014645    0.250138    0.580983    4.600898 ^ input12/X (sky130_fd_sc_hd__clkdlybuf4s25_1)
                                                         net12 (net)
                      0.250138    0.000229    4.601127 ^ _0804_/A_N (sky130_fd_sc_hd__and2b_2)
     3    0.008963    0.096175    0.549784    5.150911 v _0804_/X (sky130_fd_sc_hd__and2b_2)
                                                         _0074_ (net)
                      0.096175    0.000071    5.150981 v _1455_/C (sky130_fd_sc_hd__and3_2)
     8    0.018741    0.139784    0.537980    5.688962 v _1455_/X (sky130_fd_sc_hd__and3_2)
                                                         _0708_ (net)
                      0.139784    0.000524    5.689486 v _1465_/B (sky130_fd_sc_hd__or2_2)
     1    0.002909    0.110919    0.641628    6.331113 v _1465_/X (sky130_fd_sc_hd__or2_2)
                                                         _0714_ (net)
                      0.110919    0.000028    6.331141 v _1466_/B1 (sky130_fd_sc_hd__o211a_2)
     1    0.001875    0.065056    0.248943    6.580084 v _1466_/X (sky130_fd_sc_hd__o211a_2)
                                                         _0024_ (net)
                      0.065056    0.000017    6.580101 v _1596_/D (sky130_fd_sc_hd__dfxtp_2)
                                              6.580101   data arrival time

                                 20.000000   20.000000   clock clk (rise edge)
                                  0.000000   20.000000   clock source latency
     1    0.018955    0.142613    0.097035   20.097036 ^ clk (in)
                                                         clk (net)
                      0.142616    0.000000   20.097036 ^ clkbuf_0_clk/A (sky130_fd_sc_hd__clkbuf_16)
     8    0.082146    0.151088    0.329123   20.426159 ^ clkbuf_0_clk/X (sky130_fd_sc_hd__clkbuf_16)
                                                         clknet_0_clk (net)
                      0.151110    0.001860   20.428019 ^ clkbuf_3_7__f_clk/A (sky130_fd_sc_hd__clkbuf_16)
     8    0.025222    0.074015    0.266033   20.694052 ^ clkbuf_3_7__f_clk/X (sky130_fd_sc_hd__clkbuf_16)
                                                         clknet_3_7__leaf_clk (net)
                      0.074015    0.000439   20.694490 ^ _1596_/CLK (sky130_fd_sc_hd__dfxtp_2)
                                 -0.250000   20.444490   clock uncertainty
                                  0.000000   20.444490   clock reconvergence pessimism
                                 -0.271243   20.173248   library setup time
                                             20.173248   data required time
---------------------------------------------------------------------------------------------
                                             20.173248   data required time
                                             -6.580101   data arrival time
---------------------------------------------------------------------------------------------
                                             13.593148   slack (MET)


Startpoint: _1574_ (rising edge-triggered flip-flop clocked by clk)
Endpoint: uio_out[4] (output port clocked by clk)
Path Group: clk
Path Type: max

Fanout         Cap        Slew       Delay        Time   Description
---------------------------------------------------------------------------------------------
                                  0.000000    0.000000   clock clk (rise edge)
                                  0.000000    0.000000   clock source latency
     1    0.018955    0.142613    0.097036    0.097036 ^ clk (in)
                                                         clk (net)
                      0.142616    0.000000    0.097036 ^ clkbuf_0_clk/A (sky130_fd_sc_hd__clkbuf_16)
     8    0.082146    0.151088    0.329123    0.426159 ^ clkbuf_0_clk/X (sky130_fd_sc_hd__clkbuf_16)
                                                         clknet_0_clk (net)
                      0.151102    0.001574    0.427733 ^ clkbuf_3_3__f_clk/A (sky130_fd_sc_hd__clkbuf_16)
     8    0.028334    0.078119    0.270561    0.698295 ^ clkbuf_3_3__f_clk/X (sky130_fd_sc_hd__clkbuf_16)
                                                         clknet_3_3__leaf_clk (net)
                      0.078120    0.000430    0.698725 ^ _1574_/CLK (sky130_fd_sc_hd__dfxtp_2)
     3    0.013210    0.125634    0.704395    1.403120 ^ _1574_/Q (sky130_fd_sc_hd__dfxtp_2)
                                                         busy (net)
                      0.125634    0.000051    1.403171 ^ _1651_/A (sky130_fd_sc_hd__buf_2)
     1    0.035245    0.279399    0.374999    1.778170 ^ _1651_/X (sky130_fd_sc_hd__buf_2)
                                                         uio_out[4] (net)
                      0.279399    0.000221    1.778391 ^ uio_out[4] (out)
                                              1.778391   data arrival time

                                 20.000000   20.000000   clock clk (rise edge)
                                  0.000000   20.000000   clock network delay (propagated)
                                 -0.250000   19.750002   clock uncertainty
                                  0.000000   19.750002   clock reconvergence pessimism
                                 -4.000000   15.750001   output external delay
                                             15.750001   data required time
---------------------------------------------------------------------------------------------
                                             15.750001   data required time
                                             -1.778391   data arrival time
---------------------------------------------------------------------------------------------
                                             13.971610   slack (MET)


Startpoint: _1575_ (rising edge-triggered flip-flop clocked by clk)
Endpoint: uio_out[5] (output port clocked by clk)
Path Group: clk
Path Type: max

Fanout         Cap        Slew       Delay        Time   Description
---------------------------------------------------------------------------------------------
                                  0.000000    0.000000   clock clk (rise edge)
                                  0.000000    0.000000   clock source latency
     1    0.018955    0.142613    0.097036    0.097036 ^ clk (in)
                                                         clk (net)
                      0.142616    0.000000    0.097036 ^ clkbuf_0_clk/A (sky130_fd_sc_hd__clkbuf_16)
     8    0.082146    0.151088    0.329123    0.426159 ^ clkbuf_0_clk/X (sky130_fd_sc_hd__clkbuf_16)
                                                         clknet_0_clk (net)
                      0.151103    0.001637    0.427796 ^ clkbuf_3_1__f_clk/A (sky130_fd_sc_hd__clkbuf_16)
     8    0.021473    0.069260    0.260921    0.688717 ^ clkbuf_3_1__f_clk/X (sky130_fd_sc_hd__clkbuf_16)
                                                         clknet_3_1__leaf_clk (net)
                      0.069260    0.000182    0.688898 ^ _1575_/CLK (sky130_fd_sc_hd__dfxtp_2)
     2    0.011648    0.114228    0.690936    1.379835 ^ _1575_/Q (sky130_fd_sc_hd__dfxtp_2)
                                                         ovf (net)
                      0.114228    0.000366    1.380201 ^ _1652_/A (sky130_fd_sc_hd__buf_2)
     1    0.034504    0.273893    0.365666    1.745867 ^ _1652_/X (sky130_fd_sc_hd__buf_2)
                                                         uio_out[5] (net)
                      0.273893    0.000289    1.746156 ^ uio_out[5] (out)
                                              1.746156   data arrival time

                                 20.000000   20.000000   clock clk (rise edge)
                                  0.000000   20.000000   clock network delay (propagated)
                                 -0.250000   19.750002   clock uncertainty
                                  0.000000   19.750002   clock reconvergence pessimism
                                 -4.000000   15.750001   output external delay
                                             15.750001   data required time
---------------------------------------------------------------------------------------------
                                             15.750001   data required time
                                             -1.746156   data arrival time
---------------------------------------------------------------------------------------------
                                             14.003845   slack (MET)


Startpoint: _1580_ (rising edge-triggered flip-flop clocked by clk)
Endpoint: uo_out[4] (output port clocked by clk)
Path Group: clk
Path Type: max

Fanout         Cap        Slew       Delay        Time   Description
---------------------------------------------------------------------------------------------
                                  0.000000    0.000000   clock clk (rise edge)
                                  0.000000    0.000000   clock source latency
     1    0.018955    0.142613    0.097036    0.097036 ^ clk (in)
                                                         clk (net)
                      0.142616    0.000000    0.097036 ^ clkbuf_0_clk/A (sky130_fd_sc_hd__clkbuf_16)
     8    0.082146    0.151088    0.329123    0.426159 ^ clkbuf_0_clk/X (sky130_fd_sc_hd__clkbuf_16)
                                                         clknet_0_clk (net)
                      0.151102    0.001574    0.427733 ^ clkbuf_3_3__f_clk/A (sky130_fd_sc_hd__clkbuf_16)
     8    0.028334    0.078119    0.270561    0.698295 ^ clkbuf_3_3__f_clk/X (sky130_fd_sc_hd__clkbuf_16)
                                                         clknet_3_3__leaf_clk (net)
                      0.078121    0.000484    0.698778 ^ _1580_/CLK (sky130_fd_sc_hd__dfxtp_2)
     1    0.037161    0.304883    0.838824    1.537602 ^ _1580_/Q (sky130_fd_sc_hd__dfxtp_2)
                                                         uo_out[4] (net)
                      0.304883    0.000752    1.538354 ^ uo_out[4] (out)
                                              1.538354   data arrival time

                                 20.000000   20.000000   clock clk (rise edge)
                                  0.000000   20.000000   clock network delay (propagated)
                                 -0.250000   19.750002   clock uncertainty
                                  0.000000   19.750002   clock reconvergence pessimism
                                 -4.000000   15.750001   output external delay
                                             15.750001   data required time
---------------------------------------------------------------------------------------------
                                             15.750001   data required time
                                             -1.538354   data arrival time
---------------------------------------------------------------------------------------------
                                             14.211647   slack (MET)


Startpoint: _1578_ (rising edge-triggered flip-flop clocked by clk)
Endpoint: uo_out[2] (output port clocked by clk)
Path Group: clk
Path Type: max

Fanout         Cap        Slew       Delay        Time   Description
---------------------------------------------------------------------------------------------
                                  0.000000    0.000000   clock clk (rise edge)
                                  0.000000    0.000000   clock source latency
     1    0.018955    0.142613    0.097036    0.097036 ^ clk (in)
                                                         clk (net)
                      0.142616    0.000000    0.097036 ^ clkbuf_0_clk/A (sky130_fd_sc_hd__clkbuf_16)
     8    0.082146    0.151088    0.329123    0.426159 ^ clkbuf_0_clk/X (sky130_fd_sc_hd__clkbuf_16)
                                                         clknet_0_clk (net)
                      0.151092    0.001093    0.427252 ^ clkbuf_3_4__f_clk/A (sky130_fd_sc_hd__clkbuf_16)
     8    0.029186    0.079270    0.271725    0.698977 ^ clkbuf_3_4__f_clk/X (sky130_fd_sc_hd__clkbuf_16)
                                                         clknet_3_4__leaf_clk (net)
                      0.079277    0.000752    0.699728 ^ _1578_/CLK (sky130_fd_sc_hd__dfxtp_2)
     1    0.035903    0.295163    0.832748    1.532476 ^ _1578_/Q (sky130_fd_sc_hd__dfxtp_2)
                                                         uo_out[2] (net)
                      0.295163    0.000243    1.532718 ^ uo_out[2] (out)
                                              1.532718   data arrival time

                                 20.000000   20.000000   clock clk (rise edge)
                                  0.000000   20.000000   clock network delay (propagated)
                                 -0.250000   19.750002   clock uncertainty
                                  0.000000   19.750002   clock reconvergence pessimism
                                 -4.000000   15.750001   output external delay
                                             15.750001   data required time
---------------------------------------------------------------------------------------------
                                             15.750001   data required time
                                             -1.532718   data arrival time
---------------------------------------------------------------------------------------------
                                             14.217282   slack (MET)


Startpoint: _1581_ (rising edge-triggered flip-flop clocked by clk)
Endpoint: uo_out[5] (output port clocked by clk)
Path Group: clk
Path Type: max

Fanout         Cap        Slew       Delay        Time   Description
---------------------------------------------------------------------------------------------
                                  0.000000    0.000000   clock clk (rise edge)
                                  0.000000    0.000000   clock source latency
     1    0.018955    0.142613    0.097036    0.097036 ^ clk (in)
                                                         clk (net)
                      0.142616    0.000000    0.097036 ^ clkbuf_0_clk/A (sky130_fd_sc_hd__clkbuf_16)
     8    0.082146    0.151088    0.329123    0.426159 ^ clkbuf_0_clk/X (sky130_fd_sc_hd__clkbuf_16)
                                                         clknet_0_clk (net)
                      0.151092    0.001093    0.427252 ^ clkbuf_3_4__f_clk/A (sky130_fd_sc_hd__clkbuf_16)
     8    0.029186    0.079270    0.271725    0.698977 ^ clkbuf_3_4__f_clk/X (sky130_fd_sc_hd__clkbuf_16)
                                                         clknet_3_4__leaf_clk (net)
                      0.079276    0.000722    0.699699 ^ _1581_/CLK (sky130_fd_sc_hd__dfxtp_2)
     1    0.035447    0.291680    0.830220    1.529919 ^ _1581_/Q (sky130_fd_sc_hd__dfxtp_2)
                                                         uo_out[5] (net)
                      0.291680    0.000245    1.530164 ^ uo_out[5] (out)
                                              1.530164   data arrival time

                                 20.000000   20.000000   clock clk (rise edge)
                                  0.000000   20.000000   clock network delay (propagated)
                                 -0.250000   19.750002   clock uncertainty
                                  0.000000   19.750002   clock reconvergence pessimism
                                 -4.000000   15.750001   output external delay
                                             15.750001   data required time
---------------------------------------------------------------------------------------------
                                             15.750001   data required time
                                             -1.530164   data arrival time
---------------------------------------------------------------------------------------------
                                             14.219837   slack (MET)


Startpoint: _1577_ (rising edge-triggered flip-flop clocked by clk)
Endpoint: uo_out[1] (output port clocked by clk)
Path Group: clk
Path Type: max

Fanout         Cap        Slew       Delay        Time   Description
---------------------------------------------------------------------------------------------
                                  0.000000    0.000000   clock clk (rise edge)
                                  0.000000    0.000000   clock source latency
     1    0.018955    0.142613    0.097036    0.097036 ^ clk (in)
                                                         clk (net)
                      0.142616    0.000000    0.097036 ^ clkbuf_0_clk/A (sky130_fd_sc_hd__clkbuf_16)
     8    0.082146    0.151088    0.329123    0.426159 ^ clkbuf_0_clk/X (sky130_fd_sc_hd__clkbuf_16)
                                                         clknet_0_clk (net)
                      0.151092    0.001093    0.427252 ^ clkbuf_3_4__f_clk/A (sky130_fd_sc_hd__clkbuf_16)
     8    0.029186    0.079270    0.271725    0.698977 ^ clkbuf_3_4__f_clk/X (sky130_fd_sc_hd__clkbuf_16)
                                                         clknet_3_4__leaf_clk (net)
                      0.079277    0.000753    0.699730 ^ _1577_/CLK (sky130_fd_sc_hd__dfxtp_2)
     1    0.035196    0.289793    0.828771    1.528501 ^ _1577_/Q (sky130_fd_sc_hd__dfxtp_2)
                                                         uo_out[1] (net)
                      0.289793    0.000337    1.528838 ^ uo_out[1] (out)
                                              1.528838   data arrival time

                                 20.000000   20.000000   clock clk (rise edge)
                                  0.000000   20.000000   clock network delay (propagated)
                                 -0.250000   19.750002   clock uncertainty
                                  0.000000   19.750002   clock reconvergence pessimism
                                 -4.000000   15.750001   output external delay
                                             15.750001   data required time
---------------------------------------------------------------------------------------------
                                             15.750001   data required time
                                             -1.528838   data arrival time
---------------------------------------------------------------------------------------------
                                             14.221164   slack (MET)


Startpoint: _1582_ (rising edge-triggered flip-flop clocked by clk)
Endpoint: uo_out[6] (output port clocked by clk)
Path Group: clk
Path Type: max

Fanout         Cap        Slew       Delay        Time   Description
---------------------------------------------------------------------------------------------
                                  0.000000    0.000000   clock clk (rise edge)
                                  0.000000    0.000000   clock source latency
     1    0.018955    0.142613    0.097036    0.097036 ^ clk (in)
                                                         clk (net)
                      0.142616    0.000000    0.097036 ^ clkbuf_0_clk/A (sky130_fd_sc_hd__clkbuf_16)
     8    0.082146    0.151088    0.329123    0.426159 ^ clkbuf_0_clk/X (sky130_fd_sc_hd__clkbuf_16)
                                                         clknet_0_clk (net)
                      0.151102    0.001574    0.427733 ^ clkbuf_3_3__f_clk/A (sky130_fd_sc_hd__clkbuf_16)
     8    0.028334    0.078119    0.270561    0.698295 ^ clkbuf_3_3__f_clk/X (sky130_fd_sc_hd__clkbuf_16)
                                                         clknet_3_3__leaf_clk (net)
                      0.078121    0.000505    0.698799 ^ _1582_/CLK (sky130_fd_sc_hd__dfxtp_2)
     1    0.035342    0.290886    0.829108    1.527908 ^ _1582_/Q (sky130_fd_sc_hd__dfxtp_2)
                                                         uo_out[6] (net)
                      0.290886    0.000255    1.528163 ^ uo_out[6] (out)
                                              1.528163   data arrival time

                                 20.000000   20.000000   clock clk (rise edge)
                                  0.000000   20.000000   clock network delay (propagated)
                                 -0.250000   19.750002   clock uncertainty
                                  0.000000   19.750002   clock reconvergence pessimism
                                 -4.000000   15.750001   output external delay
                                             15.750001   data required time
---------------------------------------------------------------------------------------------
                                             15.750001   data required time
                                             -1.528163   data arrival time
---------------------------------------------------------------------------------------------
                                             14.221838   slack (MET)


Startpoint: _1576_ (rising edge-triggered flip-flop clocked by clk)
Endpoint: uo_out[0] (output port clocked by clk)
Path Group: clk
Path Type: max

Fanout         Cap        Slew       Delay        Time   Description
---------------------------------------------------------------------------------------------
                                  0.000000    0.000000   clock clk (rise edge)
                                  0.000000    0.000000   clock source latency
     1    0.018955    0.142613    0.097036    0.097036 ^ clk (in)
                                                         clk (net)
                      0.142616    0.000000    0.097036 ^ clkbuf_0_clk/A (sky130_fd_sc_hd__clkbuf_16)
     8    0.082146    0.151088    0.329123    0.426159 ^ clkbuf_0_clk/X (sky130_fd_sc_hd__clkbuf_16)
                                                         clknet_0_clk (net)
                      0.151104    0.001657    0.427816 ^ clkbuf_3_5__f_clk/A (sky130_fd_sc_hd__clkbuf_16)
     8    0.026810    0.076083    0.268488    0.696305 ^ clkbuf_3_5__f_clk/X (sky130_fd_sc_hd__clkbuf_16)
                                                         clknet_3_5__leaf_clk (net)
                      0.076084    0.000315    0.696620 ^ _1576_/CLK (sky130_fd_sc_hd__dfxtp_2)
     1    0.035319    0.290711    0.828044    1.524664 ^ _1576_/Q (sky130_fd_sc_hd__dfxtp_2)
                                                         uo_out[0] (net)
                      0.290711    0.000263    1.524927 ^ uo_out[0] (out)
                                              1.524927   data arrival time

                                 20.000000   20.000000   clock clk (rise edge)
                                  0.000000   20.000000   clock network delay (propagated)
                                 -0.250000   19.750002   clock uncertainty
                                  0.000000   19.750002   clock reconvergence pessimism
                                 -4.000000   15.750001   output external delay
                                             15.750001   data required time
---------------------------------------------------------------------------------------------
                                             15.750001   data required time
                                             -1.524927   data arrival time
---------------------------------------------------------------------------------------------
                                             14.225074   slack (MET)


Startpoint: _1583_ (rising edge-triggered flip-flop clocked by clk)
Endpoint: uo_out[7] (output port clocked by clk)
Path Group: clk
Path Type: max

Fanout         Cap        Slew       Delay        Time   Description
---------------------------------------------------------------------------------------------
                                  0.000000    0.000000   clock clk (rise edge)
                                  0.000000    0.000000   clock source latency
     1    0.018955    0.142613    0.097036    0.097036 ^ clk (in)
                                                         clk (net)
                      0.142616    0.000000    0.097036 ^ clkbuf_0_clk/A (sky130_fd_sc_hd__clkbuf_16)
     8    0.082146    0.151088    0.329123    0.426159 ^ clkbuf_0_clk/X (sky130_fd_sc_hd__clkbuf_16)
                                                         clknet_0_clk (net)
                      0.151104    0.001657    0.427816 ^ clkbuf_3_5__f_clk/A (sky130_fd_sc_hd__clkbuf_16)
     8    0.026810    0.076083    0.268488    0.696305 ^ clkbuf_3_5__f_clk/X (sky130_fd_sc_hd__clkbuf_16)
                                                         clknet_3_5__leaf_clk (net)
                      0.076084    0.000306    0.696611 ^ _1583_/CLK (sky130_fd_sc_hd__dfxtp_2)
     1    0.035112    0.289144    0.826877    1.523488 ^ _1583_/Q (sky130_fd_sc_hd__dfxtp_2)
                                                         uo_out[7] (net)
                      0.289144    0.000298    1.523786 ^ uo_out[7] (out)
                                              1.523786   data arrival time

                                 20.000000   20.000000   clock clk (rise edge)
                                  0.000000   20.000000   clock network delay (propagated)
                                 -0.250000   19.750002   clock uncertainty
                                  0.000000   19.750002   clock reconvergence pessimism
                                 -4.000000   15.750001   output external delay
                                             15.750001   data required time
---------------------------------------------------------------------------------------------
                                             15.750001   data required time
                                             -1.523786   data arrival time
---------------------------------------------------------------------------------------------
                                             14.226215   slack (MET)


Startpoint: _1579_ (rising edge-triggered flip-flop clocked by clk)
Endpoint: uo_out[3] (output port clocked by clk)
Path Group: clk
Path Type: max

Fanout         Cap        Slew       Delay        Time   Description
---------------------------------------------------------------------------------------------
                                  0.000000    0.000000   clock clk (rise edge)
                                  0.000000    0.000000   clock source latency
     1    0.018955    0.142613    0.097036    0.097036 ^ clk (in)
                                                         clk (net)
                      0.142616    0.000000    0.097036 ^ clkbuf_0_clk/A (sky130_fd_sc_hd__clkbuf_16)
     8    0.082146    0.151088    0.329123    0.426159 ^ clkbuf_0_clk/X (sky130_fd_sc_hd__clkbuf_16)
                                                         clknet_0_clk (net)
                      0.151104    0.001657    0.427816 ^ clkbuf_3_5__f_clk/A (sky130_fd_sc_hd__clkbuf_16)
     8    0.026810    0.076083    0.268488    0.696305 ^ clkbuf_3_5__f_clk/X (sky130_fd_sc_hd__clkbuf_16)
                                                         clknet_3_5__leaf_clk (net)
                      0.076084    0.000314    0.696619 ^ _1579_/CLK (sky130_fd_sc_hd__dfxtp_2)
     1    0.034588    0.285128    0.824046    1.520665 ^ _1579_/Q (sky130_fd_sc_hd__dfxtp_2)
                                                         uo_out[3] (net)
                      0.285128    0.000207    1.520872 ^ uo_out[3] (out)
                                              1.520872   data arrival time

                                 20.000000   20.000000   clock clk (rise edge)
                                  0.000000   20.000000   clock network delay (propagated)
                                 -0.250000   19.750002   clock uncertainty
                                  0.000000   19.750002   clock reconvergence pessimism
                                 -4.000000   15.750001   output external delay
                                             15.750001   data required time
---------------------------------------------------------------------------------------------
                                             15.750001   data required time
                                             -1.520872   data arrival time
---------------------------------------------------------------------------------------------
                                             14.229129   slack (MET)


Startpoint: uio_in[1] (input port clocked by clk)
Endpoint: _1633_ (rising edge-triggered flip-flop clocked by clk)
Path Group: clk
Path Type: max

Fanout         Cap        Slew       Delay        Time   Description
---------------------------------------------------------------------------------------------
                                  0.000000    0.000000   clock clk (rise edge)
                                  0.000000    0.000000   clock network delay (propagated)
                                  4.000000    4.000000 ^ input external delay
     1    0.003718    0.038403    0.020612    4.020611 ^ uio_in[1] (in)
                                                         uio_in[1] (net)
                      0.038403    0.000000    4.020611 ^ input11/A (sky130_fd_sc_hd__clkdlybuf4s25_1)
     8    0.026760    0.437060    0.714969    4.735580 ^ input11/X (sky130_fd_sc_hd__clkdlybuf4s25_1)
                                                         net11 (net)
                      0.437060    0.000660    4.736241 ^ _0797_/A (sky130_fd_sc_hd__nor2_2)
     3    0.008741    0.108071    0.215303    4.951544 v _0797_/Y (sky130_fd_sc_hd__nor2_2)
                                                         _0070_ (net)
                      0.108071    0.000075    4.951620 v _0800_/A2 (sky130_fd_sc_hd__o211a_2)
     1    0.003084    0.070420    0.458188    5.409807 v _0800_/X (sky130_fd_sc_hd__o211a_2)
                                                         _0072_ (net)
                      0.070420    0.000033    5.409840 v _0801_/B1 (sky130_fd_sc_hd__a41o_2)
     1    0.003852    0.069169    0.418122    5.827962 v _0801_/X (sky130_fd_sc_hd__a41o_2)
                                                         _0000_ (net)
                      0.069169    0.000064    5.828025 v _1633_/D (sky130_fd_sc_hd__dfxtp_2)
                                              5.828025   data arrival time

                                 20.000000   20.000000   clock clk (rise edge)
                                  0.000000   20.000000   clock source latency
     1    0.018955    0.142613    0.097035   20.097036 ^ clk (in)
                                                         clk (net)
                      0.142616    0.000000   20.097036 ^ clkbuf_0_clk/A (sky130_fd_sc_hd__clkbuf_16)
     8    0.082146    0.151088    0.329123   20.426159 ^ clkbuf_0_clk/X (sky130_fd_sc_hd__clkbuf_16)
                                                         clknet_0_clk (net)
                      0.151104    0.001657   20.427816 ^ clkbuf_3_5__f_clk/A (sky130_fd_sc_hd__clkbuf_16)
     8    0.026810    0.076083    0.268489   20.696306 ^ clkbuf_3_5__f_clk/X (sky130_fd_sc_hd__clkbuf_16)
                                                         clknet_3_5__leaf_clk (net)
                      0.076083    0.000110   20.696415 ^ _1633_/CLK (sky130_fd_sc_hd__dfxtp_2)
                                 -0.250000   20.446417   clock uncertainty
                                  0.000000   20.446417   clock reconvergence pessimism
                                 -0.272393   20.174023   library setup time
                                             20.174023   data required time
---------------------------------------------------------------------------------------------
                                             20.174023   data required time
                                             -5.828025   data arrival time
---------------------------------------------------------------------------------------------
                                             14.345998   slack (MET)


Startpoint: uio_in[1] (input port clocked by clk)
Endpoint: _1634_ (rising edge-triggered flip-flop clocked by clk)
Path Group: clk
Path Type: max

Fanout         Cap        Slew       Delay        Time   Description
---------------------------------------------------------------------------------------------
                                  0.000000    0.000000   clock clk (rise edge)
                                  0.000000    0.000000   clock network delay (propagated)
                                  4.000000    4.000000 ^ input external delay
     1    0.003718    0.038403    0.020612    4.020611 ^ uio_in[1] (in)
                                                         uio_in[1] (net)
                      0.038403    0.000000    4.020611 ^ input11/A (sky130_fd_sc_hd__clkdlybuf4s25_1)
     8    0.026760    0.437060    0.714969    4.735580 ^ input11/X (sky130_fd_sc_hd__clkdlybuf4s25_1)
                                                         net11 (net)
                      0.437060    0.000660    4.736241 ^ _0797_/A (sky130_fd_sc_hd__nor2_2)
     3    0.008741    0.108071    0.215303    4.951544 v _0797_/Y (sky130_fd_sc_hd__nor2_2)
                                                         _0070_ (net)
                      0.108071    0.000055    4.951599 v _0798_/A2 (sky130_fd_sc_hd__o211a_2)
     1    0.003368    0.071486    0.460735    5.412334 v _0798_/X (sky130_fd_sc_hd__o211a_2)
                                                         _0071_ (net)
                      0.071486    0.000041    5.412375 v _0799_/B1 (sky130_fd_sc_hd__a41o_2)
     1    0.002203    0.061096    0.403970    5.816346 v _0799_/X (sky130_fd_sc_hd__a41o_2)
                                                         _0001_ (net)
                      0.061096    0.000021    5.816367 v _1634_/D (sky130_fd_sc_hd__dfxtp_2)
                                              5.816367   data arrival time

                                 20.000000   20.000000   clock clk (rise edge)
                                  0.000000   20.000000   clock source latency
     1    0.018955    0.142613    0.097035   20.097036 ^ clk (in)
                                                         clk (net)
                      0.142616    0.000000   20.097036 ^ clkbuf_0_clk/A (sky130_fd_sc_hd__clkbuf_16)
     8    0.082146    0.151088    0.329123   20.426159 ^ clkbuf_0_clk/X (sky130_fd_sc_hd__clkbuf_16)
                                                         clknet_0_clk (net)
                      0.151104    0.001657   20.427816 ^ clkbuf_3_5__f_clk/A (sky130_fd_sc_hd__clkbuf_16)
     8    0.026810    0.076083    0.268489   20.696306 ^ clkbuf_3_5__f_clk/X (sky130_fd_sc_hd__clkbuf_16)
                                                         clknet_3_5__leaf_clk (net)
                      0.076083    0.000103   20.696409 ^ _1634_/CLK (sky130_fd_sc_hd__dfxtp_2)
                                 -0.250000   20.446409   clock uncertainty
                                  0.000000   20.446409   clock reconvergence pessimism
                                 -0.269037   20.177374   library setup time
                                             20.177374   data required time
---------------------------------------------------------------------------------------------
                                             20.177374   data required time
                                             -5.816367   data arrival time
---------------------------------------------------------------------------------------------
                                             14.361006   slack (MET)


Startpoint: uio_in[3] (input port clocked by clk)
Endpoint: _1624_ (rising edge-triggered flip-flop clocked by clk)
Path Group: clk
Path Type: max

Fanout         Cap        Slew       Delay        Time   Description
---------------------------------------------------------------------------------------------
                                  0.000000    0.000000   clock clk (rise edge)
                                  0.000000    0.000000   clock network delay (propagated)
                                  4.000000    4.000000 v input external delay
     1    0.002596    0.017687    0.008571    4.008571 v uio_in[3] (in)
                                                         uio_in[3] (net)
                      0.017687    0.000000    4.008571 v input13/A (sky130_fd_sc_hd__clkdlybuf4s25_1)
     1    0.002099    0.066629    0.422619    4.431190 v input13/X (sky130_fd_sc_hd__clkdlybuf4s25_1)
                                                         net13 (net)
                      0.066629    0.000020    4.431211 v _1562_/B (sky130_fd_sc_hd__and2_2)
     1    0.014971    0.122202    0.459586    4.890797 v _1562_/X (sky130_fd_sc_hd__and2_2)
                                                         _0052_ (net)
                      0.122204    0.000739    4.891536 v _1624_/D (sky130_fd_sc_hd__dfxtp_2)
                                              4.891536   data arrival time

                                 20.000000   20.000000   clock clk (rise edge)
                                  0.000000   20.000000   clock source latency
     1    0.018955    0.142613    0.097035   20.097036 ^ clk (in)
                                                         clk (net)
                      0.142616    0.000000   20.097036 ^ clkbuf_0_clk/A (sky130_fd_sc_hd__clkbuf_16)
     8    0.082146    0.151088    0.329123   20.426159 ^ clkbuf_0_clk/X (sky130_fd_sc_hd__clkbuf_16)
                                                         clknet_0_clk (net)
                      0.151102    0.001574   20.427732 ^ clkbuf_3_3__f_clk/A (sky130_fd_sc_hd__clkbuf_16)
     8    0.028334    0.078119    0.270562   20.698296 ^ clkbuf_3_3__f_clk/X (sky130_fd_sc_hd__clkbuf_16)
                                                         clknet_3_3__leaf_clk (net)
                      0.078122    0.000563   20.698858 ^ _1624_/CLK (sky130_fd_sc_hd__dfxtp_2)
                                 -0.250000   20.448858   clock uncertainty
                                  0.000000   20.448858   clock reconvergence pessimism
                                 -0.293883   20.154976   library setup time
                                             20.154976   data required time
---------------------------------------------------------------------------------------------
                                             20.154976   data required time
                                             -4.891536   data arrival time
---------------------------------------------------------------------------------------------
                                             15.263439   slack (MET)


Startpoint: _1632_ (rising edge-triggered flip-flop clocked by clk)
Endpoint: _1631_ (rising edge-triggered flip-flop clocked by clk)
Path Group: clk
Path Type: max

Fanout         Cap        Slew       Delay        Time   Description
---------------------------------------------------------------------------------------------
                                  0.000000    0.000000   clock clk (rise edge)
                                  0.000000    0.000000   clock source latency
     1    0.018955    0.142613    0.097036    0.097036 ^ clk (in)
                                                         clk (net)
                      0.142616    0.000000    0.097036 ^ clkbuf_0_clk/A (sky130_fd_sc_hd__clkbuf_16)
     8    0.082146    0.151088    0.329123    0.426159 ^ clkbuf_0_clk/X (sky130_fd_sc_hd__clkbuf_16)
                                                         clknet_0_clk (net)
                      0.151100    0.001504    0.427663 ^ clkbuf_3_2__f_clk/A (sky130_fd_sc_hd__clkbuf_16)
     8    0.022588    0.070673    0.262382    0.690045 ^ clkbuf_3_2__f_clk/X (sky130_fd_sc_hd__clkbuf_16)
                                                         clknet_3_2__leaf_clk (net)
                      0.070675    0.000550    0.690596 ^ _1632_/CLK (sky130_fd_sc_hd__dfxtp_2)
     4    0.015282    0.090068    0.650214    1.340810 v _1632_/Q (sky130_fd_sc_hd__dfxtp_2)
                                                         u_sync.locked (net)
                      0.090068    0.000070    1.340880 v _0792_/A (sky130_fd_sc_hd__or4bb_2)
     4    0.023352    0.334677    1.704270    3.045150 v _0792_/X (sky130_fd_sc_hd__or4bb_2)
                                                         _0065_ (net)
                      0.334677    0.000197    3.045347 v _0793_/A (sky130_fd_sc_hd__inv_2)
     2    0.010133    0.125815    0.206678    3.252025 ^ _0793_/Y (sky130_fd_sc_hd__inv_2)
                                                         _0066_ (net)
                      0.125815    0.000155    3.252180 ^ _1572_/D1 (sky130_fd_sc_hd__a2111oi_2)
     1    0.001686    0.100507    0.080439    3.332619 v _1572_/Y (sky130_fd_sc_hd__a2111oi_2)
                                                         _0058_ (net)
                      0.100507    0.000014    3.332633 v hold89/A (sky130_fd_sc_hd__dlygate4sd3_1)
     1    0.002463    0.103008    1.131999    4.464632 v hold89/X (sky130_fd_sc_hd__dlygate4sd3_1)
                                                         net89 (net)
                      0.103008    0.000028    4.464659 v _1631_/D (sky130_fd_sc_hd__dfxtp_2)
                                              4.464659   data arrival time

                                 20.000000   20.000000   clock clk (rise edge)
                                  0.000000   20.000000   clock source latency
     1    0.018955    0.142613    0.097035   20.097036 ^ clk (in)
                                                         clk (net)
                      0.142616    0.000000   20.097036 ^ clkbuf_0_clk/A (sky130_fd_sc_hd__clkbuf_16)
     8    0.082146    0.151088    0.329123   20.426159 ^ clkbuf_0_clk/X (sky130_fd_sc_hd__clkbuf_16)
                                                         clknet_0_clk (net)
                      0.151102    0.001574   20.427732 ^ clkbuf_3_3__f_clk/A (sky130_fd_sc_hd__clkbuf_16)
     8    0.028334    0.078119    0.270562   20.698296 ^ clkbuf_3_3__f_clk/X (sky130_fd_sc_hd__clkbuf_16)
                                                         clknet_3_3__leaf_clk (net)
                      0.078120    0.000417   20.698713 ^ _1631_/CLK (sky130_fd_sc_hd__dfxtp_2)
                                 -0.250000   20.448713   clock uncertainty
                                  0.000000   20.448713   clock reconvergence pessimism
                                 -0.285906   20.162809   library setup time
                                             20.162809   data required time
---------------------------------------------------------------------------------------------
                                             20.162809   data required time
                                             -4.464659   data arrival time
---------------------------------------------------------------------------------------------
                                             15.698149   slack (MET)


Startpoint: rst_n (input port clocked by clk)
Endpoint: _1636_ (rising edge-triggered flip-flop clocked by clk)
Path Group: clk
Path Type: max

Fanout         Cap        Slew       Delay        Time   Description
---------------------------------------------------------------------------------------------
                                  0.000000    0.000000   clock clk (rise edge)
                                  0.000000    0.000000   clock network delay (propagated)
                                  4.000000    4.000000 v input external delay
     1    0.005529    0.029198    0.017810    4.017810 v rst_n (in)
                                                         rst_n (net)
                      0.029198    0.000000    4.017810 v input1/A (sky130_fd_sc_hd__clkdlybuf4s25_1)
     1    0.003392    0.081591    0.444234    4.462044 v input1/X (sky130_fd_sc_hd__clkdlybuf4s25_1)
                                                         net1 (net)
                      0.081591    0.000052    4.462095 v _1636_/D (sky130_fd_sc_hd__dfxtp_2)
                                              4.462095   data arrival time

                                 20.000000   20.000000   clock clk (rise edge)
                                  0.000000   20.000000   clock source latency
     1    0.018955    0.142613    0.097035   20.097036 ^ clk (in)
                                                         clk (net)
                      0.142616    0.000000   20.097036 ^ clkbuf_0_clk/A (sky130_fd_sc_hd__clkbuf_16)
     8    0.082146    0.151088    0.329123   20.426159 ^ clkbuf_0_clk/X (sky130_fd_sc_hd__clkbuf_16)
                                                         clknet_0_clk (net)
                      0.151110    0.001860   20.428019 ^ clkbuf_3_7__f_clk/A (sky130_fd_sc_hd__clkbuf_16)
     8    0.025222    0.074015    0.266033   20.694052 ^ clkbuf_3_7__f_clk/X (sky130_fd_sc_hd__clkbuf_16)
                                                         clknet_3_7__leaf_clk (net)
                      0.074029    0.000885   20.694937 ^ _1636_/CLK (sky130_fd_sc_hd__dfxtp_2)
                                 -0.250000   20.444937   clock uncertainty
                                  0.000000   20.444937   clock reconvergence pessimism
                                 -0.278112   20.166824   library setup time
                                             20.166824   data required time
---------------------------------------------------------------------------------------------
                                             20.166824   data required time
                                             -4.462095   data arrival time
---------------------------------------------------------------------------------------------
                                             15.704730   slack (MET)


Startpoint: _1629_ (rising edge-triggered flip-flop clocked by clk)
Endpoint: _1629_ (rising edge-triggered flip-flop clocked by clk)
Path Group: clk
Path Type: max

Fanout         Cap        Slew       Delay        Time   Description
---------------------------------------------------------------------------------------------
                                  0.000000    0.000000   clock clk (rise edge)
                                  0.000000    0.000000   clock source latency
     1    0.018955    0.142613    0.097036    0.097036 ^ clk (in)
                                                         clk (net)
                      0.142616    0.000000    0.097036 ^ clkbuf_0_clk/A (sky130_fd_sc_hd__clkbuf_16)
     8    0.082146    0.151088    0.329123    0.426159 ^ clkbuf_0_clk/X (sky130_fd_sc_hd__clkbuf_16)
                                                         clknet_0_clk (net)
                      0.151100    0.001504    0.427663 ^ clkbuf_3_2__f_clk/A (sky130_fd_sc_hd__clkbuf_16)
     8    0.022588    0.070673    0.262382    0.690045 ^ clkbuf_3_2__f_clk/X (sky130_fd_sc_hd__clkbuf_16)
                                                         clknet_3_2__leaf_clk (net)
                      0.070675    0.000697    0.690742 ^ _1629_/CLK (sky130_fd_sc_hd__dfxtp_2)
     2    0.003966    0.043770    0.601151    1.291894 v _1629_/Q (sky130_fd_sc_hd__dfxtp_2)
                                                         u_sync.armed (net)
                      0.043770    0.000015    1.291909 v hold85/A (sky130_fd_sc_hd__dlygate4sd3_1)
     1    0.003192    0.109003    1.118739    2.410648 v hold85/X (sky130_fd_sc_hd__dlygate4sd3_1)
                                                         net85 (net)
                      0.109003    0.000038    2.410686 v _1567_/A1 (sky130_fd_sc_hd__o21a_2)
     1    0.002010    0.054225    0.388970    2.799656 v _1567_/X (sky130_fd_sc_hd__o21a_2)
                                                         _0056_ (net)
                      0.054225    0.000018    2.799675 v hold86/A (sky130_fd_sc_hd__dlygate4sd3_1)
     1    0.001900    0.099894    1.101437    3.901112 v hold86/X (sky130_fd_sc_hd__dlygate4sd3_1)
                                                         net86 (net)
                      0.099894    0.000016    3.901128 v _1629_/D (sky130_fd_sc_hd__dfxtp_2)
                                              3.901128   data arrival time

                                 20.000000   20.000000   clock clk (rise edge)
                                  0.000000   20.000000   clock source latency
     1    0.018955    0.142613    0.097035   20.097036 ^ clk (in)
                                                         clk (net)
                      0.142616    0.000000   20.097036 ^ clkbuf_0_clk/A (sky130_fd_sc_hd__clkbuf_16)
     8    0.082146    0.151088    0.329123   20.426159 ^ clkbuf_0_clk/X (sky130_fd_sc_hd__clkbuf_16)
                                                         clknet_0_clk (net)
                      0.151100    0.001505   20.427664 ^ clkbuf_3_2__f_clk/A (sky130_fd_sc_hd__clkbuf_16)
     8    0.022588    0.070673    0.262382   20.690046 ^ clkbuf_3_2__f_clk/X (sky130_fd_sc_hd__clkbuf_16)
                                                         clknet_3_2__leaf_clk (net)
                      0.070675    0.000696   20.690742 ^ _1629_/CLK (sky130_fd_sc_hd__dfxtp_2)
                                 -0.250000   20.440742   clock uncertainty
                                  0.000000   20.440742   clock reconvergence pessimism
                                 -0.286629   20.154114   library setup time
                                             20.154114   data required time
---------------------------------------------------------------------------------------------
                                             20.154114   data required time
                                             -3.901128   data arrival time
---------------------------------------------------------------------------------------------
                                             16.252985   slack (MET)


Startpoint: _1632_ (rising edge-triggered flip-flop clocked by clk)
Endpoint: _1630_ (rising edge-triggered flip-flop clocked by clk)
Path Group: clk
Path Type: max

Fanout         Cap        Slew       Delay        Time   Description
---------------------------------------------------------------------------------------------
                                  0.000000    0.000000   clock clk (rise edge)
                                  0.000000    0.000000   clock source latency
     1    0.018955    0.142613    0.097036    0.097036 ^ clk (in)
                                                         clk (net)
                      0.142616    0.000000    0.097036 ^ clkbuf_0_clk/A (sky130_fd_sc_hd__clkbuf_16)
     8    0.082146    0.151088    0.329123    0.426159 ^ clkbuf_0_clk/X (sky130_fd_sc_hd__clkbuf_16)
                                                         clknet_0_clk (net)
                      0.151100    0.001504    0.427663 ^ clkbuf_3_2__f_clk/A (sky130_fd_sc_hd__clkbuf_16)
     8    0.022588    0.070673    0.262382    0.690045 ^ clkbuf_3_2__f_clk/X (sky130_fd_sc_hd__clkbuf_16)
                                                         clknet_3_2__leaf_clk (net)
                      0.070675    0.000550    0.690596 ^ _1632_/CLK (sky130_fd_sc_hd__dfxtp_2)
     4    0.015282    0.090068    0.650214    1.340810 v _1632_/Q (sky130_fd_sc_hd__dfxtp_2)
                                                         u_sync.locked (net)
                      0.090068    0.000070    1.340880 v _0792_/A (sky130_fd_sc_hd__or4bb_2)
     4    0.023352    0.334677    1.704270    3.045150 v _0792_/X (sky130_fd_sc_hd__or4bb_2)
                                                         _0065_ (net)
                      0.334677    0.000177    3.045327 v _1570_/D1 (sky130_fd_sc_hd__o2111a_2)
     1    0.002489    0.065848    0.352921    3.398249 v _1570_/X (sky130_fd_sc_hd__o2111a_2)
                                                         _0057_ (net)
                      0.065848    0.000027    3.398276 v _1630_/D (sky130_fd_sc_hd__dfxtp_2)
                                              3.398276   data arrival time

                                 20.000000   20.000000   clock clk (rise edge)
                                  0.000000   20.000000   clock source latency
     1    0.018955    0.142613    0.097035   20.097036 ^ clk (in)
                                                         clk (net)
                      0.142616    0.000000   20.097036 ^ clkbuf_0_clk/A (sky130_fd_sc_hd__clkbuf_16)
     8    0.082146    0.151088    0.329123   20.426159 ^ clkbuf_0_clk/X (sky130_fd_sc_hd__clkbuf_16)
                                                         clknet_0_clk (net)
                      0.151100    0.001505   20.427664 ^ clkbuf_3_2__f_clk/A (sky130_fd_sc_hd__clkbuf_16)
     8    0.022588    0.070673    0.262382   20.690046 ^ clkbuf_3_2__f_clk/X (sky130_fd_sc_hd__clkbuf_16)
                                                         clknet_3_2__leaf_clk (net)
                      0.070674    0.000483   20.690529 ^ _1630_/CLK (sky130_fd_sc_hd__dfxtp_2)
                                 -0.250000   20.440531   clock uncertainty
                                  0.000000   20.440531   clock reconvergence pessimism
                                 -0.272477   20.168053   library setup time
                                             20.168053   data required time
---------------------------------------------------------------------------------------------
                                             20.168053   data required time
                                             -3.398276   data arrival time
---------------------------------------------------------------------------------------------
                                             16.769777   slack (MET)


Startpoint: _1632_ (rising edge-triggered flip-flop clocked by clk)
Endpoint: _1632_ (rising edge-triggered flip-flop clocked by clk)
Path Group: clk
Path Type: max

Fanout         Cap        Slew       Delay        Time   Description
---------------------------------------------------------------------------------------------
                                  0.000000    0.000000   clock clk (rise edge)
                                  0.000000    0.000000   clock source latency
     1    0.018955    0.142613    0.097036    0.097036 ^ clk (in)
                                                         clk (net)
                      0.142616    0.000000    0.097036 ^ clkbuf_0_clk/A (sky130_fd_sc_hd__clkbuf_16)
     8    0.082146    0.151088    0.329123    0.426159 ^ clkbuf_0_clk/X (sky130_fd_sc_hd__clkbuf_16)
                                                         clknet_0_clk (net)
                      0.151100    0.001504    0.427663 ^ clkbuf_3_2__f_clk/A (sky130_fd_sc_hd__clkbuf_16)
     8    0.022588    0.070673    0.262382    0.690045 ^ clkbuf_3_2__f_clk/X (sky130_fd_sc_hd__clkbuf_16)
                                                         clknet_3_2__leaf_clk (net)
                      0.070675    0.000550    0.690596 ^ _1632_/CLK (sky130_fd_sc_hd__dfxtp_2)
     4    0.015282    0.090068    0.650214    1.340810 v _1632_/Q (sky130_fd_sc_hd__dfxtp_2)
                                                         u_sync.locked (net)
                      0.090068    0.000070    1.340880 v _0792_/A (sky130_fd_sc_hd__or4bb_2)
     4    0.023352    0.334677    1.704270    3.045150 v _0792_/X (sky130_fd_sc_hd__or4bb_2)
                                                         _0065_ (net)
                      0.334677    0.000197    3.045347 v _0793_/A (sky130_fd_sc_hd__inv_2)
     2    0.010133    0.125815    0.206678    3.252025 ^ _0793_/Y (sky130_fd_sc_hd__inv_2)
                                                         _0066_ (net)
                      0.125815    0.000114    3.252138 ^ _1573_/A1 (sky130_fd_sc_hd__o21a_2)
     1    0.001969    0.060482    0.262692    3.514830 ^ _1573_/X (sky130_fd_sc_hd__o21a_2)
                                                         _0059_ (net)
                      0.060482    0.000017    3.514848 ^ _1632_/D (sky130_fd_sc_hd__dfxtp_2)
                                              3.514848   data arrival time

                                 20.000000   20.000000   clock clk (rise edge)
                                  0.000000   20.000000   clock source latency
     1    0.018955    0.142613    0.097035   20.097036 ^ clk (in)
                                                         clk (net)
                      0.142616    0.000000   20.097036 ^ clkbuf_0_clk/A (sky130_fd_sc_hd__clkbuf_16)
     8    0.082146    0.151088    0.329123   20.426159 ^ clkbuf_0_clk/X (sky130_fd_sc_hd__clkbuf_16)
                                                         clknet_0_clk (net)
                      0.151100    0.001505   20.427664 ^ clkbuf_3_2__f_clk/A (sky130_fd_sc_hd__clkbuf_16)
     8    0.022588    0.070673    0.262382   20.690046 ^ clkbuf_3_2__f_clk/X (sky130_fd_sc_hd__clkbuf_16)
                                                         clknet_3_2__leaf_clk (net)
                      0.070675    0.000551   20.690596 ^ _1632_/CLK (sky130_fd_sc_hd__dfxtp_2)
                                 -0.250000   20.440598   clock uncertainty
                                  0.000000   20.440598   clock reconvergence pessimism
                                 -0.138435   20.302162   library setup time
                                             20.302162   data required time
---------------------------------------------------------------------------------------------
                                             20.302162   data required time
                                             -3.514848   data arrival time
---------------------------------------------------------------------------------------------
                                             16.787315   slack (MET)


Startpoint: _1601_ (rising edge-triggered flip-flop clocked by clk)
Endpoint: _1577_ (rising edge-triggered flip-flop clocked by clk)
Path Group: clk
Path Type: max

Fanout         Cap        Slew       Delay        Time   Description
---------------------------------------------------------------------------------------------
                                  0.000000    0.000000   clock clk (rise edge)
                                  0.000000    0.000000   clock source latency
     1    0.018955    0.142613    0.097036    0.097036 ^ clk (in)
                                                         clk (net)
                      0.142616    0.000000    0.097036 ^ clkbuf_0_clk/A (sky130_fd_sc_hd__clkbuf_16)
     8    0.082146    0.151088    0.329123    0.426159 ^ clkbuf_0_clk/X (sky130_fd_sc_hd__clkbuf_16)
                                                         clknet_0_clk (net)
                      0.151104    0.001663    0.427822 ^ clkbuf_3_0__f_clk/A (sky130_fd_sc_hd__clkbuf_16)
     8    0.021854    0.069735    0.261421    0.689243 ^ clkbuf_3_0__f_clk/X (sky130_fd_sc_hd__clkbuf_16)
                                                         clknet_3_0__leaf_clk (net)
                      0.069757    0.000132    0.689375 ^ _1601_/CLK (sky130_fd_sc_hd__dfxtp_2)
     4    0.020342    0.106934    0.668205    1.357581 v _1601_/Q (sky130_fd_sc_hd__dfxtp_2)
                                                         u_dp.acc_q[1] (net)
                      0.106934    0.000160    1.357741 v hold94/A (sky130_fd_sc_hd__dlygate4sd3_1)
     1    0.008003    0.155716    1.208939    2.566680 v hold94/X (sky130_fd_sc_hd__dlygate4sd3_1)
                                                         net94 (net)
                      0.155716    0.000166    2.566846 v _1417_/A1 (sky130_fd_sc_hd__a21oi_2)
     1    0.012572    0.289175    0.351027    2.917872 ^ _1417_/Y (sky130_fd_sc_hd__a21oi_2)
                                                         _0685_ (net)
                      0.289175    0.000195    2.918067 ^ _1418_/B (sky130_fd_sc_hd__nor2_2)
     1    0.003797    0.084230    0.125622    3.043689 v _1418_/Y (sky130_fd_sc_hd__nor2_2)
                                                         _0005_ (net)
                      0.084230    0.000044    3.043733 v _1577_/D (sky130_fd_sc_hd__dfxtp_2)
                                              3.043733   data arrival time

                                 20.000000   20.000000   clock clk (rise edge)
                                  0.000000   20.000000   clock source latency
     1    0.018955    0.142613    0.097035   20.097036 ^ clk (in)
                                                         clk (net)
                      0.142616    0.000000   20.097036 ^ clkbuf_0_clk/A (sky130_fd_sc_hd__clkbuf_16)
     8    0.082146    0.151088    0.329123   20.426159 ^ clkbuf_0_clk/X (sky130_fd_sc_hd__clkbuf_16)
                                                         clknet_0_clk (net)
                      0.151092    0.001094   20.427254 ^ clkbuf_3_4__f_clk/A (sky130_fd_sc_hd__clkbuf_16)
     8    0.029186    0.079270    0.271724   20.698977 ^ clkbuf_3_4__f_clk/X (sky130_fd_sc_hd__clkbuf_16)
                                                         clknet_3_4__leaf_clk (net)
                      0.079277    0.000753   20.699730 ^ _1577_/CLK (sky130_fd_sc_hd__dfxtp_2)
                                 -0.250000   20.449732   clock uncertainty
                                  0.000000   20.449732   clock reconvergence pessimism
                                 -0.277788   20.171944   library setup time
                                             20.171944   data required time
---------------------------------------------------------------------------------------------
                                             20.171944   data required time
                                             -3.043733   data arrival time
---------------------------------------------------------------------------------------------
                                             17.128210   slack (MET)


Startpoint: _1600_ (rising edge-triggered flip-flop clocked by clk)
Endpoint: _1576_ (rising edge-triggered flip-flop clocked by clk)
Path Group: clk
Path Type: max

Fanout         Cap        Slew       Delay        Time   Description
---------------------------------------------------------------------------------------------
                                  0.000000    0.000000   clock clk (rise edge)
                                  0.000000    0.000000   clock source latency
     1    0.018955    0.142613    0.097036    0.097036 ^ clk (in)
                                                         clk (net)
                      0.142616    0.000000    0.097036 ^ clkbuf_0_clk/A (sky130_fd_sc_hd__clkbuf_16)
     8    0.082146    0.151088    0.329123    0.426159 ^ clkbuf_0_clk/X (sky130_fd_sc_hd__clkbuf_16)
                                                         clknet_0_clk (net)
                      0.151104    0.001663    0.427822 ^ clkbuf_3_0__f_clk/A (sky130_fd_sc_hd__clkbuf_16)
     8    0.021854    0.069735    0.261421    0.689243 ^ clkbuf_3_0__f_clk/X (sky130_fd_sc_hd__clkbuf_16)
                                                         clknet_3_0__leaf_clk (net)
                      0.069757    0.000131    0.689373 ^ _1600_/CLK (sky130_fd_sc_hd__dfxtp_2)
     3    0.010531    0.070318    0.630326    1.319699 v _1600_/Q (sky130_fd_sc_hd__dfxtp_2)
                                                         u_dp.acc_q[0] (net)
                      0.070318    0.000100    1.319799 v hold92/A (sky130_fd_sc_hd__dlygate4sd3_1)
     2    0.009695    0.172153    1.210852    2.530651 v hold92/X (sky130_fd_sc_hd__dlygate4sd3_1)
                                                         net92 (net)
                      0.172153    0.000121    2.530772 v _1414_/A1 (sky130_fd_sc_hd__a21oi_2)
     1    0.011149    0.265294    0.338462    2.869234 ^ _1414_/Y (sky130_fd_sc_hd__a21oi_2)
                                                         _0683_ (net)
                      0.265295    0.000450    2.869684 ^ _1415_/B (sky130_fd_sc_hd__nor2_2)
     1    0.005481    0.090608    0.131205    3.000889 v _1415_/Y (sky130_fd_sc_hd__nor2_2)
                                                         _0004_ (net)
                      0.090608    0.000112    3.001001 v _1576_/D (sky130_fd_sc_hd__dfxtp_2)
                                              3.001001   data arrival time

                                 20.000000   20.000000   clock clk (rise edge)
                                  0.000000   20.000000   clock source latency
     1    0.018955    0.142613    0.097035   20.097036 ^ clk (in)
                                                         clk (net)
                      0.142616    0.000000   20.097036 ^ clkbuf_0_clk/A (sky130_fd_sc_hd__clkbuf_16)
     8    0.082146    0.151088    0.329123   20.426159 ^ clkbuf_0_clk/X (sky130_fd_sc_hd__clkbuf_16)
                                                         clknet_0_clk (net)
                      0.151104    0.001657   20.427816 ^ clkbuf_3_5__f_clk/A (sky130_fd_sc_hd__clkbuf_16)
     8    0.026810    0.076083    0.268489   20.696306 ^ clkbuf_3_5__f_clk/X (sky130_fd_sc_hd__clkbuf_16)
                                                         clknet_3_5__leaf_clk (net)
                      0.076084    0.000314   20.696621 ^ _1576_/CLK (sky130_fd_sc_hd__dfxtp_2)
                                 -0.250000   20.446621   clock uncertainty
                                  0.000000   20.446621   clock reconvergence pessimism
                                 -0.281304   20.165318   library setup time
                                             20.165318   data required time
---------------------------------------------------------------------------------------------
                                             20.165318   data required time
                                             -3.001001   data arrival time
---------------------------------------------------------------------------------------------
                                             17.164314   slack (MET)


Startpoint: _1603_ (rising edge-triggered flip-flop clocked by clk)
Endpoint: _1579_ (rising edge-triggered flip-flop clocked by clk)
Path Group: clk
Path Type: max

Fanout         Cap        Slew       Delay        Time   Description
---------------------------------------------------------------------------------------------
                                  0.000000    0.000000   clock clk (rise edge)
                                  0.000000    0.000000   clock source latency
     1    0.018955    0.142613    0.097036    0.097036 ^ clk (in)
                                                         clk (net)
                      0.142616    0.000000    0.097036 ^ clkbuf_0_clk/A (sky130_fd_sc_hd__clkbuf_16)
     8    0.082146    0.151088    0.329123    0.426159 ^ clkbuf_0_clk/X (sky130_fd_sc_hd__clkbuf_16)
                                                         clknet_0_clk (net)
                      0.151100    0.001504    0.427663 ^ clkbuf_3_2__f_clk/A (sky130_fd_sc_hd__clkbuf_16)
     8    0.022588    0.070673    0.262382    0.690045 ^ clkbuf_3_2__f_clk/X (sky130_fd_sc_hd__clkbuf_16)
                                                         clknet_3_2__leaf_clk (net)
                      0.070674    0.000078    0.690123 ^ _1603_/CLK (sky130_fd_sc_hd__dfxtp_2)
     5    0.021922    0.113217    0.673520    1.363643 v _1603_/Q (sky130_fd_sc_hd__dfxtp_2)
                                                         u_dp.acc_q[3] (net)
                      0.113217    0.000052    1.363695 v hold98/A (sky130_fd_sc_hd__dlygate4sd3_1)
     1    0.005097    0.129399    1.178933    2.542628 v hold98/X (sky130_fd_sc_hd__dlygate4sd3_1)
                                                         net98 (net)
                      0.129399    0.000055    2.542683 v _1423_/A1 (sky130_fd_sc_hd__a21oi_2)
     1    0.011107    0.264477    0.319443    2.862126 ^ _1423_/Y (sky130_fd_sc_hd__a21oi_2)
                                                         _0689_ (net)
                      0.264477    0.000127    2.862253 ^ _1424_/B (sky130_fd_sc_hd__nor2_2)
     1    0.004024    0.085454    0.122581    2.984834 v _1424_/Y (sky130_fd_sc_hd__nor2_2)
                                                         _0007_ (net)
                      0.085454    0.000072    2.984906 v _1579_/D (sky130_fd_sc_hd__dfxtp_2)
                                              2.984906   data arrival time

                                 20.000000   20.000000   clock clk (rise edge)
                                  0.000000   20.000000   clock source latency
     1    0.018955    0.142613    0.097035   20.097036 ^ clk (in)
                                                         clk (net)
                      0.142616    0.000000   20.097036 ^ clkbuf_0_clk/A (sky130_fd_sc_hd__clkbuf_16)
     8    0.082146    0.151088    0.329123   20.426159 ^ clkbuf_0_clk/X (sky130_fd_sc_hd__clkbuf_16)
                                                         clknet_0_clk (net)
                      0.151104    0.001657   20.427816 ^ clkbuf_3_5__f_clk/A (sky130_fd_sc_hd__clkbuf_16)
     8    0.026810    0.076083    0.268489   20.696306 ^ clkbuf_3_5__f_clk/X (sky130_fd_sc_hd__clkbuf_16)
                                                         clknet_3_5__leaf_clk (net)
                      0.076084    0.000314   20.696621 ^ _1579_/CLK (sky130_fd_sc_hd__dfxtp_2)
                                 -0.250000   20.446621   clock uncertainty
                                  0.000000   20.446621   clock reconvergence pessimism
                                 -0.279161   20.167459   library setup time
                                             20.167459   data required time
---------------------------------------------------------------------------------------------
                                             20.167459   data required time
                                             -2.984906   data arrival time
---------------------------------------------------------------------------------------------
                                             17.182554   slack (MET)


Startpoint: _1602_ (rising edge-triggered flip-flop clocked by clk)
Endpoint: _1578_ (rising edge-triggered flip-flop clocked by clk)
Path Group: clk
Path Type: max

Fanout         Cap        Slew       Delay        Time   Description
---------------------------------------------------------------------------------------------
                                  0.000000    0.000000   clock clk (rise edge)
                                  0.000000    0.000000   clock source latency
     1    0.018955    0.142613    0.097036    0.097036 ^ clk (in)
                                                         clk (net)
                      0.142616    0.000000    0.097036 ^ clkbuf_0_clk/A (sky130_fd_sc_hd__clkbuf_16)
     8    0.082146    0.151088    0.329123    0.426159 ^ clkbuf_0_clk/X (sky130_fd_sc_hd__clkbuf_16)
                                                         clknet_0_clk (net)
                      0.151102    0.001574    0.427733 ^ clkbuf_3_3__f_clk/A (sky130_fd_sc_hd__clkbuf_16)
     8    0.028334    0.078119    0.270561    0.698295 ^ clkbuf_3_3__f_clk/X (sky130_fd_sc_hd__clkbuf_16)
                                                         clknet_3_3__leaf_clk (net)
                      0.078119    0.000287    0.698582 ^ _1602_/CLK (sky130_fd_sc_hd__dfxtp_2)
     5    0.022155    0.114117    0.677630    1.376212 v _1602_/Q (sky130_fd_sc_hd__dfxtp_2)
                                                         u_dp.acc_q[2] (net)
                      0.114117    0.000163    1.376374 v hold99/A (sky130_fd_sc_hd__dlygate4sd3_1)
     1    0.004811    0.132114    1.176134    2.552508 v hold99/X (sky130_fd_sc_hd__dlygate4sd3_1)
                                                         net99 (net)
                      0.132114    0.000026    2.552534 v _1420_/A1 (sky130_fd_sc_hd__a21oi_2)
     1    0.010336    0.251552    0.309815    2.862349 ^ _1420_/Y (sky130_fd_sc_hd__a21oi_2)
                                                         _0687_ (net)
                      0.251552    0.000319    2.862668 ^ _1421_/B (sky130_fd_sc_hd__nor2_2)
     1    0.003151    0.080902    0.113284    2.975952 v _1421_/Y (sky130_fd_sc_hd__nor2_2)
                                                         _0006_ (net)
                      0.080902    0.000047    2.975999 v _1578_/D (sky130_fd_sc_hd__dfxtp_2)
                                              2.975999   data arrival time

                                 20.000000   20.000000   clock clk (rise edge)
                                  0.000000   20.000000   clock source latency
     1    0.018955    0.142613    0.097035   20.097036 ^ clk (in)
                                                         clk (net)
                      0.142616    0.000000   20.097036 ^ clkbuf_0_clk/A (sky130_fd_sc_hd__clkbuf_16)
     8    0.082146    0.151088    0.329123   20.426159 ^ clkbuf_0_clk/X (sky130_fd_sc_hd__clkbuf_16)
                                                         clknet_0_clk (net)
                      0.151092    0.001094   20.427254 ^ clkbuf_3_4__f_clk/A (sky130_fd_sc_hd__clkbuf_16)
     8    0.029186    0.079270    0.271724   20.698977 ^ clkbuf_3_4__f_clk/X (sky130_fd_sc_hd__clkbuf_16)
                                                         clknet_3_4__leaf_clk (net)
                      0.079277    0.000751   20.699728 ^ _1578_/CLK (sky130_fd_sc_hd__dfxtp_2)
                                 -0.250000   20.449730   clock uncertainty
                                  0.000000   20.449730   clock reconvergence pessimism
                                 -0.276405   20.173325   library setup time
                                             20.173325   data required time
---------------------------------------------------------------------------------------------
                                             20.173325   data required time
                                             -2.975999   data arrival time
---------------------------------------------------------------------------------------------
                                             17.197327   slack (MET)


Startpoint: _1607_ (rising edge-triggered flip-flop clocked by clk)
Endpoint: _1583_ (rising edge-triggered flip-flop clocked by clk)
Path Group: clk
Path Type: max

Fanout         Cap        Slew       Delay        Time   Description
---------------------------------------------------------------------------------------------
                                  0.000000    0.000000   clock clk (rise edge)
                                  0.000000    0.000000   clock source latency
     1    0.018955    0.142613    0.097036    0.097036 ^ clk (in)
                                                         clk (net)
                      0.142616    0.000000    0.097036 ^ clkbuf_0_clk/A (sky130_fd_sc_hd__clkbuf_16)
     8    0.082146    0.151088    0.329123    0.426159 ^ clkbuf_0_clk/X (sky130_fd_sc_hd__clkbuf_16)
                                                         clknet_0_clk (net)
                      0.151092    0.001093    0.427252 ^ clkbuf_3_4__f_clk/A (sky130_fd_sc_hd__clkbuf_16)
     8    0.029186    0.079270    0.271725    0.698977 ^ clkbuf_3_4__f_clk/X (sky130_fd_sc_hd__clkbuf_16)
                                                         clknet_3_4__leaf_clk (net)
                      0.079270    0.000341    0.699317 ^ _1607_/CLK (sky130_fd_sc_hd__dfxtp_2)
     4    0.024378    0.122786    0.685189    1.384506 v _1607_/Q (sky130_fd_sc_hd__dfxtp_2)
                                                         u_dp.acc_q[7] (net)
                      0.122786    0.000103    1.384609 v hold97/A (sky130_fd_sc_hd__dlygate4sd3_1)
     1    0.005004    0.133968    1.182560    2.567169 v hold97/X (sky130_fd_sc_hd__dlygate4sd3_1)
                                                         net97 (net)
                      0.133968    0.000034    2.567203 v _1435_/A1 (sky130_fd_sc_hd__a21oi_2)
     1    0.007700    0.207843    0.274112    2.841315 ^ _1435_/Y (sky130_fd_sc_hd__a21oi_2)
                                                         _0697_ (net)
                      0.207843    0.000154    2.841469 ^ _1436_/B (sky130_fd_sc_hd__nor2_2)
     1    0.002420    0.077669    0.098223    2.939692 v _1436_/Y (sky130_fd_sc_hd__nor2_2)
                                                         _0011_ (net)
                      0.077669    0.000026    2.939717 v _1583_/D (sky130_fd_sc_hd__dfxtp_2)
                                              2.939717   data arrival time

                                 20.000000   20.000000   clock clk (rise edge)
                                  0.000000   20.000000   clock source latency
     1    0.018955    0.142613    0.097035   20.097036 ^ clk (in)
                                                         clk (net)
                      0.142616    0.000000   20.097036 ^ clkbuf_0_clk/A (sky130_fd_sc_hd__clkbuf_16)
     8    0.082146    0.151088    0.329123   20.426159 ^ clkbuf_0_clk/X (sky130_fd_sc_hd__clkbuf_16)
                                                         clknet_0_clk (net)
                      0.151104    0.001657   20.427816 ^ clkbuf_3_5__f_clk/A (sky130_fd_sc_hd__clkbuf_16)
     8    0.026810    0.076083    0.268489   20.696306 ^ clkbuf_3_5__f_clk/X (sky130_fd_sc_hd__clkbuf_16)
                                                         clknet_3_5__leaf_clk (net)
                      0.076084    0.000306   20.696611 ^ _1583_/CLK (sky130_fd_sc_hd__dfxtp_2)
                                 -0.250000   20.446611   clock uncertainty
                                  0.000000   20.446611   clock reconvergence pessimism
                                 -0.275926   20.170687   library setup time
                                             20.170687   data required time
---------------------------------------------------------------------------------------------
                                             20.170687   data required time
                                             -2.939717   data arrival time
---------------------------------------------------------------------------------------------
                                             17.230968   slack (MET)


Startpoint: _1604_ (rising edge-triggered flip-flop clocked by clk)
Endpoint: _1580_ (rising edge-triggered flip-flop clocked by clk)
Path Group: clk
Path Type: max

Fanout         Cap        Slew       Delay        Time   Description
---------------------------------------------------------------------------------------------
                                  0.000000    0.000000   clock clk (rise edge)
                                  0.000000    0.000000   clock source latency
     1    0.018955    0.142613    0.097036    0.097036 ^ clk (in)
                                                         clk (net)
                      0.142616    0.000000    0.097036 ^ clkbuf_0_clk/A (sky130_fd_sc_hd__clkbuf_16)
     8    0.082146    0.151088    0.329123    0.426159 ^ clkbuf_0_clk/X (sky130_fd_sc_hd__clkbuf_16)
                                                         clknet_0_clk (net)
                      0.151100    0.001504    0.427663 ^ clkbuf_3_2__f_clk/A (sky130_fd_sc_hd__clkbuf_16)
     8    0.022588    0.070673    0.262382    0.690045 ^ clkbuf_3_2__f_clk/X (sky130_fd_sc_hd__clkbuf_16)
                                                         clknet_3_2__leaf_clk (net)
                      0.070674    0.000143    0.690189 ^ _1604_/CLK (sky130_fd_sc_hd__dfxtp_2)
     3    0.012661    0.079067    0.639441    1.329630 v _1604_/Q (sky130_fd_sc_hd__dfxtp_2)
                                                         u_dp.acc_q[4] (net)
                      0.079067    0.000037    1.329667 v hold90/A (sky130_fd_sc_hd__dlygate4sd3_1)
     2    0.010220    0.177402    1.220736    2.550404 v hold90/X (sky130_fd_sc_hd__dlygate4sd3_1)
                                                         net90 (net)
                      0.177402    0.000030    2.550434 v _1426_/A1 (sky130_fd_sc_hd__a21oi_2)
     1    0.007169    0.199211    0.285715    2.836149 ^ _1426_/Y (sky130_fd_sc_hd__a21oi_2)
                                                         _0691_ (net)
                      0.199211    0.000134    2.836283 ^ _1427_/B (sky130_fd_sc_hd__nor2_2)
     1    0.002564    0.078312    0.096644    2.932927 v _1427_/Y (sky130_fd_sc_hd__nor2_2)
                                                         _0008_ (net)
                      0.078312    0.000029    2.932956 v _1580_/D (sky130_fd_sc_hd__dfxtp_2)
                                              2.932956   data arrival time

                                 20.000000   20.000000   clock clk (rise edge)
                                  0.000000   20.000000   clock source latency
     1    0.018955    0.142613    0.097035   20.097036 ^ clk (in)
                                                         clk (net)
                      0.142616    0.000000   20.097036 ^ clkbuf_0_clk/A (sky130_fd_sc_hd__clkbuf_16)
     8    0.082146    0.151088    0.329123   20.426159 ^ clkbuf_0_clk/X (sky130_fd_sc_hd__clkbuf_16)
                                                         clknet_0_clk (net)
                      0.151102    0.001574   20.427732 ^ clkbuf_3_3__f_clk/A (sky130_fd_sc_hd__clkbuf_16)
     8    0.028334    0.078119    0.270562   20.698296 ^ clkbuf_3_3__f_clk/X (sky130_fd_sc_hd__clkbuf_16)
                                                         clknet_3_3__leaf_clk (net)
                      0.078121    0.000483   20.698778 ^ _1580_/CLK (sky130_fd_sc_hd__dfxtp_2)
                                 -0.250000   20.448780   clock uncertainty
                                  0.000000   20.448780   clock reconvergence pessimism
                                 -0.275641   20.173138   library setup time
                                             20.173138   data required time
---------------------------------------------------------------------------------------------
                                             20.173138   data required time
                                             -2.932956   data arrival time
---------------------------------------------------------------------------------------------
                                             17.240181   slack (MET)


Startpoint: _1635_ (rising edge-triggered flip-flop clocked by clk)
Endpoint: _1581_ (rising edge-triggered flip-flop clocked by clk)
Path Group: clk
Path Type: max

Fanout         Cap        Slew       Delay        Time   Description
---------------------------------------------------------------------------------------------
                                  0.000000    0.000000   clock clk (rise edge)
                                  0.000000    0.000000   clock source latency
     1    0.018955    0.142613    0.097036    0.097036 ^ clk (in)
                                                         clk (net)
                      0.142616    0.000000    0.097036 ^ clkbuf_0_clk/A (sky130_fd_sc_hd__clkbuf_16)
     8    0.082146    0.151088    0.329123    0.426159 ^ clkbuf_0_clk/X (sky130_fd_sc_hd__clkbuf_16)
                                                         clknet_0_clk (net)
                      0.151110    0.001851    0.428010 ^ clkbuf_3_6__f_clk/A (sky130_fd_sc_hd__clkbuf_16)
     8    0.022215    0.070185    0.261835    0.689845 ^ clkbuf_3_6__f_clk/X (sky130_fd_sc_hd__clkbuf_16)
                                                         clknet_3_6__leaf_clk (net)
                      0.070207    0.000552    0.690396 ^ _1635_/CLK (sky130_fd_sc_hd__dfxtp_2)
     1    0.003902    0.059071    0.642206    1.332602 ^ _1635_/Q (sky130_fd_sc_hd__dfxtp_2)
                                                         u_rst_sync.rst_ff2 (net)
                      0.059071    0.000059    1.332661 ^ fanout42/A (sky130_fd_sc_hd__clkdlybuf4s25_1)
    10    0.050821    0.810730    0.987422    2.320082 ^ fanout42/X (sky130_fd_sc_hd__clkdlybuf4s25_1)
                                                         net42 (net)
                      0.810739    0.003902    2.323984 ^ _0791_/A (sky130_fd_sc_hd__inv_2)
     9    0.044219    0.293004    0.481745    2.805729 v _0791_/Y (sky130_fd_sc_hd__inv_2)
                                                         _0064_ (net)
                      0.293004    0.000818    2.806547 v _1430_/A (sky130_fd_sc_hd__nor2_2)
     1    0.002575    0.108461    0.240453    3.047000 ^ _1430_/Y (sky130_fd_sc_hd__nor2_2)
                                                         _0009_ (net)
                      0.108461    0.000030    3.047031 ^ _1581_/D (sky130_fd_sc_hd__dfxtp_2)
                                              3.047031   data arrival time

                                 20.000000   20.000000   clock clk (rise edge)
                                  0.000000   20.000000   clock source latency
     1    0.018955    0.142613    0.097035   20.097036 ^ clk (in)
                                                         clk (net)
                      0.142616    0.000000   20.097036 ^ clkbuf_0_clk/A (sky130_fd_sc_hd__clkbuf_16)
     8    0.082146    0.151088    0.329123   20.426159 ^ clkbuf_0_clk/X (sky130_fd_sc_hd__clkbuf_16)
                                                         clknet_0_clk (net)
                      0.151092    0.001094   20.427254 ^ clkbuf_3_4__f_clk/A (sky130_fd_sc_hd__clkbuf_16)
     8    0.029186    0.079270    0.271724   20.698977 ^ clkbuf_3_4__f_clk/X (sky130_fd_sc_hd__clkbuf_16)
                                                         clknet_3_4__leaf_clk (net)
                      0.079276    0.000721   20.699699 ^ _1581_/CLK (sky130_fd_sc_hd__dfxtp_2)
                                 -0.250000   20.449699   clock uncertainty
                                  0.000000   20.449699   clock reconvergence pessimism
                                 -0.149525   20.300175   library setup time
                                             20.300175   data required time
---------------------------------------------------------------------------------------------
                                             20.300175   data required time
                                             -3.047031   data arrival time
---------------------------------------------------------------------------------------------
                                             17.253143   slack (MET)


Startpoint: _1635_ (rising edge-triggered flip-flop clocked by clk)
Endpoint: _1582_ (rising edge-triggered flip-flop clocked by clk)
Path Group: clk
Path Type: max

Fanout         Cap        Slew       Delay        Time   Description
---------------------------------------------------------------------------------------------
                                  0.000000    0.000000   clock clk (rise edge)
                                  0.000000    0.000000   clock source latency
     1    0.018955    0.142613    0.097036    0.097036 ^ clk (in)
                                                         clk (net)
                      0.142616    0.000000    0.097036 ^ clkbuf_0_clk/A (sky130_fd_sc_hd__clkbuf_16)
     8    0.082146    0.151088    0.329123    0.426159 ^ clkbuf_0_clk/X (sky130_fd_sc_hd__clkbuf_16)
                                                         clknet_0_clk (net)
                      0.151110    0.001851    0.428010 ^ clkbuf_3_6__f_clk/A (sky130_fd_sc_hd__clkbuf_16)
     8    0.022215    0.070185    0.261835    0.689845 ^ clkbuf_3_6__f_clk/X (sky130_fd_sc_hd__clkbuf_16)
                                                         clknet_3_6__leaf_clk (net)
                      0.070207    0.000552    0.690396 ^ _1635_/CLK (sky130_fd_sc_hd__dfxtp_2)
     1    0.003725    0.042780    0.599483    1.289880 v _1635_/Q (sky130_fd_sc_hd__dfxtp_2)
                                                         u_rst_sync.rst_ff2 (net)
                      0.042780    0.000056    1.289935 v fanout42/A (sky130_fd_sc_hd__clkdlybuf4s25_1)
    10    0.049743    0.663587    0.899636    2.189571 v fanout42/X (sky130_fd_sc_hd__clkdlybuf4s25_1)
                                                         net42 (net)
                      0.663601    0.003814    2.193385 v _0791_/A (sky130_fd_sc_hd__inv_2)
     9    0.047518    0.394668    0.560960    2.754344 ^ _0791_/Y (sky130_fd_sc_hd__inv_2)
                                                         _0064_ (net)
                      0.394668    0.000802    2.755147 ^ _1433_/A (sky130_fd_sc_hd__nor2_2)
     1    0.002242    0.076865    0.161975    2.917121 v _1433_/Y (sky130_fd_sc_hd__nor2_2)
                                                         _0010_ (net)
                      0.076865    0.000024    2.917145 v _1582_/D (sky130_fd_sc_hd__dfxtp_2)
                                              2.917145   data arrival time

                                 20.000000   20.000000   clock clk (rise edge)
                                  0.000000   20.000000   clock source latency
     1    0.018955    0.142613    0.097035   20.097036 ^ clk (in)
                                                         clk (net)
                      0.142616    0.000000   20.097036 ^ clkbuf_0_clk/A (sky130_fd_sc_hd__clkbuf_16)
     8    0.082146    0.151088    0.329123   20.426159 ^ clkbuf_0_clk/X (sky130_fd_sc_hd__clkbuf_16)
                                                         clknet_0_clk (net)
                      0.151102    0.001574   20.427732 ^ clkbuf_3_3__f_clk/A (sky130_fd_sc_hd__clkbuf_16)
     8    0.028334    0.078119    0.270562   20.698296 ^ clkbuf_3_3__f_clk/X (sky130_fd_sc_hd__clkbuf_16)
                                                         clknet_3_3__leaf_clk (net)
                      0.078121    0.000504   20.698799 ^ _1582_/CLK (sky130_fd_sc_hd__dfxtp_2)
                                 -0.250000   20.448801   clock uncertainty
                                  0.000000   20.448801   clock reconvergence pessimism
                                 -0.275040   20.173759   library setup time
                                             20.173759   data required time
---------------------------------------------------------------------------------------------
                                             20.173759   data required time
                                             -2.917145   data arrival time
---------------------------------------------------------------------------------------------
                                             17.256615   slack (MET)


Startpoint: _1635_ (rising edge-triggered flip-flop clocked by clk)
Endpoint: _1626_ (rising edge-triggered flip-flop clocked by clk)
Path Group: clk
Path Type: max

Fanout         Cap        Slew       Delay        Time   Description
---------------------------------------------------------------------------------------------
                                  0.000000    0.000000   clock clk (rise edge)
                                  0.000000    0.000000   clock source latency
     1    0.018955    0.142613    0.097036    0.097036 ^ clk (in)
                                                         clk (net)
                      0.142616    0.000000    0.097036 ^ clkbuf_0_clk/A (sky130_fd_sc_hd__clkbuf_16)
     8    0.082146    0.151088    0.329123    0.426159 ^ clkbuf_0_clk/X (sky130_fd_sc_hd__clkbuf_16)
                                                         clknet_0_clk (net)
                      0.151110    0.001851    0.428010 ^ clkbuf_3_6__f_clk/A (sky130_fd_sc_hd__clkbuf_16)
     8    0.022215    0.070185    0.261835    0.689845 ^ clkbuf_3_6__f_clk/X (sky130_fd_sc_hd__clkbuf_16)
                                                         clknet_3_6__leaf_clk (net)
                      0.070207    0.000552    0.690396 ^ _1635_/CLK (sky130_fd_sc_hd__dfxtp_2)
     1    0.003725    0.042780    0.599483    1.289880 v _1635_/Q (sky130_fd_sc_hd__dfxtp_2)
                                                         u_rst_sync.rst_ff2 (net)
                      0.042780    0.000056    1.289935 v fanout42/A (sky130_fd_sc_hd__clkdlybuf4s25_1)
    10    0.049743    0.663587    0.899636    2.189571 v fanout42/X (sky130_fd_sc_hd__clkdlybuf4s25_1)
                                                         net42 (net)
                      0.663607    0.004278    2.193849 v _1564_/B (sky130_fd_sc_hd__and2_2)
     1    0.002341    0.068730    0.688141    2.881990 v _1564_/X (sky130_fd_sc_hd__and2_2)
                                                         _0054_ (net)
                      0.068730    0.000025    2.882016 v _1626_/D (sky130_fd_sc_hd__dfxtp_2)
                                              2.882016   data arrival time

                                 20.000000   20.000000   clock clk (rise edge)
                                  0.000000   20.000000   clock source latency
     1    0.018955    0.142613    0.097035   20.097036 ^ clk (in)
                                                         clk (net)
                      0.142616    0.000000   20.097036 ^ clkbuf_0_clk/A (sky130_fd_sc_hd__clkbuf_16)
     8    0.082146    0.151088    0.329123   20.426159 ^ clkbuf_0_clk/X (sky130_fd_sc_hd__clkbuf_16)
                                                         clknet_0_clk (net)
                      0.151100    0.001505   20.427664 ^ clkbuf_3_2__f_clk/A (sky130_fd_sc_hd__clkbuf_16)
     8    0.022588    0.070673    0.262382   20.690046 ^ clkbuf_3_2__f_clk/X (sky130_fd_sc_hd__clkbuf_16)
                                                         clknet_3_2__leaf_clk (net)
                      0.070675    0.000661   20.690706 ^ _1626_/CLK (sky130_fd_sc_hd__dfxtp_2)
                                 -0.250000   20.440708   clock uncertainty
                                  0.000000   20.440708   clock reconvergence pessimism
                                 -0.273675   20.167032   library setup time
                                             20.167032   data required time
---------------------------------------------------------------------------------------------
                                             20.167032   data required time
                                             -2.882016   data arrival time
---------------------------------------------------------------------------------------------
                                             17.285019   slack (MET)


Startpoint: _1635_ (rising edge-triggered flip-flop clocked by clk)
Endpoint: _1628_ (rising edge-triggered flip-flop clocked by clk)
Path Group: clk
Path Type: max

Fanout         Cap        Slew       Delay        Time   Description
---------------------------------------------------------------------------------------------
                                  0.000000    0.000000   clock clk (rise edge)
                                  0.000000    0.000000   clock source latency
     1    0.018955    0.142613    0.097036    0.097036 ^ clk (in)
                                                         clk (net)
                      0.142616    0.000000    0.097036 ^ clkbuf_0_clk/A (sky130_fd_sc_hd__clkbuf_16)
     8    0.082146    0.151088    0.329123    0.426159 ^ clkbuf_0_clk/X (sky130_fd_sc_hd__clkbuf_16)
                                                         clknet_0_clk (net)
                      0.151110    0.001851    0.428010 ^ clkbuf_3_6__f_clk/A (sky130_fd_sc_hd__clkbuf_16)
     8    0.022215    0.070185    0.261835    0.689845 ^ clkbuf_3_6__f_clk/X (sky130_fd_sc_hd__clkbuf_16)
                                                         clknet_3_6__leaf_clk (net)
                      0.070207    0.000552    0.690396 ^ _1635_/CLK (sky130_fd_sc_hd__dfxtp_2)
     1    0.003725    0.042780    0.599483    1.289880 v _1635_/Q (sky130_fd_sc_hd__dfxtp_2)
                                                         u_rst_sync.rst_ff2 (net)
                      0.042780    0.000056    1.289935 v fanout42/A (sky130_fd_sc_hd__clkdlybuf4s25_1)
    10    0.049743    0.663587    0.899636    2.189571 v fanout42/X (sky130_fd_sc_hd__clkdlybuf4s25_1)
                                                         net42 (net)
                      0.663608    0.004346    2.193917 v _1565_/A (sky130_fd_sc_hd__and2_2)
     1    0.002388    0.068197    0.636525    2.830442 v _1565_/X (sky130_fd_sc_hd__and2_2)
                                                         _0055_ (net)
                      0.068197    0.000026    2.830468 v _1628_/D (sky130_fd_sc_hd__dfxtp_2)
                                              2.830468   data arrival time

                                 20.000000   20.000000   clock clk (rise edge)
                                  0.000000   20.000000   clock source latency
     1    0.018955    0.142613    0.097035   20.097036 ^ clk (in)
                                                         clk (net)
                      0.142616    0.000000   20.097036 ^ clkbuf_0_clk/A (sky130_fd_sc_hd__clkbuf_16)
     8    0.082146    0.151088    0.329123   20.426159 ^ clkbuf_0_clk/X (sky130_fd_sc_hd__clkbuf_16)
                                                         clknet_0_clk (net)
                      0.151100    0.001505   20.427664 ^ clkbuf_3_2__f_clk/A (sky130_fd_sc_hd__clkbuf_16)
     8    0.022588    0.070673    0.262382   20.690046 ^ clkbuf_3_2__f_clk/X (sky130_fd_sc_hd__clkbuf_16)
                                                         clknet_3_2__leaf_clk (net)
                      0.070675    0.000684   20.690729 ^ _1628_/CLK (sky130_fd_sc_hd__dfxtp_2)
                                 -0.250000   20.440731   clock uncertainty
                                  0.000000   20.440731   clock reconvergence pessimism
                                 -0.273453   20.167276   library setup time
                                             20.167276   data required time
---------------------------------------------------------------------------------------------
                                             20.167276   data required time
                                             -2.830468   data arrival time
---------------------------------------------------------------------------------------------
                                             17.336807   slack (MET)


Startpoint: _1635_ (rising edge-triggered flip-flop clocked by clk)
Endpoint: _1625_ (rising edge-triggered flip-flop clocked by clk)
Path Group: clk
Path Type: max

Fanout         Cap        Slew       Delay        Time   Description
---------------------------------------------------------------------------------------------
                                  0.000000    0.000000   clock clk (rise edge)
                                  0.000000    0.000000   clock source latency
     1    0.018955    0.142613    0.097036    0.097036 ^ clk (in)
                                                         clk (net)
                      0.142616    0.000000    0.097036 ^ clkbuf_0_clk/A (sky130_fd_sc_hd__clkbuf_16)
     8    0.082146    0.151088    0.329123    0.426159 ^ clkbuf_0_clk/X (sky130_fd_sc_hd__clkbuf_16)
                                                         clknet_0_clk (net)
                      0.151110    0.001851    0.428010 ^ clkbuf_3_6__f_clk/A (sky130_fd_sc_hd__clkbuf_16)
     8    0.022215    0.070185    0.261835    0.689845 ^ clkbuf_3_6__f_clk/X (sky130_fd_sc_hd__clkbuf_16)
                                                         clknet_3_6__leaf_clk (net)
                      0.070207    0.000552    0.690396 ^ _1635_/CLK (sky130_fd_sc_hd__dfxtp_2)
     1    0.003725    0.042780    0.599483    1.289880 v _1635_/Q (sky130_fd_sc_hd__dfxtp_2)
                                                         u_rst_sync.rst_ff2 (net)
                      0.042780    0.000056    1.289935 v fanout42/A (sky130_fd_sc_hd__clkdlybuf4s25_1)
    10    0.049743    0.663587    0.899636    2.189571 v fanout42/X (sky130_fd_sc_hd__clkdlybuf4s25_1)
                                                         net42 (net)
                      0.663609    0.004415    2.193986 v _1563_/A (sky130_fd_sc_hd__and2_2)
     1    0.002814    0.070075    0.639898    2.833884 v _1563_/X (sky130_fd_sc_hd__and2_2)
                                                         _0053_ (net)
                      0.070075    0.000039    2.833923 v _1625_/D (sky130_fd_sc_hd__dfxtp_2)
                                              2.833923   data arrival time

                                 20.000000   20.000000   clock clk (rise edge)
                                  0.000000   20.000000   clock source latency
     1    0.018955    0.142613    0.097035   20.097036 ^ clk (in)
                                                         clk (net)
                      0.142616    0.000000   20.097036 ^ clkbuf_0_clk/A (sky130_fd_sc_hd__clkbuf_16)
     8    0.082146    0.151088    0.329123   20.426159 ^ clkbuf_0_clk/X (sky130_fd_sc_hd__clkbuf_16)
                                                         clknet_0_clk (net)
                      0.151102    0.001574   20.427732 ^ clkbuf_3_3__f_clk/A (sky130_fd_sc_hd__clkbuf_16)
     8    0.028334    0.078119    0.270562   20.698296 ^ clkbuf_3_3__f_clk/X (sky130_fd_sc_hd__clkbuf_16)
                                                         clknet_3_3__leaf_clk (net)
                      0.078123    0.000583   20.698877 ^ _1625_/CLK (sky130_fd_sc_hd__dfxtp_2)
                                 -0.250000   20.448879   clock uncertainty
                                  0.000000   20.448879   clock reconvergence pessimism
                                 -0.272217   20.176661   library setup time
                                             20.176661   data required time
---------------------------------------------------------------------------------------------
                                             20.176661   data required time
                                             -2.833923   data arrival time
---------------------------------------------------------------------------------------------
                                             17.342737   slack (MET)


Startpoint: _1635_ (rising edge-triggered flip-flop clocked by clk)
Endpoint: _1627_ (rising edge-triggered flip-flop clocked by clk)
Path Group: clk
Path Type: max

Fanout         Cap        Slew       Delay        Time   Description
---------------------------------------------------------------------------------------------
                                  0.000000    0.000000   clock clk (rise edge)
                                  0.000000    0.000000   clock source latency
     1    0.018955    0.142613    0.097036    0.097036 ^ clk (in)
                                                         clk (net)
                      0.142616    0.000000    0.097036 ^ clkbuf_0_clk/A (sky130_fd_sc_hd__clkbuf_16)
     8    0.082146    0.151088    0.329123    0.426159 ^ clkbuf_0_clk/X (sky130_fd_sc_hd__clkbuf_16)
                                                         clknet_0_clk (net)
                      0.151110    0.001851    0.428010 ^ clkbuf_3_6__f_clk/A (sky130_fd_sc_hd__clkbuf_16)
     8    0.022215    0.070185    0.261835    0.689845 ^ clkbuf_3_6__f_clk/X (sky130_fd_sc_hd__clkbuf_16)
                                                         clknet_3_6__leaf_clk (net)
                      0.070207    0.000552    0.690396 ^ _1635_/CLK (sky130_fd_sc_hd__dfxtp_2)
     1    0.003725    0.042780    0.599483    1.289880 v _1635_/Q (sky130_fd_sc_hd__dfxtp_2)
                                                         u_rst_sync.rst_ff2 (net)
                      0.042780    0.000056    1.289935 v fanout42/A (sky130_fd_sc_hd__clkdlybuf4s25_1)
    10    0.049743    0.663587    0.899636    2.189571 v fanout42/X (sky130_fd_sc_hd__clkdlybuf4s25_1)
                                                         net42 (net)
                      0.663608    0.004390    2.193961 v _1627_/D (sky130_fd_sc_hd__dfxtp_2)
                                              2.193961   data arrival time

                                 20.000000   20.000000   clock clk (rise edge)
                                  0.000000   20.000000   clock source latency
     1    0.018955    0.142613    0.097035   20.097036 ^ clk (in)
                                                         clk (net)
                      0.142616    0.000000   20.097036 ^ clkbuf_0_clk/A (sky130_fd_sc_hd__clkbuf_16)
     8    0.082146    0.151088    0.329123   20.426159 ^ clkbuf_0_clk/X (sky130_fd_sc_hd__clkbuf_16)
                                                         clknet_0_clk (net)
                      0.151100    0.001505   20.427664 ^ clkbuf_3_2__f_clk/A (sky130_fd_sc_hd__clkbuf_16)
     8    0.022588    0.070673    0.262382   20.690046 ^ clkbuf_3_2__f_clk/X (sky130_fd_sc_hd__clkbuf_16)
                                                         clknet_3_2__leaf_clk (net)
                      0.070675    0.000696   20.690742 ^ _1627_/CLK (sky130_fd_sc_hd__dfxtp_2)
                                 -0.250000   20.440742   clock uncertainty
                                  0.000000   20.440742   clock reconvergence pessimism
                                 -0.520950   19.919792   library setup time
                                             19.919792   data required time
---------------------------------------------------------------------------------------------
                                             19.919792   data required time
                                             -2.193961   data arrival time
---------------------------------------------------------------------------------------------
                                             17.725832   slack (MET)


Startpoint: _1636_ (rising edge-triggered flip-flop clocked by clk)
Endpoint: _1635_ (rising edge-triggered flip-flop clocked by clk)
Path Group: clk
Path Type: max

Fanout         Cap        Slew       Delay        Time   Description
---------------------------------------------------------------------------------------------
                                  0.000000    0.000000   clock clk (rise edge)
                                  0.000000    0.000000   clock source latency
     1    0.018955    0.142613    0.097036    0.097036 ^ clk (in)
                                                         clk (net)
                      0.142616    0.000000    0.097036 ^ clkbuf_0_clk/A (sky130_fd_sc_hd__clkbuf_16)
     8    0.082146    0.151088    0.329123    0.426159 ^ clkbuf_0_clk/X (sky130_fd_sc_hd__clkbuf_16)
                                                         clknet_0_clk (net)
                      0.151110    0.001860    0.428019 ^ clkbuf_3_7__f_clk/A (sky130_fd_sc_hd__clkbuf_16)
     8    0.025222    0.074015    0.266032    0.694051 ^ clkbuf_3_7__f_clk/X (sky130_fd_sc_hd__clkbuf_16)
                                                         clknet_3_7__leaf_clk (net)
                      0.074029    0.000885    0.694936 ^ _1636_/CLK (sky130_fd_sc_hd__dfxtp_2)
     1    0.001710    0.035448    0.589208    1.284144 v _1636_/Q (sky130_fd_sc_hd__dfxtp_2)
                                                         u_rst_sync.rst_ff1 (net)
                      0.035448    0.000014    1.284158 v hold82/A (sky130_fd_sc_hd__dlygate4sd3_1)
     1    0.002337    0.102444    1.100775    2.384934 v hold82/X (sky130_fd_sc_hd__dlygate4sd3_1)
                                                         net82 (net)
                      0.102444    0.000024    2.384958 v _1635_/D (sky130_fd_sc_hd__dfxtp_2)
                                              2.384958   data arrival time

                                 20.000000   20.000000   clock clk (rise edge)
                                  0.000000   20.000000   clock source latency
     1    0.018955    0.142613    0.097035   20.097036 ^ clk (in)
                                                         clk (net)
                      0.142616    0.000000   20.097036 ^ clkbuf_0_clk/A (sky130_fd_sc_hd__clkbuf_16)
     8    0.082146    0.151088    0.329123   20.426159 ^ clkbuf_0_clk/X (sky130_fd_sc_hd__clkbuf_16)
                                                         clknet_0_clk (net)
                      0.151110    0.001851   20.428011 ^ clkbuf_3_6__f_clk/A (sky130_fd_sc_hd__clkbuf_16)
     8    0.022215    0.070185    0.261835   20.689846 ^ clkbuf_3_6__f_clk/X (sky130_fd_sc_hd__clkbuf_16)
                                                         clknet_3_6__leaf_clk (net)
                      0.070207    0.000551   20.690395 ^ _1635_/CLK (sky130_fd_sc_hd__dfxtp_2)
                                 -0.250000   20.440397   clock uncertainty
                                  0.000000   20.440397   clock reconvergence pessimism
                                 -0.287816   20.152580   library setup time
                                             20.152580   data required time
---------------------------------------------------------------------------------------------
                                             20.152580   data required time
                                             -2.384958   data arrival time
---------------------------------------------------------------------------------------------
                                             17.767622   slack (MET)



