
===========================================================================
report_checks -path_delay min (Hold)
============================================================================
======================= min_ss_100C_1v60 Corner ===================================

Startpoint: _1630_ (rising edge-triggered flip-flop clocked by clk)
Endpoint: _1630_ (rising edge-triggered flip-flop clocked by clk)
Path Group: clk
Path Type: min

Fanout         Cap        Slew       Delay        Time   Description
---------------------------------------------------------------------------------------------
                                  0.000000    0.000000   clock clk (rise edge)
                                  0.000000    0.000000   clock source latency
     1    0.018955    0.142613    0.097036    0.097036 ^ clk (in)
                                                         clk (net)
                      0.142616    0.000000    0.097036 ^ clkbuf_0_clk/A (sky130_fd_sc_hd__clkbuf_16)
     8    0.082146    0.151088    0.329123    0.426159 ^ clkbuf_0_clk/X (sky130_fd_sc_hd__clkbuf_16)
                                                         clknet_0_clk (net)
                      0.151100    0.001504    0.427663 ^ clkbuf_3_2__f_clk/A (sky130_fd_sc_hd__clkbuf_16)
     8    0.022588    0.070673    0.262382    0.690045 ^ clkbuf_3_2__f_clk/X (sky130_fd_sc_hd__clkbuf_16)
                                                         clknet_3_2__leaf_clk (net)
                      0.070674    0.000483    0.690528 ^ _1630_/CLK (sky130_fd_sc_hd__dfxtp_2)
     4    0.012832    0.122801    0.698824    1.389352 ^ _1630_/Q (sky130_fd_sc_hd__dfxtp_2)
                                                         u_sync.lock_cnt[0] (net)
                      0.122801    0.000079    1.389431 ^ _1569_/A (sky130_fd_sc_hd__nand2_2)
     2    0.008891    0.095904    0.135153    1.524584 v _1569_/Y (sky130_fd_sc_hd__nand2_2)
                                                         _0785_ (net)
                      0.095904    0.000082    1.524666 v _1570_/B1 (sky130_fd_sc_hd__o2111a_2)
     1    0.002489    0.047921    0.279826    1.804492 v _1570_/X (sky130_fd_sc_hd__o2111a_2)
                                                         _0057_ (net)
                      0.047921    0.000027    1.804519 v _1630_/D (sky130_fd_sc_hd__dfxtp_2)
                                              1.804519   data arrival time

                                  0.000000    0.000000   clock clk (rise edge)
                                  0.000000    0.000000   clock source latency
     1    0.018955    0.142613    0.097036    0.097036 ^ clk (in)
                                                         clk (net)
                      0.142616    0.000000    0.097036 ^ clkbuf_0_clk/A (sky130_fd_sc_hd__clkbuf_16)
     8    0.082146    0.151088    0.329123    0.426159 ^ clkbuf_0_clk/X (sky130_fd_sc_hd__clkbuf_16)
                                                         clknet_0_clk (net)
                      0.151100    0.001504    0.427663 ^ clkbuf_3_2__f_clk/A (sky130_fd_sc_hd__clkbuf_16)
     8    0.022588    0.070673    0.262382    0.690045 ^ clkbuf_3_2__f_clk/X (sky130_fd_sc_hd__clkbuf_16)
                                                         clknet_3_2__leaf_clk (net)
                      0.070674    0.000483    0.690528 ^ _1630_/CLK (sky130_fd_sc_hd__dfxtp_2)
                                  0.250000    0.940528   clock uncertainty
                                  0.000000    0.940528   clock reconvergence pessimism
                                 -0.081874    0.858654   library hold time
                                              0.858654   data required time
---------------------------------------------------------------------------------------------
                                              0.858654   data required time
                                             -1.804519   data arrival time
---------------------------------------------------------------------------------------------
                                              0.945865   slack (MET)


Startpoint: _1601_ (rising edge-triggered flip-flop clocked by clk)
Endpoint: _1601_ (rising edge-triggered flip-flop clocked by clk)
Path Group: clk
Path Type: min

Fanout         Cap        Slew       Delay        Time   Description
---------------------------------------------------------------------------------------------
                                  0.000000    0.000000   clock clk (rise edge)
                                  0.000000    0.000000   clock source latency
     1    0.018955    0.142613    0.097036    0.097036 ^ clk (in)
                                                         clk (net)
                      0.142616    0.000000    0.097036 ^ clkbuf_0_clk/A (sky130_fd_sc_hd__clkbuf_16)
     8    0.082146    0.151088    0.329123    0.426159 ^ clkbuf_0_clk/X (sky130_fd_sc_hd__clkbuf_16)
                                                         clknet_0_clk (net)
                      0.151104    0.001663    0.427822 ^ clkbuf_3_0__f_clk/A (sky130_fd_sc_hd__clkbuf_16)
     8    0.021854    0.069735    0.261421    0.689243 ^ clkbuf_3_0__f_clk/X (sky130_fd_sc_hd__clkbuf_16)
                                                         clknet_3_0__leaf_clk (net)
                      0.069757    0.000132    0.689375 ^ _1601_/CLK (sky130_fd_sc_hd__dfxtp_2)
     4    0.021594    0.186159    0.749231    1.438607 ^ _1601_/Q (sky130_fd_sc_hd__dfxtp_2)
                                                         u_dp.acc_q[1] (net)
                      0.186159    0.000094    1.438701 ^ _1480_/A1 (sky130_fd_sc_hd__o211a_2)
     1    0.002663    0.076800    0.411388    1.850089 ^ _1480_/X (sky130_fd_sc_hd__o211a_2)
                                                         _0029_ (net)
                      0.076800    0.000020    1.850109 ^ _1601_/D (sky130_fd_sc_hd__dfxtp_2)
                                              1.850109   data arrival time

                                  0.000000    0.000000   clock clk (rise edge)
                                  0.000000    0.000000   clock source latency
     1    0.018955    0.142613    0.097036    0.097036 ^ clk (in)
                                                         clk (net)
                      0.142616    0.000000    0.097036 ^ clkbuf_0_clk/A (sky130_fd_sc_hd__clkbuf_16)
     8    0.082146    0.151088    0.329123    0.426159 ^ clkbuf_0_clk/X (sky130_fd_sc_hd__clkbuf_16)
                                                         clknet_0_clk (net)
                      0.151104    0.001663    0.427822 ^ clkbuf_3_0__f_clk/A (sky130_fd_sc_hd__clkbuf_16)
     8    0.021854    0.069735    0.261421    0.689243 ^ clkbuf_3_0__f_clk/X (sky130_fd_sc_hd__clkbuf_16)
                                                         clknet_3_0__leaf_clk (net)
                      0.069757    0.000132    0.689375 ^ _1601_/CLK (sky130_fd_sc_hd__dfxtp_2)
                                  0.250000    0.939375   clock uncertainty
                                  0.000000    0.939375   clock reconvergence pessimism
                                 -0.073544    0.865831   library hold time
                                              0.865831   data required time
---------------------------------------------------------------------------------------------
                                              0.865831   data required time
                                             -1.850109   data arrival time
---------------------------------------------------------------------------------------------
                                              0.984278   slack (MET)


Startpoint: _1609_ (rising edge-triggered flip-flop clocked by clk)
Endpoint: _1609_ (rising edge-triggered flip-flop clocked by clk)
Path Group: clk
Path Type: min

Fanout         Cap        Slew       Delay        Time   Description
---------------------------------------------------------------------------------------------
                                  0.000000    0.000000   clock clk (rise edge)
                                  0.000000    0.000000   clock source latency
     1    0.018955    0.142613    0.097036    0.097036 ^ clk (in)
                                                         clk (net)
                      0.142616    0.000000    0.097036 ^ clkbuf_0_clk/A (sky130_fd_sc_hd__clkbuf_16)
     8    0.082146    0.151088    0.329123    0.426159 ^ clkbuf_0_clk/X (sky130_fd_sc_hd__clkbuf_16)
                                                         clknet_0_clk (net)
                      0.151103    0.001637    0.427796 ^ clkbuf_3_1__f_clk/A (sky130_fd_sc_hd__clkbuf_16)
     8    0.021473    0.069260    0.260921    0.688717 ^ clkbuf_3_1__f_clk/X (sky130_fd_sc_hd__clkbuf_16)
                                                         clknet_3_1__leaf_clk (net)
                      0.069260    0.000119    0.688836 ^ _1609_/CLK (sky130_fd_sc_hd__dfxtp_2)
     4    0.022177    0.114169    0.673812    1.362648 v _1609_/Q (sky130_fd_sc_hd__dfxtp_2)
                                                         u_dp.acc_q[9] (net)
                      0.114169    0.000111    1.362759 v _1507_/A1 (sky130_fd_sc_hd__o211a_2)
     1    0.002064    0.040406    0.486664    1.849423 v _1507_/X (sky130_fd_sc_hd__o211a_2)
                                                         _0037_ (net)
                      0.040406    0.000020    1.849442 v _1609_/D (sky130_fd_sc_hd__dfxtp_2)
                                              1.849442   data arrival time

                                  0.000000    0.000000   clock clk (rise edge)
                                  0.000000    0.000000   clock source latency
     1    0.018955    0.142613    0.097036    0.097036 ^ clk (in)
                                                         clk (net)
                      0.142616    0.000000    0.097036 ^ clkbuf_0_clk/A (sky130_fd_sc_hd__clkbuf_16)
     8    0.082146    0.151088    0.329123    0.426159 ^ clkbuf_0_clk/X (sky130_fd_sc_hd__clkbuf_16)
                                                         clknet_0_clk (net)
                      0.151103    0.001637    0.427796 ^ clkbuf_3_1__f_clk/A (sky130_fd_sc_hd__clkbuf_16)
     8    0.021473    0.069260    0.260921    0.688717 ^ clkbuf_3_1__f_clk/X (sky130_fd_sc_hd__clkbuf_16)
                                                         clknet_3_1__leaf_clk (net)
                      0.069260    0.000119    0.688836 ^ _1609_/CLK (sky130_fd_sc_hd__dfxtp_2)
                                  0.250000    0.938836   clock uncertainty
                                  0.000000    0.938836   clock reconvergence pessimism
                                 -0.079434    0.859402   library hold time
                                              0.859402   data required time
---------------------------------------------------------------------------------------------
                                              0.859402   data required time
                                             -1.849442   data arrival time
---------------------------------------------------------------------------------------------
                                              0.990041   slack (MET)


Startpoint: _1603_ (rising edge-triggered flip-flop clocked by clk)
Endpoint: _1603_ (rising edge-triggered flip-flop clocked by clk)
Path Group: clk
Path Type: min

Fanout         Cap        Slew       Delay        Time   Description
---------------------------------------------------------------------------------------------
                                  0.000000    0.000000   clock clk (rise edge)
                                  0.000000    0.000000   clock source latency
     1    0.018955    0.142613    0.097036    0.097036 ^ clk (in)
                                                         clk (net)
                      0.142616    0.000000    0.097036 ^ clkbuf_0_clk/A (sky130_fd_sc_hd__clkbuf_16)
     8    0.082146    0.151088    0.329123    0.426159 ^ clkbuf_0_clk/X (sky130_fd_sc_hd__clkbuf_16)
                                                         clknet_0_clk (net)
                      0.151100    0.001504    0.427663 ^ clkbuf_3_2__f_clk/A (sky130_fd_sc_hd__clkbuf_16)
     8    0.022588    0.070673    0.262382    0.690045 ^ clkbuf_3_2__f_clk/X (sky130_fd_sc_hd__clkbuf_16)
                                                         clknet_3_2__leaf_clk (net)
                      0.070674    0.000078    0.690123 ^ _1603_/CLK (sky130_fd_sc_hd__dfxtp_2)
     5    0.023027    0.197095    0.757445    1.447568 ^ _1603_/Q (sky130_fd_sc_hd__dfxtp_2)
                                                         u_dp.acc_q[3] (net)
                      0.197095    0.000291    1.447859 ^ _1486_/A1 (sky130_fd_sc_hd__o211a_2)
     1    0.002267    0.073670    0.410836    1.858696 ^ _1486_/X (sky130_fd_sc_hd__o211a_2)
                                                         _0031_ (net)
                      0.073670    0.000024    1.858720 ^ _1603_/D (sky130_fd_sc_hd__dfxtp_2)
                                              1.858720   data arrival time

                                  0.000000    0.000000   clock clk (rise edge)
                                  0.000000    0.000000   clock source latency
     1    0.018955    0.142613    0.097036    0.097036 ^ clk (in)
                                                         clk (net)
                      0.142616    0.000000    0.097036 ^ clkbuf_0_clk/A (sky130_fd_sc_hd__clkbuf_16)
     8    0.082146    0.151088    0.329123    0.426159 ^ clkbuf_0_clk/X (sky130_fd_sc_hd__clkbuf_16)
                                                         clknet_0_clk (net)
                      0.151100    0.001504    0.427663 ^ clkbuf_3_2__f_clk/A (sky130_fd_sc_hd__clkbuf_16)
     8    0.022588    0.070673    0.262382    0.690045 ^ clkbuf_3_2__f_clk/X (sky130_fd_sc_hd__clkbuf_16)
                                                         clknet_3_2__leaf_clk (net)
                      0.070674    0.000078    0.690123 ^ _1603_/CLK (sky130_fd_sc_hd__dfxtp_2)
                                  0.250000    0.940123   clock uncertainty
                                  0.000000    0.940123   clock reconvergence pessimism
                                 -0.072675    0.867449   library hold time
                                              0.867449   data required time
---------------------------------------------------------------------------------------------
                                              0.867449   data required time
                                             -1.858720   data arrival time
---------------------------------------------------------------------------------------------
                                              0.991271   slack (MET)


Startpoint: _1602_ (rising edge-triggered flip-flop clocked by clk)
Endpoint: _1602_ (rising edge-triggered flip-flop clocked by clk)
Path Group: clk
Path Type: min

Fanout         Cap        Slew       Delay        Time   Description
---------------------------------------------------------------------------------------------
                                  0.000000    0.000000   clock clk (rise edge)
                                  0.000000    0.000000   clock source latency
     1    0.018955    0.142613    0.097036    0.097036 ^ clk (in)
                                                         clk (net)
                      0.142616    0.000000    0.097036 ^ clkbuf_0_clk/A (sky130_fd_sc_hd__clkbuf_16)
     8    0.082146    0.151088    0.329123    0.426159 ^ clkbuf_0_clk/X (sky130_fd_sc_hd__clkbuf_16)
                                                         clknet_0_clk (net)
                      0.151102    0.001574    0.427733 ^ clkbuf_3_3__f_clk/A (sky130_fd_sc_hd__clkbuf_16)
     8    0.028334    0.078119    0.270561    0.698295 ^ clkbuf_3_3__f_clk/X (sky130_fd_sc_hd__clkbuf_16)
                                                         clknet_3_3__leaf_clk (net)
                      0.078119    0.000287    0.698582 ^ _1602_/CLK (sky130_fd_sc_hd__dfxtp_2)
     5    0.022155    0.114117    0.677630    1.376212 v _1602_/Q (sky130_fd_sc_hd__dfxtp_2)
                                                         u_dp.acc_q[2] (net)
                      0.114117    0.000316    1.376527 v _1483_/A1 (sky130_fd_sc_hd__o211a_2)
     1    0.002090    0.040527    0.486879    1.863406 v _1483_/X (sky130_fd_sc_hd__o211a_2)
                                                         _0030_ (net)
                      0.040527    0.000012    1.863418 v _1602_/D (sky130_fd_sc_hd__dfxtp_2)
                                              1.863418   data arrival time

                                  0.000000    0.000000   clock clk (rise edge)
                                  0.000000    0.000000   clock source latency
     1    0.018955    0.142613    0.097036    0.097036 ^ clk (in)
                                                         clk (net)
                      0.142616    0.000000    0.097036 ^ clkbuf_0_clk/A (sky130_fd_sc_hd__clkbuf_16)
     8    0.082146    0.151088    0.329123    0.426159 ^ clkbuf_0_clk/X (sky130_fd_sc_hd__clkbuf_16)
                                                         clknet_0_clk (net)
                      0.151102    0.001574    0.427733 ^ clkbuf_3_3__f_clk/A (sky130_fd_sc_hd__clkbuf_16)
     8    0.028334    0.078119    0.270561    0.698295 ^ clkbuf_3_3__f_clk/X (sky130_fd_sc_hd__clkbuf_16)
                                                         clknet_3_3__leaf_clk (net)
                      0.078119    0.000287    0.698582 ^ _1602_/CLK (sky130_fd_sc_hd__dfxtp_2)
                                  0.250000    0.948582   clock uncertainty
                                  0.000000    0.948582   clock reconvergence pessimism
                                 -0.077383    0.871198   library hold time
                                              0.871198   data required time
---------------------------------------------------------------------------------------------
                                              0.871198   data required time
                                             -1.863418   data arrival time
---------------------------------------------------------------------------------------------
                                              0.992220   slack (MET)


Startpoint: _1606_ (rising edge-triggered flip-flop clocked by clk)
Endpoint: _1606_ (rising edge-triggered flip-flop clocked by clk)
Path Group: clk
Path Type: min

Fanout         Cap        Slew       Delay        Time   Description
---------------------------------------------------------------------------------------------
                                  0.000000    0.000000   clock clk (rise edge)
                                  0.000000    0.000000   clock source latency
     1    0.018955    0.142613    0.097036    0.097036 ^ clk (in)
                                                         clk (net)
                      0.142616    0.000000    0.097036 ^ clkbuf_0_clk/A (sky130_fd_sc_hd__clkbuf_16)
     8    0.082146    0.151088    0.329123    0.426159 ^ clkbuf_0_clk/X (sky130_fd_sc_hd__clkbuf_16)
                                                         clknet_0_clk (net)
                      0.151092    0.001093    0.427252 ^ clkbuf_3_4__f_clk/A (sky130_fd_sc_hd__clkbuf_16)
     8    0.029186    0.079270    0.271725    0.698977 ^ clkbuf_3_4__f_clk/X (sky130_fd_sc_hd__clkbuf_16)
                                                         clknet_3_4__leaf_clk (net)
                      0.079272    0.000521    0.699498 ^ _1606_/CLK (sky130_fd_sc_hd__dfxtp_2)
     4    0.022445    0.115211    0.679164    1.378662 v _1606_/Q (sky130_fd_sc_hd__dfxtp_2)
                                                         u_dp.acc_q[6] (net)
                      0.115211    0.000066    1.378728 v _1496_/A1 (sky130_fd_sc_hd__o211a_2)
     1    0.001937    0.040491    0.485968    1.864697 v _1496_/X (sky130_fd_sc_hd__o211a_2)
                                                         _0034_ (net)
                      0.040491    0.000009    1.864705 v _1606_/D (sky130_fd_sc_hd__dfxtp_2)
                                              1.864705   data arrival time

                                  0.000000    0.000000   clock clk (rise edge)
                                  0.000000    0.000000   clock source latency
     1    0.018955    0.142613    0.097036    0.097036 ^ clk (in)
                                                         clk (net)
                      0.142616    0.000000    0.097036 ^ clkbuf_0_clk/A (sky130_fd_sc_hd__clkbuf_16)
     8    0.082146    0.151088    0.329123    0.426159 ^ clkbuf_0_clk/X (sky130_fd_sc_hd__clkbuf_16)
                                                         clknet_0_clk (net)
                      0.151092    0.001093    0.427252 ^ clkbuf_3_4__f_clk/A (sky130_fd_sc_hd__clkbuf_16)
     8    0.029186    0.079270    0.271725    0.698977 ^ clkbuf_3_4__f_clk/X (sky130_fd_sc_hd__clkbuf_16)
                                                         clknet_3_4__leaf_clk (net)
                      0.079272    0.000521    0.699498 ^ _1606_/CLK (sky130_fd_sc_hd__dfxtp_2)
                                  0.250000    0.949498   clock uncertainty
                                  0.000000    0.949498   clock reconvergence pessimism
                                 -0.077097    0.872401   library hold time
                                              0.872401   data required time
---------------------------------------------------------------------------------------------
                                              0.872401   data required time
                                             -1.864705   data arrival time
---------------------------------------------------------------------------------------------
                                              0.992304   slack (MET)


Startpoint: _1615_ (rising edge-triggered flip-flop clocked by clk)
Endpoint: _1615_ (rising edge-triggered flip-flop clocked by clk)
Path Group: clk
Path Type: min

Fanout         Cap        Slew       Delay        Time   Description
---------------------------------------------------------------------------------------------
                                  0.000000    0.000000   clock clk (rise edge)
                                  0.000000    0.000000   clock source latency
     1    0.018955    0.142613    0.097036    0.097036 ^ clk (in)
                                                         clk (net)
                      0.142616    0.000000    0.097036 ^ clkbuf_0_clk/A (sky130_fd_sc_hd__clkbuf_16)
     8    0.082146    0.151088    0.329123    0.426159 ^ clkbuf_0_clk/X (sky130_fd_sc_hd__clkbuf_16)
                                                         clknet_0_clk (net)
                      0.151103    0.001637    0.427796 ^ clkbuf_3_1__f_clk/A (sky130_fd_sc_hd__clkbuf_16)
     8    0.021473    0.069260    0.260921    0.688717 ^ clkbuf_3_1__f_clk/X (sky130_fd_sc_hd__clkbuf_16)
                                                         clknet_3_1__leaf_clk (net)
                      0.069260    0.000194    0.688910 ^ _1615_/CLK (sky130_fd_sc_hd__dfxtp_2)
     4    0.023542    0.119529    0.678018    1.366928 v _1615_/Q (sky130_fd_sc_hd__dfxtp_2)
                                                         u_dp.acc_q[15] (net)
                      0.119529    0.000243    1.367172 v _1533_/A1 (sky130_fd_sc_hd__o211a_2)
     1    0.002009    0.040151    0.488470    1.855642 v _1533_/X (sky130_fd_sc_hd__o211a_2)
                                                         _0043_ (net)
                      0.040151    0.000018    1.855660 v _1615_/D (sky130_fd_sc_hd__dfxtp_2)
                                              1.855660   data arrival time

                                  0.000000    0.000000   clock clk (rise edge)
                                  0.000000    0.000000   clock source latency
     1    0.018955    0.142613    0.097036    0.097036 ^ clk (in)
                                                         clk (net)
                      0.142616    0.000000    0.097036 ^ clkbuf_0_clk/A (sky130_fd_sc_hd__clkbuf_16)
     8    0.082146    0.151088    0.329123    0.426159 ^ clkbuf_0_clk/X (sky130_fd_sc_hd__clkbuf_16)
                                                         clknet_0_clk (net)
                      0.151103    0.001637    0.427796 ^ clkbuf_3_1__f_clk/A (sky130_fd_sc_hd__clkbuf_16)
     8    0.021473    0.069260    0.260921    0.688717 ^ clkbuf_3_1__f_clk/X (sky130_fd_sc_hd__clkbuf_16)
                                                         clknet_3_1__leaf_clk (net)
                      0.069260    0.000194    0.688910 ^ _1615_/CLK (sky130_fd_sc_hd__dfxtp_2)
                                  0.250000    0.938910   clock uncertainty
                                  0.000000    0.938910   clock reconvergence pessimism
                                 -0.079340    0.859571   library hold time
                                              0.859571   data required time
---------------------------------------------------------------------------------------------
                                              0.859571   data required time
                                             -1.855660   data arrival time
---------------------------------------------------------------------------------------------
                                              0.996089   slack (MET)


Startpoint: _1622_ (rising edge-triggered flip-flop clocked by clk)
Endpoint: _1622_ (rising edge-triggered flip-flop clocked by clk)
Path Group: clk
Path Type: min

Fanout         Cap        Slew       Delay        Time   Description
---------------------------------------------------------------------------------------------
                                  0.000000    0.000000   clock clk (rise edge)
                                  0.000000    0.000000   clock source latency
     1    0.018955    0.142613    0.097036    0.097036 ^ clk (in)
                                                         clk (net)
                      0.142616    0.000000    0.097036 ^ clkbuf_0_clk/A (sky130_fd_sc_hd__clkbuf_16)
     8    0.082146    0.151088    0.329123    0.426159 ^ clkbuf_0_clk/X (sky130_fd_sc_hd__clkbuf_16)
                                                         clknet_0_clk (net)
                      0.151104    0.001663    0.427822 ^ clkbuf_3_0__f_clk/A (sky130_fd_sc_hd__clkbuf_16)
     8    0.021854    0.069735    0.261421    0.689243 ^ clkbuf_3_0__f_clk/X (sky130_fd_sc_hd__clkbuf_16)
                                                         clknet_3_0__leaf_clk (net)
                      0.069757    0.000171    0.689414 ^ _1622_/CLK (sky130_fd_sc_hd__dfxtp_2)
     4    0.024108    0.121723    0.680072    1.369486 v _1622_/Q (sky130_fd_sc_hd__dfxtp_2)
                                                         u_dp.acc_q[22] (net)
                      0.121723    0.000199    1.369686 v _1559_/A1 (sky130_fd_sc_hd__o211a_2)
     1    0.001899    0.039635    0.488421    1.858107 v _1559_/X (sky130_fd_sc_hd__o211a_2)
                                                         _0050_ (net)
                      0.039635    0.000009    1.858116 v _1622_/D (sky130_fd_sc_hd__dfxtp_2)
                                              1.858116   data arrival time

                                  0.000000    0.000000   clock clk (rise edge)
                                  0.000000    0.000000   clock source latency
     1    0.018955    0.142613    0.097036    0.097036 ^ clk (in)
                                                         clk (net)
                      0.142616    0.000000    0.097036 ^ clkbuf_0_clk/A (sky130_fd_sc_hd__clkbuf_16)
     8    0.082146    0.151088    0.329123    0.426159 ^ clkbuf_0_clk/X (sky130_fd_sc_hd__clkbuf_16)
                                                         clknet_0_clk (net)
                      0.151104    0.001663    0.427822 ^ clkbuf_3_0__f_clk/A (sky130_fd_sc_hd__clkbuf_16)
     8    0.021854    0.069735    0.261421    0.689243 ^ clkbuf_3_0__f_clk/X (sky130_fd_sc_hd__clkbuf_16)
                                                         clknet_3_0__leaf_clk (net)
                      0.069757    0.000171    0.689414 ^ _1622_/CLK (sky130_fd_sc_hd__dfxtp_2)
                                  0.250000    0.939414   clock uncertainty
                                  0.000000    0.939414   clock reconvergence pessimism
                                 -0.079032    0.860382   library hold time
                                              0.860382   data required time
---------------------------------------------------------------------------------------------
                                              0.860382   data required time
                                             -1.858116   data arrival time
---------------------------------------------------------------------------------------------
                                              0.997734   slack (MET)


Startpoint: _1630_ (rising edge-triggered flip-flop clocked by clk)
Endpoint: _1632_ (rising edge-triggered flip-flop clocked by clk)
Path Group: clk
Path Type: min

Fanout         Cap        Slew       Delay        Time   Description
---------------------------------------------------------------------------------------------
                                  0.000000    0.000000   clock clk (rise edge)
                                  0.000000    0.000000   clock source latency
     1    0.018955    0.142613    0.097036    0.097036 ^ clk (in)
                                                         clk (net)
                      0.142616    0.000000    0.097036 ^ clkbuf_0_clk/A (sky130_fd_sc_hd__clkbuf_16)
     8    0.082146    0.151088    0.329123    0.426159 ^ clkbuf_0_clk/X (sky130_fd_sc_hd__clkbuf_16)
                                                         clknet_0_clk (net)
                      0.151100    0.001504    0.427663 ^ clkbuf_3_2__f_clk/A (sky130_fd_sc_hd__clkbuf_16)
     8    0.022588    0.070673    0.262382    0.690045 ^ clkbuf_3_2__f_clk/X (sky130_fd_sc_hd__clkbuf_16)
                                                         clknet_3_2__leaf_clk (net)
                      0.070674    0.000483    0.690528 ^ _1630_/CLK (sky130_fd_sc_hd__dfxtp_2)
     4    0.012832    0.122801    0.698824    1.389352 ^ _1630_/Q (sky130_fd_sc_hd__dfxtp_2)
                                                         u_sync.lock_cnt[0] (net)
                      0.122801    0.000049    1.389401 ^ _1568_/A2 (sky130_fd_sc_hd__o21a_2)
     2    0.007025    0.084860    0.268748    1.658150 ^ _1568_/X (sky130_fd_sc_hd__o21a_2)
                                                         _0784_ (net)
                      0.084860    0.000084    1.658234 ^ _1573_/A2 (sky130_fd_sc_hd__o21a_2)
     1    0.001969    0.048172    0.215528    1.873762 ^ _1573_/X (sky130_fd_sc_hd__o21a_2)
                                                         _0059_ (net)
                      0.048172    0.000017    1.873780 ^ _1632_/D (sky130_fd_sc_hd__dfxtp_2)
                                              1.873780   data arrival time

                                  0.000000    0.000000   clock clk (rise edge)
                                  0.000000    0.000000   clock source latency
     1    0.018955    0.142613    0.097036    0.097036 ^ clk (in)
                                                         clk (net)
                      0.142616    0.000000    0.097036 ^ clkbuf_0_clk/A (sky130_fd_sc_hd__clkbuf_16)
     8    0.082146    0.151088    0.329123    0.426159 ^ clkbuf_0_clk/X (sky130_fd_sc_hd__clkbuf_16)
                                                         clknet_0_clk (net)
                      0.151100    0.001504    0.427663 ^ clkbuf_3_2__f_clk/A (sky130_fd_sc_hd__clkbuf_16)
     8    0.022588    0.070673    0.262382    0.690045 ^ clkbuf_3_2__f_clk/X (sky130_fd_sc_hd__clkbuf_16)
                                                         clknet_3_2__leaf_clk (net)
                      0.070675    0.000550    0.690596 ^ _1632_/CLK (sky130_fd_sc_hd__dfxtp_2)
                                  0.250000    0.940596   clock uncertainty
                                  0.000000    0.940596   clock reconvergence pessimism
                                 -0.066779    0.873817   library hold time
                                              0.873817   data required time
---------------------------------------------------------------------------------------------
                                              0.873817   data required time
                                             -1.873780   data arrival time
---------------------------------------------------------------------------------------------
                                              0.999963   slack (MET)


Startpoint: _1584_ (rising edge-triggered flip-flop clocked by clk)
Endpoint: _1584_ (rising edge-triggered flip-flop clocked by clk)
Path Group: clk
Path Type: min

Fanout         Cap        Slew       Delay        Time   Description
---------------------------------------------------------------------------------------------
                                  0.000000    0.000000   clock clk (rise edge)
                                  0.000000    0.000000   clock source latency
     1    0.018955    0.142613    0.097036    0.097036 ^ clk (in)
                                                         clk (net)
                      0.142616    0.000000    0.097036 ^ clkbuf_0_clk/A (sky130_fd_sc_hd__clkbuf_16)
     8    0.082146    0.151088    0.329123    0.426159 ^ clkbuf_0_clk/X (sky130_fd_sc_hd__clkbuf_16)
                                                         clknet_0_clk (net)
                      0.151104    0.001657    0.427816 ^ clkbuf_3_5__f_clk/A (sky130_fd_sc_hd__clkbuf_16)
     8    0.026810    0.076083    0.268488    0.696305 ^ clkbuf_3_5__f_clk/X (sky130_fd_sc_hd__clkbuf_16)
                                                         clknet_3_5__leaf_clk (net)
                      0.076083    0.000212    0.696516 ^ _1584_/CLK (sky130_fd_sc_hd__dfxtp_2)
     5    0.024024    0.121358    0.682755    1.379271 v _1584_/Q (sky130_fd_sc_hd__dfxtp_2)
                                                         u_dp.a_q[0] (net)
                      0.121358    0.000214    1.379485 v _1440_/A1 (sky130_fd_sc_hd__o211a_2)
     1    0.001993    0.042800    0.489113    1.868598 v _1440_/X (sky130_fd_sc_hd__o211a_2)
                                                         _0012_ (net)
                      0.042800    0.000018    1.868616 v _1584_/D (sky130_fd_sc_hd__dfxtp_2)
                                              1.868616   data arrival time

                                  0.000000    0.000000   clock clk (rise edge)
                                  0.000000    0.000000   clock source latency
     1    0.018955    0.142613    0.097036    0.097036 ^ clk (in)
                                                         clk (net)
                      0.142616    0.000000    0.097036 ^ clkbuf_0_clk/A (sky130_fd_sc_hd__clkbuf_16)
     8    0.082146    0.151088    0.329123    0.426159 ^ clkbuf_0_clk/X (sky130_fd_sc_hd__clkbuf_16)
                                                         clknet_0_clk (net)
                      0.151104    0.001657    0.427816 ^ clkbuf_3_5__f_clk/A (sky130_fd_sc_hd__clkbuf_16)
     8    0.026810    0.076083    0.268488    0.696305 ^ clkbuf_3_5__f_clk/X (sky130_fd_sc_hd__clkbuf_16)
                                                         clknet_3_5__leaf_clk (net)
                      0.076083    0.000212    0.696516 ^ _1584_/CLK (sky130_fd_sc_hd__dfxtp_2)
                                  0.250000    0.946516   clock uncertainty
                                  0.000000    0.946516   clock reconvergence pessimism
                                 -0.078704    0.867812   library hold time
                                              0.867812   data required time
---------------------------------------------------------------------------------------------
                                              0.867812   data required time
                                             -1.868616   data arrival time
---------------------------------------------------------------------------------------------
                                              1.000804   slack (MET)


Startpoint: _1607_ (rising edge-triggered flip-flop clocked by clk)
Endpoint: _1607_ (rising edge-triggered flip-flop clocked by clk)
Path Group: clk
Path Type: min

Fanout         Cap        Slew       Delay        Time   Description
---------------------------------------------------------------------------------------------
                                  0.000000    0.000000   clock clk (rise edge)
                                  0.000000    0.000000   clock source latency
     1    0.018955    0.142613    0.097036    0.097036 ^ clk (in)
                                                         clk (net)
                      0.142616    0.000000    0.097036 ^ clkbuf_0_clk/A (sky130_fd_sc_hd__clkbuf_16)
     8    0.082146    0.151088    0.329123    0.426159 ^ clkbuf_0_clk/X (sky130_fd_sc_hd__clkbuf_16)
                                                         clknet_0_clk (net)
                      0.151092    0.001093    0.427252 ^ clkbuf_3_4__f_clk/A (sky130_fd_sc_hd__clkbuf_16)
     8    0.029186    0.079270    0.271725    0.698977 ^ clkbuf_3_4__f_clk/X (sky130_fd_sc_hd__clkbuf_16)
                                                         clknet_3_4__leaf_clk (net)
                      0.079270    0.000341    0.699317 ^ _1607_/CLK (sky130_fd_sc_hd__dfxtp_2)
     4    0.024378    0.122786    0.685189    1.384506 v _1607_/Q (sky130_fd_sc_hd__dfxtp_2)
                                                         u_dp.acc_q[7] (net)
                      0.122786    0.000135    1.384642 v _1499_/A1 (sky130_fd_sc_hd__o211a_2)
     1    0.002322    0.041611    0.492693    1.877334 v _1499_/X (sky130_fd_sc_hd__o211a_2)
                                                         _0035_ (net)
                      0.041611    0.000024    1.877359 v _1607_/D (sky130_fd_sc_hd__dfxtp_2)
                                              1.877359   data arrival time

                                  0.000000    0.000000   clock clk (rise edge)
                                  0.000000    0.000000   clock source latency
     1    0.018955    0.142613    0.097036    0.097036 ^ clk (in)
                                                         clk (net)
                      0.142616    0.000000    0.097036 ^ clkbuf_0_clk/A (sky130_fd_sc_hd__clkbuf_16)
     8    0.082146    0.151088    0.329123    0.426159 ^ clkbuf_0_clk/X (sky130_fd_sc_hd__clkbuf_16)
                                                         clknet_0_clk (net)
                      0.151092    0.001093    0.427252 ^ clkbuf_3_4__f_clk/A (sky130_fd_sc_hd__clkbuf_16)
     8    0.029186    0.079270    0.271725    0.698977 ^ clkbuf_3_4__f_clk/X (sky130_fd_sc_hd__clkbuf_16)
                                                         clknet_3_4__leaf_clk (net)
                      0.079270    0.000341    0.699317 ^ _1607_/CLK (sky130_fd_sc_hd__dfxtp_2)
                                  0.250000    0.949317   clock uncertainty
                                  0.000000    0.949317   clock reconvergence pessimism
                                 -0.077512    0.871806   library hold time
                                              0.871806   data required time
---------------------------------------------------------------------------------------------
                                              0.871806   data required time
                                             -1.877359   data arrival time
---------------------------------------------------------------------------------------------
                                              1.005553   slack (MET)


Startpoint: _1621_ (rising edge-triggered flip-flop clocked by clk)
Endpoint: _1621_ (rising edge-triggered flip-flop clocked by clk)
Path Group: clk
Path Type: min

Fanout         Cap        Slew       Delay        Time   Description
---------------------------------------------------------------------------------------------
                                  0.000000    0.000000   clock clk (rise edge)
                                  0.000000    0.000000   clock source latency
     1    0.018955    0.142613    0.097036    0.097036 ^ clk (in)
                                                         clk (net)
                      0.142616    0.000000    0.097036 ^ clkbuf_0_clk/A (sky130_fd_sc_hd__clkbuf_16)
     8    0.082146    0.151088    0.329123    0.426159 ^ clkbuf_0_clk/X (sky130_fd_sc_hd__clkbuf_16)
                                                         clknet_0_clk (net)
                      0.151104    0.001663    0.427822 ^ clkbuf_3_0__f_clk/A (sky130_fd_sc_hd__clkbuf_16)
     8    0.021854    0.069735    0.261421    0.689243 ^ clkbuf_3_0__f_clk/X (sky130_fd_sc_hd__clkbuf_16)
                                                         clknet_3_0__leaf_clk (net)
                      0.069757    0.000360    0.689602 ^ _1621_/CLK (sky130_fd_sc_hd__dfxtp_2)
     4    0.024077    0.121601    0.679984    1.369586 v _1621_/Q (sky130_fd_sc_hd__dfxtp_2)
                                                         u_dp.acc_q[21] (net)
                      0.121601    0.000243    1.369829 v _1556_/A1 (sky130_fd_sc_hd__o211a_2)
     1    0.002750    0.043602    0.496042    1.865871 v _1556_/X (sky130_fd_sc_hd__o211a_2)
                                                         _0049_ (net)
                      0.043602    0.000032    1.865903 v _1621_/D (sky130_fd_sc_hd__dfxtp_2)
                                              1.865903   data arrival time

                                  0.000000    0.000000   clock clk (rise edge)
                                  0.000000    0.000000   clock source latency
     1    0.018955    0.142613    0.097036    0.097036 ^ clk (in)
                                                         clk (net)
                      0.142616    0.000000    0.097036 ^ clkbuf_0_clk/A (sky130_fd_sc_hd__clkbuf_16)
     8    0.082146    0.151088    0.329123    0.426159 ^ clkbuf_0_clk/X (sky130_fd_sc_hd__clkbuf_16)
                                                         clknet_0_clk (net)
                      0.151104    0.001663    0.427822 ^ clkbuf_3_0__f_clk/A (sky130_fd_sc_hd__clkbuf_16)
     8    0.021854    0.069735    0.261421    0.689243 ^ clkbuf_3_0__f_clk/X (sky130_fd_sc_hd__clkbuf_16)
                                                         clknet_3_0__leaf_clk (net)
                      0.069757    0.000360    0.689602 ^ _1621_/CLK (sky130_fd_sc_hd__dfxtp_2)
                                  0.250000    0.939602   clock uncertainty
                                  0.000000    0.939602   clock reconvergence pessimism
                                 -0.080496    0.859106   library hold time
                                              0.859106   data required time
---------------------------------------------------------------------------------------------
                                              0.859106   data required time
                                             -1.865903   data arrival time
---------------------------------------------------------------------------------------------
                                              1.006797   slack (MET)


Startpoint: _1616_ (rising edge-triggered flip-flop clocked by clk)
Endpoint: _1616_ (rising edge-triggered flip-flop clocked by clk)
Path Group: clk
Path Type: min

Fanout         Cap        Slew       Delay        Time   Description
---------------------------------------------------------------------------------------------
                                  0.000000    0.000000   clock clk (rise edge)
                                  0.000000    0.000000   clock source latency
     1    0.018955    0.142613    0.097036    0.097036 ^ clk (in)
                                                         clk (net)
                      0.142616    0.000000    0.097036 ^ clkbuf_0_clk/A (sky130_fd_sc_hd__clkbuf_16)
     8    0.082146    0.151088    0.329123    0.426159 ^ clkbuf_0_clk/X (sky130_fd_sc_hd__clkbuf_16)
                                                         clknet_0_clk (net)
                      0.151103    0.001637    0.427796 ^ clkbuf_3_1__f_clk/A (sky130_fd_sc_hd__clkbuf_16)
     8    0.021473    0.069260    0.260921    0.688717 ^ clkbuf_3_1__f_clk/X (sky130_fd_sc_hd__clkbuf_16)
                                                         clknet_3_1__leaf_clk (net)
                      0.069281    0.000199    0.688916 ^ _1616_/CLK (sky130_fd_sc_hd__dfxtp_2)
     4    0.024703    0.124035    0.681785    1.370701 v _1616_/Q (sky130_fd_sc_hd__dfxtp_2)
                                                         u_dp.acc_q[16] (net)
                      0.124035    0.000088    1.370789 v _1536_/A1 (sky130_fd_sc_hd__o211a_2)
     1    0.002504    0.042456    0.494869    1.865658 v _1536_/X (sky130_fd_sc_hd__o211a_2)
                                                         _0044_ (net)
                      0.042456    0.000027    1.865685 v _1616_/D (sky130_fd_sc_hd__dfxtp_2)
                                              1.865685   data arrival time

                                  0.000000    0.000000   clock clk (rise edge)
                                  0.000000    0.000000   clock source latency
     1    0.018955    0.142613    0.097036    0.097036 ^ clk (in)
                                                         clk (net)
                      0.142616    0.000000    0.097036 ^ clkbuf_0_clk/A (sky130_fd_sc_hd__clkbuf_16)
     8    0.082146    0.151088    0.329123    0.426159 ^ clkbuf_0_clk/X (sky130_fd_sc_hd__clkbuf_16)
                                                         clknet_0_clk (net)
                      0.151103    0.001637    0.427796 ^ clkbuf_3_1__f_clk/A (sky130_fd_sc_hd__clkbuf_16)
     8    0.021473    0.069260    0.260921    0.688717 ^ clkbuf_3_1__f_clk/X (sky130_fd_sc_hd__clkbuf_16)
                                                         clknet_3_1__leaf_clk (net)
                      0.069281    0.000199    0.688916 ^ _1616_/CLK (sky130_fd_sc_hd__dfxtp_2)
                                  0.250000    0.938916   clock uncertainty
                                  0.000000    0.938916   clock reconvergence pessimism
                                 -0.080186    0.858730   library hold time
                                              0.858730   data required time
---------------------------------------------------------------------------------------------
                                              0.858730   data required time
                                             -1.865685   data arrival time
---------------------------------------------------------------------------------------------
                                              1.006955   slack (MET)


Startpoint: _1619_ (rising edge-triggered flip-flop clocked by clk)
Endpoint: _1619_ (rising edge-triggered flip-flop clocked by clk)
Path Group: clk
Path Type: min

Fanout         Cap        Slew       Delay        Time   Description
---------------------------------------------------------------------------------------------
                                  0.000000    0.000000   clock clk (rise edge)
                                  0.000000    0.000000   clock source latency
     1    0.018955    0.142613    0.097036    0.097036 ^ clk (in)
                                                         clk (net)
                      0.142616    0.000000    0.097036 ^ clkbuf_0_clk/A (sky130_fd_sc_hd__clkbuf_16)
     8    0.082146    0.151088    0.329123    0.426159 ^ clkbuf_0_clk/X (sky130_fd_sc_hd__clkbuf_16)
                                                         clknet_0_clk (net)
                      0.151104    0.001663    0.427822 ^ clkbuf_3_0__f_clk/A (sky130_fd_sc_hd__clkbuf_16)
     8    0.021854    0.069735    0.261421    0.689243 ^ clkbuf_3_0__f_clk/X (sky130_fd_sc_hd__clkbuf_16)
                                                         clknet_3_0__leaf_clk (net)
                      0.069757    0.000366    0.689609 ^ _1619_/CLK (sky130_fd_sc_hd__dfxtp_2)
     4    0.026012    0.129268    0.685864    1.375473 v _1619_/Q (sky130_fd_sc_hd__dfxtp_2)
                                                         u_dp.acc_q[19] (net)
                      0.129268    0.000322    1.375795 v _1549_/A1 (sky130_fd_sc_hd__o211a_2)
     1    0.001953    0.039887    0.492142    1.867938 v _1549_/X (sky130_fd_sc_hd__o211a_2)
                                                         _0047_ (net)
                      0.039887    0.000018    1.867955 v _1619_/D (sky130_fd_sc_hd__dfxtp_2)
                                              1.867955   data arrival time

                                  0.000000    0.000000   clock clk (rise edge)
                                  0.000000    0.000000   clock source latency
     1    0.018955    0.142613    0.097036    0.097036 ^ clk (in)
                                                         clk (net)
                      0.142616    0.000000    0.097036 ^ clkbuf_0_clk/A (sky130_fd_sc_hd__clkbuf_16)
     8    0.082146    0.151088    0.329123    0.426159 ^ clkbuf_0_clk/X (sky130_fd_sc_hd__clkbuf_16)
                                                         clknet_0_clk (net)
                      0.151104    0.001663    0.427822 ^ clkbuf_3_0__f_clk/A (sky130_fd_sc_hd__clkbuf_16)
     8    0.021854    0.069735    0.261421    0.689243 ^ clkbuf_3_0__f_clk/X (sky130_fd_sc_hd__clkbuf_16)
                                                         clknet_3_0__leaf_clk (net)
                      0.069757    0.000366    0.689609 ^ _1619_/CLK (sky130_fd_sc_hd__dfxtp_2)
                                  0.250000    0.939609   clock uncertainty
                                  0.000000    0.939609   clock reconvergence pessimism
                                 -0.079125    0.860484   library hold time
                                              0.860484   data required time
---------------------------------------------------------------------------------------------
                                              0.860484   data required time
                                             -1.867955   data arrival time
---------------------------------------------------------------------------------------------
                                              1.007471   slack (MET)


Startpoint: _1613_ (rising edge-triggered flip-flop clocked by clk)
Endpoint: _1613_ (rising edge-triggered flip-flop clocked by clk)
Path Group: clk
Path Type: min

Fanout         Cap        Slew       Delay        Time   Description
---------------------------------------------------------------------------------------------
                                  0.000000    0.000000   clock clk (rise edge)
                                  0.000000    0.000000   clock source latency
     1    0.018955    0.142613    0.097036    0.097036 ^ clk (in)
                                                         clk (net)
                      0.142616    0.000000    0.097036 ^ clkbuf_0_clk/A (sky130_fd_sc_hd__clkbuf_16)
     8    0.082146    0.151088    0.329123    0.426159 ^ clkbuf_0_clk/X (sky130_fd_sc_hd__clkbuf_16)
                                                         clknet_0_clk (net)
                      0.151092    0.001093    0.427252 ^ clkbuf_3_4__f_clk/A (sky130_fd_sc_hd__clkbuf_16)
     8    0.029186    0.079270    0.271725    0.698977 ^ clkbuf_3_4__f_clk/X (sky130_fd_sc_hd__clkbuf_16)
                                                         clknet_3_4__leaf_clk (net)
                      0.079271    0.000412    0.699388 ^ _1613_/CLK (sky130_fd_sc_hd__dfxtp_2)
     4    0.025780    0.128257    0.689674    1.389062 v _1613_/Q (sky130_fd_sc_hd__dfxtp_2)
                                                         u_dp.acc_q[13] (net)
                      0.128257    0.000188    1.389250 v _1525_/A1 (sky130_fd_sc_hd__o211a_2)
     1    0.001863    0.040097    0.490903    1.880153 v _1525_/X (sky130_fd_sc_hd__o211a_2)
                                                         _0041_ (net)
                      0.040097    0.000008    1.880161 v _1613_/D (sky130_fd_sc_hd__dfxtp_2)
                                              1.880161   data arrival time

                                  0.000000    0.000000   clock clk (rise edge)
                                  0.000000    0.000000   clock source latency
     1    0.018955    0.142613    0.097036    0.097036 ^ clk (in)
                                                         clk (net)
                      0.142616    0.000000    0.097036 ^ clkbuf_0_clk/A (sky130_fd_sc_hd__clkbuf_16)
     8    0.082146    0.151088    0.329123    0.426159 ^ clkbuf_0_clk/X (sky130_fd_sc_hd__clkbuf_16)
                                                         clknet_0_clk (net)
                      0.151092    0.001093    0.427252 ^ clkbuf_3_4__f_clk/A (sky130_fd_sc_hd__clkbuf_16)
     8    0.029186    0.079270    0.271725    0.698977 ^ clkbuf_3_4__f_clk/X (sky130_fd_sc_hd__clkbuf_16)
                                                         clknet_3_4__leaf_clk (net)
                      0.079271    0.000412    0.699388 ^ _1613_/CLK (sky130_fd_sc_hd__dfxtp_2)
                                  0.250000    0.949388   clock uncertainty
                                  0.000000    0.949388   clock reconvergence pessimism
                                 -0.076952    0.872436   library hold time
                                              0.872436   data required time
---------------------------------------------------------------------------------------------
                                              0.872436   data required time
                                             -1.880161   data arrival time
---------------------------------------------------------------------------------------------
                                              1.007725   slack (MET)


Startpoint: _1614_ (rising edge-triggered flip-flop clocked by clk)
Endpoint: _1614_ (rising edge-triggered flip-flop clocked by clk)
Path Group: clk
Path Type: min

Fanout         Cap        Slew       Delay        Time   Description
---------------------------------------------------------------------------------------------
                                  0.000000    0.000000   clock clk (rise edge)
                                  0.000000    0.000000   clock source latency
     1    0.018955    0.142613    0.097036    0.097036 ^ clk (in)
                                                         clk (net)
                      0.142616    0.000000    0.097036 ^ clkbuf_0_clk/A (sky130_fd_sc_hd__clkbuf_16)
     8    0.082146    0.151088    0.329123    0.426159 ^ clkbuf_0_clk/X (sky130_fd_sc_hd__clkbuf_16)
                                                         clknet_0_clk (net)
                      0.151092    0.001093    0.427252 ^ clkbuf_3_4__f_clk/A (sky130_fd_sc_hd__clkbuf_16)
     8    0.029186    0.079270    0.271725    0.698977 ^ clkbuf_3_4__f_clk/X (sky130_fd_sc_hd__clkbuf_16)
                                                         clknet_3_4__leaf_clk (net)
                      0.079271    0.000429    0.699406 ^ _1614_/CLK (sky130_fd_sc_hd__dfxtp_2)
     4    0.025464    0.127042    0.688614    1.388020 v _1614_/Q (sky130_fd_sc_hd__dfxtp_2)
                                                         u_dp.acc_q[14] (net)
                      0.127042    0.000320    1.388340 v _1529_/A1 (sky130_fd_sc_hd__o211a_2)
     1    0.002065    0.040414    0.492204    1.880545 v _1529_/X (sky130_fd_sc_hd__o211a_2)
                                                         _0042_ (net)
                      0.040414    0.000019    1.880564 v _1614_/D (sky130_fd_sc_hd__dfxtp_2)
                                              1.880564   data arrival time

                                  0.000000    0.000000   clock clk (rise edge)
                                  0.000000    0.000000   clock source latency
     1    0.018955    0.142613    0.097036    0.097036 ^ clk (in)
                                                         clk (net)
                      0.142616    0.000000    0.097036 ^ clkbuf_0_clk/A (sky130_fd_sc_hd__clkbuf_16)
     8    0.082146    0.151088    0.329123    0.426159 ^ clkbuf_0_clk/X (sky130_fd_sc_hd__clkbuf_16)
                                                         clknet_0_clk (net)
                      0.151092    0.001093    0.427252 ^ clkbuf_3_4__f_clk/A (sky130_fd_sc_hd__clkbuf_16)
     8    0.029186    0.079270    0.271725    0.698977 ^ clkbuf_3_4__f_clk/X (sky130_fd_sc_hd__clkbuf_16)
                                                         clknet_3_4__leaf_clk (net)
                      0.079271    0.000429    0.699406 ^ _1614_/CLK (sky130_fd_sc_hd__dfxtp_2)
                                  0.250000    0.949406   clock uncertainty
                                  0.000000    0.949406   clock reconvergence pessimism
                                 -0.077069    0.872337   library hold time
                                              0.872337   data required time
---------------------------------------------------------------------------------------------
                                              0.872337   data required time
                                             -1.880564   data arrival time
---------------------------------------------------------------------------------------------
                                              1.008227   slack (MET)


Startpoint: _1620_ (rising edge-triggered flip-flop clocked by clk)
Endpoint: _1620_ (rising edge-triggered flip-flop clocked by clk)
Path Group: clk
Path Type: min

Fanout         Cap        Slew       Delay        Time   Description
---------------------------------------------------------------------------------------------
                                  0.000000    0.000000   clock clk (rise edge)
                                  0.000000    0.000000   clock source latency
     1    0.018955    0.142613    0.097036    0.097036 ^ clk (in)
                                                         clk (net)
                      0.142616    0.000000    0.097036 ^ clkbuf_0_clk/A (sky130_fd_sc_hd__clkbuf_16)
     8    0.082146    0.151088    0.329123    0.426159 ^ clkbuf_0_clk/X (sky130_fd_sc_hd__clkbuf_16)
                                                         clknet_0_clk (net)
                      0.151104    0.001663    0.427822 ^ clkbuf_3_0__f_clk/A (sky130_fd_sc_hd__clkbuf_16)
     8    0.021854    0.069735    0.261421    0.689243 ^ clkbuf_3_0__f_clk/X (sky130_fd_sc_hd__clkbuf_16)
                                                         clknet_3_0__leaf_clk (net)
                      0.069757    0.000381    0.689624 ^ _1620_/CLK (sky130_fd_sc_hd__dfxtp_2)
     4    0.024996    0.125209    0.682857    1.372481 v _1620_/Q (sky130_fd_sc_hd__dfxtp_2)
                                                         u_dp.acc_q[20] (net)
                      0.125209    0.000305    1.372786 v _1552_/A1 (sky130_fd_sc_hd__o211a_2)
     1    0.002585    0.042835    0.496104    1.868890 v _1552_/X (sky130_fd_sc_hd__o211a_2)
                                                         _0048_ (net)
                      0.042835    0.000029    1.868919 v _1620_/D (sky130_fd_sc_hd__dfxtp_2)
                                              1.868919   data arrival time

                                  0.000000    0.000000   clock clk (rise edge)
                                  0.000000    0.000000   clock source latency
     1    0.018955    0.142613    0.097036    0.097036 ^ clk (in)
                                                         clk (net)
                      0.142616    0.000000    0.097036 ^ clkbuf_0_clk/A (sky130_fd_sc_hd__clkbuf_16)
     8    0.082146    0.151088    0.329123    0.426159 ^ clkbuf_0_clk/X (sky130_fd_sc_hd__clkbuf_16)
                                                         clknet_0_clk (net)
                      0.151104    0.001663    0.427822 ^ clkbuf_3_0__f_clk/A (sky130_fd_sc_hd__clkbuf_16)
     8    0.021854    0.069735    0.261421    0.689243 ^ clkbuf_3_0__f_clk/X (sky130_fd_sc_hd__clkbuf_16)
                                                         clknet_3_0__leaf_clk (net)
                      0.069757    0.000381    0.689624 ^ _1620_/CLK (sky130_fd_sc_hd__dfxtp_2)
                                  0.250000    0.939624   clock uncertainty
                                  0.000000    0.939624   clock reconvergence pessimism
                                 -0.080213    0.859411   library hold time
                                              0.859411   data required time
---------------------------------------------------------------------------------------------
                                              0.859411   data required time
                                             -1.868919   data arrival time
---------------------------------------------------------------------------------------------
                                              1.009509   slack (MET)


Startpoint: _1612_ (rising edge-triggered flip-flop clocked by clk)
Endpoint: _1612_ (rising edge-triggered flip-flop clocked by clk)
Path Group: clk
Path Type: min

Fanout         Cap        Slew       Delay        Time   Description
---------------------------------------------------------------------------------------------
                                  0.000000    0.000000   clock clk (rise edge)
                                  0.000000    0.000000   clock source latency
     1    0.018955    0.142613    0.097036    0.097036 ^ clk (in)
                                                         clk (net)
                      0.142616    0.000000    0.097036 ^ clkbuf_0_clk/A (sky130_fd_sc_hd__clkbuf_16)
     8    0.082146    0.151088    0.329123    0.426159 ^ clkbuf_0_clk/X (sky130_fd_sc_hd__clkbuf_16)
                                                         clknet_0_clk (net)
                      0.151103    0.001637    0.427796 ^ clkbuf_3_1__f_clk/A (sky130_fd_sc_hd__clkbuf_16)
     8    0.021473    0.069260    0.260921    0.688717 ^ clkbuf_3_1__f_clk/X (sky130_fd_sc_hd__clkbuf_16)
                                                         clknet_3_1__leaf_clk (net)
                      0.069260    0.000149    0.688866 ^ _1612_/CLK (sky130_fd_sc_hd__dfxtp_2)
     4    0.026644    0.131689    0.687798    1.376664 v _1612_/Q (sky130_fd_sc_hd__dfxtp_2)
                                                         u_dp.acc_q[12] (net)
                      0.131689    0.000098    1.376762 v _1521_/A1 (sky130_fd_sc_hd__o211a_2)
     1    0.002217    0.041123    0.495570    1.872332 v _1521_/X (sky130_fd_sc_hd__o211a_2)
                                                         _0040_ (net)
                      0.041123    0.000021    1.872353 v _1612_/D (sky130_fd_sc_hd__dfxtp_2)
                                              1.872353   data arrival time

                                  0.000000    0.000000   clock clk (rise edge)
                                  0.000000    0.000000   clock source latency
     1    0.018955    0.142613    0.097036    0.097036 ^ clk (in)
                                                         clk (net)
                      0.142616    0.000000    0.097036 ^ clkbuf_0_clk/A (sky130_fd_sc_hd__clkbuf_16)
     8    0.082146    0.151088    0.329123    0.426159 ^ clkbuf_0_clk/X (sky130_fd_sc_hd__clkbuf_16)
                                                         clknet_0_clk (net)
                      0.151103    0.001637    0.427796 ^ clkbuf_3_1__f_clk/A (sky130_fd_sc_hd__clkbuf_16)
     8    0.021473    0.069260    0.260921    0.688717 ^ clkbuf_3_1__f_clk/X (sky130_fd_sc_hd__clkbuf_16)
                                                         clknet_3_1__leaf_clk (net)
                      0.069260    0.000149    0.688866 ^ _1612_/CLK (sky130_fd_sc_hd__dfxtp_2)
                                  0.250000    0.938866   clock uncertainty
                                  0.000000    0.938866   clock reconvergence pessimism
                                 -0.079699    0.859167   library hold time
                                              0.859167   data required time
---------------------------------------------------------------------------------------------
                                              0.859167   data required time
                                             -1.872353   data arrival time
---------------------------------------------------------------------------------------------
                                              1.013186   slack (MET)


Startpoint: _1611_ (rising edge-triggered flip-flop clocked by clk)
Endpoint: _1611_ (rising edge-triggered flip-flop clocked by clk)
Path Group: clk
Path Type: min

Fanout         Cap        Slew       Delay        Time   Description
---------------------------------------------------------------------------------------------
                                  0.000000    0.000000   clock clk (rise edge)
                                  0.000000    0.000000   clock source latency
     1    0.018955    0.142613    0.097036    0.097036 ^ clk (in)
                                                         clk (net)
                      0.142616    0.000000    0.097036 ^ clkbuf_0_clk/A (sky130_fd_sc_hd__clkbuf_16)
     8    0.082146    0.151088    0.329123    0.426159 ^ clkbuf_0_clk/X (sky130_fd_sc_hd__clkbuf_16)
                                                         clknet_0_clk (net)
                      0.151092    0.001093    0.427252 ^ clkbuf_3_4__f_clk/A (sky130_fd_sc_hd__clkbuf_16)
     8    0.029186    0.079270    0.271725    0.698977 ^ clkbuf_3_4__f_clk/X (sky130_fd_sc_hd__clkbuf_16)
                                                         clknet_3_4__leaf_clk (net)
                      0.079271    0.000386    0.699363 ^ _1611_/CLK (sky130_fd_sc_hd__dfxtp_2)
     4    0.026537    0.131222    0.692065    1.391428 v _1611_/Q (sky130_fd_sc_hd__dfxtp_2)
                                                         u_dp.acc_q[11] (net)
                      0.131222    0.000192    1.391621 v _1516_/A1 (sky130_fd_sc_hd__o211a_2)
     1    0.002238    0.041218    0.495553    1.887174 v _1516_/X (sky130_fd_sc_hd__o211a_2)
                                                         _0039_ (net)
                      0.041218    0.000022    1.887196 v _1611_/D (sky130_fd_sc_hd__dfxtp_2)
                                              1.887196   data arrival time

                                  0.000000    0.000000   clock clk (rise edge)
                                  0.000000    0.000000   clock source latency
     1    0.018955    0.142613    0.097036    0.097036 ^ clk (in)
                                                         clk (net)
                      0.142616    0.000000    0.097036 ^ clkbuf_0_clk/A (sky130_fd_sc_hd__clkbuf_16)
     8    0.082146    0.151088    0.329123    0.426159 ^ clkbuf_0_clk/X (sky130_fd_sc_hd__clkbuf_16)
                                                         clknet_0_clk (net)
                      0.151092    0.001093    0.427252 ^ clkbuf_3_4__f_clk/A (sky130_fd_sc_hd__clkbuf_16)
     8    0.029186    0.079270    0.271725    0.698977 ^ clkbuf_3_4__f_clk/X (sky130_fd_sc_hd__clkbuf_16)
                                                         clknet_3_4__leaf_clk (net)
                      0.079271    0.000386    0.699363 ^ _1611_/CLK (sky130_fd_sc_hd__dfxtp_2)
                                  0.250000    0.949363   clock uncertainty
                                  0.000000    0.949363   clock reconvergence pessimism
                                 -0.077366    0.871997   library hold time
                                              0.871997   data required time
---------------------------------------------------------------------------------------------
                                              0.871997   data required time
                                             -1.887196   data arrival time
---------------------------------------------------------------------------------------------
                                              1.015199   slack (MET)


Startpoint: _1617_ (rising edge-triggered flip-flop clocked by clk)
Endpoint: _1617_ (rising edge-triggered flip-flop clocked by clk)
Path Group: clk
Path Type: min

Fanout         Cap        Slew       Delay        Time   Description
---------------------------------------------------------------------------------------------
                                  0.000000    0.000000   clock clk (rise edge)
                                  0.000000    0.000000   clock source latency
     1    0.018955    0.142613    0.097036    0.097036 ^ clk (in)
                                                         clk (net)
                      0.142616    0.000000    0.097036 ^ clkbuf_0_clk/A (sky130_fd_sc_hd__clkbuf_16)
     8    0.082146    0.151088    0.329123    0.426159 ^ clkbuf_0_clk/X (sky130_fd_sc_hd__clkbuf_16)
                                                         clknet_0_clk (net)
                      0.151103    0.001637    0.427796 ^ clkbuf_3_1__f_clk/A (sky130_fd_sc_hd__clkbuf_16)
     8    0.021473    0.069260    0.260921    0.688717 ^ clkbuf_3_1__f_clk/X (sky130_fd_sc_hd__clkbuf_16)
                                                         clknet_3_1__leaf_clk (net)
                      0.069260    0.000193    0.688909 ^ _1617_/CLK (sky130_fd_sc_hd__dfxtp_2)
     4    0.026881    0.132667    0.688435    1.377344 v _1617_/Q (sky130_fd_sc_hd__dfxtp_2)
                                                         u_dp.acc_q[17] (net)
                      0.132667    0.000246    1.377590 v _1540_/A1 (sky130_fd_sc_hd__o211a_2)
     1    0.002510    0.042486    0.498628    1.876218 v _1540_/X (sky130_fd_sc_hd__o211a_2)
                                                         _0045_ (net)
                      0.042486    0.000030    1.876248 v _1617_/D (sky130_fd_sc_hd__dfxtp_2)
                                              1.876248   data arrival time

                                  0.000000    0.000000   clock clk (rise edge)
                                  0.000000    0.000000   clock source latency
     1    0.018955    0.142613    0.097036    0.097036 ^ clk (in)
                                                         clk (net)
                      0.142616    0.000000    0.097036 ^ clkbuf_0_clk/A (sky130_fd_sc_hd__clkbuf_16)
     8    0.082146    0.151088    0.329123    0.426159 ^ clkbuf_0_clk/X (sky130_fd_sc_hd__clkbuf_16)
                                                         clknet_0_clk (net)
                      0.151103    0.001637    0.427796 ^ clkbuf_3_1__f_clk/A (sky130_fd_sc_hd__clkbuf_16)
     8    0.021473    0.069260    0.260921    0.688717 ^ clkbuf_3_1__f_clk/X (sky130_fd_sc_hd__clkbuf_16)
                                                         clknet_3_1__leaf_clk (net)
                      0.069260    0.000193    0.688909 ^ _1617_/CLK (sky130_fd_sc_hd__dfxtp_2)
                                  0.250000    0.938909   clock uncertainty
                                  0.000000    0.938909   clock reconvergence pessimism
                                 -0.080202    0.858708   library hold time
                                              0.858708   data required time
---------------------------------------------------------------------------------------------
                                              0.858708   data required time
                                             -1.876248   data arrival time
---------------------------------------------------------------------------------------------
                                              1.017540   slack (MET)


Startpoint: _1618_ (rising edge-triggered flip-flop clocked by clk)
Endpoint: _1618_ (rising edge-triggered flip-flop clocked by clk)
Path Group: clk
Path Type: min

Fanout         Cap        Slew       Delay        Time   Description
---------------------------------------------------------------------------------------------
                                  0.000000    0.000000   clock clk (rise edge)
                                  0.000000    0.000000   clock source latency
     1    0.018955    0.142613    0.097036    0.097036 ^ clk (in)
                                                         clk (net)
                      0.142616    0.000000    0.097036 ^ clkbuf_0_clk/A (sky130_fd_sc_hd__clkbuf_16)
     8    0.082146    0.151088    0.329123    0.426159 ^ clkbuf_0_clk/X (sky130_fd_sc_hd__clkbuf_16)
                                                         clknet_0_clk (net)
                      0.151104    0.001663    0.427822 ^ clkbuf_3_0__f_clk/A (sky130_fd_sc_hd__clkbuf_16)
     8    0.021854    0.069735    0.261421    0.689243 ^ clkbuf_3_0__f_clk/X (sky130_fd_sc_hd__clkbuf_16)
                                                         clknet_3_0__leaf_clk (net)
                      0.069757    0.000375    0.689618 ^ _1618_/CLK (sky130_fd_sc_hd__dfxtp_2)
     4    0.027895    0.136676    0.691797    1.381415 v _1618_/Q (sky130_fd_sc_hd__dfxtp_2)
                                                         u_dp.acc_q[18] (net)
                      0.136676    0.000285    1.381700 v _1545_/A1 (sky130_fd_sc_hd__o211a_2)
     1    0.002144    0.040782    0.497052    1.878751 v _1545_/X (sky130_fd_sc_hd__o211a_2)
                                                         _0046_ (net)
                      0.040782    0.000020    1.878772 v _1618_/D (sky130_fd_sc_hd__dfxtp_2)
                                              1.878772   data arrival time

                                  0.000000    0.000000   clock clk (rise edge)
                                  0.000000    0.000000   clock source latency
     1    0.018955    0.142613    0.097036    0.097036 ^ clk (in)
                                                         clk (net)
                      0.142616    0.000000    0.097036 ^ clkbuf_0_clk/A (sky130_fd_sc_hd__clkbuf_16)
     8    0.082146    0.151088    0.329123    0.426159 ^ clkbuf_0_clk/X (sky130_fd_sc_hd__clkbuf_16)
                                                         clknet_0_clk (net)
                      0.151104    0.001663    0.427822 ^ clkbuf_3_0__f_clk/A (sky130_fd_sc_hd__clkbuf_16)
     8    0.021854    0.069735    0.261421    0.689243 ^ clkbuf_3_0__f_clk/X (sky130_fd_sc_hd__clkbuf_16)
                                                         clknet_3_0__leaf_clk (net)
                      0.069757    0.000375    0.689618 ^ _1618_/CLK (sky130_fd_sc_hd__dfxtp_2)
                                  0.250000    0.939618   clock uncertainty
                                  0.000000    0.939618   clock reconvergence pessimism
                                 -0.079455    0.860163   library hold time
                                              0.860163   data required time
---------------------------------------------------------------------------------------------
                                              0.860163   data required time
                                             -1.878772   data arrival time
---------------------------------------------------------------------------------------------
                                              1.018609   slack (MET)


Startpoint: _1623_ (rising edge-triggered flip-flop clocked by clk)
Endpoint: _1623_ (rising edge-triggered flip-flop clocked by clk)
Path Group: clk
Path Type: min

Fanout         Cap        Slew       Delay        Time   Description
---------------------------------------------------------------------------------------------
                                  0.000000    0.000000   clock clk (rise edge)
                                  0.000000    0.000000   clock source latency
     1    0.018955    0.142613    0.097036    0.097036 ^ clk (in)
                                                         clk (net)
                      0.142616    0.000000    0.097036 ^ clkbuf_0_clk/A (sky130_fd_sc_hd__clkbuf_16)
     8    0.082146    0.151088    0.329123    0.426159 ^ clkbuf_0_clk/X (sky130_fd_sc_hd__clkbuf_16)
                                                         clknet_0_clk (net)
                      0.151104    0.001663    0.427822 ^ clkbuf_3_0__f_clk/A (sky130_fd_sc_hd__clkbuf_16)
     8    0.021854    0.069735    0.261421    0.689243 ^ clkbuf_3_0__f_clk/X (sky130_fd_sc_hd__clkbuf_16)
                                                         clknet_3_0__leaf_clk (net)
                      0.069757    0.000254    0.689496 ^ _1623_/CLK (sky130_fd_sc_hd__dfxtp_2)
     4    0.025484    0.127172    0.684258    1.373755 v _1623_/Q (sky130_fd_sc_hd__dfxtp_2)
                                                         u_dp.acc_q[23] (net)
                      0.127172    0.000467    1.374222 v _1561_/A1 (sky130_fd_sc_hd__o211a_2)
     1    0.003256    0.045959    0.502992    1.877214 v _1561_/X (sky130_fd_sc_hd__o211a_2)
                                                         _0051_ (net)
                      0.045959    0.000046    1.877260 v _1623_/D (sky130_fd_sc_hd__dfxtp_2)
                                              1.877260   data arrival time

                                  0.000000    0.000000   clock clk (rise edge)
                                  0.000000    0.000000   clock source latency
     1    0.018955    0.142613    0.097036    0.097036 ^ clk (in)
                                                         clk (net)
                      0.142616    0.000000    0.097036 ^ clkbuf_0_clk/A (sky130_fd_sc_hd__clkbuf_16)
     8    0.082146    0.151088    0.329123    0.426159 ^ clkbuf_0_clk/X (sky130_fd_sc_hd__clkbuf_16)
                                                         clknet_0_clk (net)
                      0.151104    0.001663    0.427822 ^ clkbuf_3_0__f_clk/A (sky130_fd_sc_hd__clkbuf_16)
     8    0.021854    0.069735    0.261421    0.689243 ^ clkbuf_3_0__f_clk/X (sky130_fd_sc_hd__clkbuf_16)
                                                         clknet_3_0__leaf_clk (net)
                      0.069757    0.000254    0.689496 ^ _1623_/CLK (sky130_fd_sc_hd__dfxtp_2)
                                  0.250000    0.939496   clock uncertainty
                                  0.000000    0.939496   clock reconvergence pessimism
                                 -0.081366    0.858130   library hold time
                                              0.858130   data required time
---------------------------------------------------------------------------------------------
                                              0.858130   data required time
                                             -1.877260   data arrival time
---------------------------------------------------------------------------------------------
                                              1.019130   slack (MET)


Startpoint: _1608_ (rising edge-triggered flip-flop clocked by clk)
Endpoint: _1608_ (rising edge-triggered flip-flop clocked by clk)
Path Group: clk
Path Type: min

Fanout         Cap        Slew       Delay        Time   Description
---------------------------------------------------------------------------------------------
                                  0.000000    0.000000   clock clk (rise edge)
                                  0.000000    0.000000   clock source latency
     1    0.018955    0.142613    0.097036    0.097036 ^ clk (in)
                                                         clk (net)
                      0.142616    0.000000    0.097036 ^ clkbuf_0_clk/A (sky130_fd_sc_hd__clkbuf_16)
     8    0.082146    0.151088    0.329123    0.426159 ^ clkbuf_0_clk/X (sky130_fd_sc_hd__clkbuf_16)
                                                         clknet_0_clk (net)
                      0.151103    0.001637    0.427796 ^ clkbuf_3_1__f_clk/A (sky130_fd_sc_hd__clkbuf_16)
     8    0.021473    0.069260    0.260921    0.688717 ^ clkbuf_3_1__f_clk/X (sky130_fd_sc_hd__clkbuf_16)
                                                         clknet_3_1__leaf_clk (net)
                      0.069260    0.000179    0.688896 ^ _1608_/CLK (sky130_fd_sc_hd__dfxtp_2)
     4    0.027008    0.133152    0.688871    1.377767 v _1608_/Q (sky130_fd_sc_hd__dfxtp_2)
                                                         u_dp.acc_q[8] (net)
                      0.133152    0.000213    1.377981 v _1503_/A1 (sky130_fd_sc_hd__o211a_2)
     1    0.002900    0.044302    0.502353    1.880334 v _1503_/X (sky130_fd_sc_hd__o211a_2)
                                                         _0036_ (net)
                      0.044302    0.000034    1.880368 v _1608_/D (sky130_fd_sc_hd__dfxtp_2)
                                              1.880368   data arrival time

                                  0.000000    0.000000   clock clk (rise edge)
                                  0.000000    0.000000   clock source latency
     1    0.018955    0.142613    0.097036    0.097036 ^ clk (in)
                                                         clk (net)
                      0.142616    0.000000    0.097036 ^ clkbuf_0_clk/A (sky130_fd_sc_hd__clkbuf_16)
     8    0.082146    0.151088    0.329123    0.426159 ^ clkbuf_0_clk/X (sky130_fd_sc_hd__clkbuf_16)
                                                         clknet_0_clk (net)
                      0.151103    0.001637    0.427796 ^ clkbuf_3_1__f_clk/A (sky130_fd_sc_hd__clkbuf_16)
     8    0.021473    0.069260    0.260921    0.688717 ^ clkbuf_3_1__f_clk/X (sky130_fd_sc_hd__clkbuf_16)
                                                         clknet_3_1__leaf_clk (net)
                      0.069260    0.000179    0.688896 ^ _1608_/CLK (sky130_fd_sc_hd__dfxtp_2)
                                  0.250000    0.938896   clock uncertainty
                                  0.000000    0.938896   clock reconvergence pessimism
                                 -0.080872    0.858024   library hold time
                                              0.858024   data required time
---------------------------------------------------------------------------------------------
                                              0.858024   data required time
                                             -1.880368   data arrival time
---------------------------------------------------------------------------------------------
                                              1.022344   slack (MET)


Startpoint: _1589_ (rising edge-triggered flip-flop clocked by clk)
Endpoint: _1589_ (rising edge-triggered flip-flop clocked by clk)
Path Group: clk
Path Type: min

Fanout         Cap        Slew       Delay        Time   Description
---------------------------------------------------------------------------------------------
                                  0.000000    0.000000   clock clk (rise edge)
                                  0.000000    0.000000   clock source latency
     1    0.018955    0.142613    0.097036    0.097036 ^ clk (in)
                                                         clk (net)
                      0.142616    0.000000    0.097036 ^ clkbuf_0_clk/A (sky130_fd_sc_hd__clkbuf_16)
     8    0.082146    0.151088    0.329123    0.426159 ^ clkbuf_0_clk/X (sky130_fd_sc_hd__clkbuf_16)
                                                         clknet_0_clk (net)
                      0.151110    0.001851    0.428010 ^ clkbuf_3_6__f_clk/A (sky130_fd_sc_hd__clkbuf_16)
     8    0.022215    0.070185    0.261835    0.689845 ^ clkbuf_3_6__f_clk/X (sky130_fd_sc_hd__clkbuf_16)
                                                         clknet_3_6__leaf_clk (net)
                      0.070208    0.000713    0.690557 ^ _1589_/CLK (sky130_fd_sc_hd__dfxtp_2)
     5    0.029973    0.144853    0.698634    1.389192 v _1589_/Q (sky130_fd_sc_hd__dfxtp_2)
                                                         u_dp.a_q[5] (net)
                      0.144853    0.000454    1.389645 v _1450_/A1 (sky130_fd_sc_hd__o211a_2)
     1    0.002444    0.044937    0.503262    1.892907 v _1450_/X (sky130_fd_sc_hd__o211a_2)
                                                         _0017_ (net)
                      0.044937    0.000026    1.892933 v _1589_/D (sky130_fd_sc_hd__dfxtp_2)
                                              1.892933   data arrival time

                                  0.000000    0.000000   clock clk (rise edge)
                                  0.000000    0.000000   clock source latency
     1    0.018955    0.142613    0.097036    0.097036 ^ clk (in)
                                                         clk (net)
                      0.142616    0.000000    0.097036 ^ clkbuf_0_clk/A (sky130_fd_sc_hd__clkbuf_16)
     8    0.082146    0.151088    0.329123    0.426159 ^ clkbuf_0_clk/X (sky130_fd_sc_hd__clkbuf_16)
                                                         clknet_0_clk (net)
                      0.151110    0.001851    0.428010 ^ clkbuf_3_6__f_clk/A (sky130_fd_sc_hd__clkbuf_16)
     8    0.022215    0.070185    0.261835    0.689845 ^ clkbuf_3_6__f_clk/X (sky130_fd_sc_hd__clkbuf_16)
                                                         clknet_3_6__leaf_clk (net)
                      0.070208    0.000713    0.690557 ^ _1589_/CLK (sky130_fd_sc_hd__dfxtp_2)
                                  0.250000    0.940557   clock uncertainty
                                  0.000000    0.940557   clock reconvergence pessimism
                                 -0.080883    0.859675   library hold time
                                              0.859675   data required time
---------------------------------------------------------------------------------------------
                                              0.859675   data required time
                                             -1.892933   data arrival time
---------------------------------------------------------------------------------------------
                                              1.033258   slack (MET)


Startpoint: _1585_ (rising edge-triggered flip-flop clocked by clk)
Endpoint: _1585_ (rising edge-triggered flip-flop clocked by clk)
Path Group: clk
Path Type: min

Fanout         Cap        Slew       Delay        Time   Description
---------------------------------------------------------------------------------------------
                                  0.000000    0.000000   clock clk (rise edge)
                                  0.000000    0.000000   clock source latency
     1    0.018955    0.142613    0.097036    0.097036 ^ clk (in)
                                                         clk (net)
                      0.142616    0.000000    0.097036 ^ clkbuf_0_clk/A (sky130_fd_sc_hd__clkbuf_16)
     8    0.082146    0.151088    0.329123    0.426159 ^ clkbuf_0_clk/X (sky130_fd_sc_hd__clkbuf_16)
                                                         clknet_0_clk (net)
                      0.151110    0.001860    0.428019 ^ clkbuf_3_7__f_clk/A (sky130_fd_sc_hd__clkbuf_16)
     8    0.025222    0.074015    0.266032    0.694051 ^ clkbuf_3_7__f_clk/X (sky130_fd_sc_hd__clkbuf_16)
                                                         clknet_3_7__leaf_clk (net)
                      0.074027    0.000834    0.694885 ^ _1585_/CLK (sky130_fd_sc_hd__dfxtp_2)
     5    0.031648    0.151314    0.705995    1.400880 v _1585_/Q (sky130_fd_sc_hd__dfxtp_2)
                                                         u_dp.a_q[1] (net)
                      0.151314    0.000199    1.401079 v _1442_/A1 (sky130_fd_sc_hd__o211a_2)
     1    0.001946    0.042582    0.501549    1.902629 v _1442_/X (sky130_fd_sc_hd__o211a_2)
                                                         _0013_ (net)
                      0.042582    0.000009    1.902638 v _1585_/D (sky130_fd_sc_hd__dfxtp_2)
                                              1.902638   data arrival time

                                  0.000000    0.000000   clock clk (rise edge)
                                  0.000000    0.000000   clock source latency
     1    0.018955    0.142613    0.097036    0.097036 ^ clk (in)
                                                         clk (net)
                      0.142616    0.000000    0.097036 ^ clkbuf_0_clk/A (sky130_fd_sc_hd__clkbuf_16)
     8    0.082146    0.151088    0.329123    0.426159 ^ clkbuf_0_clk/X (sky130_fd_sc_hd__clkbuf_16)
                                                         clknet_0_clk (net)
                      0.151110    0.001860    0.428019 ^ clkbuf_3_7__f_clk/A (sky130_fd_sc_hd__clkbuf_16)
     8    0.025222    0.074015    0.266032    0.694051 ^ clkbuf_3_7__f_clk/X (sky130_fd_sc_hd__clkbuf_16)
                                                         clknet_3_7__leaf_clk (net)
                      0.074027    0.000834    0.694885 ^ _1585_/CLK (sky130_fd_sc_hd__dfxtp_2)
                                  0.250000    0.944885   clock uncertainty
                                  0.000000    0.944885   clock reconvergence pessimism
                                 -0.079110    0.865775   library hold time
                                              0.865775   data required time
---------------------------------------------------------------------------------------------
                                              0.865775   data required time
                                             -1.902638   data arrival time
---------------------------------------------------------------------------------------------
                                              1.036863   slack (MET)


Startpoint: _1592_ (rising edge-triggered flip-flop clocked by clk)
Endpoint: _1592_ (rising edge-triggered flip-flop clocked by clk)
Path Group: clk
Path Type: min

Fanout         Cap        Slew       Delay        Time   Description
---------------------------------------------------------------------------------------------
                                  0.000000    0.000000   clock clk (rise edge)
                                  0.000000    0.000000   clock source latency
     1    0.018955    0.142613    0.097036    0.097036 ^ clk (in)
                                                         clk (net)
                      0.142616    0.000000    0.097036 ^ clkbuf_0_clk/A (sky130_fd_sc_hd__clkbuf_16)
     8    0.082146    0.151088    0.329123    0.426159 ^ clkbuf_0_clk/X (sky130_fd_sc_hd__clkbuf_16)
                                                         clknet_0_clk (net)
                      0.151104    0.001657    0.427816 ^ clkbuf_3_5__f_clk/A (sky130_fd_sc_hd__clkbuf_16)
     8    0.026810    0.076083    0.268488    0.696305 ^ clkbuf_3_5__f_clk/X (sky130_fd_sc_hd__clkbuf_16)
                                                         clknet_3_5__leaf_clk (net)
                      0.076083    0.000193    0.696498 ^ _1592_/CLK (sky130_fd_sc_hd__dfxtp_2)
     2    0.008732    0.093181    0.676589    1.373087 ^ _1592_/Q (sky130_fd_sc_hd__dfxtp_2)
                                                         u_dp.b_q[0] (net)
                      0.093181    0.000073    1.373160 ^ _1457_/A (sky130_fd_sc_hd__or2_2)
     1    0.003980    0.056658    0.192693    1.565853 ^ _1457_/X (sky130_fd_sc_hd__or2_2)
                                                         _0710_ (net)
                      0.056658    0.000051    1.565904 ^ _1458_/B1 (sky130_fd_sc_hd__o211a_2)
     1    0.002435    0.074354    0.349052    1.914956 ^ _1458_/X (sky130_fd_sc_hd__o211a_2)
                                                         _0020_ (net)
                      0.074354    0.000027    1.914983 ^ _1592_/D (sky130_fd_sc_hd__dfxtp_2)
                                              1.914983   data arrival time

                                  0.000000    0.000000   clock clk (rise edge)
                                  0.000000    0.000000   clock source latency
     1    0.018955    0.142613    0.097036    0.097036 ^ clk (in)
                                                         clk (net)
                      0.142616    0.000000    0.097036 ^ clkbuf_0_clk/A (sky130_fd_sc_hd__clkbuf_16)
     8    0.082146    0.151088    0.329123    0.426159 ^ clkbuf_0_clk/X (sky130_fd_sc_hd__clkbuf_16)
                                                         clknet_0_clk (net)
                      0.151104    0.001657    0.427816 ^ clkbuf_3_5__f_clk/A (sky130_fd_sc_hd__clkbuf_16)
     8    0.026810    0.076083    0.268488    0.696305 ^ clkbuf_3_5__f_clk/X (sky130_fd_sc_hd__clkbuf_16)
                                                         clknet_3_5__leaf_clk (net)
                      0.076083    0.000193    0.696498 ^ _1592_/CLK (sky130_fd_sc_hd__dfxtp_2)
                                  0.250000    0.946498   clock uncertainty
                                  0.000000    0.946498   clock reconvergence pessimism
                                 -0.071973    0.874525   library hold time
                                              0.874525   data required time
---------------------------------------------------------------------------------------------
                                              0.874525   data required time
                                             -1.914983   data arrival time
---------------------------------------------------------------------------------------------
                                              1.040458   slack (MET)


Startpoint: _1599_ (rising edge-triggered flip-flop clocked by clk)
Endpoint: _1599_ (rising edge-triggered flip-flop clocked by clk)
Path Group: clk
Path Type: min

Fanout         Cap        Slew       Delay        Time   Description
---------------------------------------------------------------------------------------------
                                  0.000000    0.000000   clock clk (rise edge)
                                  0.000000    0.000000   clock source latency
     1    0.018955    0.142613    0.097036    0.097036 ^ clk (in)
                                                         clk (net)
                      0.142616    0.000000    0.097036 ^ clkbuf_0_clk/A (sky130_fd_sc_hd__clkbuf_16)
     8    0.082146    0.151088    0.329123    0.426159 ^ clkbuf_0_clk/X (sky130_fd_sc_hd__clkbuf_16)
                                                         clknet_0_clk (net)
                      0.151110    0.001851    0.428010 ^ clkbuf_3_6__f_clk/A (sky130_fd_sc_hd__clkbuf_16)
     8    0.022215    0.070185    0.261835    0.689845 ^ clkbuf_3_6__f_clk/X (sky130_fd_sc_hd__clkbuf_16)
                                                         clknet_3_6__leaf_clk (net)
                      0.070185    0.000139    0.689984 ^ _1599_/CLK (sky130_fd_sc_hd__dfxtp_2)
     2    0.011328    0.111759    0.689488    1.379472 ^ _1599_/Q (sky130_fd_sc_hd__dfxtp_2)
                                                         u_dp.b_q[7] (net)
                      0.111759    0.000062    1.379534 ^ _1471_/A (sky130_fd_sc_hd__or2_2)
     1    0.002848    0.049203    0.193329    1.572863 ^ _1471_/X (sky130_fd_sc_hd__or2_2)
                                                         _0717_ (net)
                      0.049203    0.000026    1.572889 ^ _1472_/B1 (sky130_fd_sc_hd__o211a_2)
     1    0.002175    0.072340    0.343292    1.916180 ^ _1472_/X (sky130_fd_sc_hd__o211a_2)
                                                         _0027_ (net)
                      0.072340    0.000021    1.916201 ^ _1599_/D (sky130_fd_sc_hd__dfxtp_2)
                                              1.916201   data arrival time

                                  0.000000    0.000000   clock clk (rise edge)
                                  0.000000    0.000000   clock source latency
     1    0.018955    0.142613    0.097036    0.097036 ^ clk (in)
                                                         clk (net)
                      0.142616    0.000000    0.097036 ^ clkbuf_0_clk/A (sky130_fd_sc_hd__clkbuf_16)
     8    0.082146    0.151088    0.329123    0.426159 ^ clkbuf_0_clk/X (sky130_fd_sc_hd__clkbuf_16)
                                                         clknet_0_clk (net)
                      0.151110    0.001851    0.428010 ^ clkbuf_3_6__f_clk/A (sky130_fd_sc_hd__clkbuf_16)
     8    0.022215    0.070185    0.261835    0.689845 ^ clkbuf_3_6__f_clk/X (sky130_fd_sc_hd__clkbuf_16)
                                                         clknet_3_6__leaf_clk (net)
                      0.070185    0.000139    0.689984 ^ _1599_/CLK (sky130_fd_sc_hd__dfxtp_2)
                                  0.250000    0.939984   clock uncertainty
                                  0.000000    0.939984   clock reconvergence pessimism
                                 -0.072445    0.867539   library hold time
                                              0.867539   data required time
---------------------------------------------------------------------------------------------
                                              0.867539   data required time
                                             -1.916201   data arrival time
---------------------------------------------------------------------------------------------
                                              1.048662   slack (MET)


Startpoint: _1610_ (rising edge-triggered flip-flop clocked by clk)
Endpoint: _1578_ (rising edge-triggered flip-flop clocked by clk)
Path Group: clk
Path Type: min

Fanout         Cap        Slew       Delay        Time   Description
---------------------------------------------------------------------------------------------
                                  0.000000    0.000000   clock clk (rise edge)
                                  0.000000    0.000000   clock source latency
     1    0.018955    0.142613    0.097036    0.097036 ^ clk (in)
                                                         clk (net)
                      0.142616    0.000000    0.097036 ^ clkbuf_0_clk/A (sky130_fd_sc_hd__clkbuf_16)
     8    0.082146    0.151088    0.329123    0.426159 ^ clkbuf_0_clk/X (sky130_fd_sc_hd__clkbuf_16)
                                                         clknet_0_clk (net)
                      0.151103    0.001637    0.427796 ^ clkbuf_3_1__f_clk/A (sky130_fd_sc_hd__clkbuf_16)
     8    0.021473    0.069260    0.260921    0.688717 ^ clkbuf_3_1__f_clk/X (sky130_fd_sc_hd__clkbuf_16)
                                                         clknet_3_1__leaf_clk (net)
                      0.069260    0.000125    0.688841 ^ _1610_/CLK (sky130_fd_sc_hd__dfxtp_2)
     5    0.020440    0.177397    0.742601    1.431443 ^ _1610_/Q (sky130_fd_sc_hd__dfxtp_2)
                                                         u_dp.acc_q[10] (net)
                      0.177397    0.000236    1.431679 ^ _1419_/A1 (sky130_fd_sc_hd__a22o_2)
     1    0.008272    0.099686    0.359340    1.791019 ^ _1419_/X (sky130_fd_sc_hd__a22o_2)
                                                         _0686_ (net)
                      0.099686    0.000197    1.791216 ^ _1420_/B1 (sky130_fd_sc_hd__a21oi_2)
     1    0.009835    0.058948    0.090350    1.881566 v _1420_/Y (sky130_fd_sc_hd__a21oi_2)
                                                         _0687_ (net)
                      0.058949    0.000302    1.881867 v _1421_/B (sky130_fd_sc_hd__nor2_2)
     1    0.003111    0.104881    0.118937    2.000804 ^ _1421_/Y (sky130_fd_sc_hd__nor2_2)
                                                         _0006_ (net)
                      0.104881    0.000046    2.000850 ^ _1578_/D (sky130_fd_sc_hd__dfxtp_2)
                                              2.000850   data arrival time

                                  0.000000    0.000000   clock clk (rise edge)
                                  0.000000    0.000000   clock source latency
     1    0.018955    0.142613    0.097036    0.097036 ^ clk (in)
                                                         clk (net)
                      0.142616    0.000000    0.097036 ^ clkbuf_0_clk/A (sky130_fd_sc_hd__clkbuf_16)
     8    0.082146    0.151088    0.329123    0.426159 ^ clkbuf_0_clk/X (sky130_fd_sc_hd__clkbuf_16)
                                                         clknet_0_clk (net)
                      0.151092    0.001093    0.427252 ^ clkbuf_3_4__f_clk/A (sky130_fd_sc_hd__clkbuf_16)
     8    0.029186    0.079270    0.271725    0.698977 ^ clkbuf_3_4__f_clk/X (sky130_fd_sc_hd__clkbuf_16)
                                                         clknet_3_4__leaf_clk (net)
                      0.079277    0.000752    0.699728 ^ _1578_/CLK (sky130_fd_sc_hd__dfxtp_2)
                                  0.250000    0.949728   clock uncertainty
                                  0.000000    0.949728   clock reconvergence pessimism
                                 -0.078523    0.871205   library hold time
                                              0.871205   data required time
---------------------------------------------------------------------------------------------
                                              0.871205   data required time
                                             -2.000850   data arrival time
---------------------------------------------------------------------------------------------
                                              1.129645   slack (MET)


Startpoint: _1609_ (rising edge-triggered flip-flop clocked by clk)
Endpoint: _1577_ (rising edge-triggered flip-flop clocked by clk)
Path Group: clk
Path Type: min

Fanout         Cap        Slew       Delay        Time   Description
---------------------------------------------------------------------------------------------
                                  0.000000    0.000000   clock clk (rise edge)
                                  0.000000    0.000000   clock source latency
     1    0.018955    0.142613    0.097036    0.097036 ^ clk (in)
                                                         clk (net)
                      0.142616    0.000000    0.097036 ^ clkbuf_0_clk/A (sky130_fd_sc_hd__clkbuf_16)
     8    0.082146    0.151088    0.329123    0.426159 ^ clkbuf_0_clk/X (sky130_fd_sc_hd__clkbuf_16)
                                                         clknet_0_clk (net)
                      0.151103    0.001637    0.427796 ^ clkbuf_3_1__f_clk/A (sky130_fd_sc_hd__clkbuf_16)
     8    0.021473    0.069260    0.260921    0.688717 ^ clkbuf_3_1__f_clk/X (sky130_fd_sc_hd__clkbuf_16)
                                                         clknet_3_1__leaf_clk (net)
                      0.069260    0.000119    0.688836 ^ _1609_/CLK (sky130_fd_sc_hd__dfxtp_2)
     4    0.023325    0.199322    0.758594    1.447429 ^ _1609_/Q (sky130_fd_sc_hd__dfxtp_2)
                                                         u_dp.acc_q[9] (net)
                      0.199322    0.000155    1.447584 ^ _1416_/A1 (sky130_fd_sc_hd__a22o_2)
     1    0.005548    0.080884    0.351001    1.798586 ^ _1416_/X (sky130_fd_sc_hd__a22o_2)
                                                         _0684_ (net)
                      0.080884    0.000062    1.798647 ^ _1417_/B1 (sky130_fd_sc_hd__a21oi_2)
     1    0.012071    0.063715    0.089177    1.887824 v _1417_/Y (sky130_fd_sc_hd__a21oi_2)
                                                         _0685_ (net)
                      0.063715    0.000185    1.888010 v _1418_/B (sky130_fd_sc_hd__nor2_2)
     1    0.003757    0.115052    0.128907    2.016917 ^ _1418_/Y (sky130_fd_sc_hd__nor2_2)
                                                         _0005_ (net)
                      0.115052    0.000044    2.016960 ^ _1577_/D (sky130_fd_sc_hd__dfxtp_2)
                                              2.016960   data arrival time

                                  0.000000    0.000000   clock clk (rise edge)
                                  0.000000    0.000000   clock source latency
     1    0.018955    0.142613    0.097036    0.097036 ^ clk (in)
                                                         clk (net)
                      0.142616    0.000000    0.097036 ^ clkbuf_0_clk/A (sky130_fd_sc_hd__clkbuf_16)
     8    0.082146    0.151088    0.329123    0.426159 ^ clkbuf_0_clk/X (sky130_fd_sc_hd__clkbuf_16)
                                                         clknet_0_clk (net)
                      0.151092    0.001093    0.427252 ^ clkbuf_3_4__f_clk/A (sky130_fd_sc_hd__clkbuf_16)
     8    0.029186    0.079270    0.271725    0.698977 ^ clkbuf_3_4__f_clk/X (sky130_fd_sc_hd__clkbuf_16)
                                                         clknet_3_4__leaf_clk (net)
                      0.079277    0.000753    0.699730 ^ _1577_/CLK (sky130_fd_sc_hd__dfxtp_2)
                                  0.250000    0.949730   clock uncertainty
                                  0.000000    0.949730   clock reconvergence pessimism
                                 -0.080874    0.868856   library hold time
                                              0.868856   data required time
---------------------------------------------------------------------------------------------
                                              0.868856   data required time
                                             -2.016960   data arrival time
---------------------------------------------------------------------------------------------
                                              1.148105   slack (MET)


Startpoint: _1622_ (rising edge-triggered flip-flop clocked by clk)
Endpoint: _1582_ (rising edge-triggered flip-flop clocked by clk)
Path Group: clk
Path Type: min

Fanout         Cap        Slew       Delay        Time   Description
---------------------------------------------------------------------------------------------
                                  0.000000    0.000000   clock clk (rise edge)
                                  0.000000    0.000000   clock source latency
     1    0.018955    0.142613    0.097036    0.097036 ^ clk (in)
                                                         clk (net)
                      0.142616    0.000000    0.097036 ^ clkbuf_0_clk/A (sky130_fd_sc_hd__clkbuf_16)
     8    0.082146    0.151088    0.329123    0.426159 ^ clkbuf_0_clk/X (sky130_fd_sc_hd__clkbuf_16)
                                                         clknet_0_clk (net)
                      0.151104    0.001663    0.427822 ^ clkbuf_3_0__f_clk/A (sky130_fd_sc_hd__clkbuf_16)
     8    0.021854    0.069735    0.261421    0.689243 ^ clkbuf_3_0__f_clk/X (sky130_fd_sc_hd__clkbuf_16)
                                                         clknet_3_0__leaf_clk (net)
                      0.069757    0.000171    0.689414 ^ _1622_/CLK (sky130_fd_sc_hd__dfxtp_2)
     4    0.025357    0.214808    0.769956    1.459370 ^ _1622_/Q (sky130_fd_sc_hd__dfxtp_2)
                                                         u_dp.acc_q[22] (net)
                      0.214808    0.000079    1.459449 ^ _1431_/B2 (sky130_fd_sc_hd__a22o_2)
     1    0.012103    0.127654    0.380477    1.839926 ^ _1431_/X (sky130_fd_sc_hd__a22o_2)
                                                         _0694_ (net)
                      0.127654    0.000179    1.840105 ^ _1432_/B1 (sky130_fd_sc_hd__a21oi_2)
     1    0.006176    0.052580    0.088689    1.928794 v _1432_/Y (sky130_fd_sc_hd__a21oi_2)
                                                         _0695_ (net)
                      0.052580    0.000099    1.928892 v _1433_/B (sky130_fd_sc_hd__nor2_2)
     1    0.002202    0.090763    0.104936    2.033829 ^ _1433_/Y (sky130_fd_sc_hd__nor2_2)
                                                         _0010_ (net)
                      0.090763    0.000023    2.033852 ^ _1582_/D (sky130_fd_sc_hd__dfxtp_2)
                                              2.033852   data arrival time

                                  0.000000    0.000000   clock clk (rise edge)
                                  0.000000    0.000000   clock source latency
     1    0.018955    0.142613    0.097036    0.097036 ^ clk (in)
                                                         clk (net)
                      0.142616    0.000000    0.097036 ^ clkbuf_0_clk/A (sky130_fd_sc_hd__clkbuf_16)
     8    0.082146    0.151088    0.329123    0.426159 ^ clkbuf_0_clk/X (sky130_fd_sc_hd__clkbuf_16)
                                                         clknet_0_clk (net)
                      0.151102    0.001574    0.427733 ^ clkbuf_3_3__f_clk/A (sky130_fd_sc_hd__clkbuf_16)
     8    0.028334    0.078119    0.270561    0.698295 ^ clkbuf_3_3__f_clk/X (sky130_fd_sc_hd__clkbuf_16)
                                                         clknet_3_3__leaf_clk (net)
                      0.078121    0.000505    0.698799 ^ _1582_/CLK (sky130_fd_sc_hd__dfxtp_2)
                                  0.250000    0.948799   clock uncertainty
                                  0.000000    0.948799   clock reconvergence pessimism
                                 -0.075443    0.873356   library hold time
                                              0.873356   data required time
---------------------------------------------------------------------------------------------
                                              0.873356   data required time
                                             -2.033852   data arrival time
---------------------------------------------------------------------------------------------
                                              1.160496   slack (MET)


Startpoint: _1620_ (rising edge-triggered flip-flop clocked by clk)
Endpoint: _1580_ (rising edge-triggered flip-flop clocked by clk)
Path Group: clk
Path Type: min

Fanout         Cap        Slew       Delay        Time   Description
---------------------------------------------------------------------------------------------
                                  0.000000    0.000000   clock clk (rise edge)
                                  0.000000    0.000000   clock source latency
     1    0.018955    0.142613    0.097036    0.097036 ^ clk (in)
                                                         clk (net)
                      0.142616    0.000000    0.097036 ^ clkbuf_0_clk/A (sky130_fd_sc_hd__clkbuf_16)
     8    0.082146    0.151088    0.329123    0.426159 ^ clkbuf_0_clk/X (sky130_fd_sc_hd__clkbuf_16)
                                                         clknet_0_clk (net)
                      0.151104    0.001663    0.427822 ^ clkbuf_3_0__f_clk/A (sky130_fd_sc_hd__clkbuf_16)
     8    0.021854    0.069735    0.261421    0.689243 ^ clkbuf_3_0__f_clk/X (sky130_fd_sc_hd__clkbuf_16)
                                                         clknet_3_0__leaf_clk (net)
                      0.069757    0.000381    0.689624 ^ _1620_/CLK (sky130_fd_sc_hd__dfxtp_2)
     4    0.026245    0.221585    0.774831    1.464455 ^ _1620_/Q (sky130_fd_sc_hd__dfxtp_2)
                                                         u_dp.acc_q[20] (net)
                      0.221585    0.000242    1.464697 ^ _1425_/B2 (sky130_fd_sc_hd__a22o_2)
     1    0.010682    0.117220    0.373166    1.837863 ^ _1425_/X (sky130_fd_sc_hd__a22o_2)
                                                         _0690_ (net)
                      0.117220    0.000423    1.838286 ^ _1426_/B1 (sky130_fd_sc_hd__a21oi_2)
     1    0.006668    0.051953    0.086694    1.924980 v _1426_/Y (sky130_fd_sc_hd__a21oi_2)
                                                         _0691_ (net)
                      0.051954    0.000124    1.925103 v _1427_/B (sky130_fd_sc_hd__nor2_2)
     1    0.002524    0.095783    0.108921    2.034024 ^ _1427_/Y (sky130_fd_sc_hd__nor2_2)
                                                         _0008_ (net)
                      0.095783    0.000028    2.034053 ^ _1580_/D (sky130_fd_sc_hd__dfxtp_2)
                                              2.034053   data arrival time

                                  0.000000    0.000000   clock clk (rise edge)
                                  0.000000    0.000000   clock source latency
     1    0.018955    0.142613    0.097036    0.097036 ^ clk (in)
                                                         clk (net)
                      0.142616    0.000000    0.097036 ^ clkbuf_0_clk/A (sky130_fd_sc_hd__clkbuf_16)
     8    0.082146    0.151088    0.329123    0.426159 ^ clkbuf_0_clk/X (sky130_fd_sc_hd__clkbuf_16)
                                                         clknet_0_clk (net)
                      0.151102    0.001574    0.427733 ^ clkbuf_3_3__f_clk/A (sky130_fd_sc_hd__clkbuf_16)
     8    0.028334    0.078119    0.270561    0.698295 ^ clkbuf_3_3__f_clk/X (sky130_fd_sc_hd__clkbuf_16)
                                                         clknet_3_3__leaf_clk (net)
                      0.078121    0.000484    0.698778 ^ _1580_/CLK (sky130_fd_sc_hd__dfxtp_2)
                                  0.250000    0.948778   clock uncertainty
                                  0.000000    0.948778   clock reconvergence pessimism
                                 -0.076603    0.872175   library hold time
                                              0.872175   data required time
---------------------------------------------------------------------------------------------
                                              0.872175   data required time
                                             -2.034053   data arrival time
---------------------------------------------------------------------------------------------
                                              1.161878   slack (MET)


Startpoint: _1623_ (rising edge-triggered flip-flop clocked by clk)
Endpoint: _1583_ (rising edge-triggered flip-flop clocked by clk)
Path Group: clk
Path Type: min

Fanout         Cap        Slew       Delay        Time   Description
---------------------------------------------------------------------------------------------
                                  0.000000    0.000000   clock clk (rise edge)
                                  0.000000    0.000000   clock source latency
     1    0.018955    0.142613    0.097036    0.097036 ^ clk (in)
                                                         clk (net)
                      0.142616    0.000000    0.097036 ^ clkbuf_0_clk/A (sky130_fd_sc_hd__clkbuf_16)
     8    0.082146    0.151088    0.329123    0.426159 ^ clkbuf_0_clk/X (sky130_fd_sc_hd__clkbuf_16)
                                                         clknet_0_clk (net)
                      0.151104    0.001663    0.427822 ^ clkbuf_3_0__f_clk/A (sky130_fd_sc_hd__clkbuf_16)
     8    0.021854    0.069735    0.261421    0.689243 ^ clkbuf_3_0__f_clk/X (sky130_fd_sc_hd__clkbuf_16)
                                                         clknet_3_0__leaf_clk (net)
                      0.069757    0.000254    0.689496 ^ _1623_/CLK (sky130_fd_sc_hd__dfxtp_2)
     4    0.026733    0.225346    0.777369    1.466866 ^ _1623_/Q (sky130_fd_sc_hd__dfxtp_2)
                                                         u_dp.acc_q[23] (net)
                      0.225346    0.000101    1.466966 ^ _1434_/B2 (sky130_fd_sc_hd__a22o_2)
     1    0.011251    0.121328    0.378622    1.845588 ^ _1434_/X (sky130_fd_sc_hd__a22o_2)
                                                         _0696_ (net)
                      0.121328    0.000157    1.845745 ^ _1435_/B1 (sky130_fd_sc_hd__a21oi_2)
     1    0.007199    0.054368    0.090021    1.935766 v _1435_/Y (sky130_fd_sc_hd__a21oi_2)
                                                         _0697_ (net)
                      0.054368    0.000143    1.935909 v _1436_/B (sky130_fd_sc_hd__nor2_2)
     1    0.002380    0.093520    0.107872    2.043781 ^ _1436_/Y (sky130_fd_sc_hd__nor2_2)
                                                         _0011_ (net)
                      0.093520    0.000025    2.043806 ^ _1583_/D (sky130_fd_sc_hd__dfxtp_2)
                                              2.043806   data arrival time

                                  0.000000    0.000000   clock clk (rise edge)
                                  0.000000    0.000000   clock source latency
     1    0.018955    0.142613    0.097036    0.097036 ^ clk (in)
                                                         clk (net)
                      0.142616    0.000000    0.097036 ^ clkbuf_0_clk/A (sky130_fd_sc_hd__clkbuf_16)
     8    0.082146    0.151088    0.329123    0.426159 ^ clkbuf_0_clk/X (sky130_fd_sc_hd__clkbuf_16)
                                                         clknet_0_clk (net)
                      0.151104    0.001657    0.427816 ^ clkbuf_3_5__f_clk/A (sky130_fd_sc_hd__clkbuf_16)
     8    0.026810    0.076083    0.268488    0.696305 ^ clkbuf_3_5__f_clk/X (sky130_fd_sc_hd__clkbuf_16)
                                                         clknet_3_5__leaf_clk (net)
                      0.076084    0.000306    0.696611 ^ _1583_/CLK (sky130_fd_sc_hd__dfxtp_2)
                                  0.250000    0.946611   clock uncertainty
                                  0.000000    0.946611   clock reconvergence pessimism
                                 -0.076404    0.870207   library hold time
                                              0.870207   data required time
---------------------------------------------------------------------------------------------
                                              0.870207   data required time
                                             -2.043806   data arrival time
---------------------------------------------------------------------------------------------
                                              1.173600   slack (MET)


Startpoint: _1621_ (rising edge-triggered flip-flop clocked by clk)
Endpoint: _1581_ (rising edge-triggered flip-flop clocked by clk)
Path Group: clk
Path Type: min

Fanout         Cap        Slew       Delay        Time   Description
---------------------------------------------------------------------------------------------
                                  0.000000    0.000000   clock clk (rise edge)
                                  0.000000    0.000000   clock source latency
     1    0.018955    0.142613    0.097036    0.097036 ^ clk (in)
                                                         clk (net)
                      0.142616    0.000000    0.097036 ^ clkbuf_0_clk/A (sky130_fd_sc_hd__clkbuf_16)
     8    0.082146    0.151088    0.329123    0.426159 ^ clkbuf_0_clk/X (sky130_fd_sc_hd__clkbuf_16)
                                                         clknet_0_clk (net)
                      0.151104    0.001663    0.427822 ^ clkbuf_3_0__f_clk/A (sky130_fd_sc_hd__clkbuf_16)
     8    0.021854    0.069735    0.261421    0.689243 ^ clkbuf_3_0__f_clk/X (sky130_fd_sc_hd__clkbuf_16)
                                                         clknet_3_0__leaf_clk (net)
                      0.069757    0.000360    0.689602 ^ _1621_/CLK (sky130_fd_sc_hd__dfxtp_2)
     4    0.025326    0.214574    0.769796    1.459399 ^ _1621_/Q (sky130_fd_sc_hd__dfxtp_2)
                                                         u_dp.acc_q[21] (net)
                      0.214574    0.000103    1.459502 ^ _1428_/B2 (sky130_fd_sc_hd__a22o_2)
     1    0.013807    0.140562    0.391855    1.851357 ^ _1428_/X (sky130_fd_sc_hd__a22o_2)
                                                         _0692_ (net)
                      0.140563    0.000648    1.852005 ^ _1429_/B1 (sky130_fd_sc_hd__a21oi_2)
     1    0.004592    0.050755    0.087245    1.939250 v _1429_/Y (sky130_fd_sc_hd__a21oi_2)
                                                         _0693_ (net)
                      0.050755    0.000042    1.939292 v _1430_/B (sky130_fd_sc_hd__nor2_2)
     1    0.002575    0.096598    0.109187    2.048479 ^ _1430_/Y (sky130_fd_sc_hd__nor2_2)
                                                         _0009_ (net)
                      0.096598    0.000030    2.048509 ^ _1581_/D (sky130_fd_sc_hd__dfxtp_2)
                                              2.048509   data arrival time

                                  0.000000    0.000000   clock clk (rise edge)
                                  0.000000    0.000000   clock source latency
     1    0.018955    0.142613    0.097036    0.097036 ^ clk (in)
                                                         clk (net)
                      0.142616    0.000000    0.097036 ^ clkbuf_0_clk/A (sky130_fd_sc_hd__clkbuf_16)
     8    0.082146    0.151088    0.329123    0.426159 ^ clkbuf_0_clk/X (sky130_fd_sc_hd__clkbuf_16)
                                                         clknet_0_clk (net)
                      0.151092    0.001093    0.427252 ^ clkbuf_3_4__f_clk/A (sky130_fd_sc_hd__clkbuf_16)
     8    0.029186    0.079270    0.271725    0.698977 ^ clkbuf_3_4__f_clk/X (sky130_fd_sc_hd__clkbuf_16)
                                                         clknet_3_4__leaf_clk (net)
                      0.079276    0.000722    0.699699 ^ _1581_/CLK (sky130_fd_sc_hd__dfxtp_2)
                                  0.250000    0.949699   clock uncertainty
                                  0.000000    0.949699   clock reconvergence pessimism
                                 -0.076608    0.873091   library hold time
                                              0.873091   data required time
---------------------------------------------------------------------------------------------
                                              0.873091   data required time
                                             -2.048509   data arrival time
---------------------------------------------------------------------------------------------
                                              1.175418   slack (MET)


Startpoint: _1616_ (rising edge-triggered flip-flop clocked by clk)
Endpoint: _1576_ (rising edge-triggered flip-flop clocked by clk)
Path Group: clk
Path Type: min

Fanout         Cap        Slew       Delay        Time   Description
---------------------------------------------------------------------------------------------
                                  0.000000    0.000000   clock clk (rise edge)
                                  0.000000    0.000000   clock source latency
     1    0.018955    0.142613    0.097036    0.097036 ^ clk (in)
                                                         clk (net)
                      0.142616    0.000000    0.097036 ^ clkbuf_0_clk/A (sky130_fd_sc_hd__clkbuf_16)
     8    0.082146    0.151088    0.329123    0.426159 ^ clkbuf_0_clk/X (sky130_fd_sc_hd__clkbuf_16)
                                                         clknet_0_clk (net)
                      0.151103    0.001637    0.427796 ^ clkbuf_3_1__f_clk/A (sky130_fd_sc_hd__clkbuf_16)
     8    0.021473    0.069260    0.260921    0.688717 ^ clkbuf_3_1__f_clk/X (sky130_fd_sc_hd__clkbuf_16)
                                                         clknet_3_1__leaf_clk (net)
                      0.069281    0.000199    0.688916 ^ _1616_/CLK (sky130_fd_sc_hd__dfxtp_2)
     4    0.025952    0.219326    0.773077    1.461993 ^ _1616_/Q (sky130_fd_sc_hd__dfxtp_2)
                                                         u_dp.acc_q[16] (net)
                      0.219326    0.000200    1.462193 ^ _1413_/B2 (sky130_fd_sc_hd__a22o_2)
     1    0.006494    0.087294    0.343587    1.805779 ^ _1413_/X (sky130_fd_sc_hd__a22o_2)
                                                         _0682_ (net)
                      0.087294    0.000099    1.805878 ^ _1414_/B1 (sky130_fd_sc_hd__a21oi_2)
     1    0.010648    0.059620    0.087691    1.893569 v _1414_/Y (sky130_fd_sc_hd__a21oi_2)
                                                         _0683_ (net)
                      0.059622    0.000424    1.893993 v _1415_/B (sky130_fd_sc_hd__nor2_2)
     1    0.005441    0.141240    0.148799    2.042792 ^ _1415_/Y (sky130_fd_sc_hd__nor2_2)
                                                         _0004_ (net)
                      0.141240    0.000111    2.042903 ^ _1576_/D (sky130_fd_sc_hd__dfxtp_2)
                                              2.042903   data arrival time

                                  0.000000    0.000000   clock clk (rise edge)
                                  0.000000    0.000000   clock source latency
     1    0.018955    0.142613    0.097036    0.097036 ^ clk (in)
                                                         clk (net)
                      0.142616    0.000000    0.097036 ^ clkbuf_0_clk/A (sky130_fd_sc_hd__clkbuf_16)
     8    0.082146    0.151088    0.329123    0.426159 ^ clkbuf_0_clk/X (sky130_fd_sc_hd__clkbuf_16)
                                                         clknet_0_clk (net)
                      0.151104    0.001657    0.427816 ^ clkbuf_3_5__f_clk/A (sky130_fd_sc_hd__clkbuf_16)
     8    0.026810    0.076083    0.268488    0.696305 ^ clkbuf_3_5__f_clk/X (sky130_fd_sc_hd__clkbuf_16)
                                                         clknet_3_5__leaf_clk (net)
                      0.076084    0.000315    0.696620 ^ _1576_/CLK (sky130_fd_sc_hd__dfxtp_2)
                                  0.250000    0.946619   clock uncertainty
                                  0.000000    0.946619   clock reconvergence pessimism
                                 -0.087437    0.859182   library hold time
                                              0.859182   data required time
---------------------------------------------------------------------------------------------
                                              0.859182   data required time
                                             -2.042903   data arrival time
---------------------------------------------------------------------------------------------
                                              1.183721   slack (MET)


Startpoint: _1619_ (rising edge-triggered flip-flop clocked by clk)
Endpoint: _1579_ (rising edge-triggered flip-flop clocked by clk)
Path Group: clk
Path Type: min

Fanout         Cap        Slew       Delay        Time   Description
---------------------------------------------------------------------------------------------
                                  0.000000    0.000000   clock clk (rise edge)
                                  0.000000    0.000000   clock source latency
     1    0.018955    0.142613    0.097036    0.097036 ^ clk (in)
                                                         clk (net)
                      0.142616    0.000000    0.097036 ^ clkbuf_0_clk/A (sky130_fd_sc_hd__clkbuf_16)
     8    0.082146    0.151088    0.329123    0.426159 ^ clkbuf_0_clk/X (sky130_fd_sc_hd__clkbuf_16)
                                                         clknet_0_clk (net)
                      0.151104    0.001663    0.427822 ^ clkbuf_3_0__f_clk/A (sky130_fd_sc_hd__clkbuf_16)
     8    0.021854    0.069735    0.261421    0.689243 ^ clkbuf_3_0__f_clk/X (sky130_fd_sc_hd__clkbuf_16)
                                                         clknet_3_0__leaf_clk (net)
                      0.069757    0.000366    0.689609 ^ _1619_/CLK (sky130_fd_sc_hd__dfxtp_2)
     4    0.027261    0.229392    0.780217    1.469826 ^ _1619_/Q (sky130_fd_sc_hd__dfxtp_2)
                                                         u_dp.acc_q[19] (net)
                      0.229392    0.000152    1.469978 ^ _1422_/B2 (sky130_fd_sc_hd__a22o_2)
     1    0.007879    0.096912    0.356812    1.826790 ^ _1422_/X (sky130_fd_sc_hd__a22o_2)
                                                         _0688_ (net)
                      0.096912    0.000183    1.826973 ^ _1423_/B1 (sky130_fd_sc_hd__a21oi_2)
     1    0.010606    0.061145    0.091711    1.918684 v _1423_/Y (sky130_fd_sc_hd__a21oi_2)
                                                         _0689_ (net)
                      0.061145    0.000120    1.918804 v _1424_/B (sky130_fd_sc_hd__nor2_2)
     1    0.003984    0.118656    0.130984    2.049789 ^ _1424_/Y (sky130_fd_sc_hd__nor2_2)
                                                         _0007_ (net)
                      0.118656    0.000071    2.049860 ^ _1579_/D (sky130_fd_sc_hd__dfxtp_2)
                                              2.049860   data arrival time

                                  0.000000    0.000000   clock clk (rise edge)
                                  0.000000    0.000000   clock source latency
     1    0.018955    0.142613    0.097036    0.097036 ^ clk (in)
                                                         clk (net)
                      0.142616    0.000000    0.097036 ^ clkbuf_0_clk/A (sky130_fd_sc_hd__clkbuf_16)
     8    0.082146    0.151088    0.329123    0.426159 ^ clkbuf_0_clk/X (sky130_fd_sc_hd__clkbuf_16)
                                                         clknet_0_clk (net)
                      0.151104    0.001657    0.427816 ^ clkbuf_3_5__f_clk/A (sky130_fd_sc_hd__clkbuf_16)
     8    0.026810    0.076083    0.268488    0.696305 ^ clkbuf_3_5__f_clk/X (sky130_fd_sc_hd__clkbuf_16)
                                                         clknet_3_5__leaf_clk (net)
                      0.076084    0.000314    0.696619 ^ _1579_/CLK (sky130_fd_sc_hd__dfxtp_2)
                                  0.250000    0.946619   clock uncertainty
                                  0.000000    0.946619   clock reconvergence pessimism
                                 -0.082216    0.864403   library hold time
                                              0.864403   data required time
---------------------------------------------------------------------------------------------
                                              0.864403   data required time
                                             -2.049860   data arrival time
---------------------------------------------------------------------------------------------
                                              1.185456   slack (MET)


Startpoint: _1594_ (rising edge-triggered flip-flop clocked by clk)
Endpoint: _1594_ (rising edge-triggered flip-flop clocked by clk)
Path Group: clk
Path Type: min

Fanout         Cap        Slew       Delay        Time   Description
---------------------------------------------------------------------------------------------
                                  0.000000    0.000000   clock clk (rise edge)
                                  0.000000    0.000000   clock source latency
     1    0.018955    0.142613    0.097036    0.097036 ^ clk (in)
                                                         clk (net)
                      0.142616    0.000000    0.097036 ^ clkbuf_0_clk/A (sky130_fd_sc_hd__clkbuf_16)
     8    0.082146    0.151088    0.329123    0.426159 ^ clkbuf_0_clk/X (sky130_fd_sc_hd__clkbuf_16)
                                                         clknet_0_clk (net)
                      0.151110    0.001860    0.428019 ^ clkbuf_3_7__f_clk/A (sky130_fd_sc_hd__clkbuf_16)
     8    0.025222    0.074015    0.266032    0.694051 ^ clkbuf_3_7__f_clk/X (sky130_fd_sc_hd__clkbuf_16)
                                                         clknet_3_7__leaf_clk (net)
                      0.074023    0.000733    0.694783 ^ _1594_/CLK (sky130_fd_sc_hd__dfxtp_2)
     4    0.027567    0.231642    0.784148    1.478931 ^ _1594_/Q (sky130_fd_sc_hd__dfxtp_2)
                                                         u_dp.b_q[2] (net)
                      0.231642    0.000075    1.479006 ^ _1461_/A (sky130_fd_sc_hd__or2_2)
     1    0.002977    0.050459    0.249702    1.728708 ^ _1461_/X (sky130_fd_sc_hd__or2_2)
                                                         _0712_ (net)
                      0.050459    0.000028    1.728736 ^ _1462_/B1 (sky130_fd_sc_hd__o211a_2)
     1    0.002538    0.075151    0.347725    2.076461 ^ _1462_/X (sky130_fd_sc_hd__o211a_2)
                                                         _0022_ (net)
                      0.075151    0.000029    2.076490 ^ _1594_/D (sky130_fd_sc_hd__dfxtp_2)
                                              2.076490   data arrival time

                                  0.000000    0.000000   clock clk (rise edge)
                                  0.000000    0.000000   clock source latency
     1    0.018955    0.142613    0.097036    0.097036 ^ clk (in)
                                                         clk (net)
                      0.142616    0.000000    0.097036 ^ clkbuf_0_clk/A (sky130_fd_sc_hd__clkbuf_16)
     8    0.082146    0.151088    0.329123    0.426159 ^ clkbuf_0_clk/X (sky130_fd_sc_hd__clkbuf_16)
                                                         clknet_0_clk (net)
                      0.151110    0.001860    0.428019 ^ clkbuf_3_7__f_clk/A (sky130_fd_sc_hd__clkbuf_16)
     8    0.025222    0.074015    0.266032    0.694051 ^ clkbuf_3_7__f_clk/X (sky130_fd_sc_hd__clkbuf_16)
                                                         clknet_3_7__leaf_clk (net)
                      0.074023    0.000733    0.694783 ^ _1594_/CLK (sky130_fd_sc_hd__dfxtp_2)
                                  0.250000    0.944784   clock uncertainty
                                  0.000000    0.944784   clock reconvergence pessimism
                                 -0.072485    0.872299   library hold time
                                              0.872299   data required time
---------------------------------------------------------------------------------------------
                                              0.872299   data required time
                                             -2.076490   data arrival time
---------------------------------------------------------------------------------------------
                                              1.204191   slack (MET)


Startpoint: _1600_ (rising edge-triggered flip-flop clocked by clk)
Endpoint: _1600_ (rising edge-triggered flip-flop clocked by clk)
Path Group: clk
Path Type: min

Fanout         Cap        Slew       Delay        Time   Description
---------------------------------------------------------------------------------------------
                                  0.000000    0.000000   clock clk (rise edge)
                                  0.000000    0.000000   clock source latency
     1    0.018955    0.142613    0.097036    0.097036 ^ clk (in)
                                                         clk (net)
                      0.142616    0.000000    0.097036 ^ clkbuf_0_clk/A (sky130_fd_sc_hd__clkbuf_16)
     8    0.082146    0.151088    0.329123    0.426159 ^ clkbuf_0_clk/X (sky130_fd_sc_hd__clkbuf_16)
                                                         clknet_0_clk (net)
                      0.151104    0.001663    0.427822 ^ clkbuf_3_0__f_clk/A (sky130_fd_sc_hd__clkbuf_16)
     8    0.021854    0.069735    0.261421    0.689243 ^ clkbuf_3_0__f_clk/X (sky130_fd_sc_hd__clkbuf_16)
                                                         clknet_3_0__leaf_clk (net)
                      0.069757    0.000131    0.689373 ^ _1600_/CLK (sky130_fd_sc_hd__dfxtp_2)
     3    0.010531    0.070318    0.630326    1.319699 v _1600_/Q (sky130_fd_sc_hd__dfxtp_2)
                                                         u_dp.acc_q[0] (net)
                      0.070318    0.000126    1.319825 v _1348_/A (sky130_fd_sc_hd__nand3_2)
     3    0.010674    0.108741    0.127714    1.447539 ^ _1348_/Y (sky130_fd_sc_hd__nand3_2)
                                                         _0618_ (net)
                      0.108741    0.000048    1.447587 ^ _1475_/A1 (sky130_fd_sc_hd__a31o_2)
     1    0.003547    0.075025    0.312990    1.760577 ^ _1475_/X (sky130_fd_sc_hd__a31o_2)
                                                         _0720_ (net)
                      0.075025    0.000043    1.760619 ^ _1476_/C1 (sky130_fd_sc_hd__o211a_2)
     1    0.001852    0.070382    0.330387    2.091006 ^ _1476_/X (sky130_fd_sc_hd__o211a_2)
                                                         _0028_ (net)
                      0.070382    0.000016    2.091022 ^ _1600_/D (sky130_fd_sc_hd__dfxtp_2)
                                              2.091022   data arrival time

                                  0.000000    0.000000   clock clk (rise edge)
                                  0.000000    0.000000   clock source latency
     1    0.018955    0.142613    0.097036    0.097036 ^ clk (in)
                                                         clk (net)
                      0.142616    0.000000    0.097036 ^ clkbuf_0_clk/A (sky130_fd_sc_hd__clkbuf_16)
     8    0.082146    0.151088    0.329123    0.426159 ^ clkbuf_0_clk/X (sky130_fd_sc_hd__clkbuf_16)
                                                         clknet_0_clk (net)
                      0.151104    0.001663    0.427822 ^ clkbuf_3_0__f_clk/A (sky130_fd_sc_hd__clkbuf_16)
     8    0.021854    0.069735    0.261421    0.689243 ^ clkbuf_3_0__f_clk/X (sky130_fd_sc_hd__clkbuf_16)
                                                         clknet_3_0__leaf_clk (net)
                      0.069757    0.000131    0.689373 ^ _1600_/CLK (sky130_fd_sc_hd__dfxtp_2)
                                  0.250000    0.939373   clock uncertainty
                                  0.000000    0.939373   clock reconvergence pessimism
                                 -0.072060    0.867313   library hold time
                                              0.867313   data required time
---------------------------------------------------------------------------------------------
                                              0.867313   data required time
                                             -2.091022   data arrival time
---------------------------------------------------------------------------------------------
                                              1.223709   slack (MET)


Startpoint: _1634_ (rising edge-triggered flip-flop clocked by clk)
Endpoint: _1634_ (rising edge-triggered flip-flop clocked by clk)
Path Group: clk
Path Type: min

Fanout         Cap        Slew       Delay        Time   Description
---------------------------------------------------------------------------------------------
                                  0.000000    0.000000   clock clk (rise edge)
                                  0.000000    0.000000   clock source latency
     1    0.018955    0.142613    0.097036    0.097036 ^ clk (in)
                                                         clk (net)
                      0.142616    0.000000    0.097036 ^ clkbuf_0_clk/A (sky130_fd_sc_hd__clkbuf_16)
     8    0.082146    0.151088    0.329123    0.426159 ^ clkbuf_0_clk/X (sky130_fd_sc_hd__clkbuf_16)
                                                         clknet_0_clk (net)
                      0.151104    0.001657    0.427816 ^ clkbuf_3_5__f_clk/A (sky130_fd_sc_hd__clkbuf_16)
     8    0.026810    0.076083    0.268488    0.696305 ^ clkbuf_3_5__f_clk/X (sky130_fd_sc_hd__clkbuf_16)
                                                         clknet_3_5__leaf_clk (net)
                      0.076083    0.000103    0.696408 ^ _1634_/CLK (sky130_fd_sc_hd__dfxtp_2)
    10    0.041007    0.188888    0.735457    1.431865 v _1634_/Q (sky130_fd_sc_hd__dfxtp_2)
                                                         u_dp.out_sel_q[2] (net)
                      0.188888    0.000090    1.431955 v _0798_/C1 (sky130_fd_sc_hd__o211a_2)
     1    0.003368    0.046540    0.266175    1.698130 v _0798_/X (sky130_fd_sc_hd__o211a_2)
                                                         _0071_ (net)
                      0.046540    0.000041    1.698171 v _0799_/B1 (sky130_fd_sc_hd__a41o_2)
     1    0.002203    0.055878    0.395167    2.093338 v _0799_/X (sky130_fd_sc_hd__a41o_2)
                                                         _0001_ (net)
                      0.055878    0.000021    2.093359 v _1634_/D (sky130_fd_sc_hd__dfxtp_2)
                                              2.093359   data arrival time

                                  0.000000    0.000000   clock clk (rise edge)
                                  0.000000    0.000000   clock source latency
     1    0.018955    0.142613    0.097036    0.097036 ^ clk (in)
                                                         clk (net)
                      0.142616    0.000000    0.097036 ^ clkbuf_0_clk/A (sky130_fd_sc_hd__clkbuf_16)
     8    0.082146    0.151088    0.329123    0.426159 ^ clkbuf_0_clk/X (sky130_fd_sc_hd__clkbuf_16)
                                                         clknet_0_clk (net)
                      0.151104    0.001657    0.427816 ^ clkbuf_3_5__f_clk/A (sky130_fd_sc_hd__clkbuf_16)
     8    0.026810    0.076083    0.268488    0.696305 ^ clkbuf_3_5__f_clk/X (sky130_fd_sc_hd__clkbuf_16)
                                                         clknet_3_5__leaf_clk (net)
                      0.076083    0.000103    0.696408 ^ _1634_/CLK (sky130_fd_sc_hd__dfxtp_2)
                                  0.250000    0.946408   clock uncertainty
                                  0.000000    0.946408   clock reconvergence pessimism
                                 -0.083534    0.862874   library hold time
                                              0.862874   data required time
---------------------------------------------------------------------------------------------
                                              0.862874   data required time
                                             -2.093359   data arrival time
---------------------------------------------------------------------------------------------
                                              1.230485   slack (MET)


Startpoint: _1633_ (rising edge-triggered flip-flop clocked by clk)
Endpoint: _1633_ (rising edge-triggered flip-flop clocked by clk)
Path Group: clk
Path Type: min

Fanout         Cap        Slew       Delay        Time   Description
---------------------------------------------------------------------------------------------
                                  0.000000    0.000000   clock clk (rise edge)
                                  0.000000    0.000000   clock source latency
     1    0.018955    0.142613    0.097036    0.097036 ^ clk (in)
                                                         clk (net)
                      0.142616    0.000000    0.097036 ^ clkbuf_0_clk/A (sky130_fd_sc_hd__clkbuf_16)
     8    0.082146    0.151088    0.329123    0.426159 ^ clkbuf_0_clk/X (sky130_fd_sc_hd__clkbuf_16)
                                                         clknet_0_clk (net)
                      0.151104    0.001657    0.427816 ^ clkbuf_3_5__f_clk/A (sky130_fd_sc_hd__clkbuf_16)
     8    0.026810    0.076083    0.268488    0.696305 ^ clkbuf_3_5__f_clk/X (sky130_fd_sc_hd__clkbuf_16)
                                                         clknet_3_5__leaf_clk (net)
                      0.076083    0.000110    0.696415 ^ _1633_/CLK (sky130_fd_sc_hd__dfxtp_2)
    10    0.043282    0.197865    0.742863    1.439278 v _1633_/Q (sky130_fd_sc_hd__dfxtp_2)
                                                         u_dp.out_sel_q[1] (net)
                      0.197865    0.000164    1.439443 v _0800_/C1 (sky130_fd_sc_hd__o211a_2)
     1    0.003084    0.045218    0.268575    1.708017 v _0800_/X (sky130_fd_sc_hd__o211a_2)
                                                         _0072_ (net)
                      0.045218    0.000033    1.708050 v _0801_/B1 (sky130_fd_sc_hd__a41o_2)
     1    0.003852    0.064103    0.409255    2.117305 v _0801_/X (sky130_fd_sc_hd__a41o_2)
                                                         _0000_ (net)
                      0.064103    0.000064    2.117368 v _1633_/D (sky130_fd_sc_hd__dfxtp_2)
                                              2.117368   data arrival time

                                  0.000000    0.000000   clock clk (rise edge)
                                  0.000000    0.000000   clock source latency
     1    0.018955    0.142613    0.097036    0.097036 ^ clk (in)
                                                         clk (net)
                      0.142616    0.000000    0.097036 ^ clkbuf_0_clk/A (sky130_fd_sc_hd__clkbuf_16)
     8    0.082146    0.151088    0.329123    0.426159 ^ clkbuf_0_clk/X (sky130_fd_sc_hd__clkbuf_16)
                                                         clknet_0_clk (net)
                      0.151104    0.001657    0.427816 ^ clkbuf_3_5__f_clk/A (sky130_fd_sc_hd__clkbuf_16)
     8    0.026810    0.076083    0.268488    0.696305 ^ clkbuf_3_5__f_clk/X (sky130_fd_sc_hd__clkbuf_16)
                                                         clknet_3_5__leaf_clk (net)
                      0.076083    0.000110    0.696415 ^ _1633_/CLK (sky130_fd_sc_hd__dfxtp_2)
                                  0.250000    0.946415   clock uncertainty
                                  0.000000    0.946415   clock reconvergence pessimism
                                 -0.086571    0.859844   library hold time
                                              0.859844   data required time
---------------------------------------------------------------------------------------------
                                              0.859844   data required time
                                             -2.117368   data arrival time
---------------------------------------------------------------------------------------------
                                              1.257524   slack (MET)


Startpoint: _1636_ (rising edge-triggered flip-flop clocked by clk)
Endpoint: _1635_ (rising edge-triggered flip-flop clocked by clk)
Path Group: clk
Path Type: min

Fanout         Cap        Slew       Delay        Time   Description
---------------------------------------------------------------------------------------------
                                  0.000000    0.000000   clock clk (rise edge)
                                  0.000000    0.000000   clock source latency
     1    0.018955    0.142613    0.097036    0.097036 ^ clk (in)
                                                         clk (net)
                      0.142616    0.000000    0.097036 ^ clkbuf_0_clk/A (sky130_fd_sc_hd__clkbuf_16)
     8    0.082146    0.151088    0.329123    0.426159 ^ clkbuf_0_clk/X (sky130_fd_sc_hd__clkbuf_16)
                                                         clknet_0_clk (net)
                      0.151110    0.001860    0.428019 ^ clkbuf_3_7__f_clk/A (sky130_fd_sc_hd__clkbuf_16)
     8    0.025222    0.074015    0.266032    0.694051 ^ clkbuf_3_7__f_clk/X (sky130_fd_sc_hd__clkbuf_16)
                                                         clknet_3_7__leaf_clk (net)
                      0.074029    0.000885    0.694936 ^ _1636_/CLK (sky130_fd_sc_hd__dfxtp_2)
     1    0.001828    0.046720    0.627941    1.322878 ^ _1636_/Q (sky130_fd_sc_hd__dfxtp_2)
                                                         u_rst_sync.rst_ff1 (net)
                      0.046720    0.000015    1.322893 ^ hold82/A (sky130_fd_sc_hd__dlygate4sd3_1)
     1    0.002297    0.085995    1.022960    2.345853 ^ hold82/X (sky130_fd_sc_hd__dlygate4sd3_1)
                                                         net82 (net)
                      0.085995    0.000024    2.345877 ^ _1635_/D (sky130_fd_sc_hd__dfxtp_2)
                                              2.345877   data arrival time

                                  0.000000    0.000000   clock clk (rise edge)
                                  0.000000    0.000000   clock source latency
     1    0.018955    0.142613    0.097036    0.097036 ^ clk (in)
                                                         clk (net)
                      0.142616    0.000000    0.097036 ^ clkbuf_0_clk/A (sky130_fd_sc_hd__clkbuf_16)
     8    0.082146    0.151088    0.329123    0.426159 ^ clkbuf_0_clk/X (sky130_fd_sc_hd__clkbuf_16)
                                                         clknet_0_clk (net)
                      0.151110    0.001851    0.428010 ^ clkbuf_3_6__f_clk/A (sky130_fd_sc_hd__clkbuf_16)
     8    0.022215    0.070185    0.261835    0.689845 ^ clkbuf_3_6__f_clk/X (sky130_fd_sc_hd__clkbuf_16)
                                                         clknet_3_6__leaf_clk (net)
                      0.070207    0.000552    0.690396 ^ _1635_/CLK (sky130_fd_sc_hd__dfxtp_2)
                                  0.250000    0.940396   clock uncertainty
                                  0.000000    0.940396   clock reconvergence pessimism
                                 -0.075599    0.864797   library hold time
                                              0.864797   data required time
---------------------------------------------------------------------------------------------
                                              0.864797   data required time
                                             -2.345877   data arrival time
---------------------------------------------------------------------------------------------
                                              1.481079   slack (MET)


Startpoint: _1574_ (rising edge-triggered flip-flop clocked by clk)
Endpoint: _1590_ (rising edge-triggered flip-flop clocked by clk)
Path Group: clk
Path Type: min

Fanout         Cap        Slew       Delay        Time   Description
---------------------------------------------------------------------------------------------
                                  0.000000    0.000000   clock clk (rise edge)
                                  0.000000    0.000000   clock source latency
     1    0.018955    0.142613    0.097036    0.097036 ^ clk (in)
                                                         clk (net)
                      0.142616    0.000000    0.097036 ^ clkbuf_0_clk/A (sky130_fd_sc_hd__clkbuf_16)
     8    0.082146    0.151088    0.329123    0.426159 ^ clkbuf_0_clk/X (sky130_fd_sc_hd__clkbuf_16)
                                                         clknet_0_clk (net)
                      0.151102    0.001574    0.427733 ^ clkbuf_3_3__f_clk/A (sky130_fd_sc_hd__clkbuf_16)
     8    0.028334    0.078119    0.270561    0.698295 ^ clkbuf_3_3__f_clk/X (sky130_fd_sc_hd__clkbuf_16)
                                                         clknet_3_3__leaf_clk (net)
                      0.078120    0.000430    0.698725 ^ _1574_/CLK (sky130_fd_sc_hd__dfxtp_2)
     3    0.013210    0.125634    0.704395    1.403120 ^ _1574_/Q (sky130_fd_sc_hd__dfxtp_2)
                                                         busy (net)
                      0.125634    0.000338    1.403458 ^ _0805_/A (sky130_fd_sc_hd__or3_2)
     2    0.007722    0.082505    0.241738    1.645195 ^ _0805_/X (sky130_fd_sc_hd__or3_2)
                                                         _0075_ (net)
                      0.082505    0.000117    1.645312 ^ _1438_/B (sky130_fd_sc_hd__or3b_2)
     9    0.031573    0.284338    0.364645    2.009957 ^ _1438_/X (sky130_fd_sc_hd__or3b_2)
                                                         _0699_ (net)
                      0.284338    0.001006    2.010963 ^ _1451_/B (sky130_fd_sc_hd__nand2_2)
     1    0.002773    0.064339    0.156242    2.167205 v _1451_/Y (sky130_fd_sc_hd__nand2_2)
                                                         _0706_ (net)
                      0.064339    0.000025    2.167231 v _1452_/B1 (sky130_fd_sc_hd__o211a_2)
     1    0.002108    0.041530    0.227964    2.395195 v _1452_/X (sky130_fd_sc_hd__o211a_2)
                                                         _0018_ (net)
                      0.041530    0.000013    2.395208 v _1590_/D (sky130_fd_sc_hd__dfxtp_2)
                                              2.395208   data arrival time

                                  0.000000    0.000000   clock clk (rise edge)
                                  0.000000    0.000000   clock source latency
     1    0.018955    0.142613    0.097036    0.097036 ^ clk (in)
                                                         clk (net)
                      0.142616    0.000000    0.097036 ^ clkbuf_0_clk/A (sky130_fd_sc_hd__clkbuf_16)
     8    0.082146    0.151088    0.329123    0.426159 ^ clkbuf_0_clk/X (sky130_fd_sc_hd__clkbuf_16)
                                                         clknet_0_clk (net)
                      0.151110    0.001860    0.428019 ^ clkbuf_3_7__f_clk/A (sky130_fd_sc_hd__clkbuf_16)
     8    0.025222    0.074015    0.266032    0.694051 ^ clkbuf_3_7__f_clk/X (sky130_fd_sc_hd__clkbuf_16)
                                                         clknet_3_7__leaf_clk (net)
                      0.074031    0.000943    0.694994 ^ _1590_/CLK (sky130_fd_sc_hd__dfxtp_2)
                                  0.250000    0.944994   clock uncertainty
                                  0.000000    0.944994   clock reconvergence pessimism
                                 -0.078720    0.866274   library hold time
                                              0.866274   data required time
---------------------------------------------------------------------------------------------
                                              0.866274   data required time
                                             -2.395208   data arrival time
---------------------------------------------------------------------------------------------
                                              1.528934   slack (MET)


Startpoint: _1635_ (rising edge-triggered flip-flop clocked by clk)
Endpoint: _1627_ (rising edge-triggered flip-flop clocked by clk)
Path Group: clk
Path Type: min

Fanout         Cap        Slew       Delay        Time   Description
---------------------------------------------------------------------------------------------
                                  0.000000    0.000000   clock clk (rise edge)
                                  0.000000    0.000000   clock source latency
     1    0.018955    0.142613    0.097036    0.097036 ^ clk (in)
                                                         clk (net)
                      0.142616    0.000000    0.097036 ^ clkbuf_0_clk/A (sky130_fd_sc_hd__clkbuf_16)
     8    0.082146    0.151088    0.329123    0.426159 ^ clkbuf_0_clk/X (sky130_fd_sc_hd__clkbuf_16)
                                                         clknet_0_clk (net)
                      0.151110    0.001851    0.428010 ^ clkbuf_3_6__f_clk/A (sky130_fd_sc_hd__clkbuf_16)
     8    0.022215    0.070185    0.261835    0.689845 ^ clkbuf_3_6__f_clk/X (sky130_fd_sc_hd__clkbuf_16)
                                                         clknet_3_6__leaf_clk (net)
                      0.070207    0.000552    0.690396 ^ _1635_/CLK (sky130_fd_sc_hd__dfxtp_2)
     1    0.003725    0.042780    0.599483    1.289880 v _1635_/Q (sky130_fd_sc_hd__dfxtp_2)
                                                         u_rst_sync.rst_ff2 (net)
                      0.042780    0.000056    1.289935 v fanout42/A (sky130_fd_sc_hd__clkdlybuf4s25_1)
    10    0.049743    0.663587    0.899636    2.189571 v fanout42/X (sky130_fd_sc_hd__clkdlybuf4s25_1)
                                                         net42 (net)
                      0.663608    0.004390    2.193961 v _1627_/D (sky130_fd_sc_hd__dfxtp_2)
                                              2.193961   data arrival time

                                  0.000000    0.000000   clock clk (rise edge)
                                  0.000000    0.000000   clock source latency
     1    0.018955    0.142613    0.097036    0.097036 ^ clk (in)
                                                         clk (net)
                      0.142616    0.000000    0.097036 ^ clkbuf_0_clk/A (sky130_fd_sc_hd__clkbuf_16)
     8    0.082146    0.151088    0.329123    0.426159 ^ clkbuf_0_clk/X (sky130_fd_sc_hd__clkbuf_16)
                                                         clknet_0_clk (net)
                      0.151100    0.001504    0.427663 ^ clkbuf_3_2__f_clk/A (sky130_fd_sc_hd__clkbuf_16)
     8    0.022588    0.070673    0.262382    0.690045 ^ clkbuf_3_2__f_clk/X (sky130_fd_sc_hd__clkbuf_16)
                                                         clknet_3_2__leaf_clk (net)
                      0.070675    0.000697    0.690742 ^ _1627_/CLK (sky130_fd_sc_hd__dfxtp_2)
                                  0.250000    0.940742   clock uncertainty
                                  0.000000    0.940742   clock reconvergence pessimism
                                 -0.309219    0.631523   library hold time
                                              0.631523   data required time
---------------------------------------------------------------------------------------------
                                              0.631523   data required time
                                             -2.193961   data arrival time
---------------------------------------------------------------------------------------------
                                              1.562438   slack (MET)


Startpoint: _1591_ (rising edge-triggered flip-flop clocked by clk)
Endpoint: _1591_ (rising edge-triggered flip-flop clocked by clk)
Path Group: clk
Path Type: min

Fanout         Cap        Slew       Delay        Time   Description
---------------------------------------------------------------------------------------------
                                  0.000000    0.000000   clock clk (rise edge)
                                  0.000000    0.000000   clock source latency
     1    0.018955    0.142613    0.097036    0.097036 ^ clk (in)
                                                         clk (net)
                      0.142616    0.000000    0.097036 ^ clkbuf_0_clk/A (sky130_fd_sc_hd__clkbuf_16)
     8    0.082146    0.151088    0.329123    0.426159 ^ clkbuf_0_clk/X (sky130_fd_sc_hd__clkbuf_16)
                                                         clknet_0_clk (net)
                      0.151104    0.001657    0.427816 ^ clkbuf_3_5__f_clk/A (sky130_fd_sc_hd__clkbuf_16)
     8    0.026810    0.076083    0.268488    0.696305 ^ clkbuf_3_5__f_clk/X (sky130_fd_sc_hd__clkbuf_16)
                                                         clknet_3_5__leaf_clk (net)
                      0.076083    0.000254    0.696559 ^ _1591_/CLK (sky130_fd_sc_hd__dfxtp_2)
     2    0.010894    0.108647    0.689560    1.386119 ^ _1591_/Q (sky130_fd_sc_hd__dfxtp_2)
                                                         u_dp.a_q[7] (net)
                      0.108647    0.000075    1.386194 ^ fanout58/A (sky130_fd_sc_hd__clkdlybuf4s25_1)
     5    0.021244    0.352061    0.684866    2.071060 ^ fanout58/X (sky130_fd_sc_hd__clkdlybuf4s25_1)
                                                         net58 (net)
                      0.352061    0.000067    2.071127 ^ _1454_/A1 (sky130_fd_sc_hd__o211a_2)
     1    0.002104    0.071732    0.456425    2.527552 ^ _1454_/X (sky130_fd_sc_hd__o211a_2)
                                                         _0019_ (net)
                      0.071732    0.000021    2.527573 ^ _1591_/D (sky130_fd_sc_hd__dfxtp_2)
                                              2.527573   data arrival time

                                  0.000000    0.000000   clock clk (rise edge)
                                  0.000000    0.000000   clock source latency
     1    0.018955    0.142613    0.097036    0.097036 ^ clk (in)
                                                         clk (net)
                      0.142616    0.000000    0.097036 ^ clkbuf_0_clk/A (sky130_fd_sc_hd__clkbuf_16)
     8    0.082146    0.151088    0.329123    0.426159 ^ clkbuf_0_clk/X (sky130_fd_sc_hd__clkbuf_16)
                                                         clknet_0_clk (net)
                      0.151104    0.001657    0.427816 ^ clkbuf_3_5__f_clk/A (sky130_fd_sc_hd__clkbuf_16)
     8    0.026810    0.076083    0.268488    0.696305 ^ clkbuf_3_5__f_clk/X (sky130_fd_sc_hd__clkbuf_16)
                                                         clknet_3_5__leaf_clk (net)
                      0.076083    0.000254    0.696559 ^ _1591_/CLK (sky130_fd_sc_hd__dfxtp_2)
                                  0.250000    0.946559   clock uncertainty
                                  0.000000    0.946559   clock reconvergence pessimism
                                 -0.071367    0.875192   library hold time
                                              0.875192   data required time
---------------------------------------------------------------------------------------------
                                              0.875192   data required time
                                             -2.527573   data arrival time
---------------------------------------------------------------------------------------------
                                              1.652381   slack (MET)


Startpoint: _1627_ (rising edge-triggered flip-flop clocked by clk)
Endpoint: _1628_ (rising edge-triggered flip-flop clocked by clk)
Path Group: clk
Path Type: min

Fanout         Cap        Slew       Delay        Time   Description
---------------------------------------------------------------------------------------------
                                  0.000000    0.000000   clock clk (rise edge)
                                  0.000000    0.000000   clock source latency
     1    0.018955    0.142613    0.097036    0.097036 ^ clk (in)
                                                         clk (net)
                      0.142616    0.000000    0.097036 ^ clkbuf_0_clk/A (sky130_fd_sc_hd__clkbuf_16)
     8    0.082146    0.151088    0.329123    0.426159 ^ clkbuf_0_clk/X (sky130_fd_sc_hd__clkbuf_16)
                                                         clknet_0_clk (net)
                      0.151100    0.001504    0.427663 ^ clkbuf_3_2__f_clk/A (sky130_fd_sc_hd__clkbuf_16)
     8    0.022588    0.070673    0.262382    0.690045 ^ clkbuf_3_2__f_clk/X (sky130_fd_sc_hd__clkbuf_16)
                                                         clknet_3_2__leaf_clk (net)
                      0.070675    0.000697    0.690742 ^ _1627_/CLK (sky130_fd_sc_hd__dfxtp_2)
     1    0.002567    0.051376    0.632116    1.322858 ^ _1627_/Q (sky130_fd_sc_hd__dfxtp_2)
                                                         u_sync.seen_reset[0] (net)
                      0.051376    0.000029    1.322887 ^ hold83/A (sky130_fd_sc_hd__dlygate4sd3_1)
     1    0.001641    0.079578    1.014889    2.337776 ^ hold83/X (sky130_fd_sc_hd__dlygate4sd3_1)
                                                         net83 (net)
                      0.079578    0.000007    2.337783 ^ _1565_/B (sky130_fd_sc_hd__and2_2)
     1    0.002348    0.064003    0.258333    2.596115 ^ _1565_/X (sky130_fd_sc_hd__and2_2)
                                                         _0055_ (net)
                      0.064003    0.000025    2.596140 ^ _1628_/D (sky130_fd_sc_hd__dfxtp_2)
                                              2.596140   data arrival time

                                  0.000000    0.000000   clock clk (rise edge)
                                  0.000000    0.000000   clock source latency
     1    0.018955    0.142613    0.097036    0.097036 ^ clk (in)
                                                         clk (net)
                      0.142616    0.000000    0.097036 ^ clkbuf_0_clk/A (sky130_fd_sc_hd__clkbuf_16)
     8    0.082146    0.151088    0.329123    0.426159 ^ clkbuf_0_clk/X (sky130_fd_sc_hd__clkbuf_16)
                                                         clknet_0_clk (net)
                      0.151100    0.001504    0.427663 ^ clkbuf_3_2__f_clk/A (sky130_fd_sc_hd__clkbuf_16)
     8    0.022588    0.070673    0.262382    0.690045 ^ clkbuf_3_2__f_clk/X (sky130_fd_sc_hd__clkbuf_16)
                                                         clknet_3_2__leaf_clk (net)
                      0.070675    0.000684    0.690730 ^ _1628_/CLK (sky130_fd_sc_hd__dfxtp_2)
                                  0.250000    0.940730   clock uncertainty
                                  0.000000    0.940730   clock reconvergence pessimism
                                 -0.070439    0.870291   library hold time
                                              0.870291   data required time
---------------------------------------------------------------------------------------------
                                              0.870291   data required time
                                             -2.596140   data arrival time
---------------------------------------------------------------------------------------------
                                              1.725850   slack (MET)


Startpoint: _1624_ (rising edge-triggered flip-flop clocked by clk)
Endpoint: _1625_ (rising edge-triggered flip-flop clocked by clk)
Path Group: clk
Path Type: min

Fanout         Cap        Slew       Delay        Time   Description
---------------------------------------------------------------------------------------------
                                  0.000000    0.000000   clock clk (rise edge)
                                  0.000000    0.000000   clock source latency
     1    0.018955    0.142613    0.097036    0.097036 ^ clk (in)
                                                         clk (net)
                      0.142616    0.000000    0.097036 ^ clkbuf_0_clk/A (sky130_fd_sc_hd__clkbuf_16)
     8    0.082146    0.151088    0.329123    0.426159 ^ clkbuf_0_clk/X (sky130_fd_sc_hd__clkbuf_16)
                                                         clknet_0_clk (net)
                      0.151102    0.001574    0.427733 ^ clkbuf_3_3__f_clk/A (sky130_fd_sc_hd__clkbuf_16)
     8    0.028334    0.078119    0.270561    0.698295 ^ clkbuf_3_3__f_clk/X (sky130_fd_sc_hd__clkbuf_16)
                                                         clknet_3_3__leaf_clk (net)
                      0.078122    0.000563    0.698858 ^ _1624_/CLK (sky130_fd_sc_hd__dfxtp_2)
     1    0.002990    0.053633    0.638786    1.337643 ^ _1624_/Q (sky130_fd_sc_hd__dfxtp_2)
                                                         u_sync.ff1 (net)
                      0.053633    0.000039    1.337683 ^ hold84/A (sky130_fd_sc_hd__dlygate4sd3_1)
     1    0.001978    0.084273    1.021069    2.358751 ^ hold84/X (sky130_fd_sc_hd__dlygate4sd3_1)
                                                         net84 (net)
                      0.084273    0.000018    2.358769 ^ _1563_/B (sky130_fd_sc_hd__and2_2)
     1    0.002774    0.066919    0.263866    2.622635 ^ _1563_/X (sky130_fd_sc_hd__and2_2)
                                                         _0053_ (net)
                      0.066919    0.000038    2.622673 ^ _1625_/D (sky130_fd_sc_hd__dfxtp_2)
                                              2.622673   data arrival time

                                  0.000000    0.000000   clock clk (rise edge)
                                  0.000000    0.000000   clock source latency
     1    0.018955    0.142613    0.097036    0.097036 ^ clk (in)
                                                         clk (net)
                      0.142616    0.000000    0.097036 ^ clkbuf_0_clk/A (sky130_fd_sc_hd__clkbuf_16)
     8    0.082146    0.151088    0.329123    0.426159 ^ clkbuf_0_clk/X (sky130_fd_sc_hd__clkbuf_16)
                                                         clknet_0_clk (net)
                      0.151102    0.001574    0.427733 ^ clkbuf_3_3__f_clk/A (sky130_fd_sc_hd__clkbuf_16)
     8    0.028334    0.078119    0.270561    0.698295 ^ clkbuf_3_3__f_clk/X (sky130_fd_sc_hd__clkbuf_16)
                                                         clknet_3_3__leaf_clk (net)
                      0.078123    0.000583    0.698877 ^ _1625_/CLK (sky130_fd_sc_hd__dfxtp_2)
                                  0.250000    0.948877   clock uncertainty
                                  0.000000    0.948877   clock reconvergence pessimism
                                 -0.069930    0.878947   library hold time
                                              0.878947   data required time
---------------------------------------------------------------------------------------------
                                              0.878947   data required time
                                             -2.622673   data arrival time
---------------------------------------------------------------------------------------------
                                              1.743725   slack (MET)


Startpoint: _1574_ (rising edge-triggered flip-flop clocked by clk)
Endpoint: _1596_ (rising edge-triggered flip-flop clocked by clk)
Path Group: clk
Path Type: min

Fanout         Cap        Slew       Delay        Time   Description
---------------------------------------------------------------------------------------------
                                  0.000000    0.000000   clock clk (rise edge)
                                  0.000000    0.000000   clock source latency
     1    0.018955    0.142613    0.097036    0.097036 ^ clk (in)
                                                         clk (net)
                      0.142616    0.000000    0.097036 ^ clkbuf_0_clk/A (sky130_fd_sc_hd__clkbuf_16)
     8    0.082146    0.151088    0.329123    0.426159 ^ clkbuf_0_clk/X (sky130_fd_sc_hd__clkbuf_16)
                                                         clknet_0_clk (net)
                      0.151102    0.001574    0.427733 ^ clkbuf_3_3__f_clk/A (sky130_fd_sc_hd__clkbuf_16)
     8    0.028334    0.078119    0.270561    0.698295 ^ clkbuf_3_3__f_clk/X (sky130_fd_sc_hd__clkbuf_16)
                                                         clknet_3_3__leaf_clk (net)
                      0.078120    0.000430    0.698725 ^ _1574_/CLK (sky130_fd_sc_hd__dfxtp_2)
     3    0.013210    0.125634    0.704395    1.403120 ^ _1574_/Q (sky130_fd_sc_hd__dfxtp_2)
                                                         busy (net)
                      0.125634    0.000336    1.403456 ^ _0794_/A (sky130_fd_sc_hd__nor2_2)
     4    0.011363    0.069542    0.118459    1.521915 v _0794_/Y (sky130_fd_sc_hd__nor2_2)
                                                         _0067_ (net)
                      0.069542    0.000084    1.521999 v _0804_/B (sky130_fd_sc_hd__and2b_2)
     3    0.008963    0.095064    0.438172    1.960171 v _0804_/X (sky130_fd_sc_hd__and2b_2)
                                                         _0074_ (net)
                      0.095064    0.000053    1.960224 v _1456_/C (sky130_fd_sc_hd__nand3_2)
     8    0.030514    0.262732    0.258698    2.218922 ^ _1456_/Y (sky130_fd_sc_hd__nand3_2)
                                                         _0709_ (net)
                      0.262733    0.000476    2.219398 ^ _1466_/A2 (sky130_fd_sc_hd__o211a_2)
     1    0.001835    0.069689    0.400767    2.620165 ^ _1466_/X (sky130_fd_sc_hd__o211a_2)
                                                         _0024_ (net)
                      0.069689    0.000016    2.620182 ^ _1596_/D (sky130_fd_sc_hd__dfxtp_2)
                                              2.620182   data arrival time

                                  0.000000    0.000000   clock clk (rise edge)
                                  0.000000    0.000000   clock source latency
     1    0.018955    0.142613    0.097036    0.097036 ^ clk (in)
                                                         clk (net)
                      0.142616    0.000000    0.097036 ^ clkbuf_0_clk/A (sky130_fd_sc_hd__clkbuf_16)
     8    0.082146    0.151088    0.329123    0.426159 ^ clkbuf_0_clk/X (sky130_fd_sc_hd__clkbuf_16)
                                                         clknet_0_clk (net)
                      0.151110    0.001860    0.428019 ^ clkbuf_3_7__f_clk/A (sky130_fd_sc_hd__clkbuf_16)
     8    0.025222    0.074015    0.266032    0.694051 ^ clkbuf_3_7__f_clk/X (sky130_fd_sc_hd__clkbuf_16)
                                                         clknet_3_7__leaf_clk (net)
                      0.074015    0.000440    0.694491 ^ _1596_/CLK (sky130_fd_sc_hd__dfxtp_2)
                                  0.250000    0.944491   clock uncertainty
                                  0.000000    0.944491   clock reconvergence pessimism
                                 -0.071223    0.873267   library hold time
                                              0.873267   data required time
---------------------------------------------------------------------------------------------
                                              0.873267   data required time
                                             -2.620182   data arrival time
---------------------------------------------------------------------------------------------
                                              1.746914   slack (MET)


Startpoint: _1574_ (rising edge-triggered flip-flop clocked by clk)
Endpoint: _1593_ (rising edge-triggered flip-flop clocked by clk)
Path Group: clk
Path Type: min

Fanout         Cap        Slew       Delay        Time   Description
---------------------------------------------------------------------------------------------
                                  0.000000    0.000000   clock clk (rise edge)
                                  0.000000    0.000000   clock source latency
     1    0.018955    0.142613    0.097036    0.097036 ^ clk (in)
                                                         clk (net)
                      0.142616    0.000000    0.097036 ^ clkbuf_0_clk/A (sky130_fd_sc_hd__clkbuf_16)
     8    0.082146    0.151088    0.329123    0.426159 ^ clkbuf_0_clk/X (sky130_fd_sc_hd__clkbuf_16)
                                                         clknet_0_clk (net)
                      0.151102    0.001574    0.427733 ^ clkbuf_3_3__f_clk/A (sky130_fd_sc_hd__clkbuf_16)
     8    0.028334    0.078119    0.270561    0.698295 ^ clkbuf_3_3__f_clk/X (sky130_fd_sc_hd__clkbuf_16)
                                                         clknet_3_3__leaf_clk (net)
                      0.078120    0.000430    0.698725 ^ _1574_/CLK (sky130_fd_sc_hd__dfxtp_2)
     3    0.013210    0.125634    0.704395    1.403120 ^ _1574_/Q (sky130_fd_sc_hd__dfxtp_2)
                                                         busy (net)
                      0.125634    0.000336    1.403456 ^ _0794_/A (sky130_fd_sc_hd__nor2_2)
     4    0.011363    0.069542    0.118459    1.521915 v _0794_/Y (sky130_fd_sc_hd__nor2_2)
                                                         _0067_ (net)
                      0.069542    0.000084    1.521999 v _0804_/B (sky130_fd_sc_hd__and2b_2)
     3    0.008963    0.095064    0.438172    1.960171 v _0804_/X (sky130_fd_sc_hd__and2b_2)
                                                         _0074_ (net)
                      0.095064    0.000053    1.960224 v _1456_/C (sky130_fd_sc_hd__nand3_2)
     8    0.030514    0.262732    0.258698    2.218922 ^ _1456_/Y (sky130_fd_sc_hd__nand3_2)
                                                         _0709_ (net)
                      0.262732    0.000218    2.219141 ^ _1460_/A2 (sky130_fd_sc_hd__o211a_2)
     1    0.002017    0.071107    0.402741    2.621881 ^ _1460_/X (sky130_fd_sc_hd__o211a_2)
                                                         _0021_ (net)
                      0.071107    0.000019    2.621900 ^ _1593_/D (sky130_fd_sc_hd__dfxtp_2)
                                              2.621900   data arrival time

                                  0.000000    0.000000   clock clk (rise edge)
                                  0.000000    0.000000   clock source latency
     1    0.018955    0.142613    0.097036    0.097036 ^ clk (in)
                                                         clk (net)
                      0.142616    0.000000    0.097036 ^ clkbuf_0_clk/A (sky130_fd_sc_hd__clkbuf_16)
     8    0.082146    0.151088    0.329123    0.426159 ^ clkbuf_0_clk/X (sky130_fd_sc_hd__clkbuf_16)
                                                         clknet_0_clk (net)
                      0.151110    0.001851    0.428010 ^ clkbuf_3_6__f_clk/A (sky130_fd_sc_hd__clkbuf_16)
     8    0.022215    0.070185    0.261835    0.689845 ^ clkbuf_3_6__f_clk/X (sky130_fd_sc_hd__clkbuf_16)
                                                         clknet_3_6__leaf_clk (net)
                      0.070207    0.000391    0.690236 ^ _1593_/CLK (sky130_fd_sc_hd__dfxtp_2)
                                  0.250000    0.940236   clock uncertainty
                                  0.000000    0.940236   clock reconvergence pessimism
                                 -0.072156    0.868079   library hold time
                                              0.868079   data required time
---------------------------------------------------------------------------------------------
                                              0.868079   data required time
                                             -2.621900   data arrival time
---------------------------------------------------------------------------------------------
                                              1.753821   slack (MET)


Startpoint: _1574_ (rising edge-triggered flip-flop clocked by clk)
Endpoint: _1595_ (rising edge-triggered flip-flop clocked by clk)
Path Group: clk
Path Type: min

Fanout         Cap        Slew       Delay        Time   Description
---------------------------------------------------------------------------------------------
                                  0.000000    0.000000   clock clk (rise edge)
                                  0.000000    0.000000   clock source latency
     1    0.018955    0.142613    0.097036    0.097036 ^ clk (in)
                                                         clk (net)
                      0.142616    0.000000    0.097036 ^ clkbuf_0_clk/A (sky130_fd_sc_hd__clkbuf_16)
     8    0.082146    0.151088    0.329123    0.426159 ^ clkbuf_0_clk/X (sky130_fd_sc_hd__clkbuf_16)
                                                         clknet_0_clk (net)
                      0.151102    0.001574    0.427733 ^ clkbuf_3_3__f_clk/A (sky130_fd_sc_hd__clkbuf_16)
     8    0.028334    0.078119    0.270561    0.698295 ^ clkbuf_3_3__f_clk/X (sky130_fd_sc_hd__clkbuf_16)
                                                         clknet_3_3__leaf_clk (net)
                      0.078120    0.000430    0.698725 ^ _1574_/CLK (sky130_fd_sc_hd__dfxtp_2)
     3    0.013210    0.125634    0.704395    1.403120 ^ _1574_/Q (sky130_fd_sc_hd__dfxtp_2)
                                                         busy (net)
                      0.125634    0.000336    1.403456 ^ _0794_/A (sky130_fd_sc_hd__nor2_2)
     4    0.011363    0.069542    0.118459    1.521915 v _0794_/Y (sky130_fd_sc_hd__nor2_2)
                                                         _0067_ (net)
                      0.069542    0.000084    1.521999 v _0804_/B (sky130_fd_sc_hd__and2b_2)
     3    0.008963    0.095064    0.438172    1.960171 v _0804_/X (sky130_fd_sc_hd__and2b_2)
                                                         _0074_ (net)
                      0.095064    0.000053    1.960224 v _1456_/C (sky130_fd_sc_hd__nand3_2)
     8    0.030514    0.262732    0.258698    2.218922 ^ _1456_/Y (sky130_fd_sc_hd__nand3_2)
                                                         _0709_ (net)
                      0.262732    0.000233    2.219155 ^ _1464_/A2 (sky130_fd_sc_hd__o211a_2)
     1    0.002334    0.073569    0.406186    2.625341 ^ _1464_/X (sky130_fd_sc_hd__o211a_2)
                                                         _0023_ (net)
                      0.073569    0.000024    2.625365 ^ _1595_/D (sky130_fd_sc_hd__dfxtp_2)
                                              2.625365   data arrival time

                                  0.000000    0.000000   clock clk (rise edge)
                                  0.000000    0.000000   clock source latency
     1    0.018955    0.142613    0.097036    0.097036 ^ clk (in)
                                                         clk (net)
                      0.142616    0.000000    0.097036 ^ clkbuf_0_clk/A (sky130_fd_sc_hd__clkbuf_16)
     8    0.082146    0.151088    0.329123    0.426159 ^ clkbuf_0_clk/X (sky130_fd_sc_hd__clkbuf_16)
                                                         clknet_0_clk (net)
                      0.151110    0.001851    0.428010 ^ clkbuf_3_6__f_clk/A (sky130_fd_sc_hd__clkbuf_16)
     8    0.022215    0.070185    0.261835    0.689845 ^ clkbuf_3_6__f_clk/X (sky130_fd_sc_hd__clkbuf_16)
                                                         clknet_3_6__leaf_clk (net)
                      0.070207    0.000432    0.690277 ^ _1595_/CLK (sky130_fd_sc_hd__dfxtp_2)
                                  0.250000    0.940277   clock uncertainty
                                  0.000000    0.940277   clock reconvergence pessimism
                                 -0.072726    0.867551   library hold time
                                              0.867551   data required time
---------------------------------------------------------------------------------------------
                                              0.867551   data required time
                                             -2.625365   data arrival time
---------------------------------------------------------------------------------------------
                                              1.757815   slack (MET)


Startpoint: _1574_ (rising edge-triggered flip-flop clocked by clk)
Endpoint: _1588_ (rising edge-triggered flip-flop clocked by clk)
Path Group: clk
Path Type: min

Fanout         Cap        Slew       Delay        Time   Description
---------------------------------------------------------------------------------------------
                                  0.000000    0.000000   clock clk (rise edge)
                                  0.000000    0.000000   clock source latency
     1    0.018955    0.142613    0.097036    0.097036 ^ clk (in)
                                                         clk (net)
                      0.142616    0.000000    0.097036 ^ clkbuf_0_clk/A (sky130_fd_sc_hd__clkbuf_16)
     8    0.082146    0.151088    0.329123    0.426159 ^ clkbuf_0_clk/X (sky130_fd_sc_hd__clkbuf_16)
                                                         clknet_0_clk (net)
                      0.151102    0.001574    0.427733 ^ clkbuf_3_3__f_clk/A (sky130_fd_sc_hd__clkbuf_16)
     8    0.028334    0.078119    0.270561    0.698295 ^ clkbuf_3_3__f_clk/X (sky130_fd_sc_hd__clkbuf_16)
                                                         clknet_3_3__leaf_clk (net)
                      0.078120    0.000430    0.698725 ^ _1574_/CLK (sky130_fd_sc_hd__dfxtp_2)
     3    0.013210    0.125634    0.704395    1.403120 ^ _1574_/Q (sky130_fd_sc_hd__dfxtp_2)
                                                         busy (net)
                      0.125634    0.000338    1.403458 ^ _0805_/A (sky130_fd_sc_hd__or3_2)
     2    0.007722    0.082505    0.241738    1.645195 ^ _0805_/X (sky130_fd_sc_hd__or3_2)
                                                         _0075_ (net)
                      0.082505    0.000117    1.645312 ^ _1438_/B (sky130_fd_sc_hd__or3b_2)
     9    0.031573    0.284338    0.364645    2.009957 ^ _1438_/X (sky130_fd_sc_hd__or3b_2)
                                                         _0699_ (net)
                      0.284338    0.001003    2.010960 ^ _1447_/B (sky130_fd_sc_hd__or2_2)
     1    0.003598    0.054241    0.272197    2.283157 ^ _1447_/X (sky130_fd_sc_hd__or2_2)
                                                         _0704_ (net)
                      0.054241    0.000045    2.283202 ^ _1448_/B1 (sky130_fd_sc_hd__o211a_2)
     1    0.002477    0.074624    0.348555    2.631757 ^ _1448_/X (sky130_fd_sc_hd__o211a_2)
                                                         _0016_ (net)
                      0.074624    0.000027    2.631783 ^ _1588_/D (sky130_fd_sc_hd__dfxtp_2)
                                              2.631783   data arrival time

                                  0.000000    0.000000   clock clk (rise edge)
                                  0.000000    0.000000   clock source latency
     1    0.018955    0.142613    0.097036    0.097036 ^ clk (in)
                                                         clk (net)
                      0.142616    0.000000    0.097036 ^ clkbuf_0_clk/A (sky130_fd_sc_hd__clkbuf_16)
     8    0.082146    0.151088    0.329123    0.426159 ^ clkbuf_0_clk/X (sky130_fd_sc_hd__clkbuf_16)
                                                         clknet_0_clk (net)
                      0.151110    0.001860    0.428019 ^ clkbuf_3_7__f_clk/A (sky130_fd_sc_hd__clkbuf_16)
     8    0.025222    0.074015    0.266032    0.694051 ^ clkbuf_3_7__f_clk/X (sky130_fd_sc_hd__clkbuf_16)
                                                         clknet_3_7__leaf_clk (net)
                      0.074030    0.000900    0.694951 ^ _1588_/CLK (sky130_fd_sc_hd__dfxtp_2)
                                  0.250000    0.944951   clock uncertainty
                                  0.000000    0.944951   clock reconvergence pessimism
                                 -0.072362    0.872589   library hold time
                                              0.872589   data required time
---------------------------------------------------------------------------------------------
                                              0.872589   data required time
                                             -2.631783   data arrival time
---------------------------------------------------------------------------------------------
                                              1.759195   slack (MET)


Startpoint: _1574_ (rising edge-triggered flip-flop clocked by clk)
Endpoint: _1598_ (rising edge-triggered flip-flop clocked by clk)
Path Group: clk
Path Type: min

Fanout         Cap        Slew       Delay        Time   Description
---------------------------------------------------------------------------------------------
                                  0.000000    0.000000   clock clk (rise edge)
                                  0.000000    0.000000   clock source latency
     1    0.018955    0.142613    0.097036    0.097036 ^ clk (in)
                                                         clk (net)
                      0.142616    0.000000    0.097036 ^ clkbuf_0_clk/A (sky130_fd_sc_hd__clkbuf_16)
     8    0.082146    0.151088    0.329123    0.426159 ^ clkbuf_0_clk/X (sky130_fd_sc_hd__clkbuf_16)
                                                         clknet_0_clk (net)
                      0.151102    0.001574    0.427733 ^ clkbuf_3_3__f_clk/A (sky130_fd_sc_hd__clkbuf_16)
     8    0.028334    0.078119    0.270561    0.698295 ^ clkbuf_3_3__f_clk/X (sky130_fd_sc_hd__clkbuf_16)
                                                         clknet_3_3__leaf_clk (net)
                      0.078120    0.000430    0.698725 ^ _1574_/CLK (sky130_fd_sc_hd__dfxtp_2)
     3    0.013210    0.125634    0.704395    1.403120 ^ _1574_/Q (sky130_fd_sc_hd__dfxtp_2)
                                                         busy (net)
                      0.125634    0.000336    1.403456 ^ _0794_/A (sky130_fd_sc_hd__nor2_2)
     4    0.011363    0.069542    0.118459    1.521915 v _0794_/Y (sky130_fd_sc_hd__nor2_2)
                                                         _0067_ (net)
                      0.069542    0.000084    1.521999 v _0804_/B (sky130_fd_sc_hd__and2b_2)
     3    0.008963    0.095064    0.438172    1.960171 v _0804_/X (sky130_fd_sc_hd__and2b_2)
                                                         _0074_ (net)
                      0.095064    0.000053    1.960224 v _1456_/C (sky130_fd_sc_hd__nand3_2)
     8    0.030514    0.262732    0.258698    2.218922 ^ _1456_/Y (sky130_fd_sc_hd__nand3_2)
                                                         _0709_ (net)
                      0.262733    0.000526    2.219448 ^ _1470_/A2 (sky130_fd_sc_hd__o211a_2)
     1    0.003137    0.079789    0.414921    2.634370 ^ _1470_/X (sky130_fd_sc_hd__o211a_2)
                                                         _0026_ (net)
                      0.079789    0.000044    2.634414 ^ _1598_/D (sky130_fd_sc_hd__dfxtp_2)
                                              2.634414   data arrival time

                                  0.000000    0.000000   clock clk (rise edge)
                                  0.000000    0.000000   clock source latency
     1    0.018955    0.142613    0.097036    0.097036 ^ clk (in)
                                                         clk (net)
                      0.142616    0.000000    0.097036 ^ clkbuf_0_clk/A (sky130_fd_sc_hd__clkbuf_16)
     8    0.082146    0.151088    0.329123    0.426159 ^ clkbuf_0_clk/X (sky130_fd_sc_hd__clkbuf_16)
                                                         clknet_0_clk (net)
                      0.151110    0.001860    0.428019 ^ clkbuf_3_7__f_clk/A (sky130_fd_sc_hd__clkbuf_16)
     8    0.025222    0.074015    0.266032    0.694051 ^ clkbuf_3_7__f_clk/X (sky130_fd_sc_hd__clkbuf_16)
                                                         clknet_3_7__leaf_clk (net)
                      0.074032    0.000951    0.695002 ^ _1598_/CLK (sky130_fd_sc_hd__dfxtp_2)
                                  0.250000    0.945002   clock uncertainty
                                  0.000000    0.945002   clock reconvergence pessimism
                                 -0.073556    0.871446   library hold time
                                              0.871446   data required time
---------------------------------------------------------------------------------------------
                                              0.871446   data required time
                                             -2.634414   data arrival time
---------------------------------------------------------------------------------------------
                                              1.762968   slack (MET)


Startpoint: _1574_ (rising edge-triggered flip-flop clocked by clk)
Endpoint: _1597_ (rising edge-triggered flip-flop clocked by clk)
Path Group: clk
Path Type: min

Fanout         Cap        Slew       Delay        Time   Description
---------------------------------------------------------------------------------------------
                                  0.000000    0.000000   clock clk (rise edge)
                                  0.000000    0.000000   clock source latency
     1    0.018955    0.142613    0.097036    0.097036 ^ clk (in)
                                                         clk (net)
                      0.142616    0.000000    0.097036 ^ clkbuf_0_clk/A (sky130_fd_sc_hd__clkbuf_16)
     8    0.082146    0.151088    0.329123    0.426159 ^ clkbuf_0_clk/X (sky130_fd_sc_hd__clkbuf_16)
                                                         clknet_0_clk (net)
                      0.151102    0.001574    0.427733 ^ clkbuf_3_3__f_clk/A (sky130_fd_sc_hd__clkbuf_16)
     8    0.028334    0.078119    0.270561    0.698295 ^ clkbuf_3_3__f_clk/X (sky130_fd_sc_hd__clkbuf_16)
                                                         clknet_3_3__leaf_clk (net)
                      0.078120    0.000430    0.698725 ^ _1574_/CLK (sky130_fd_sc_hd__dfxtp_2)
     3    0.013210    0.125634    0.704395    1.403120 ^ _1574_/Q (sky130_fd_sc_hd__dfxtp_2)
                                                         busy (net)
                      0.125634    0.000336    1.403456 ^ _0794_/A (sky130_fd_sc_hd__nor2_2)
     4    0.011363    0.069542    0.118459    1.521915 v _0794_/Y (sky130_fd_sc_hd__nor2_2)
                                                         _0067_ (net)
                      0.069542    0.000084    1.521999 v _0804_/B (sky130_fd_sc_hd__and2b_2)
     3    0.008963    0.095064    0.438172    1.960171 v _0804_/X (sky130_fd_sc_hd__and2b_2)
                                                         _0074_ (net)
                      0.095064    0.000053    1.960224 v _1456_/C (sky130_fd_sc_hd__nand3_2)
     8    0.030514    0.262732    0.258698    2.218922 ^ _1456_/Y (sky130_fd_sc_hd__nand3_2)
                                                         _0709_ (net)
                      0.262733    0.000525    2.219447 ^ _1468_/A2 (sky130_fd_sc_hd__o211a_2)
     1    0.003089    0.079421    0.414403    2.633850 ^ _1468_/X (sky130_fd_sc_hd__o211a_2)
                                                         _0025_ (net)
                      0.079421    0.000042    2.633892 ^ _1597_/D (sky130_fd_sc_hd__dfxtp_2)
                                              2.633892   data arrival time

                                  0.000000    0.000000   clock clk (rise edge)
                                  0.000000    0.000000   clock source latency
     1    0.018955    0.142613    0.097036    0.097036 ^ clk (in)
                                                         clk (net)
                      0.142616    0.000000    0.097036 ^ clkbuf_0_clk/A (sky130_fd_sc_hd__clkbuf_16)
     8    0.082146    0.151088    0.329123    0.426159 ^ clkbuf_0_clk/X (sky130_fd_sc_hd__clkbuf_16)
                                                         clknet_0_clk (net)
                      0.151110    0.001851    0.428010 ^ clkbuf_3_6__f_clk/A (sky130_fd_sc_hd__clkbuf_16)
     8    0.022215    0.070185    0.261835    0.689845 ^ clkbuf_3_6__f_clk/X (sky130_fd_sc_hd__clkbuf_16)
                                                         clknet_3_6__leaf_clk (net)
                      0.070208    0.000715    0.690559 ^ _1597_/CLK (sky130_fd_sc_hd__dfxtp_2)
                                  0.250000    0.940559   clock uncertainty
                                  0.000000    0.940559   clock reconvergence pessimism
                                 -0.074078    0.866481   library hold time
                                              0.866481   data required time
---------------------------------------------------------------------------------------------
                                              0.866481   data required time
                                             -2.633892   data arrival time
---------------------------------------------------------------------------------------------
                                              1.767411   slack (MET)


Startpoint: _1574_ (rising edge-triggered flip-flop clocked by clk)
Endpoint: _1586_ (rising edge-triggered flip-flop clocked by clk)
Path Group: clk
Path Type: min

Fanout         Cap        Slew       Delay        Time   Description
---------------------------------------------------------------------------------------------
                                  0.000000    0.000000   clock clk (rise edge)
                                  0.000000    0.000000   clock source latency
     1    0.018955    0.142613    0.097036    0.097036 ^ clk (in)
                                                         clk (net)
                      0.142616    0.000000    0.097036 ^ clkbuf_0_clk/A (sky130_fd_sc_hd__clkbuf_16)
     8    0.082146    0.151088    0.329123    0.426159 ^ clkbuf_0_clk/X (sky130_fd_sc_hd__clkbuf_16)
                                                         clknet_0_clk (net)
                      0.151102    0.001574    0.427733 ^ clkbuf_3_3__f_clk/A (sky130_fd_sc_hd__clkbuf_16)
     8    0.028334    0.078119    0.270561    0.698295 ^ clkbuf_3_3__f_clk/X (sky130_fd_sc_hd__clkbuf_16)
                                                         clknet_3_3__leaf_clk (net)
                      0.078120    0.000430    0.698725 ^ _1574_/CLK (sky130_fd_sc_hd__dfxtp_2)
     3    0.013210    0.125634    0.704395    1.403120 ^ _1574_/Q (sky130_fd_sc_hd__dfxtp_2)
                                                         busy (net)
                      0.125634    0.000338    1.403458 ^ _0805_/A (sky130_fd_sc_hd__or3_2)
     2    0.007722    0.082505    0.241738    1.645195 ^ _0805_/X (sky130_fd_sc_hd__or3_2)
                                                         _0075_ (net)
                      0.082505    0.000117    1.645312 ^ _1438_/B (sky130_fd_sc_hd__or3b_2)
     9    0.031573    0.284338    0.364645    2.009957 ^ _1438_/X (sky130_fd_sc_hd__or3b_2)
                                                         _0699_ (net)
                      0.284338    0.000767    2.010724 ^ _1443_/B (sky130_fd_sc_hd__or2_2)
     1    0.005468    0.067274    0.285823    2.296547 ^ _1443_/X (sky130_fd_sc_hd__or2_2)
                                                         _0702_ (net)
                      0.067274    0.000111    2.296658 ^ _1444_/B1 (sky130_fd_sc_hd__o211a_2)
     1    0.001887    0.070985    0.347300    2.643958 ^ _1444_/X (sky130_fd_sc_hd__o211a_2)
                                                         _0014_ (net)
                      0.070985    0.000010    2.643967 ^ _1586_/D (sky130_fd_sc_hd__dfxtp_2)
                                              2.643967   data arrival time

                                  0.000000    0.000000   clock clk (rise edge)
                                  0.000000    0.000000   clock source latency
     1    0.018955    0.142613    0.097036    0.097036 ^ clk (in)
                                                         clk (net)
                      0.142616    0.000000    0.097036 ^ clkbuf_0_clk/A (sky130_fd_sc_hd__clkbuf_16)
     8    0.082146    0.151088    0.329123    0.426159 ^ clkbuf_0_clk/X (sky130_fd_sc_hd__clkbuf_16)
                                                         clknet_0_clk (net)
                      0.151110    0.001851    0.428010 ^ clkbuf_3_6__f_clk/A (sky130_fd_sc_hd__clkbuf_16)
     8    0.022215    0.070185    0.261835    0.689845 ^ clkbuf_3_6__f_clk/X (sky130_fd_sc_hd__clkbuf_16)
                                                         clknet_3_6__leaf_clk (net)
                      0.070208    0.000691    0.690535 ^ _1586_/CLK (sky130_fd_sc_hd__dfxtp_2)
                                  0.250000    0.940535   clock uncertainty
                                  0.000000    0.940535   clock reconvergence pessimism
                                 -0.072128    0.868407   library hold time
                                              0.868407   data required time
---------------------------------------------------------------------------------------------
                                              0.868407   data required time
                                             -2.643967   data arrival time
---------------------------------------------------------------------------------------------
                                              1.775560   slack (MET)


Startpoint: _1625_ (rising edge-triggered flip-flop clocked by clk)
Endpoint: _1626_ (rising edge-triggered flip-flop clocked by clk)
Path Group: clk
Path Type: min

Fanout         Cap        Slew       Delay        Time   Description
---------------------------------------------------------------------------------------------
                                  0.000000    0.000000   clock clk (rise edge)
                                  0.000000    0.000000   clock source latency
     1    0.018955    0.142613    0.097036    0.097036 ^ clk (in)
                                                         clk (net)
                      0.142616    0.000000    0.097036 ^ clkbuf_0_clk/A (sky130_fd_sc_hd__clkbuf_16)
     8    0.082146    0.151088    0.329123    0.426159 ^ clkbuf_0_clk/X (sky130_fd_sc_hd__clkbuf_16)
                                                         clknet_0_clk (net)
                      0.151102    0.001574    0.427733 ^ clkbuf_3_3__f_clk/A (sky130_fd_sc_hd__clkbuf_16)
     8    0.028334    0.078119    0.270561    0.698295 ^ clkbuf_3_3__f_clk/X (sky130_fd_sc_hd__clkbuf_16)
                                                         clknet_3_3__leaf_clk (net)
                      0.078123    0.000583    0.698877 ^ _1625_/CLK (sky130_fd_sc_hd__dfxtp_2)
     3    0.007057    0.081471    0.667444    1.366321 ^ _1625_/Q (sky130_fd_sc_hd__dfxtp_2)
                                                         u_sync.ff2 (net)
                      0.081471    0.000083    1.366404 ^ hold87/A (sky130_fd_sc_hd__dlygate4sd3_1)
     1    0.001831    0.082255    1.030886    2.397290 ^ hold87/X (sky130_fd_sc_hd__dlygate4sd3_1)
                                                         net87 (net)
                      0.082255    0.000016    2.397305 ^ _1564_/A (sky130_fd_sc_hd__and2_2)
     1    0.002301    0.063908    0.248729    2.646034 ^ _1564_/X (sky130_fd_sc_hd__and2_2)
                                                         _0054_ (net)
                      0.063908    0.000025    2.646059 ^ _1626_/D (sky130_fd_sc_hd__dfxtp_2)
                                              2.646059   data arrival time

                                  0.000000    0.000000   clock clk (rise edge)
                                  0.000000    0.000000   clock source latency
     1    0.018955    0.142613    0.097036    0.097036 ^ clk (in)
                                                         clk (net)
                      0.142616    0.000000    0.097036 ^ clkbuf_0_clk/A (sky130_fd_sc_hd__clkbuf_16)
     8    0.082146    0.151088    0.329123    0.426159 ^ clkbuf_0_clk/X (sky130_fd_sc_hd__clkbuf_16)
                                                         clknet_0_clk (net)
                      0.151100    0.001504    0.427663 ^ clkbuf_3_2__f_clk/A (sky130_fd_sc_hd__clkbuf_16)
     8    0.022588    0.070673    0.262382    0.690045 ^ clkbuf_3_2__f_clk/X (sky130_fd_sc_hd__clkbuf_16)
                                                         clknet_3_2__leaf_clk (net)
                      0.070675    0.000660    0.690706 ^ _1626_/CLK (sky130_fd_sc_hd__dfxtp_2)
                                  0.250000    0.940706   clock uncertainty
                                  0.000000    0.940706   clock reconvergence pessimism
                                 -0.070417    0.870288   library hold time
                                              0.870288   data required time
---------------------------------------------------------------------------------------------
                                              0.870288   data required time
                                             -2.646059   data arrival time
---------------------------------------------------------------------------------------------
                                              1.775771   slack (MET)


Startpoint: _1574_ (rising edge-triggered flip-flop clocked by clk)
Endpoint: _1587_ (rising edge-triggered flip-flop clocked by clk)
Path Group: clk
Path Type: min

Fanout         Cap        Slew       Delay        Time   Description
---------------------------------------------------------------------------------------------
                                  0.000000    0.000000   clock clk (rise edge)
                                  0.000000    0.000000   clock source latency
     1    0.018955    0.142613    0.097036    0.097036 ^ clk (in)
                                                         clk (net)
                      0.142616    0.000000    0.097036 ^ clkbuf_0_clk/A (sky130_fd_sc_hd__clkbuf_16)
     8    0.082146    0.151088    0.329123    0.426159 ^ clkbuf_0_clk/X (sky130_fd_sc_hd__clkbuf_16)
                                                         clknet_0_clk (net)
                      0.151102    0.001574    0.427733 ^ clkbuf_3_3__f_clk/A (sky130_fd_sc_hd__clkbuf_16)
     8    0.028334    0.078119    0.270561    0.698295 ^ clkbuf_3_3__f_clk/X (sky130_fd_sc_hd__clkbuf_16)
                                                         clknet_3_3__leaf_clk (net)
                      0.078120    0.000430    0.698725 ^ _1574_/CLK (sky130_fd_sc_hd__dfxtp_2)
     3    0.013210    0.125634    0.704395    1.403120 ^ _1574_/Q (sky130_fd_sc_hd__dfxtp_2)
                                                         busy (net)
                      0.125634    0.000338    1.403458 ^ _0805_/A (sky130_fd_sc_hd__or3_2)
     2    0.007722    0.082505    0.241738    1.645195 ^ _0805_/X (sky130_fd_sc_hd__or3_2)
                                                         _0075_ (net)
                      0.082505    0.000117    1.645312 ^ _1438_/B (sky130_fd_sc_hd__or3b_2)
     9    0.031573    0.284338    0.364645    2.009957 ^ _1438_/X (sky130_fd_sc_hd__or3b_2)
                                                         _0699_ (net)
                      0.284339    0.001151    2.011108 ^ _1445_/B (sky130_fd_sc_hd__or2_2)
     1    0.005418    0.067029    0.285491    2.296598 ^ _1445_/X (sky130_fd_sc_hd__or2_2)
                                                         _0703_ (net)
                      0.067029    0.000099    2.296698 ^ _1446_/B1 (sky130_fd_sc_hd__o211a_2)
     1    0.003247    0.080589    0.361953    2.658651 ^ _1446_/X (sky130_fd_sc_hd__o211a_2)
                                                         _0015_ (net)
                      0.080589    0.000042    2.658693 ^ _1587_/D (sky130_fd_sc_hd__dfxtp_2)
                                              2.658693   data arrival time

                                  0.000000    0.000000   clock clk (rise edge)
                                  0.000000    0.000000   clock source latency
     1    0.018955    0.142613    0.097036    0.097036 ^ clk (in)
                                                         clk (net)
                      0.142616    0.000000    0.097036 ^ clkbuf_0_clk/A (sky130_fd_sc_hd__clkbuf_16)
     8    0.082146    0.151088    0.329123    0.426159 ^ clkbuf_0_clk/X (sky130_fd_sc_hd__clkbuf_16)
                                                         clknet_0_clk (net)
                      0.151110    0.001851    0.428010 ^ clkbuf_3_6__f_clk/A (sky130_fd_sc_hd__clkbuf_16)
     8    0.022215    0.070185    0.261835    0.689845 ^ clkbuf_3_6__f_clk/X (sky130_fd_sc_hd__clkbuf_16)
                                                         clknet_3_6__leaf_clk (net)
                      0.070208    0.000661    0.690505 ^ _1587_/CLK (sky130_fd_sc_hd__dfxtp_2)
                                  0.250000    0.940505   clock uncertainty
                                  0.000000    0.940505   clock reconvergence pessimism
                                 -0.074349    0.866156   library hold time
                                              0.866156   data required time
---------------------------------------------------------------------------------------------
                                              0.866156   data required time
                                             -2.658693   data arrival time
---------------------------------------------------------------------------------------------
                                              1.792537   slack (MET)


Startpoint: _1630_ (rising edge-triggered flip-flop clocked by clk)
Endpoint: _1631_ (rising edge-triggered flip-flop clocked by clk)
Path Group: clk
Path Type: min

Fanout         Cap        Slew       Delay        Time   Description
---------------------------------------------------------------------------------------------
                                  0.000000    0.000000   clock clk (rise edge)
                                  0.000000    0.000000   clock source latency
     1    0.018955    0.142613    0.097036    0.097036 ^ clk (in)
                                                         clk (net)
                      0.142616    0.000000    0.097036 ^ clkbuf_0_clk/A (sky130_fd_sc_hd__clkbuf_16)
     8    0.082146    0.151088    0.329123    0.426159 ^ clkbuf_0_clk/X (sky130_fd_sc_hd__clkbuf_16)
                                                         clknet_0_clk (net)
                      0.151100    0.001504    0.427663 ^ clkbuf_3_2__f_clk/A (sky130_fd_sc_hd__clkbuf_16)
     8    0.022588    0.070673    0.262382    0.690045 ^ clkbuf_3_2__f_clk/X (sky130_fd_sc_hd__clkbuf_16)
                                                         clknet_3_2__leaf_clk (net)
                      0.070674    0.000483    0.690528 ^ _1630_/CLK (sky130_fd_sc_hd__dfxtp_2)
     4    0.012181    0.077031    0.637541    1.328069 v _1630_/Q (sky130_fd_sc_hd__dfxtp_2)
                                                         u_sync.lock_cnt[0] (net)
                      0.077031    0.000076    1.328145 v _1569_/A (sky130_fd_sc_hd__nand2_2)
     2    0.009426    0.093872    0.119339    1.447484 ^ _1569_/Y (sky130_fd_sc_hd__nand2_2)
                                                         _0785_ (net)
                      0.093872    0.000109    1.447593 ^ _1572_/A2 (sky130_fd_sc_hd__a2111oi_2)
     1    0.001686    0.048273    0.125674    1.573267 v _1572_/Y (sky130_fd_sc_hd__a2111oi_2)
                                                         _0058_ (net)
                      0.048273    0.000014    1.573280 v hold89/A (sky130_fd_sc_hd__dlygate4sd3_1)
     1    0.002463    0.103239    1.108388    2.681669 v hold89/X (sky130_fd_sc_hd__dlygate4sd3_1)
                                                         net89 (net)
                      0.103239    0.000028    2.681696 v _1631_/D (sky130_fd_sc_hd__dfxtp_2)
                                              2.681696   data arrival time

                                  0.000000    0.000000   clock clk (rise edge)
                                  0.000000    0.000000   clock source latency
     1    0.018955    0.142613    0.097036    0.097036 ^ clk (in)
                                                         clk (net)
                      0.142616    0.000000    0.097036 ^ clkbuf_0_clk/A (sky130_fd_sc_hd__clkbuf_16)
     8    0.082146    0.151088    0.329123    0.426159 ^ clkbuf_0_clk/X (sky130_fd_sc_hd__clkbuf_16)
                                                         clknet_0_clk (net)
                      0.151102    0.001574    0.427733 ^ clkbuf_3_3__f_clk/A (sky130_fd_sc_hd__clkbuf_16)
     8    0.028334    0.078119    0.270561    0.698295 ^ clkbuf_3_3__f_clk/X (sky130_fd_sc_hd__clkbuf_16)
                                                         clknet_3_3__leaf_clk (net)
                      0.078120    0.000418    0.698713 ^ _1631_/CLK (sky130_fd_sc_hd__dfxtp_2)
                                  0.250000    0.948713   clock uncertainty
                                  0.000000    0.948713   clock reconvergence pessimism
                                 -0.100542    0.848171   library hold time
                                              0.848171   data required time
---------------------------------------------------------------------------------------------
                                              0.848171   data required time
                                             -2.681696   data arrival time
---------------------------------------------------------------------------------------------
                                              1.833525   slack (MET)


Startpoint: _1600_ (rising edge-triggered flip-flop clocked by clk)
Endpoint: _1604_ (rising edge-triggered flip-flop clocked by clk)
Path Group: clk
Path Type: min

Fanout         Cap        Slew       Delay        Time   Description
---------------------------------------------------------------------------------------------
                                  0.000000    0.000000   clock clk (rise edge)
                                  0.000000    0.000000   clock source latency
     1    0.018955    0.142613    0.097036    0.097036 ^ clk (in)
                                                         clk (net)
                      0.142616    0.000000    0.097036 ^ clkbuf_0_clk/A (sky130_fd_sc_hd__clkbuf_16)
     8    0.082146    0.151088    0.329123    0.426159 ^ clkbuf_0_clk/X (sky130_fd_sc_hd__clkbuf_16)
                                                         clknet_0_clk (net)
                      0.151104    0.001663    0.427822 ^ clkbuf_3_0__f_clk/A (sky130_fd_sc_hd__clkbuf_16)
     8    0.021854    0.069735    0.261421    0.689243 ^ clkbuf_3_0__f_clk/X (sky130_fd_sc_hd__clkbuf_16)
                                                         clknet_3_0__leaf_clk (net)
                      0.069757    0.000131    0.689373 ^ _1600_/CLK (sky130_fd_sc_hd__dfxtp_2)
     3    0.010531    0.070318    0.630326    1.319699 v _1600_/Q (sky130_fd_sc_hd__dfxtp_2)
                                                         u_dp.acc_q[0] (net)
                      0.070318    0.000126    1.319825 v _1348_/A (sky130_fd_sc_hd__nand3_2)
     3    0.010674    0.108741    0.127714    1.447539 ^ _1348_/Y (sky130_fd_sc_hd__nand3_2)
                                                         _0618_ (net)
                      0.108741    0.000115    1.447654 ^ _1350_/A (sky130_fd_sc_hd__nor2_2)
     3    0.011496    0.067935    0.111199    1.558853 v _1350_/Y (sky130_fd_sc_hd__nor2_2)
                                                         _0620_ (net)
                      0.067935    0.000018    1.558871 v _1353_/A (sky130_fd_sc_hd__nand2_2)
     3    0.010114    0.099119    0.119121    1.677992 ^ _1353_/Y (sky130_fd_sc_hd__nand2_2)
                                                         _0623_ (net)
                      0.099119    0.000058    1.678049 ^ _1355_/B (sky130_fd_sc_hd__or3_2)
     3    0.010861    0.104371    0.243486    1.921535 ^ _1355_/X (sky130_fd_sc_hd__or3_2)
                                                         _0625_ (net)
                      0.104371    0.000104    1.921640 ^ _1487_/C (sky130_fd_sc_hd__nand3_2)
     1    0.003190    0.090138    0.156461    2.078100 v _1487_/Y (sky130_fd_sc_hd__nand3_2)
                                                         _0728_ (net)
                      0.090138    0.000036    2.078136 v _1488_/A3 (sky130_fd_sc_hd__a31o_2)
     1    0.003810    0.062629    0.452591    2.530727 v _1488_/X (sky130_fd_sc_hd__a31o_2)
                                                         _0729_ (net)
                      0.062629    0.000054    2.530781 v _1489_/C1 (sky130_fd_sc_hd__o211a_2)
     1    0.001970    0.039966    0.197000    2.727781 v _1489_/X (sky130_fd_sc_hd__o211a_2)
                                                         _0032_ (net)
                      0.039966    0.000010    2.727790 v _1604_/D (sky130_fd_sc_hd__dfxtp_2)
                                              2.727790   data arrival time

                                  0.000000    0.000000   clock clk (rise edge)
                                  0.000000    0.000000   clock source latency
     1    0.018955    0.142613    0.097036    0.097036 ^ clk (in)
                                                         clk (net)
                      0.142616    0.000000    0.097036 ^ clkbuf_0_clk/A (sky130_fd_sc_hd__clkbuf_16)
     8    0.082146    0.151088    0.329123    0.426159 ^ clkbuf_0_clk/X (sky130_fd_sc_hd__clkbuf_16)
                                                         clknet_0_clk (net)
                      0.151100    0.001504    0.427663 ^ clkbuf_3_2__f_clk/A (sky130_fd_sc_hd__clkbuf_16)
     8    0.022588    0.070673    0.262382    0.690045 ^ clkbuf_3_2__f_clk/X (sky130_fd_sc_hd__clkbuf_16)
                                                         clknet_3_2__leaf_clk (net)
                      0.070674    0.000143    0.690189 ^ _1604_/CLK (sky130_fd_sc_hd__dfxtp_2)
                                  0.250000    0.940189   clock uncertainty
                                  0.000000    0.940189   clock reconvergence pessimism
                                 -0.078937    0.861252   library hold time
                                              0.861252   data required time
---------------------------------------------------------------------------------------------
                                              0.861252   data required time
                                             -2.727790   data arrival time
---------------------------------------------------------------------------------------------
                                              1.866538   slack (MET)


Startpoint: _1628_ (rising edge-triggered flip-flop clocked by clk)
Endpoint: _1629_ (rising edge-triggered flip-flop clocked by clk)
Path Group: clk
Path Type: min

Fanout         Cap        Slew       Delay        Time   Description
---------------------------------------------------------------------------------------------
                                  0.000000    0.000000   clock clk (rise edge)
                                  0.000000    0.000000   clock source latency
     1    0.018955    0.142613    0.097036    0.097036 ^ clk (in)
                                                         clk (net)
                      0.142616    0.000000    0.097036 ^ clkbuf_0_clk/A (sky130_fd_sc_hd__clkbuf_16)
     8    0.082146    0.151088    0.329123    0.426159 ^ clkbuf_0_clk/X (sky130_fd_sc_hd__clkbuf_16)
                                                         clknet_0_clk (net)
                      0.151100    0.001504    0.427663 ^ clkbuf_3_2__f_clk/A (sky130_fd_sc_hd__clkbuf_16)
     8    0.022588    0.070673    0.262382    0.690045 ^ clkbuf_3_2__f_clk/X (sky130_fd_sc_hd__clkbuf_16)
                                                         clknet_3_2__leaf_clk (net)
                      0.070675    0.000684    0.690730 ^ _1628_/CLK (sky130_fd_sc_hd__dfxtp_2)
     1    0.002523    0.051100    0.631777    1.322507 ^ _1628_/Q (sky130_fd_sc_hd__dfxtp_2)
                                                         u_sync.seen_reset[1] (net)
                      0.051100    0.000029    1.322535 ^ _1566_/B (sky130_fd_sc_hd__and2b_2)
     1    0.004505    0.074855    0.270104    1.592639 ^ _1566_/X (sky130_fd_sc_hd__and2b_2)
                                                         _0783_ (net)
                      0.074855    0.000074    1.592714 ^ _1567_/A2 (sky130_fd_sc_hd__o21a_2)
     1    0.002128    0.049281    0.212796    1.805510 ^ _1567_/X (sky130_fd_sc_hd__o21a_2)
                                                         _0056_ (net)
                      0.049281    0.000020    1.805529 ^ hold86/A (sky130_fd_sc_hd__dlygate4sd3_1)
     1    0.001860    0.082625    1.017349    2.822878 ^ hold86/X (sky130_fd_sc_hd__dlygate4sd3_1)
                                                         net86 (net)
                      0.082625    0.000016    2.822894 ^ _1629_/D (sky130_fd_sc_hd__dfxtp_2)
                                              2.822894   data arrival time

                                  0.000000    0.000000   clock clk (rise edge)
                                  0.000000    0.000000   clock source latency
     1    0.018955    0.142613    0.097036    0.097036 ^ clk (in)
                                                         clk (net)
                      0.142616    0.000000    0.097036 ^ clkbuf_0_clk/A (sky130_fd_sc_hd__clkbuf_16)
     8    0.082146    0.151088    0.329123    0.426159 ^ clkbuf_0_clk/X (sky130_fd_sc_hd__clkbuf_16)
                                                         clknet_0_clk (net)
                      0.151100    0.001504    0.427663 ^ clkbuf_3_2__f_clk/A (sky130_fd_sc_hd__clkbuf_16)
     8    0.022588    0.070673    0.262382    0.690045 ^ clkbuf_3_2__f_clk/X (sky130_fd_sc_hd__clkbuf_16)
                                                         clknet_3_2__leaf_clk (net)
                      0.070675    0.000697    0.690742 ^ _1629_/CLK (sky130_fd_sc_hd__dfxtp_2)
                                  0.250000    0.940742   clock uncertainty
                                  0.000000    0.940742   clock reconvergence pessimism
                                 -0.074745    0.865997   library hold time
                                              0.865997   data required time
---------------------------------------------------------------------------------------------
                                              0.865997   data required time
                                             -2.822894   data arrival time
---------------------------------------------------------------------------------------------
                                              1.956897   slack (MET)


Startpoint: _1635_ (rising edge-triggered flip-flop clocked by clk)
Endpoint: _1574_ (rising edge-triggered flip-flop clocked by clk)
Path Group: clk
Path Type: min

Fanout         Cap        Slew       Delay        Time   Description
---------------------------------------------------------------------------------------------
                                  0.000000    0.000000   clock clk (rise edge)
                                  0.000000    0.000000   clock source latency
     1    0.018955    0.142613    0.097036    0.097036 ^ clk (in)
                                                         clk (net)
                      0.142616    0.000000    0.097036 ^ clkbuf_0_clk/A (sky130_fd_sc_hd__clkbuf_16)
     8    0.082146    0.151088    0.329123    0.426159 ^ clkbuf_0_clk/X (sky130_fd_sc_hd__clkbuf_16)
                                                         clknet_0_clk (net)
                      0.151110    0.001851    0.428010 ^ clkbuf_3_6__f_clk/A (sky130_fd_sc_hd__clkbuf_16)
     8    0.022215    0.070185    0.261835    0.689845 ^ clkbuf_3_6__f_clk/X (sky130_fd_sc_hd__clkbuf_16)
                                                         clknet_3_6__leaf_clk (net)
                      0.070207    0.000552    0.690396 ^ _1635_/CLK (sky130_fd_sc_hd__dfxtp_2)
     1    0.003902    0.059071    0.642206    1.332602 ^ _1635_/Q (sky130_fd_sc_hd__dfxtp_2)
                                                         u_rst_sync.rst_ff2 (net)
                      0.059071    0.000059    1.332661 ^ fanout42/A (sky130_fd_sc_hd__clkdlybuf4s25_1)
    10    0.050821    0.810730    0.987422    2.320082 ^ fanout42/X (sky130_fd_sc_hd__clkdlybuf4s25_1)
                                                         net42 (net)
                      0.810738    0.003799    2.323881 ^ _0803_/A (sky130_fd_sc_hd__and2_2)
     1    0.001809    0.068949    0.513402    2.837283 ^ _0803_/X (sky130_fd_sc_hd__and2_2)
                                                         _0002_ (net)
                      0.068949    0.000008    2.837291 ^ _1574_/D (sky130_fd_sc_hd__dfxtp_2)
                                              2.837291   data arrival time

                                  0.000000    0.000000   clock clk (rise edge)
                                  0.000000    0.000000   clock source latency
     1    0.018955    0.142613    0.097036    0.097036 ^ clk (in)
                                                         clk (net)
                      0.142616    0.000000    0.097036 ^ clkbuf_0_clk/A (sky130_fd_sc_hd__clkbuf_16)
     8    0.082146    0.151088    0.329123    0.426159 ^ clkbuf_0_clk/X (sky130_fd_sc_hd__clkbuf_16)
                                                         clknet_0_clk (net)
                      0.151102    0.001574    0.427733 ^ clkbuf_3_3__f_clk/A (sky130_fd_sc_hd__clkbuf_16)
     8    0.028334    0.078119    0.270561    0.698295 ^ clkbuf_3_3__f_clk/X (sky130_fd_sc_hd__clkbuf_16)
                                                         clknet_3_3__leaf_clk (net)
                      0.078120    0.000430    0.698725 ^ _1574_/CLK (sky130_fd_sc_hd__dfxtp_2)
                                  0.250000    0.948725   clock uncertainty
                                  0.000000    0.948725   clock reconvergence pessimism
                                 -0.070400    0.878325   library hold time
                                              0.878325   data required time
---------------------------------------------------------------------------------------------
                                              0.878325   data required time
                                             -2.837291   data arrival time
---------------------------------------------------------------------------------------------
                                              1.958967   slack (MET)


Startpoint: _1575_ (rising edge-triggered flip-flop clocked by clk)
Endpoint: _1575_ (rising edge-triggered flip-flop clocked by clk)
Path Group: clk
Path Type: min

Fanout         Cap        Slew       Delay        Time   Description
---------------------------------------------------------------------------------------------
                                  0.000000    0.000000   clock clk (rise edge)
                                  0.000000    0.000000   clock source latency
     1    0.018955    0.142613    0.097036    0.097036 ^ clk (in)
                                                         clk (net)
                      0.142616    0.000000    0.097036 ^ clkbuf_0_clk/A (sky130_fd_sc_hd__clkbuf_16)
     8    0.082146    0.151088    0.329123    0.426159 ^ clkbuf_0_clk/X (sky130_fd_sc_hd__clkbuf_16)
                                                         clknet_0_clk (net)
                      0.151103    0.001637    0.427796 ^ clkbuf_3_1__f_clk/A (sky130_fd_sc_hd__clkbuf_16)
     8    0.021473    0.069260    0.260921    0.688717 ^ clkbuf_3_1__f_clk/X (sky130_fd_sc_hd__clkbuf_16)
                                                         clknet_3_1__leaf_clk (net)
                      0.069260    0.000182    0.688898 ^ _1575_/CLK (sky130_fd_sc_hd__dfxtp_2)
     2    0.011648    0.114228    0.690936    1.379835 ^ _1575_/Q (sky130_fd_sc_hd__dfxtp_2)
                                                         ovf (net)
                      0.114228    0.000014    1.379849 ^ hold95/A (sky130_fd_sc_hd__dlygate4sd3_1)
     1    0.003032    0.099024    1.062232    2.442080 ^ hold95/X (sky130_fd_sc_hd__dlygate4sd3_1)
                                                         net95 (net)
                      0.099024    0.000028    2.442109 ^ _1410_/B1 (sky130_fd_sc_hd__a21o_2)
     1    0.003057    0.046612    0.160316    2.602425 ^ _1410_/X (sky130_fd_sc_hd__a21o_2)
                                                         _0680_ (net)
                      0.046612    0.000042    2.602467 ^ _1411_/B (sky130_fd_sc_hd__and2_2)
     1    0.001867    0.061216    0.240799    2.843266 ^ _1411_/X (sky130_fd_sc_hd__and2_2)
                                                         _0003_ (net)
                      0.061216    0.000009    2.843274 ^ _1575_/D (sky130_fd_sc_hd__dfxtp_2)
                                              2.843274   data arrival time

                                  0.000000    0.000000   clock clk (rise edge)
                                  0.000000    0.000000   clock source latency
     1    0.018955    0.142613    0.097036    0.097036 ^ clk (in)
                                                         clk (net)
                      0.142616    0.000000    0.097036 ^ clkbuf_0_clk/A (sky130_fd_sc_hd__clkbuf_16)
     8    0.082146    0.151088    0.329123    0.426159 ^ clkbuf_0_clk/X (sky130_fd_sc_hd__clkbuf_16)
                                                         clknet_0_clk (net)
                      0.151103    0.001637    0.427796 ^ clkbuf_3_1__f_clk/A (sky130_fd_sc_hd__clkbuf_16)
     8    0.021473    0.069260    0.260921    0.688717 ^ clkbuf_3_1__f_clk/X (sky130_fd_sc_hd__clkbuf_16)
                                                         clknet_3_1__leaf_clk (net)
                      0.069260    0.000182    0.688898 ^ _1575_/CLK (sky130_fd_sc_hd__dfxtp_2)
                                  0.250000    0.938898   clock uncertainty
                                  0.000000    0.938898   clock reconvergence pessimism
                                 -0.070020    0.868879   library hold time
                                              0.868879   data required time
---------------------------------------------------------------------------------------------
                                              0.868879   data required time
                                             -2.843274   data arrival time
---------------------------------------------------------------------------------------------
                                              1.974396   slack (MET)


Startpoint: _1610_ (rising edge-triggered flip-flop clocked by clk)
Endpoint: _1610_ (rising edge-triggered flip-flop clocked by clk)
Path Group: clk
Path Type: min

Fanout         Cap        Slew       Delay        Time   Description
---------------------------------------------------------------------------------------------
                                  0.000000    0.000000   clock clk (rise edge)
                                  0.000000    0.000000   clock source latency
     1    0.018955    0.142613    0.097036    0.097036 ^ clk (in)
                                                         clk (net)
                      0.142616    0.000000    0.097036 ^ clkbuf_0_clk/A (sky130_fd_sc_hd__clkbuf_16)
     8    0.082146    0.151088    0.329123    0.426159 ^ clkbuf_0_clk/X (sky130_fd_sc_hd__clkbuf_16)
                                                         clknet_0_clk (net)
                      0.151103    0.001637    0.427796 ^ clkbuf_3_1__f_clk/A (sky130_fd_sc_hd__clkbuf_16)
     8    0.021473    0.069260    0.260921    0.688717 ^ clkbuf_3_1__f_clk/X (sky130_fd_sc_hd__clkbuf_16)
                                                         clknet_3_1__leaf_clk (net)
                      0.069260    0.000125    0.688841 ^ _1610_/CLK (sky130_fd_sc_hd__dfxtp_2)
     5    0.020440    0.177397    0.742601    1.431443 ^ _1610_/Q (sky130_fd_sc_hd__dfxtp_2)
                                                         u_dp.acc_q[10] (net)
                      0.177397    0.000172    1.431614 ^ hold100/A (sky130_fd_sc_hd__dlygate4sd3_1)
     1    0.003639    0.107492    1.096452    2.528067 ^ hold100/X (sky130_fd_sc_hd__dlygate4sd3_1)
                                                         net100 (net)
                      0.107492    0.000033    2.528099 ^ _1511_/A1 (sky130_fd_sc_hd__o211a_2)
     1    0.002032    0.071841    0.377783    2.905882 ^ _1511_/X (sky130_fd_sc_hd__o211a_2)
                                                         _0038_ (net)
                      0.071841    0.000019    2.905901 ^ _1610_/D (sky130_fd_sc_hd__dfxtp_2)
                                              2.905901   data arrival time

                                  0.000000    0.000000   clock clk (rise edge)
                                  0.000000    0.000000   clock source latency
     1    0.018955    0.142613    0.097036    0.097036 ^ clk (in)
                                                         clk (net)
                      0.142616    0.000000    0.097036 ^ clkbuf_0_clk/A (sky130_fd_sc_hd__clkbuf_16)
     8    0.082146    0.151088    0.329123    0.426159 ^ clkbuf_0_clk/X (sky130_fd_sc_hd__clkbuf_16)
                                                         clknet_0_clk (net)
                      0.151103    0.001637    0.427796 ^ clkbuf_3_1__f_clk/A (sky130_fd_sc_hd__clkbuf_16)
     8    0.021473    0.069260    0.260921    0.688717 ^ clkbuf_3_1__f_clk/X (sky130_fd_sc_hd__clkbuf_16)
                                                         clknet_3_1__leaf_clk (net)
                      0.069260    0.000125    0.688841 ^ _1610_/CLK (sky130_fd_sc_hd__dfxtp_2)
                                  0.250000    0.938841   clock uncertainty
                                  0.000000    0.938841   clock reconvergence pessimism
                                 -0.072477    0.866365   library hold time
                                              0.866365   data required time
---------------------------------------------------------------------------------------------
                                              0.866365   data required time
                                             -2.905901   data arrival time
---------------------------------------------------------------------------------------------
                                              2.039536   slack (MET)


Startpoint: _1605_ (rising edge-triggered flip-flop clocked by clk)
Endpoint: _1605_ (rising edge-triggered flip-flop clocked by clk)
Path Group: clk
Path Type: min

Fanout         Cap        Slew       Delay        Time   Description
---------------------------------------------------------------------------------------------
                                  0.000000    0.000000   clock clk (rise edge)
                                  0.000000    0.000000   clock source latency
     1    0.018955    0.142613    0.097036    0.097036 ^ clk (in)
                                                         clk (net)
                      0.142616    0.000000    0.097036 ^ clkbuf_0_clk/A (sky130_fd_sc_hd__clkbuf_16)
     8    0.082146    0.151088    0.329123    0.426159 ^ clkbuf_0_clk/X (sky130_fd_sc_hd__clkbuf_16)
                                                         clknet_0_clk (net)
                      0.151102    0.001574    0.427733 ^ clkbuf_3_3__f_clk/A (sky130_fd_sc_hd__clkbuf_16)
     8    0.028334    0.078119    0.270561    0.698295 ^ clkbuf_3_3__f_clk/X (sky130_fd_sc_hd__clkbuf_16)
                                                         clknet_3_3__leaf_clk (net)
                      0.078119    0.000260    0.698555 ^ _1605_/CLK (sky130_fd_sc_hd__dfxtp_2)
     4    0.013661    0.128897    0.707212    1.405767 ^ _1605_/Q (sky130_fd_sc_hd__dfxtp_2)
                                                         u_dp.acc_q[5] (net)
                      0.128897    0.000114    1.405881 ^ hold91/A (sky130_fd_sc_hd__dlygate4sd3_1)
     2    0.010176    0.191815    1.158293    2.564174 ^ hold91/X (sky130_fd_sc_hd__dlygate4sd3_1)
                                                         net91 (net)
                      0.191815    0.000158    2.564332 ^ _1493_/A1 (sky130_fd_sc_hd__o211a_2)
     1    0.002169    0.072896    0.407976    2.972308 ^ _1493_/X (sky130_fd_sc_hd__o211a_2)
                                                         _0033_ (net)
                      0.072896    0.000022    2.972330 ^ _1605_/D (sky130_fd_sc_hd__dfxtp_2)
                                              2.972330   data arrival time

                                  0.000000    0.000000   clock clk (rise edge)
                                  0.000000    0.000000   clock source latency
     1    0.018955    0.142613    0.097036    0.097036 ^ clk (in)
                                                         clk (net)
                      0.142616    0.000000    0.097036 ^ clkbuf_0_clk/A (sky130_fd_sc_hd__clkbuf_16)
     8    0.082146    0.151088    0.329123    0.426159 ^ clkbuf_0_clk/X (sky130_fd_sc_hd__clkbuf_16)
                                                         clknet_0_clk (net)
                      0.151102    0.001574    0.427733 ^ clkbuf_3_3__f_clk/A (sky130_fd_sc_hd__clkbuf_16)
     8    0.028334    0.078119    0.270561    0.698295 ^ clkbuf_3_3__f_clk/X (sky130_fd_sc_hd__clkbuf_16)
                                                         clknet_3_3__leaf_clk (net)
                      0.078119    0.000260    0.698555 ^ _1605_/CLK (sky130_fd_sc_hd__dfxtp_2)
                                  0.250000    0.948555   clock uncertainty
                                  0.000000    0.948555   clock reconvergence pessimism
                                 -0.071313    0.877242   library hold time
                                              0.877242   data required time
---------------------------------------------------------------------------------------------
                                              0.877242   data required time
                                             -2.972330   data arrival time
---------------------------------------------------------------------------------------------
                                              2.095088   slack (MET)


Startpoint: _1635_ (rising edge-triggered flip-flop clocked by clk)
Endpoint: _1624_ (rising edge-triggered flip-flop clocked by clk)
Path Group: clk
Path Type: min

Fanout         Cap        Slew       Delay        Time   Description
---------------------------------------------------------------------------------------------
                                  0.000000    0.000000   clock clk (rise edge)
                                  0.000000    0.000000   clock source latency
     1    0.018955    0.142613    0.097036    0.097036 ^ clk (in)
                                                         clk (net)
                      0.142616    0.000000    0.097036 ^ clkbuf_0_clk/A (sky130_fd_sc_hd__clkbuf_16)
     8    0.082146    0.151088    0.329123    0.426159 ^ clkbuf_0_clk/X (sky130_fd_sc_hd__clkbuf_16)
                                                         clknet_0_clk (net)
                      0.151110    0.001851    0.428010 ^ clkbuf_3_6__f_clk/A (sky130_fd_sc_hd__clkbuf_16)
     8    0.022215    0.070185    0.261835    0.689845 ^ clkbuf_3_6__f_clk/X (sky130_fd_sc_hd__clkbuf_16)
                                                         clknet_3_6__leaf_clk (net)
                      0.070207    0.000552    0.690396 ^ _1635_/CLK (sky130_fd_sc_hd__dfxtp_2)
     1    0.003725    0.042780    0.599483    1.289880 v _1635_/Q (sky130_fd_sc_hd__dfxtp_2)
                                                         u_rst_sync.rst_ff2 (net)
                      0.042780    0.000056    1.289935 v fanout42/A (sky130_fd_sc_hd__clkdlybuf4s25_1)
    10    0.049743    0.663587    0.899636    2.189571 v fanout42/X (sky130_fd_sc_hd__clkdlybuf4s25_1)
                                                         net42 (net)
                      0.663587    0.001217    2.190788 v fanout41/A (sky130_fd_sc_hd__clkdlybuf4s25_1)
     9    0.032053    0.436944    0.963073    3.153861 v fanout41/X (sky130_fd_sc_hd__clkdlybuf4s25_1)
                                                         net41 (net)
                      0.436944    0.000732    3.154593 v _1562_/A (sky130_fd_sc_hd__and2_2)
     1    0.014971    0.118463    0.596940    3.751534 v _1562_/X (sky130_fd_sc_hd__and2_2)
                                                         _0052_ (net)
                      0.118465    0.000739    3.752273 v _1624_/D (sky130_fd_sc_hd__dfxtp_2)
                                              3.752273   data arrival time

                                  0.000000    0.000000   clock clk (rise edge)
                                  0.000000    0.000000   clock source latency
     1    0.018955    0.142613    0.097036    0.097036 ^ clk (in)
                                                         clk (net)
                      0.142616    0.000000    0.097036 ^ clkbuf_0_clk/A (sky130_fd_sc_hd__clkbuf_16)
     8    0.082146    0.151088    0.329123    0.426159 ^ clkbuf_0_clk/X (sky130_fd_sc_hd__clkbuf_16)
                                                         clknet_0_clk (net)
                      0.151102    0.001574    0.427733 ^ clkbuf_3_3__f_clk/A (sky130_fd_sc_hd__clkbuf_16)
     8    0.028334    0.078119    0.270561    0.698295 ^ clkbuf_3_3__f_clk/X (sky130_fd_sc_hd__clkbuf_16)
                                                         clknet_3_3__leaf_clk (net)
                      0.078122    0.000563    0.698858 ^ _1624_/CLK (sky130_fd_sc_hd__dfxtp_2)
                                  0.250000    0.948858   clock uncertainty
                                  0.000000    0.948858   clock reconvergence pessimism
                                 -0.106164    0.842694   library hold time
                                              0.842694   data required time
---------------------------------------------------------------------------------------------
                                              0.842694   data required time
                                             -3.752273   data arrival time
---------------------------------------------------------------------------------------------
                                              2.909579   slack (MET)


Startpoint: rst_n (input port clocked by clk)
Endpoint: _1636_ (rising edge-triggered flip-flop clocked by clk)
Path Group: clk
Path Type: min

Fanout         Cap        Slew       Delay        Time   Description
---------------------------------------------------------------------------------------------
                                  0.000000    0.000000   clock clk (rise edge)
                                  0.000000    0.000000   clock network delay (propagated)
                                  4.000000    4.000000 v input external delay
     1    0.005529    0.029198    0.017810    4.017810 v rst_n (in)
                                                         rst_n (net)
                      0.029198    0.000000    4.017810 v input1/A (sky130_fd_sc_hd__clkdlybuf4s25_1)
     1    0.003392    0.081591    0.444234    4.462044 v input1/X (sky130_fd_sc_hd__clkdlybuf4s25_1)
                                                         net1 (net)
                      0.081591    0.000052    4.462095 v _1636_/D (sky130_fd_sc_hd__dfxtp_2)
                                              4.462095   data arrival time

                                  0.000000    0.000000   clock clk (rise edge)
                                  0.000000    0.000000   clock source latency
     1    0.018955    0.142613    0.097036    0.097036 ^ clk (in)
                                                         clk (net)
                      0.142616    0.000000    0.097036 ^ clkbuf_0_clk/A (sky130_fd_sc_hd__clkbuf_16)
     8    0.082146    0.151088    0.329123    0.426159 ^ clkbuf_0_clk/X (sky130_fd_sc_hd__clkbuf_16)
                                                         clknet_0_clk (net)
                      0.151110    0.001860    0.428019 ^ clkbuf_3_7__f_clk/A (sky130_fd_sc_hd__clkbuf_16)
     8    0.025222    0.074015    0.266032    0.694051 ^ clkbuf_3_7__f_clk/X (sky130_fd_sc_hd__clkbuf_16)
                                                         clknet_3_7__leaf_clk (net)
                      0.074029    0.000885    0.694936 ^ _1636_/CLK (sky130_fd_sc_hd__dfxtp_2)
                                  0.250000    0.944936   clock uncertainty
                                  0.000000    0.944936   clock reconvergence pessimism
                                 -0.093514    0.851422   library hold time
                                              0.851422   data required time
---------------------------------------------------------------------------------------------
                                              0.851422   data required time
                                             -4.462095   data arrival time
---------------------------------------------------------------------------------------------
                                              3.610673   slack (MET)


Startpoint: _1579_ (rising edge-triggered flip-flop clocked by clk)
Endpoint: uo_out[3] (output port clocked by clk)
Path Group: clk
Path Type: min

Fanout         Cap        Slew       Delay        Time   Description
---------------------------------------------------------------------------------------------
                                  0.000000    0.000000   clock clk (rise edge)
                                  0.000000    0.000000   clock source latency
     1    0.018955    0.142613    0.097036    0.097036 ^ clk (in)
                                                         clk (net)
                      0.142616    0.000000    0.097036 ^ clkbuf_0_clk/A (sky130_fd_sc_hd__clkbuf_16)
     8    0.082146    0.151088    0.329123    0.426159 ^ clkbuf_0_clk/X (sky130_fd_sc_hd__clkbuf_16)
                                                         clknet_0_clk (net)
                      0.151104    0.001657    0.427816 ^ clkbuf_3_5__f_clk/A (sky130_fd_sc_hd__clkbuf_16)
     8    0.026810    0.076083    0.268488    0.696305 ^ clkbuf_3_5__f_clk/X (sky130_fd_sc_hd__clkbuf_16)
                                                         clknet_3_5__leaf_clk (net)
                      0.076084    0.000314    0.696619 ^ _1579_/CLK (sky130_fd_sc_hd__dfxtp_2)
     1    0.034588    0.162899    0.716330    1.412948 v _1579_/Q (sky130_fd_sc_hd__dfxtp_2)
                                                         uo_out[3] (net)
                      0.162899    0.000207    1.413155 v uo_out[3] (out)
                                              1.413155   data arrival time

                                  0.000000    0.000000   clock clk (rise edge)
                                  0.000000    0.000000   clock network delay (propagated)
                                  0.250000    0.250000   clock uncertainty
                                  0.000000    0.250000   clock reconvergence pessimism
                                 -4.000000   -3.750000   output external delay
                                             -3.750000   data required time
---------------------------------------------------------------------------------------------
                                             -3.750000   data required time
                                             -1.413155   data arrival time
---------------------------------------------------------------------------------------------
                                              5.163155   slack (MET)


Startpoint: _1583_ (rising edge-triggered flip-flop clocked by clk)
Endpoint: uo_out[7] (output port clocked by clk)
Path Group: clk
Path Type: min

Fanout         Cap        Slew       Delay        Time   Description
---------------------------------------------------------------------------------------------
                                  0.000000    0.000000   clock clk (rise edge)
                                  0.000000    0.000000   clock source latency
     1    0.018955    0.142613    0.097036    0.097036 ^ clk (in)
                                                         clk (net)
                      0.142616    0.000000    0.097036 ^ clkbuf_0_clk/A (sky130_fd_sc_hd__clkbuf_16)
     8    0.082146    0.151088    0.329123    0.426159 ^ clkbuf_0_clk/X (sky130_fd_sc_hd__clkbuf_16)
                                                         clknet_0_clk (net)
                      0.151104    0.001657    0.427816 ^ clkbuf_3_5__f_clk/A (sky130_fd_sc_hd__clkbuf_16)
     8    0.026810    0.076083    0.268488    0.696305 ^ clkbuf_3_5__f_clk/X (sky130_fd_sc_hd__clkbuf_16)
                                                         clknet_3_5__leaf_clk (net)
                      0.076084    0.000306    0.696611 ^ _1583_/CLK (sky130_fd_sc_hd__dfxtp_2)
     1    0.035112    0.165001    0.717926    1.414536 v _1583_/Q (sky130_fd_sc_hd__dfxtp_2)
                                                         uo_out[7] (net)
                      0.165001    0.000298    1.414834 v uo_out[7] (out)
                                              1.414834   data arrival time

                                  0.000000    0.000000   clock clk (rise edge)
                                  0.000000    0.000000   clock network delay (propagated)
                                  0.250000    0.250000   clock uncertainty
                                  0.000000    0.250000   clock reconvergence pessimism
                                 -4.000000   -3.750000   output external delay
                                             -3.750000   data required time
---------------------------------------------------------------------------------------------
                                             -3.750000   data required time
                                             -1.414834   data arrival time
---------------------------------------------------------------------------------------------
                                              5.164834   slack (MET)


Startpoint: _1576_ (rising edge-triggered flip-flop clocked by clk)
Endpoint: uo_out[0] (output port clocked by clk)
Path Group: clk
Path Type: min

Fanout         Cap        Slew       Delay        Time   Description
---------------------------------------------------------------------------------------------
                                  0.000000    0.000000   clock clk (rise edge)
                                  0.000000    0.000000   clock source latency
     1    0.018955    0.142613    0.097036    0.097036 ^ clk (in)
                                                         clk (net)
                      0.142616    0.000000    0.097036 ^ clkbuf_0_clk/A (sky130_fd_sc_hd__clkbuf_16)
     8    0.082146    0.151088    0.329123    0.426159 ^ clkbuf_0_clk/X (sky130_fd_sc_hd__clkbuf_16)
                                                         clknet_0_clk (net)
                      0.151104    0.001657    0.427816 ^ clkbuf_3_5__f_clk/A (sky130_fd_sc_hd__clkbuf_16)
     8    0.026810    0.076083    0.268488    0.696305 ^ clkbuf_3_5__f_clk/X (sky130_fd_sc_hd__clkbuf_16)
                                                         clknet_3_5__leaf_clk (net)
                      0.076084    0.000315    0.696620 ^ _1576_/CLK (sky130_fd_sc_hd__dfxtp_2)
     1    0.035319    0.165807    0.718606    1.415226 v _1576_/Q (sky130_fd_sc_hd__dfxtp_2)
                                                         uo_out[0] (net)
                      0.165807    0.000263    1.415489 v uo_out[0] (out)
                                              1.415489   data arrival time

                                  0.000000    0.000000   clock clk (rise edge)
                                  0.000000    0.000000   clock network delay (propagated)
                                  0.250000    0.250000   clock uncertainty
                                  0.000000    0.250000   clock reconvergence pessimism
                                 -4.000000   -3.750000   output external delay
                                             -3.750000   data required time
---------------------------------------------------------------------------------------------
                                             -3.750000   data required time
                                             -1.415489   data arrival time
---------------------------------------------------------------------------------------------
                                              5.165490   slack (MET)


Startpoint: _1582_ (rising edge-triggered flip-flop clocked by clk)
Endpoint: uo_out[6] (output port clocked by clk)
Path Group: clk
Path Type: min

Fanout         Cap        Slew       Delay        Time   Description
---------------------------------------------------------------------------------------------
                                  0.000000    0.000000   clock clk (rise edge)
                                  0.000000    0.000000   clock source latency
     1    0.018955    0.142613    0.097036    0.097036 ^ clk (in)
                                                         clk (net)
                      0.142616    0.000000    0.097036 ^ clkbuf_0_clk/A (sky130_fd_sc_hd__clkbuf_16)
     8    0.082146    0.151088    0.329123    0.426159 ^ clkbuf_0_clk/X (sky130_fd_sc_hd__clkbuf_16)
                                                         clknet_0_clk (net)
                      0.151102    0.001574    0.427733 ^ clkbuf_3_3__f_clk/A (sky130_fd_sc_hd__clkbuf_16)
     8    0.028334    0.078119    0.270561    0.698295 ^ clkbuf_3_3__f_clk/X (sky130_fd_sc_hd__clkbuf_16)
                                                         clknet_3_3__leaf_clk (net)
                      0.078121    0.000505    0.698799 ^ _1582_/CLK (sky130_fd_sc_hd__dfxtp_2)
     1    0.035342    0.165887    0.719613    1.418412 v _1582_/Q (sky130_fd_sc_hd__dfxtp_2)
                                                         uo_out[6] (net)
                      0.165887    0.000255    1.418667 v uo_out[6] (out)
                                              1.418667   data arrival time

                                  0.000000    0.000000   clock clk (rise edge)
                                  0.000000    0.000000   clock network delay (propagated)
                                  0.250000    0.250000   clock uncertainty
                                  0.000000    0.250000   clock reconvergence pessimism
                                 -4.000000   -3.750000   output external delay
                                             -3.750000   data required time
---------------------------------------------------------------------------------------------
                                             -3.750000   data required time
                                             -1.418667   data arrival time
---------------------------------------------------------------------------------------------
                                              5.168667   slack (MET)


Startpoint: _1577_ (rising edge-triggered flip-flop clocked by clk)
Endpoint: uo_out[1] (output port clocked by clk)
Path Group: clk
Path Type: min

Fanout         Cap        Slew       Delay        Time   Description
---------------------------------------------------------------------------------------------
                                  0.000000    0.000000   clock clk (rise edge)
                                  0.000000    0.000000   clock source latency
     1    0.018955    0.142613    0.097036    0.097036 ^ clk (in)
                                                         clk (net)
                      0.142616    0.000000    0.097036 ^ clkbuf_0_clk/A (sky130_fd_sc_hd__clkbuf_16)
     8    0.082146    0.151088    0.329123    0.426159 ^ clkbuf_0_clk/X (sky130_fd_sc_hd__clkbuf_16)
                                                         clknet_0_clk (net)
                      0.151092    0.001093    0.427252 ^ clkbuf_3_4__f_clk/A (sky130_fd_sc_hd__clkbuf_16)
     8    0.029186    0.079270    0.271725    0.698977 ^ clkbuf_3_4__f_clk/X (sky130_fd_sc_hd__clkbuf_16)
                                                         clknet_3_4__leaf_clk (net)
                      0.079277    0.000753    0.699730 ^ _1577_/CLK (sky130_fd_sc_hd__dfxtp_2)
     1    0.035196    0.165331    0.719617    1.419347 v _1577_/Q (sky130_fd_sc_hd__dfxtp_2)
                                                         uo_out[1] (net)
                      0.165331    0.000337    1.419684 v uo_out[1] (out)
                                              1.419684   data arrival time

                                  0.000000    0.000000   clock clk (rise edge)
                                  0.000000    0.000000   clock network delay (propagated)
                                  0.250000    0.250000   clock uncertainty
                                  0.000000    0.250000   clock reconvergence pessimism
                                 -4.000000   -3.750000   output external delay
                                             -3.750000   data required time
---------------------------------------------------------------------------------------------
                                             -3.750000   data required time
                                             -1.419684   data arrival time
---------------------------------------------------------------------------------------------
                                              5.169684   slack (MET)


Startpoint: _1581_ (rising edge-triggered flip-flop clocked by clk)
Endpoint: uo_out[5] (output port clocked by clk)
Path Group: clk
Path Type: min

Fanout         Cap        Slew       Delay        Time   Description
---------------------------------------------------------------------------------------------
                                  0.000000    0.000000   clock clk (rise edge)
                                  0.000000    0.000000   clock source latency
     1    0.018955    0.142613    0.097036    0.097036 ^ clk (in)
                                                         clk (net)
                      0.142616    0.000000    0.097036 ^ clkbuf_0_clk/A (sky130_fd_sc_hd__clkbuf_16)
     8    0.082146    0.151088    0.329123    0.426159 ^ clkbuf_0_clk/X (sky130_fd_sc_hd__clkbuf_16)
                                                         clknet_0_clk (net)
                      0.151092    0.001093    0.427252 ^ clkbuf_3_4__f_clk/A (sky130_fd_sc_hd__clkbuf_16)
     8    0.029186    0.079270    0.271725    0.698977 ^ clkbuf_3_4__f_clk/X (sky130_fd_sc_hd__clkbuf_16)
                                                         clknet_3_4__leaf_clk (net)
                      0.079276    0.000722    0.699699 ^ _1581_/CLK (sky130_fd_sc_hd__dfxtp_2)
     1    0.035447    0.166292    0.720477    1.420176 v _1581_/Q (sky130_fd_sc_hd__dfxtp_2)
                                                         uo_out[5] (net)
                      0.166292    0.000245    1.420421 v uo_out[5] (out)
                                              1.420421   data arrival time

                                  0.000000    0.000000   clock clk (rise edge)
                                  0.000000    0.000000   clock network delay (propagated)
                                  0.250000    0.250000   clock uncertainty
                                  0.000000    0.250000   clock reconvergence pessimism
                                 -4.000000   -3.750000   output external delay
                                             -3.750000   data required time
---------------------------------------------------------------------------------------------
                                             -3.750000   data required time
                                             -1.420421   data arrival time
---------------------------------------------------------------------------------------------
                                              5.170421   slack (MET)


Startpoint: _1578_ (rising edge-triggered flip-flop clocked by clk)
Endpoint: uo_out[2] (output port clocked by clk)
Path Group: clk
Path Type: min

Fanout         Cap        Slew       Delay        Time   Description
---------------------------------------------------------------------------------------------
                                  0.000000    0.000000   clock clk (rise edge)
                                  0.000000    0.000000   clock source latency
     1    0.018955    0.142613    0.097036    0.097036 ^ clk (in)
                                                         clk (net)
                      0.142616    0.000000    0.097036 ^ clkbuf_0_clk/A (sky130_fd_sc_hd__clkbuf_16)
     8    0.082146    0.151088    0.329123    0.426159 ^ clkbuf_0_clk/X (sky130_fd_sc_hd__clkbuf_16)
                                                         clknet_0_clk (net)
                      0.151092    0.001093    0.427252 ^ clkbuf_3_4__f_clk/A (sky130_fd_sc_hd__clkbuf_16)
     8    0.029186    0.079270    0.271725    0.698977 ^ clkbuf_3_4__f_clk/X (sky130_fd_sc_hd__clkbuf_16)
                                                         clknet_3_4__leaf_clk (net)
                      0.079277    0.000752    0.699728 ^ _1578_/CLK (sky130_fd_sc_hd__dfxtp_2)
     1    0.035903    0.168099    0.721929    1.421657 v _1578_/Q (sky130_fd_sc_hd__dfxtp_2)
                                                         uo_out[2] (net)
                      0.168099    0.000243    1.421900 v uo_out[2] (out)
                                              1.421900   data arrival time

                                  0.000000    0.000000   clock clk (rise edge)
                                  0.000000    0.000000   clock network delay (propagated)
                                  0.250000    0.250000   clock uncertainty
                                  0.000000    0.250000   clock reconvergence pessimism
                                 -4.000000   -3.750000   output external delay
                                             -3.750000   data required time
---------------------------------------------------------------------------------------------
                                             -3.750000   data required time
                                             -1.421900   data arrival time
---------------------------------------------------------------------------------------------
                                              5.171899   slack (MET)


Startpoint: _1580_ (rising edge-triggered flip-flop clocked by clk)
Endpoint: uo_out[4] (output port clocked by clk)
Path Group: clk
Path Type: min

Fanout         Cap        Slew       Delay        Time   Description
---------------------------------------------------------------------------------------------
                                  0.000000    0.000000   clock clk (rise edge)
                                  0.000000    0.000000   clock source latency
     1    0.018955    0.142613    0.097036    0.097036 ^ clk (in)
                                                         clk (net)
                      0.142616    0.000000    0.097036 ^ clkbuf_0_clk/A (sky130_fd_sc_hd__clkbuf_16)
     8    0.082146    0.151088    0.329123    0.426159 ^ clkbuf_0_clk/X (sky130_fd_sc_hd__clkbuf_16)
                                                         clknet_0_clk (net)
                      0.151102    0.001574    0.427733 ^ clkbuf_3_3__f_clk/A (sky130_fd_sc_hd__clkbuf_16)
     8    0.028334    0.078119    0.270561    0.698295 ^ clkbuf_3_3__f_clk/X (sky130_fd_sc_hd__clkbuf_16)
                                                         clknet_3_3__leaf_clk (net)
                      0.078121    0.000484    0.698778 ^ _1580_/CLK (sky130_fd_sc_hd__dfxtp_2)
     1    0.037161    0.173253    0.725035    1.423814 v _1580_/Q (sky130_fd_sc_hd__dfxtp_2)
                                                         uo_out[4] (net)
                      0.173254    0.000752    1.424565 v uo_out[4] (out)
                                              1.424565   data arrival time

                                  0.000000    0.000000   clock clk (rise edge)
                                  0.000000    0.000000   clock network delay (propagated)
                                  0.250000    0.250000   clock uncertainty
                                  0.000000    0.250000   clock reconvergence pessimism
                                 -4.000000   -3.750000   output external delay
                                             -3.750000   data required time
---------------------------------------------------------------------------------------------
                                             -3.750000   data required time
                                             -1.424565   data arrival time
---------------------------------------------------------------------------------------------
                                              5.174565   slack (MET)


Startpoint: _1575_ (rising edge-triggered flip-flop clocked by clk)
Endpoint: uio_out[5] (output port clocked by clk)
Path Group: clk
Path Type: min

Fanout         Cap        Slew       Delay        Time   Description
---------------------------------------------------------------------------------------------
                                  0.000000    0.000000   clock clk (rise edge)
                                  0.000000    0.000000   clock source latency
     1    0.018955    0.142613    0.097036    0.097036 ^ clk (in)
                                                         clk (net)
                      0.142616    0.000000    0.097036 ^ clkbuf_0_clk/A (sky130_fd_sc_hd__clkbuf_16)
     8    0.082146    0.151088    0.329123    0.426159 ^ clkbuf_0_clk/X (sky130_fd_sc_hd__clkbuf_16)
                                                         clknet_0_clk (net)
                      0.151103    0.001637    0.427796 ^ clkbuf_3_1__f_clk/A (sky130_fd_sc_hd__clkbuf_16)
     8    0.021473    0.069260    0.260921    0.688717 ^ clkbuf_3_1__f_clk/X (sky130_fd_sc_hd__clkbuf_16)
                                                         clknet_3_1__leaf_clk (net)
                      0.069260    0.000182    0.688898 ^ _1575_/CLK (sky130_fd_sc_hd__dfxtp_2)
     2    0.011402    0.073899    0.633592    1.322491 v _1575_/Q (sky130_fd_sc_hd__dfxtp_2)
                                                         ovf (net)
                      0.073899    0.000360    1.322850 v _1652_/A (sky130_fd_sc_hd__buf_2)
     1    0.034504    0.166711    0.347373    1.670224 v _1652_/X (sky130_fd_sc_hd__buf_2)
                                                         uio_out[5] (net)
                      0.166711    0.000289    1.670512 v uio_out[5] (out)
                                              1.670512   data arrival time

                                  0.000000    0.000000   clock clk (rise edge)
                                  0.000000    0.000000   clock network delay (propagated)
                                  0.250000    0.250000   clock uncertainty
                                  0.000000    0.250000   clock reconvergence pessimism
                                 -4.000000   -3.750000   output external delay
                                             -3.750000   data required time
---------------------------------------------------------------------------------------------
                                             -3.750000   data required time
                                             -1.670512   data arrival time
---------------------------------------------------------------------------------------------
                                              5.420512   slack (MET)


Startpoint: _1574_ (rising edge-triggered flip-flop clocked by clk)
Endpoint: uio_out[4] (output port clocked by clk)
Path Group: clk
Path Type: min

Fanout         Cap        Slew       Delay        Time   Description
---------------------------------------------------------------------------------------------
                                  0.000000    0.000000   clock clk (rise edge)
                                  0.000000    0.000000   clock source latency
     1    0.018955    0.142613    0.097036    0.097036 ^ clk (in)
                                                         clk (net)
                      0.142616    0.000000    0.097036 ^ clkbuf_0_clk/A (sky130_fd_sc_hd__clkbuf_16)
     8    0.082146    0.151088    0.329123    0.426159 ^ clkbuf_0_clk/X (sky130_fd_sc_hd__clkbuf_16)
                                                         clknet_0_clk (net)
                      0.151102    0.001574    0.427733 ^ clkbuf_3_3__f_clk/A (sky130_fd_sc_hd__clkbuf_16)
     8    0.028334    0.078119    0.270561    0.698295 ^ clkbuf_3_3__f_clk/X (sky130_fd_sc_hd__clkbuf_16)
                                                         clknet_3_3__leaf_clk (net)
                      0.078120    0.000430    0.698725 ^ _1574_/CLK (sky130_fd_sc_hd__dfxtp_2)
     3    0.012589    0.078807    0.642488    1.341212 v _1574_/Q (sky130_fd_sc_hd__dfxtp_2)
                                                         busy (net)
                      0.078807    0.000049    1.341261 v _1651_/A (sky130_fd_sc_hd__buf_2)
     1    0.035245    0.169598    0.352042    1.693303 v _1651_/X (sky130_fd_sc_hd__buf_2)
                                                         uio_out[4] (net)
                      0.169598    0.000221    1.693524 v uio_out[4] (out)
                                              1.693524   data arrival time

                                  0.000000    0.000000   clock clk (rise edge)
                                  0.000000    0.000000   clock network delay (propagated)
                                  0.250000    0.250000   clock uncertainty
                                  0.000000    0.250000   clock reconvergence pessimism
                                 -4.000000   -3.750000   output external delay
                                             -3.750000   data required time
---------------------------------------------------------------------------------------------
                                             -3.750000   data required time
                                             -1.693524   data arrival time
---------------------------------------------------------------------------------------------
                                              5.443524   slack (MET)



